name	entry_point	behaviour	boundary	instructions	decoded_extent_bytes	arity	arity_candidates	nominal_arity	declared_arity	arity_agrees	loop_carried_operands	operand_state_cap_hit	helper_pops	helper_pushes	inline_pops	inline_pushes	calls	call_targets	tail_calls	indirect_calls	virtual_call_slots	globals_read	constant_refs	globals_written	pointer_write_addresses	global_addresses	constant_addresses	string_refs	import_kinds_at_depth	state_write_depth	calls_mutating_method	direct_imports
a_u_to_au	0x004e5c40	unknown	complete	110	356	-	0,1,2	2	2	yes	no	no	0	0	2	1	4	0x4026a0,0x404ab0,0x4d4550,0x5394a0	0	0	-	0	0	0	-	-	-	0	file-io@5,archive@5,memory@6,thread@4,window-input@3,time@3,other@3	3	no	-
abracadabra	0x004ac0b0	reads-state	complete	112	363	-	0,1,2	2	2	yes	no	no	0	0	2	1	5	0x4026a0,0x404ab0,0x4abec0,0x4d4550,0x5394a0	0	0	-	1	0	0	-	0x5ae958	-	0	file-io@5,archive@3,memory@5,thread@2,window-input@3,time@3,other@3	3	yes	-
abs	0x004cbfa0	floating-point	complete	77	15207	-	0,1	1	1	yes	no	no	0	0	1	1	1	0x4d4550	0	0	-	0	1	0	-	-	0x54dd20	0	file-io@5,archive@5,memory@6,thread@4,window-input@3,time@3,other@3	3	no	-
actual2relative	0x0045b010	reads-state	complete	119	377	-	0,1,2	2	2	yes	no	no	0	0	2	2	4	0x4026a0,0x404ab0,0x45a830,0x4d4550	0	0	-	1	0	0	-	0x579458	-	0	file-io@5,archive@5,memory@6,thread@4,window-input@3,time@3,other@3	3	yes	-
add	0x004ca900	floating-point	complete	168	521	-	0,1,2	2	2	yes	no	no	0	3	2	0	3	0x41d1d0,0x4d4550,0x5394a0	0	0	-	0	2	0	-	-	0x54dd10,0x54dd18	0	file-io@5,archive@5,memory@6,thread@4,window-input@3,time@3,other@3	3	no	-
addambientsound	0x0047ad80	reads-state	complete	90	286	-	0,1,2	2	2	yes	no	no	0	0	2	0	3	0x47ac30,0x4d4550,0x5394a0	0	0	-	1	0	0	-	0x585b94	-	0	file-io@5,archive@5,memory@6,thread@4,window-input@3,time@3,other@3	3	yes	-
addartifacttowonlist	0x00428920	reads-state	complete	88	268	-	0,1,2	2	2	yes	no	no	1	0	1	0	6	0x41bf10,0x428840,0x4288e0,0x4d41c0,0x4d4550,0x5394a0	0	0	-	1	2	0	-	0x5aa12c	0x555d78,0x555da0	2	file-io@5,archive@4,memory@5,thread@4,window-input@2,time@2,other@2	2	yes	-
addauratype	0x0042e290	reads-state	complete	178	552	-	0,1,2,3,4,5,6	6	6	yes	no	no	1	0	5	1	7	0x4026a0,0x404ab0,0x40adb0,0x42dcc0,0x42e160,0x4d41c0,0x4d4550	0	0	-	1	1	0	-	0x5cd334	0x555eb4	1	file-io@5,archive@4,memory@5,thread@4,window-input@2,time@2,other@2	2	yes	-
addbestetaattackrequest	0x00521660	reads-state	complete	182	520	-	0,1,2,3,4	4	4	yes	no	no	0	0	4	0	5	0x4026a0,0x404ab0,0x437310,0x4d41c0,0x4d4550	0	0	-	1	1	0	-	0x5ccedc	0x573e68	1	file-io@5,archive@4,memory@5,thread@2,window-input@2,time@2,other@2	2	yes	-
addblankitem	0x00490b60	unknown	complete	38	120	1	1	1	1	yes	no	no	0	0	0	1	4	0x48d840,0x4906d0,0x4d41c0,0x4d4550	0	0	-	0	1	0	-	-	0x55c478	1	file-io@5,archive@4,memory@5,thread@4,window-input@2,time@2,other@2	2	yes	-
addbuilding	0x0043cca0	reads-state	complete	271	860	-	0,1,2,3,4,5,6,7	7	5	NO	no	no	3	0	4	0	7	0x4026a0,0x404ab0,0x40adb0,0x43b990,0x43ba50,0x43c480,0x4d4550	0	0	-	1	0	0	-	0x5aa12c	-	0	file-io@5,archive@5,memory@6,thread@4,window-input@3,time@3,other@3	1	yes	-
addbuildinginfo	0x0043c6a0	mutates-state	complete	292	894	-	1,2,3,4,5,6,7,8,9,10,11,12,13,14,15	15	6	NO	no	no	10	0	3	0	9	0x4026a0,0x404ab0,0x40adb0,0x41da00,0x43be40,0x43c390,0x43d6f0,0x43da90,0x43dc30	0	0	-	2	1	1	-	0x579088,0x579088,0x5cd310	0x556580	1	file-io@6,archive@5,memory@6,thread@5,window-input@3,time@3,other@3	0	yes	-
addcapitol	0x0044f550	file-or-resource-io	complete	156	490	-	0,1,2,3,4	4	4	yes	no	no	0	0	4	0	4	0x4026a0,0x404ab0,0x44ecf0,0x4d4550	0	0	-	1	0	0	-	0x5aa12c	-	0	file-io@5,archive@1,memory@6,thread@4,window-input@3,time@3,other@1	2	yes	-
addchildbuilding	0x0043fdb0	reads-state	complete	248	811	-	0,1,2,3,4	4	4	yes	no	no	0	0	4	0	7	0x4026a0,0x404ab0,0x43b990,0x43ba50,0x43c480,0x482ac0,0x4d4550	0	0	-	1	0	0	-	0x5aa12c	-	0	file-io@5,archive@5,memory@6,thread@4,window-input@3,time@3,other@3	1	yes	-
addcitymod	0x00453360	mutates-state	complete	176	537	-	1,2,3,4,5,6,7,8,9	9	2	NO	no	no	8	0	0	0	6	0x4026a0,0x404ab0,0x40adb0,0x451a70,0x452fc0,0x4d4550	0	0	-	1	0	1	-	0x5792fc,0x5792fc	-	0	file-io@5,archive@2,memory@6,thread@4,window-input@3,time@3,other@3	0	no	-
addclosestarmyrequest	0x00521870	reads-state	complete	121	374	-	0,1,2,3,4	4	4	yes	no	no	1	0	3	0	4	0x41be40,0x437380,0x4d4550,0x5394a0	0	0	-	1	0	0	-	0x5ccedc	-	0	file-io@5,archive@5,memory@6,thread@2,window-input@3,time@3,other@3	3	yes	-
adddirtyregion	0x00476080	reads-state	complete	156	482	-	0,1,2,3,4	4	4	yes	no	no	0	0	4	0	4	0x4026a0,0x404ab0,0x476010,0x4d4550	0	0	-	1	0	0	-	0x5a79f0	-	0	file-io@5,archive@5,memory@6,thread@4,window-input@3,time@3,other@3	3	yes	-
addextramilitaryunitnow	0x004866e0	file-or-resource-io	complete	248	747	-	1,2,3,4,5,6	6	3	NO	no	no	5	0	1	2	9	0x4026a0,0x404ab0,0x40adb0,0x41be40,0x480130,0x485080,0x4d41c0,0x4d4550,0x52b560	0	0	-	4	1	0	-	0x5aa12c,0x5cd18c,0x5cd2f0,0x5cd2f4	0x55b4a8	1	file-io@5,archive@1,memory@5,thread@4,window-input@2,time@2,other@1	1	yes	-
addfaithselection	0x00454800	reads-state	complete	240	693	-	0,1,2,3,4,5,6	6	5	NO	no	no	2	0	4	0	6	0x4026a0,0x404ab0,0x40adb0,0x4546e0,0x454780,0x4d4550	0	0	-	3	0	0	-	0x5aa1dc,0x5cd2f0,0x5cd2f4	-	0	file-io@5,archive@5,memory@6,thread@4,window-input@3,time@3,other@3	3	yes	-
addfollower	0x0047dec0	reads-state	complete	208	566	-	1,2,3,4,5,6,7	7	1	NO	no	no	7	1	0	1	9	0x4026a0,0x404ab0,0x40adb0,0x41d1d0,0x47cc00,0x482ac0,0x4a7d50,0x4d41c0,0x4d4550	0	1	-	2	2	0	-	0x5aa12c,0x5ae958	0x55b130,0x55b14c	2	file-io@5,archive@3,memory@5,thread@4,window-input@2,time@2,other@2	2	yes	-
addhelppanel	0x00486f00	reads-state	complete	63	192	-	0,1	1	1	yes	no	no	0	0	1	0	3	0x486c50,0x4d4550,0x5394a0	0	0	-	1	0	0	-	0x5aa1f0	-	0	file-io@5,archive@5,memory@6,thread@4,window-input@3,time@3,other@3	3	yes	-
addhotkey	0x0049a5d0	reads-state	complete	137	491	-	0,1,2,3	3	3	yes	no	no	0	0	3	0	7	0x4026a0,0x404ab0,0x49a340,0x49a500,0x4d4550,0x51bc30,0x5394a0	0	0	-	1	0	0	-	0x584cc4	-	0	file-io@5,archive@5,memory@6,thread@4,window-input@3,time@3,other@3	3	yes	-
additem	0x00490be0	reads-state	complete	230	639	-	0,1,2,3,4,5,6,7	7	5	NO	no	no	3	1	4	0	8	0x4026a0,0x404ab0,0x40adb0,0x41d1d0,0x48d970,0x4d41c0,0x4d4550,0x5005f0	0	0	-	1	6	0	-	0x584ae8	0x55c384,0x55c484,0x55c494,0x55c4b4,0x55c4d8,0x55c4fc	6	file-io@5,archive@4,memory@5,thread@4,window-input@2,time@2,other@2	2	yes	-
addmissiletype	0x004af640	reads-state	complete	141	449	-	0,1,2,3,4	4	4	yes	no	no	0	0	4	1	6	0x4026a0,0x404ab0,0x4af120,0x4af4d0,0x4d41c0,0x4d4550	0	0	-	1	1	0	-	0x5cd2f8	0x55ccd4	1	file-io@5,archive@4,memory@5,thread@4,window-input@2,time@2,other@2	2	yes	-
addmounttype	0x004b0ff0	reads-state	complete	101	343	-	0,1,2,3	3	3	yes	no	no	0	0	3	1	4	0x4b0a10,0x4d41c0,0x4d4550,0x50d140	0	0	-	1	1	0	-	0x5cd328	0x55cd9c	1	file-io@5,archive@4,memory@5,thread@4,window-input@2,time@2,other@2	2	yes	-
addplayitem	0x00464b40	reads-state	complete	101	346	-	0,1,2	2	2	yes	no	no	0	0	2	0	2	0x4d4550,0x5394a0	0	0	-	1	0	0	-	0x5577c8	-	0	file-io@5,archive@5,memory@6,thread@4,window-input@3,time@3,other@3	3	no	-
addpromise	0x0050afa0	unknown	complete	211	583	-	0,1,2,3,4,5,6	6	3	NO	no	no	4	0	2	0	6	0x4026a0,0x404ab0,0x40adb0,0x4d41c0,0x4d4550,0x50a430	0	0	-	0	2	0	-	-	0x57399c,0x5739bc	2	file-io@5,archive@2,memory@5,thread@4,window-input@2,time@2,other@2	1	yes	-
addquest	0x004c43e0	file-or-resource-io	complete	94	294	-	0,1,2	2	2	yes	no	no	0	0	2	0	4	0x4c3b60,0x4c3de0,0x4d4550,0x5394a0	0	0	-	2	0	0	-	0x5aeedc,0x5cd2e0	-	0	file-io@5,archive@1,memory@6,thread@4,window-input@3,time@3,other@3	3	yes	-
addquestdefinition	0x004c4150	reads-state	complete	89	290	-	0,1	1	1	yes	no	no	0	0	1	2	2	0x4c3b20,0x4d4550	0	0	-	1	0	0	-	0x5cd2e0	-	0	file-io@5,archive@5,memory@6,thread@4,window-input@3,time@3,other@3	3	yes	-
addreferencepalette	0x004b9f60	reads-state	complete	77	250	-	0,1	1	1	yes	no	no	0	0	1	2	2	0x4b9e20,0x4d4550	0	0	-	1	0	0	-	0x5cd34c	-	0	file-io@5,archive@2,memory@6,thread@4,window-input@3,time@3,other@3	2	yes	-
addsatellite	0x0043fa10	file-or-resource-io	complete	293	928	-	0,1,2,3,4	4	4	yes	no	no	0	0	4	0	11	0x4026a0,0x404ab0,0x43b990,0x43ba50,0x43c500,0x482ac0,0x4a51c0,0x4a8960,0x4d41c0,0x4d4550,0x4fbe60	0	0	-	3	2	0	-	0x5aa12c,0x5ae958,0x5ae974	0x556688,0x5566a0	2	file-io@5,archive@1,memory@5,thread@4,window-input@2,time@2,other@1	1	yes	-
addsoundfx	0x00479140	reads-state	complete	61	211	-	0,1	1	1	yes	no	no	0	0	1	1	2	0x478070,0x4d4550	0	0	-	1	0	0	-	0x5863bc	-	0	file-io@5,archive@5,memory@6,thread@4,window-input@3,time@3,other@3	1	yes	-
addspelldef	0x004f01b0	reads-state	complete	248	803	-	1,2,3,4,5,6,7,8,9,10,11,12,13,14,15,16	16	10	NO	no	yes	3	1	7	0	10	0x4026a0,0x404ab0,0x40adb0,0x41d1d0,0x43da90,0x4d4550,0x4efcd0,0x4efd60,0x4efff0,0x4f2050	0	0	-	1	0	0	-	0x5aee6c	-	0	file-io@5,archive@5,memory@6,thread@4,window-input@3,time@3,other@3	1	yes	-
addspelleffect	0x004f0a10	reads-state	complete	161	515	-	0,1,2,3,4	4	4	yes	no	no	0	0	4	0	5	0x4026a0,0x404ab0,0x4a51c0,0x4d4550,0x4f0780	0	0	-	3	0	0	-	0x584c1c,0x5aa12c,0x5ae958	-	0	file-io@5,archive@5,memory@6,thread@4,window-input@3,time@3,other@3	2	yes	-
addspriteunit	0x004ed4f0	file-or-resource-io	complete	158	495	-	0,1,2,3,4	4	4	yes	no	no	0	0	4	0	4	0x4026a0,0x404ab0,0x4d4550,0x4ecdf0	0	0	-	1	0	0	-	0x5aa12c	-	0	file-io@5,archive@1,memory@6,thread@4,window-input@3,time@3,other@1	1	yes	-
addspriteunitnow	0x004ed8d0	file-or-resource-io	complete	177	537	-	0,1,2,3,4	4	4	yes	no	no	0	0	4	1	4	0x4026a0,0x404ab0,0x4d4550,0x4ecdf0	0	0	-	1	0	0	-	0x5aa12c	-	0	file-io@5,archive@1,memory@6,thread@4,window-input@3,time@3,other@1	1	yes	-
addterrainsprite	0x0050d430	file-or-resource-io	complete	131	408	-	0,1,2,3	3	3	yes	no	no	0	0	3	0	5	0x4026a0,0x404ab0,0x4d4550,0x50d850,0x5394a0	0	0	-	1	0	0	-	0x5aa12c	-	0	file-io@5,archive@1,memory@6,thread@4,window-input@3,time@3,other@1	2	yes	-
addterrainspritetype	0x0050d2a0	reads-state	complete	87	307	-	0,1	1	1	yes	no	no	0	0	1	2	5	0x4d41c0,0x4d4550,0x50cdf0,0x50ce40,0x50d140	0	0	-	1	1	0	-	0x5cd304	0x573ac4	1	file-io@5,archive@4,memory@5,thread@4,window-input@2,time@2,other@2	1	yes	-
addtexturepage	0x0046a360	operand-only	complete	41	145	-	0,1	1	1	yes	no	no	0	0	1	0	1	0x4d4550	0	0	-	0	0	0	-	-	-	0	file-io@5,archive@5,memory@6,thread@4,window-input@3,time@3,other@3	3	no	-
addtobarter	0x00435f80	reads-state	complete	113	362	-	0,1,2	2	2	yes	no	no	0	0	2	1	5	0x4026a0,0x404ab0,0x435670,0x4d4550,0x5394a0	0	0	-	1	0	0	-	0x584cd4	-	0	file-io@5,archive@5,memory@6,thread@4,window-input@3,time@3,other@3	3	yes	-
addtogroup	0x00498d10	file-or-resource-io	complete	127	351	-	0,1,2	2	2	yes	no	no	0	0	2	0	7	0x4026a0,0x404ab0,0x482ac0,0x498500,0x498630,0x4d41c0,0x4d4550	0	0	-	1	1	0	-	0x5aa12c	0x555960	1	file-io@5,archive@1,memory@5,thread@4,window-input@2,time@2,other@2	2	yes	-
addunit	0x00486170	file-or-resource-io	complete	245	706	-	0,1,2,3,4,5	5	5	yes	no	no	0	0	5	0	5	0x4026a0,0x404ab0,0x480130,0x4d41c0,0x4d4550	0	0	-	3	2	0	-	0x5aa12c,0x5cd2f0,0x5cd2f4	0x55b488,0x55b4a8	2	file-io@5,archive@1,memory@5,thread@4,window-input@2,time@2,other@1	1	yes	-
addunitmodifier	0x005287f0	unknown	complete	261	831	-	0,1,2,3,4,5,6,7,8	8	6	NO	no	no	4	0	4	0	9	0x4026a0,0x404ab0,0x40adb0,0x41bf10,0x41dc40,0x4d4550,0x526bf0,0x526c10,0x526fe0	0	0	-	0	0	0	-	-	-	0	file-io@5,archive@2,memory@6,thread@4,window-input@3,time@3,other@3	1	no	-
addunitnow	0x00486440	file-or-resource-io	complete	223	662	-	0,1,2,3,4,5	5	2	NO	no	no	4	0	1	2	7	0x4026a0,0x404ab0,0x40adb0,0x480130,0x485080,0x4d41c0,0x4d4550	0	0	-	3	1	0	-	0x5aa12c,0x5cd2f0,0x5cd2f4	0x55b4a8	1	file-io@5,archive@1,memory@5,thread@4,window-input@2,time@2,other@1	1	yes	-
addvirtualunit	0x0044d3a0	reads-state	complete	135	440	-	0,1,2	2	2	yes	no	no	0	0	2	1	8	0x4026a0,0x404ab0,0x4163a0,0x416450,0x4d4550,0x526e40,0x526e90,0x529200	0	0	-	2	0	0	-	0x5869f4,0x5869f8	-	0	file-io@5,archive@2,memory@6,thread@4,window-input@3,time@3,other@3	2	yes	-
adjustbartertoratio	0x004352d0	reads-state	complete	112	361	-	0,1,2	2	2	yes	no	no	0	0	2	1	5	0x4026a0,0x404ab0,0x435010,0x4d4550,0x5394a0	0	0	-	1	1	0	-	0x584cd4	0x54d4b8	0	file-io@5,archive@5,memory@6,thread@4,window-input@3,time@3,other@3	2	yes	-
aimedattack	0x004681c0	reads-state	complete	120	348	-	0,1,2	2	2	yes	no	no	0	0	2	0	5	0x4026a0,0x404ab0,0x405130,0x482ac0,0x4d4550	0	0	-	3	0	0	-	0x5aa12c,0x5cd2f0,0x5cd2f4	-	0	file-io@5,archive@5,memory@6,thread@4,window-input@3,time@3,other@3	3	yes	-
aimedattackorder	0x00464120	reads-state	complete	110	308	-	0,1,2	2	2	yes	no	no	0	0	2	0	6	0x4026a0,0x404ab0,0x405130,0x482ac0,0x4d41c0,0x4d4550	0	0	-	1	1	0	-	0x5aa12c	0x5577cc	1	file-io@5,archive@4,memory@5,thread@4,window-input@2,time@2,other@2	2	yes	-
airstrengthinregion	0x0051eb80	unknown	complete	126	379	-	0,1,2	2	2	yes	no	no	0	0	2	2	6	0x4026a0,0x404ab0,0x4d41c0,0x4d4550,0x51ca10,0x51d8e0	0	0	-	0	1	0	-	-	0x573e7c	1	file-io@5,archive@4,memory@5,thread@4,window-input@2,time@2,other@2	2	yes	-
allywarningcallback	0x004d8730	mutates-state	complete	29	100	-	0,1	1	1	yes	no	no	0	0	1	0	1	0x4d4550	0	0	-	0	0	2	-	0x5aa190,0x5aa194	-	0	file-io@5,archive@5,memory@6,thread@4,window-input@3,time@3,other@3	0	no	-
aload	0x004cbfb0	operand-only	complete	83	6921	-	0,1	1	1	yes	no	no	0	0	1	2	1	0x4d4550	0	0	-	0	0	0	-	-	-	0	file-io@5,archive@5,memory@6,thread@4,window-input@3,time@3,other@3	3	no	-
ambientlight	0x0046b310	reads-state	complete	160	503	-	0,1,2,3,4	4	4	yes	no	no	0	0	4	0	5	0x4026a0,0x404ab0,0x469cd0,0x4d4550,0x504ce0	0	0	-	2	0	0	-	0x584ae8,0x5876d0	-	0	file-io@5,archive@2,memory@6,thread@3,graphics@6,window-input@3,time@2,other@2	1	yes	-
and	0x004cbea0	unknown	complete	110	9274	-	0,1,2	2	2	yes	no	no	0	0	2	1	4	0x4026a0,0x404ab0,0x4d4550,0x5394a0	0	0	-	0	0	0	-	-	-	0	file-io@5,archive@5,memory@6,thread@4,window-input@3,time@3,other@3	3	no	-
animatearmy	0x0041b5b0	reads-state	complete	59	187	-	0,1	1	1	yes	no	no	0	0	1	0	3	0x482ac0,0x4d4550,0x52d140	0	1	-	3	0	0	-	0x5a7d8c,0x5a7d90,0x5aa12c	-	0	file-io@5,archive@5,memory@6,thread@4,window-input@3,time@3,other@3	3	yes	-
animation	0x004dc380	file-or-resource-io	complete	220	636	-	0,1,2,3,4,5	5	5	yes	no	no	0	0	5	1	4	0x4026a0,0x404ab0,0x492030,0x4d4550	0	0	-	1	0	0	-	0x5a7b50	-	0	file-io@5,archive@1,memory@6,thread@4,window-input@3,time@3,other@1	3	yes	-
any_en_route?	0x004d6740	reads-state	complete	110	315	-	0,1	1	1	yes	no	no	0	0	1	2	6	0x4026a0,0x404ab0,0x4d41c0,0x4d4550,0x4f6000,0x4fbe60	0	0	-	1	1	0	-	0x5ae974	0x572584	1	file-io@5,archive@4,memory@5,thread@4,window-input@2,time@2,other@2	2	yes	-
anyartifactplayerdontknow?	0x004a1c80	reads-state	complete	115	341	-	0,1,2	2	2	yes	no	no	0	0	2	2	4	0x4026a0,0x404ab0,0x4a0c00,0x4d4550	0	0	-	1	0	0	-	0x5ae958	-	0	file-io@5,archive@5,memory@6,thread@4,window-input@3,time@3,other@3	3	yes	-
anythingat	0x004e6520	reads-state	complete	131	380	-	0,1,2	2	2	yes	no	no	0	0	2	1	5	0x4026a0,0x404ab0,0x4a51c0,0x4a8300,0x4d4550	0	0	-	1	0	0	-	0x5ae958	-	0	file-io@5,archive@5,memory@6,thread@4,window-input@3,time@3,other@3	3	yes	-
anythinglocation	0x004e6890	reads-state	complete	86	266	-	0,1	1	1	yes	no	no	0	0	1	2	5	0x404ab0,0x4d41c0,0x4d4550,0x4f6000,0x5394a0	0	0	-	1	1	0	-	0x5ae974	0x572584	1	file-io@5,archive@4,memory@5,thread@4,window-input@2,time@2,other@2	2	yes	-
anythingowner	0x004e6780	reads-state	complete	88	270	-	0,1	1	1	yes	no	no	0	0	1	2	5	0x404ab0,0x4d41c0,0x4d4550,0x4f6000,0x5394a0	0	1	-	1	1	0	-	0x5ae974	0x572584	1	file-io@5,archive@4,memory@5,thread@4,window-input@2,time@2,other@2	2	yes	-
armiesaveragespeed	0x00466430	reads-state	complete	33	107	0	0	0	0	yes	no	no	0	0	0	1	2	0x406e10,0x4d4550	0	0	-	2	0	0	-	0x5577c8,0x5ae958	-	0	file-io@5,archive@5,memory@6,thread@4,window-input@3,time@3,other@3	3	yes	-
armiesstrengthgreaterthan	0x00467290	reads-state	complete	90	274	-	0,1	1	1	yes	no	no	0	0	1	2	4	0x404ab0,0x406810,0x4d4550,0x5394a0	0	0	-	4	0	0	-	0x5577c8,0x5aa7d4,0x5aadb0,0x5ae958	-	0	file-io@5,archive@5,memory@6,thread@4,window-input@3,time@3,other@3	2	yes	-
armiesstrengthlessthan	0x00467170	reads-state	complete	90	273	-	0,1	1	1	yes	no	no	0	0	1	2	4	0x404ab0,0x406810,0x4d4550,0x5394a0	0	0	-	4	0	0	-	0x5577c8,0x5aa7d4,0x5aadb0,0x5ae958	-	0	file-io@5,archive@5,memory@6,thread@4,window-input@3,time@3,other@3	2	yes	-
army_en_route?	0x004d6880	reads-state	complete	117	330	-	0,1	1	1	yes	no	no	0	0	1	2	6	0x4026a0,0x404ab0,0x4d41c0,0x4d4550,0x4f6000,0x4fbe60	0	0	-	2	1	0	-	0x5ae974,0x5cc9d4	0x572584	1	file-io@5,archive@4,memory@5,thread@4,window-input@2,time@2,other@2	2	yes	-
armyactual2relative	0x0045b190	reads-state	complete	154	487	-	0,1,2,3	3	3	yes	no	no	0	0	3	2	4	0x4026a0,0x404ab0,0x45aa30,0x4d4550	0	0	-	1	0	0	-	0x579458	-	0	file-io@5,archive@5,memory@6,thread@4,window-input@3,time@3,other@3	3	yes	-
armyaddunittype	0x0044d1b0	unknown	complete	143	487	-	0,1,2,3	3	3	yes	no	no	1	0	2	1	9	0x4026a0,0x404ab0,0x4163a0,0x41be40,0x4d4550,0x526e40,0x526e90,0x526ea0,0x529200	0	0	-	0	0	0	-	-	-	0	file-io@5,archive@2,memory@6,thread@4,window-input@3,time@3,other@3	1	no	-
armyanim	0x0041f840	reads-state	complete	104	311	-	0,1,2	2	2	yes	no	no	0	0	2	0	3	0x41eb70,0x4d4550,0x5394a0	0	0	-	1	0	0	-	0x5aa12c	-	0	file-io@5,archive@5,memory@6,thread@4,window-input@3,time@3,other@3	2	yes	-
armyat	0x004845e0	reads-state	complete	103	317	-	0,1,2	2	2	yes	no	no	0	0	2	1	5	0x4026a0,0x404ab0,0x4a51c0,0x4a8300,0x4d4550	0	0	-	1	0	0	-	0x5ae958	-	0	file-io@5,archive@5,memory@6,thread@4,window-input@3,time@3,other@3	3	yes	-
armybatervalue	0x004246e0	unknown	complete	29	99	1	1	1	1	yes	no	no	1	0	0	1	3	0x41be40,0x421960,0x4d4550	0	0	-	0	0	0	-	-	-	0	file-io@5,archive@5,memory@6,thread@4,window-input@3,time@3,other@3	2	no	-
armybeginturnproc	0x004e3510	mutates-state	complete	29	100	-	0,1	1	1	yes	no	no	0	0	1	0	1	0x4d4550	0	0	-	0	0	2	-	0x5a7d2c,0x5a7d30	-	0	file-io@5,archive@5,memory@6,thread@4,window-input@3,time@3,other@3	0	no	-
armycanmove?	0x00426e10	unknown	complete	98	372	-	0,1,2	2	2	yes	no	no	1	0	1	1	8	0x411610,0x4117f0,0x411910,0x415170,0x41be40,0x420970,0x4d4550,0x5394a0	0	0	-	0	0	0	-	-	-	0	file-io@5,archive@5,memory@6,thread@4,window-input@3,time@3,other@3	1	no	-
armycanrally?	0x004e2690	operand-only	complete	32	109	1	1	1	1	yes	no	no	1	0	0	1	2	0x41be40,0x4d4550	0	0	-	0	0	0	-	-	-	0	file-io@5,archive@5,memory@6,thread@4,window-input@3,time@3,other@3	3	no	-
armycanspitweb?	0x004e28f0	unknown	complete	32	105	1	1	1	1	yes	no	no	1	0	0	1	3	0x407be0,0x41be40,0x4d4550	0	0	-	0	0	0	-	-	-	0	file-io@5,archive@5,memory@6,thread@4,window-input@3,time@3,other@3	3	no	-
armycantransferartifacts?	0x004e2850	unknown	complete	61	156	1	1	1	1	yes	no	no	1	0	0	2	3	0x41be40,0x427720,0x4d4550	0	0	-	0	0	0	-	-	-	0	file-io@5,archive@5,memory@6,thread@4,window-input@3,time@3,other@3	3	no	-
armycastbreath?	0x004e2700	unknown	complete	32	105	1	1	1	1	yes	no	no	1	0	0	1	3	0x407bb0,0x41be40,0x4d4550	0	0	-	0	0	0	-	-	-	0	file-io@5,archive@5,memory@6,thread@4,window-input@3,time@3,other@3	3	no	-
armychangedproc	0x004e2620	mutates-state	complete	29	100	-	0,1	1	1	yes	no	no	0	0	1	0	1	0x4d4550	0	0	-	0	0	2	-	0x5a7bf4,0x5a7bf8	-	0	file-io@5,archive@5,memory@6,thread@4,window-input@3,time@3,other@3	0	no	-
armycouldbenefitfromspecialbuilding?	0x00449990	unknown	complete	43	129	-	1,2	2	2	yes	no	no	2	0	0	1	4	0x41be40,0x4409e0,0x4498d0,0x4d4550	0	0	-	0	0	0	-	-	-	0	file-io@5,archive@5,memory@6,thread@4,window-input@3,time@3,other@3	3	no	-
armydex	0x00507540	unknown	complete	37	119	1	1	1	1	yes	no	no	1	0	0	1	3	0x41be40,0x4d4550,0x527e90	0	0	-	0	0	0	-	-	-	0	file-io@5,archive@5,memory@6,thread@4,window-input@3,time@3,other@3	3	no	-
armydieproc	0x004e2f10	mutates-state	complete	29	100	-	0,1	1	1	yes	no	no	0	0	1	0	1	0x4d4550	0	0	-	0	0	2	-	0x5a7d14,0x5a7d18	-	0	file-io@5,archive@5,memory@6,thread@4,window-input@3,time@3,other@3	0	no	-
armyexpense	0x004d7c90	unknown	complete	117	359	-	1,6,11,16,21,26,31,36,41,46,51,56,61,66,71,76	-	2	yes	yes	yes	1	0	0	3	5	0x41be40,0x4c1cf0,0x4d4550,0x522350,0x525f10	0	0	-	0	0	0	-	-	-	0	file-io@5,archive@4,memory@6,thread@4,window-input@3,time@2,other@3	1	no	-
armyflee	0x00466a00	reads-state	complete	63	192	-	0,1	1	1	yes	no	no	0	0	1	0	3	0x407860,0x4d4550,0x5394a0	0	0	-	1	0	0	-	0x5aa12c	-	0	file-io@5,archive@5,memory@6,thread@4,window-input@3,time@3,other@3	3	yes	-
armyhasbrain?	0x00410340	unknown	complete	36	111	1	1	1	1	yes	no	no	1	0	0	1	3	0x4102e0,0x41be40,0x4d4550	0	0	-	0	0	0	-	-	-	0	file-io@5,archive@5,memory@6,thread@4,window-input@3,time@3,other@3	3	no	-
armyispaused?	0x0041bd40	operand-only	complete	32	104	1	1	1	1	yes	no	no	1	0	0	1	2	0x41be40,0x4d4550	0	0	-	0	0	0	-	-	-	0	file-io@5,archive@5,memory@6,thread@4,window-input@3,time@3,other@3	3	no	-
armylevel	0x005074d0	unknown	complete	29	99	1	1	1	1	yes	no	no	1	0	0	1	3	0x41be40,0x4d4550,0x522870	0	0	-	0	0	0	-	-	-	0	file-io@5,archive@5,memory@6,thread@4,window-input@3,time@3,other@3	2	no	-
armypercenttogrid	0x004e1c60	operand-only	complete	60	167	1	1	1	1	yes	no	no	1	0	0	2	2	0x41be40,0x4d4550	0	0	-	0	0	0	-	-	-	0	file-io@5,archive@5,memory@6,thread@4,window-input@3,time@3,other@3	3	no	-
armyrelative2actual	0x0045ae20	reads-state	complete	154	487	-	0,1,2,3	3	3	yes	no	no	0	0	3	2	4	0x4026a0,0x404ab0,0x45a620,0x4d4550	0	0	-	1	0	0	-	0x579458	-	0	file-io@5,archive@5,memory@6,thread@4,window-input@3,time@3,other@3	3	yes	-
armyresponsecode	0x00410480	unknown	complete	54	138	1	1	1	1	yes	no	no	1	0	0	2	3	0x4102e0,0x41be40,0x4d4550	0	0	-	0	0	0	-	-	-	0	file-io@5,archive@5,memory@6,thread@4,window-input@3,time@3,other@3	3	no	-
armyspeed	0x004664a0	reads-state	complete	92	258	-	0,1	1	1	yes	no	no	0	0	1	2	6	0x4026a0,0x404ab0,0x407d50,0x421840,0x482ac0,0x4d4550	0	0	-	1	0	0	-	0x5aa12c	-	0	file-io@5,archive@5,memory@6,thread@4,window-input@3,time@3,other@3	3	yes	-
armyspyarmyartifacts	0x00507810	unknown	complete	25	62	-	1,2	2	1	NO	no	no	2	0	0	0	2	0x41be40,0x507b00	0	0	-	0	0	0	-	-	-	0	file-io@6,archive@5,memory@6,thread@5,window-input@3,time@3,other@3	3	no	-
armystopmovingcallback	0x004e5e20	mutates-state	complete	29	100	-	0,1	1	1	yes	no	no	0	0	1	0	1	0x4d4550	0	0	-	0	0	2	-	0x579350,0x579354	-	0	file-io@5,archive@5,memory@6,thread@4,window-input@3,time@3,other@3	0	no	-
armystrength	0x0051f000	unknown	complete	93	275	-	1,2,3,4,5,6,7,8,9,10,11,12,13,14,15,16	-	2	yes	yes	yes	1	0	0	1	4	0x41be40,0x4d4550,0x521e00,0x522080	0	0	-	0	0	0	-	-	-	0	file-io@5,archive@4,memory@6,thread@4,window-input@3,time@2,other@3	1	no	-
armythatdiscovered	0x0040e7d0	reads-state	complete	21	78	0	0	0	0	yes	no	no	0	0	0	1	1	0x4d4550	0	0	-	1	0	0	-	0x55572c	-	0	file-io@5,archive@5,memory@6,thread@4,window-input@3,time@3,other@3	3	no	-
armythiefdex	0x00507630	unknown	complete	66	180	1	1	1	1	yes	no	no	1	0	0	1	4	0x41be40,0x4d4550,0x525fc0,0x527e90	0	0	-	0	0	0	-	-	-	0	file-io@5,archive@5,memory@6,thread@4,window-input@3,time@3,other@3	3	no	-
armythieflevel	0x005075c0	unknown	complete	30	101	1	1	1	1	yes	no	no	1	0	0	1	3	0x41be40,0x4d4550,0x506010	0	0	-	0	0	0	-	-	-	0	file-io@5,archive@5,memory@6,thread@4,window-input@3,time@3,other@3	2	no	-
armyturnstodestination	0x00426ad0	unknown	complete	29	99	1	1	1	1	yes	no	no	1	0	0	1	3	0x41be40,0x426a10,0x4d4550	0	0	-	0	0	0	-	-	-	0	file-io@5,archive@5,memory@6,thread@4,window-input@3,time@3,other@3	3	no	-
array	0x004ca7b0	file-or-resource-io	complete	118	28527	-	0,1	1	1	yes	no	no	0	0	1	1	2	0x4d3110,0x4d4550	0	0	-	0	0	0	-	-	-	0	file-io@5,archive@1,memory@6,thread@4,window-input@3,time@3,other@3	3	no	-
arrow_scroll	0x00505b10	mutates-state	complete	134	480	-	0,1,2	2	2	yes	no	no	0	0	2	0	3	0x4d4550,0x51ab90,0x5394a0	0	0	-	3	0	2	-	0x5876d0,0x587874,0x587874,0x587878,0x587878	-	0	file-io@5,archive@5,memory@6,thread@4,window-input@3,time@3,other@3	0	yes	-
artifactarmy	0x0042bd30	reads-state	complete	21	78	0	0	0	0	yes	no	no	0	0	0	1	1	0x4d4550	0	0	-	1	0	0	-	0x555d74	-	0	file-io@5,archive@5,memory@6,thread@4,window-input@3,time@3,other@3	3	no	-
artifactattackmodifications	0x0042c2c0	unknown	complete	34	32	1	1	1	1	yes	no	no	1	0	0	0	2	0x41be40,0x42c1c0	0	0	-	0	0	0	-	-	-	0	file-io@6,archive@5,memory@6,thread@5,window-input@3,time@3,other@3	2	no	-
artifactdefendmodifications	0x0042c2e0	unknown	complete	34	32	1	1	1	1	yes	no	no	1	0	0	0	2	0x41be40,0x42c210	0	0	-	0	0	0	-	-	-	0	file-io@6,archive@5,memory@6,thread@5,window-input@3,time@3,other@3	2	no	-
artifactself	0x0042bdd0	reads-state	complete	21	78	0	0	0	0	yes	no	no	0	0	0	1	1	0x4d4550	0	0	-	1	0	0	-	0x555d6c	-	0	file-io@5,archive@5,memory@6,thread@4,window-input@3,time@3,other@3	3	no	-
artifacttype	0x00429a10	mutates-state	complete	38	172	0	0	0	0	yes	no	no	0	0	0	1	3	0x427b90,0x427d30,0x4d4550	0	0	-	2	0	1	-	0x5788cc,0x5788cc,0x5cd340	-	0	file-io@5,archive@5,memory@6,thread@4,window-input@3,time@3,other@3	0	yes	-
artifacttypegetuniqueid	0x0042aef0	unknown	complete	142	422	-	0,1,2,3	3	3	yes	no	no	1	0	2	3	5	0x4026a0,0x404ab0,0x41be40,0x42aec0,0x4d4550	0	0	-	0	0	0	-	-	-	0	file-io@5,archive@5,memory@6,thread@4,window-input@3,time@3,other@3	3	no	-
artifactunit	0x0042bd80	reads-state	complete	21	78	0	0	0	0	yes	no	no	0	0	0	1	1	0x4d4550	0	0	-	1	0	0	-	0x555d70	-	0	file-io@5,archive@5,memory@6,thread@4,window-input@3,time@3,other@3	3	no	-
assignexperience	0x00447010	unknown	complete	4	15	0	0	0	0	yes	no	no	0	0	0	0	1	0x4d41c0	0	0	-	0	1	0	-	-	0x556838	1	file-io@6,archive@4,memory@5,thread@4,window-input@2,time@2,other@2	2	yes	-
astore	0x004cbfc0	operand-only	complete	89	7188	-	0,1,2,3,4,5,6,7,8,9,10,11,12,13,14,15	-	2	yes	yes	yes	0	0	2	1	1	0x4d4550	0	0	-	0	0	0	-	-	-	0	file-io@5,archive@5,memory@6,thread@4,window-input@3,time@3,other@3	3	no	-
atan	0x004cc0e0	floating-point	complete	67	8337	-	0,1	1	1	yes	no	no	0	0	1	1	1	0x4d4550	0	0	-	0	1	0	-	-	0x54dd18	0	file-io@5,archive@5,memory@6,thread@4,window-input@3,time@3,other@3	3	no	-
attackerfacing	0x00468d00	reads-state	complete	21	78	0	0	0	0	yes	no	no	0	0	0	1	1	0x4d4550	0	0	-	1	0	0	-	0x5aa7d0	-	0	file-io@5,archive@5,memory@6,thread@4,window-input@3,time@3,other@3	3	no	-
attackfacingvalue	0x00401420	reads-state	complete	59	165	0	0	0	0	yes	no	no	0	0	0	2	3	0x4a8b50,0x4c6fc0,0x4d4550	0	0	-	2	0	0	-	0x5787ac,0x5787b0	-	0	file-io@5,archive@5,memory@6,thread@4,window-input@3,time@3,other@3	3	no	-
attackorder	0x00463be0	reads-state	complete	120	344	-	0,1,2	2	2	yes	no	no	0	0	2	0	6	0x4026a0,0x404ab0,0x404f90,0x47c9e0,0x482ac0,0x4d4550	0	0	-	3	0	0	-	0x5a7d8c,0x5a8078,0x5aa12c	-	0	file-io@5,archive@5,memory@6,thread@4,window-input@3,time@3,other@3	3	yes	-
attackproc	0x004e3430	mutates-state	complete	29	100	-	0,1	1	1	yes	no	no	0	0	1	0	1	0x4d4550	0	0	-	0	0	2	-	0x5a7c6c,0x5a7c70	-	0	file-io@5,archive@5,memory@6,thread@4,window-input@3,time@3,other@3	0	no	-
au_to_a_u	0x004e5b20	unknown	complete	90	283	-	0,1	1	1	yes	no	no	0	0	1	2	3	0x404ab0,0x4d4550,0x5394a0	0	0	-	0	0	0	-	-	-	0	file-io@5,archive@5,memory@6,thread@4,window-input@3,time@3,other@3	3	no	-
autocalcsethitpoints	0x00529070	unknown	complete	67	207	-	0,1,2	2	2	yes	no	no	1	0	1	0	4	0x41bf10,0x4d4550,0x528ff0,0x5394a0	0	0	-	0	0	0	-	-	-	0	file-io@5,archive@5,memory@6,thread@4,window-input@3,time@3,other@3	3	no	-
autoplay	0x004d6cc0	reads-state	complete	19	26	0	0	0	0	yes	no	no	0	0	0	0	3	0x489b70,0x48a400,0x48cc70	0	0	-	2	0	0	-	0x584ae8,0x5aa12c	-	0	time@5	1	yes	-
autoregions	0x004c7860	file-or-resource-io	complete	352	10	0	0	0	0	yes	no	no	0	0	0	0	11	0x43dbb0,0x43dbd0,0x4a8960,0x4c61c0,0x4c72e0,0x4fbe60,0x5047d0,0x53385e,0x533864,0x539eb0,0x539ff0	0	0	-	6	1	0	-	0x55da24,0x55da40,0x584ae8,0x5ae958,0x5ae974,0x5aef04	0x555130	1	archive@0,thread@0	-	yes	KERNEL32.dll!EnterCriticalSection,KERNEL32.dll!LeaveCriticalSection,STORM.dll!#401,STORM.dll!#403
available?	0x0051f2b0	unknown	complete	31	103	1	1	1	1	yes	no	no	1	0	0	1	3	0x41be40,0x4d4550,0x51c170	0	0	-	0	0	0	-	-	-	0	file-io@5,archive@5,memory@6,thread@4,window-input@3,time@3,other@3	3	no	-
balkothdeathcounter	0x00487bc0	mutates-state	complete	5	21	0	0	0	0	yes	no	no	0	0	0	0	0	0x487220	1	0	-	2	0	1	-	0x5aa12c,0x5aa154,0x5aa154	-	0	file-io@5,memory@4,thread@3,other@5	0	no	-
bargraph	0x00430a80	file-or-resource-io	complete	213	606	-	1,2,3,4,5,6,7,8	8	2	NO	no	no	7	0	1	1	6	0x4026a0,0x404ab0,0x40adb0,0x4921c0,0x4d41c0,0x4d4550	0	0	-	1	1	0	-	0x5a7b50	0x555f80	1	file-io@5,archive@1,memory@5,thread@4,window-input@2,time@2,other@2	2	yes	-
barteraccept	0x004324f0	reads-state	complete	30	106	0	0	0	0	yes	no	no	0	0	0	0	3	0x431a10,0x432200,0x4d41c0	0	0	-	4	1	0	-	0x584cd4,0x5a7d8c,0x5a7d90,0x5aa12c	0x555ff0	1	file-io@6,archive@4,memory@5,thread@4,window-input@2,time@2,other@2	2	yes	-
barterattack	0x00432720	reads-state	complete	31	108	0	0	0	0	yes	no	no	0	0	0	0	3	0x431a10,0x432310,0x4d41c0	0	0	-	4	1	0	-	0x584cd4,0x5a7d8c,0x5a7d90,0x5aa12c	0x555ff0	1	file-io@6,archive@4,memory@5,thread@4,window-input@2,time@2,other@2	2	yes	-
barterattackautocalc	0x00432790	reads-state	complete	31	108	0	0	0	0	yes	no	no	0	0	0	0	3	0x431a10,0x432310,0x4d41c0	0	0	-	4	1	0	-	0x584cd4,0x5a7d8c,0x5a7d90,0x5aa12c	0x555ff0	1	file-io@6,archive@4,memory@5,thread@4,window-input@2,time@2,other@2	2	yes	-
barterautocalcattackspecified?	0x00432800	reads-state	complete	24	84	0	0	0	0	yes	no	no	0	0	0	1	1	0x4d4550	0	0	-	1	0	0	-	0x584cf1	-	0	file-io@5,archive@5,memory@6,thread@4,window-input@3,time@3,other@3	3	no	-
bartercancelrenegotiate	0x004326b0	reads-state	complete	30	106	0	0	0	0	yes	no	no	0	0	0	0	3	0x431a10,0x4322b0,0x4d41c0	0	0	-	4	1	0	-	0x584cd4,0x5a7d8c,0x5a7d90,0x5aa12c	0x555ff0	1	file-io@6,archive@4,memory@5,thread@4,window-input@2,time@2,other@2	1	yes	-
barternotinterested	0x00432560	reads-state	complete	30	106	0	0	0	0	yes	no	no	0	0	0	0	3	0x431a10,0x432230,0x4d41c0	0	0	-	4	1	0	-	0x584cd4,0x5a7d8c,0x5a7d90,0x5aa12c	0x555ff0	1	file-io@6,archive@4,memory@5,thread@4,window-input@2,time@2,other@2	2	yes	-
barterpropose	0x004325d0	reads-state	complete	30	106	0	0	0	0	yes	no	no	0	0	0	0	3	0x431a10,0x4321d0,0x4d41c0	0	0	-	4	1	0	-	0x584cd4,0x5a7d8c,0x5a7d90,0x5aa12c	0x555ff0	1	file-io@6,archive@4,memory@5,thread@4,window-input@2,time@2,other@2	2	yes	-
barterrenegotiate	0x00432640	reads-state	complete	30	106	0	0	0	0	yes	no	no	0	0	0	0	3	0x431a10,0x432260,0x4d41c0	0	0	-	4	1	0	-	0x584cd4,0x5a7d8c,0x5a7d90,0x5aa12c	0x555ff0	1	file-io@6,archive@4,memory@5,thread@4,window-input@2,time@2,other@2	2	yes	-
beep	0x0046b850	reads-state	complete	5	20	0	0	0	0	yes	no	no	0	0	0	0	0	-	0	0	-	1	0	0	-	0x5578e0	-	0	window-input@0,other@0	-	no	KERNEL32.dll!OutputDebugStringA,USER32.dll!MessageBeep
begin	0x004ca070	operand-only	complete	46	148	-	0,1	1	1	yes	no	no	0	0	1	0	1	0x4d4550	0	0	-	0	0	0	-	-	-	0	file-io@5,archive@5,memory@6,thread@4,window-input@3,time@3,other@3	3	no	-
berserk	0x00468060	reads-state	complete	120	348	-	0,1,2	2	2	yes	no	no	0	0	2	0	5	0x4026a0,0x404ab0,0x4050e0,0x482ac0,0x4d4550	0	0	-	3	0	0	-	0x5aa12c,0x5cd2f0,0x5cd2f4	-	0	file-io@5,archive@5,memory@6,thread@4,window-input@3,time@3,other@3	3	yes	-
bind	0x004cc8f0	unknown	complete	105	345	-	0,1	1	1	yes	no	no	0	0	1	1	3	0x4d31b0,0x4d35a0,0x4d4550	0	0	-	0	0	0	-	-	-	0	file-io@5,archive@5,memory@6,thread@4,window-input@3,time@3,other@3	3	no	-
bitshift	0x004cc090	unknown	complete	123	7357	-	0,1,2	2	2	yes	no	no	0	0	2	1	4	0x4026a0,0x404ab0,0x4d4550,0x5394a0	0	0	-	0	0	0	-	-	-	0	file-io@5,archive@5,memory@6,thread@4,window-input@3,time@3,other@3	3	no	-
blackbackbuffer	0x00504cd0	reads-state	complete	2	10	0	0	0	0	yes	no	no	0	0	0	0	0	0x504c30	1	0	-	1	0	0	-	0x584ae8	-	0	archive@2	1	no	-
blackrenderbuffer	0x00504c20	reads-state	complete	2	10	0	0	0	0	yes	no	no	0	0	0	0	0	0x504b80	1	0	-	1	0	0	-	0x584ae8	-	0	archive@2	1	no	-
blankimpplayer	0x0049ef60	reads-state	complete	22	82	0	0	0	0	yes	no	no	0	0	0	1	2	0x492550,0x4d4550	0	0	-	1	0	0	-	0x5a7b50	-	0	file-io@5,archive@2,memory@6,thread@4,window-input@3,time@3,other@3	2	yes	-
blttest	0x004e4460	reads-state	complete	120	360	0	0	0	0	yes	no	no	0	0	0	0	2	0x475360,0x4756f0	0	6	0x58516c+0x1c,0x58516c+0x64,0x58516c+0x80	3	2	0	-	0x584ae8,0x58516c,0x585170	0x572a30,0x572a4c	2	-	-	no	-
break	0x004d9e20	reads-state	complete	19	66	0	0	0	0	yes	no	no	0	0	0	0	0	-	0	0	-	2	0	0	-	0x572670,0x584d54	-	0	window-input@0,other@0	-	no	KERNEL32.dll!DebugBreak,KERNEL32.dll!OutputDebugStringA,USER32.dll!GetFocus,USER32.dll!SetActiveWindow,USER32.dll!SetFocus,USER32.dll!ShowWindow
bugkeyenable	0x0051bc30	stub	complete	1	1	0	0	0	0	yes	no	no	0	0	0	0	0	-	0	0	-	0	0	0	-	-	-	0	-	-	no	-
building_help_callback	0x004d8030	mutates-state	complete	29	100	-	0,1	1	1	yes	no	no	0	0	1	0	1	0x4d4550	0	0	-	0	0	2	-	0x5aa24c,0x5aa250	-	0	file-io@5,archive@5,memory@6,thread@4,window-input@3,time@3,other@3	0	no	-
buildingat	0x004e6b50	reads-state	complete	103	318	-	0,1,2	2	2	yes	no	no	0	0	2	1	5	0x4026a0,0x404ab0,0x4a51c0,0x4a8300,0x4d4550	0	0	-	1	0	0	-	0x5ae958	-	0	file-io@5,archive@5,memory@6,thread@4,window-input@3,time@3,other@3	3	yes	-
buildingbartervalue	0x00445b50	unknown	complete	29	99	-	1,2	2	2	yes	no	no	1	0	0	1	3	0x4409e0,0x440e90,0x4d4550	0	0	-	0	0	0	-	-	-	0	file-io@5,archive@4,memory@6,thread@4,window-input@3,time@2,other@3	1	no	-
buildingdestroyedcallback	0x004d85e0	mutates-state	complete	29	100	-	0,1	1	1	yes	no	no	0	0	1	0	1	0x4d4550	0	0	-	0	0	2	-	0x5aa178,0x5aa17c	-	0	file-io@5,archive@5,memory@6,thread@4,window-input@3,time@3,other@3	0	no	-
buildingdiplocallback	0x004d8810	mutates-state	complete	29	100	-	0,1	1	1	yes	no	no	0	0	1	0	1	0x4d4550	0	0	-	0	0	2	-	0x5aa1a0,0x5aa1a4	-	0	file-io@5,archive@5,memory@6,thread@4,window-input@3,time@3,other@3	0	no	-
buildingmaxlevel	0x00444990	reads-state	complete	151	427	-	0,1	1	1	yes	no	no	0	0	1	1	7	0x4026a0,0x404ab0,0x43dbb0,0x43dbd0,0x43de50,0x482ac0,0x4d4550	0	4	-	1	0	0	-	0x5aa12c	-	0	file-io@5,archive@5,memory@6,thread@4,window-input@3,time@3,other@3	3	yes	-
buildingupgradecallback	0x004d8650	mutates-state	complete	29	100	-	0,1	1	1	yes	no	no	0	0	1	0	1	0x4d4550	0	0	-	0	0	2	-	0x5aa180,0x5aa184	-	0	file-io@5,archive@5,memory@6,thread@4,window-input@3,time@3,other@3	0	no	-
button	0x004dd470	file-or-resource-io	complete	213	643	-	0,1,2,3	3	4	NO	no	no	0	0	4	1	8	0x4026a0,0x404ab0,0x41da00,0x492e10,0x492ee0,0x492fd0,0x4d41c0,0x4d4550	0	0	-	2	1	0	-	0x5a7b50,0x5a7b54	0x572864	1	file-io@5,archive@1,memory@5,thread@4,window-input@2,time@2,other@2	1	yes	-
buttonframe	0x004dcdd0	file-or-resource-io	complete	221	614	-	0,1,2,3,4,5,6	6	5	NO	no	no	2	1	4	0	6	0x4026a0,0x404ab0,0x40adb0,0x41d1d0,0x492940,0x4d4550	0	0	-	1	0	0	-	0x5a7b50	-	0	file-io@5,archive@1,memory@6,thread@4,window-input@3,time@3,other@3	1	yes	-
buttonframeautofree	0x004dd240	file-or-resource-io	complete	198	556	-	0,1,2,3,4,5,6,7,8	8	2	NO	no	no	7	1	1	0	6	0x4026a0,0x404ab0,0x40adb0,0x41d1d0,0x492b30,0x4d4550	0	0	-	1	0	0	-	0x5a7b50	-	0	file-io@5,archive@1,memory@6,thread@4,window-input@3,time@3,other@3	1	yes	-
buybuilding	0x00445db0	reads-state	complete	200	574	-	0,1,2,3,4	4	4	yes	no	no	0	0	4	0	6	0x4026a0,0x404ab0,0x44f1c0,0x482ac0,0x4d41c0,0x4d4550	0	0	-	2	1	0	-	0x5aa12c,0x5ae94c	0x556824	1	file-io@5,archive@4,memory@5,thread@4,window-input@2,time@2,other@2	2	yes	-
buybuildingoffaith	0x00445ff0	reads-state	complete	219	618	-	0,1,2,3,4,5	5	2	NO	no	no	4	0	1	0	9	0x4026a0,0x404ab0,0x40adb0,0x44f1c0,0x452a50,0x482ac0,0x4d41c0,0x4d4550,0x50f7b0	0	2	-	3	1	0	-	0x5aa12c,0x5ae94c,0x5ae974	0x556824	1	file-io@5,archive@4,memory@5,thread@4,window-input@2,time@2,other@2	2	yes	-
buyunit	0x00443c30	reads-state	complete	141	398	-	0,1,2	2	2	yes	no	no	0	0	2	0	8	0x4026a0,0x404ab0,0x441350,0x4435c0,0x482ac0,0x4d41c0,0x4d4550,0x5394a0	0	0	-	1	1	0	-	0x5aa12c	0x55676c	1	file-io@5,archive@4,memory@5,thread@4,window-input@2,time@2,other@2	2	yes	-
calclighttables	0x0051af90	reads-state	complete	38	115	-	0,1	1	1	yes	no	no	0	0	1	0	3	0x4d41c0,0x4d4550,0x5116b0	0	0	-	1	1	0	-	0x5876d0	0x573bc4	1	file-io@5,archive@3,memory@5,thread@4,window-input@2,time@2,other@2	2	yes	-
cameraorientation	0x0046a5d0	reads-state	complete	104	355	-	0,1,2	2	2	yes	no	no	0	0	2	0	3	0x469c50,0x4d4550,0x504ce0	0	0	-	2	3	0	-	0x584ae8,0x5876d0	0x54d7e8,0x54d7f0,0x54d818	0	file-io@5,archive@2,memory@6,thread@3,graphics@6,window-input@3,time@2,other@2	1	yes	-
cameraposition	0x0046a400	reads-state	complete	139	459	-	0,1,2,3	3	3	yes	no	no	0	0	3	0	5	0x4026a0,0x404ab0,0x469d00,0x4d4550,0x504ce0	0	0	-	2	1	0	-	0x584ae8,0x5876d0	0x54d818	0	file-io@5,archive@2,memory@6,thread@3,graphics@6,window-input@3,time@2,other@2	1	yes	-
can_flank_attack?	0x00469760	reads-state	complete	108	291	0	0	0	0	yes	no	no	0	0	0	2	6	0x406e10,0x407d50,0x420620,0x421840,0x4d4550,0x4f6000	0	0	-	5	0	0	-	0x5577c8,0x5ae958,0x5ae974,0x5ae98c,0x5ae998	-	0	file-io@5,archive@5,memory@6,thread@4,window-input@3,time@3,other@3	3	yes	-
can_train_hire_multiple	0x004425b0	reads-state	complete	262	711	-	1,2,3,4	4	2	NO	no	no	4	0	0	1	8	0x4026a0,0x404ab0,0x40adb0,0x4409e0,0x441350,0x482ac0,0x4bfdf0,0x4d4550	0	1	-	1	0	0	-	0x5aa12c	-	0	file-io@5,archive@5,memory@6,thread@4,window-input@3,time@3,other@3	2	yes	-
canaffordbuilding?	0x00445120	reads-state	complete	222	612	-	1,2,3,4	4	1	NO	no	no	4	1	0	2	10	0x4026a0,0x40adb0,0x41d1d0,0x445830,0x44ede0,0x452a50,0x482ac0,0x4d41c0,0x4d4550,0x50f7b0	0	4	-	2	1	0	-	0x5aa12c,0x5ae974	0x5567d8	1	file-io@5,archive@4,memory@5,thread@4,window-input@2,time@2,other@2	2	yes	-
canaffordbuilding_getresourcesinfo	0x00445390	reads-state	complete	370	1171	-	1,2,3,4	4	1	NO	no	no	4	0	0	5	9	0x4026a0,0x40adb0,0x43d300,0x43e7b0,0x452a50,0x482ac0,0x4d41c0,0x4d4550,0x50f7b0	0	6	-	3	1	0	-	0x5aa12c,0x5ae974,0x5cd31c	0x5567d8	1	file-io@5,archive@4,memory@5,thread@4,window-input@2,time@2,other@2	2	yes	-
canbuildbuilding?	0x00444f50	reads-state	complete	156	460	-	0,1,2,3	3	3	yes	no	no	0	0	3	2	5	0x4026a0,0x404ab0,0x43d300,0x4d41c0,0x4d4550	0	0	-	1	1	0	-	0x5cd31c	0x5567d8	1	file-io@5,archive@4,memory@5,thread@4,window-input@2,time@2,other@2	2	yes	-
cancastspell?	0x00425fd0	unknown	complete	113	343	-	0,1,2	2	2	yes	no	no	1	0	1	2	5	0x4026a0,0x404ab0,0x41bf10,0x41cdf0,0x4d4550	0	0	-	0	0	0	-	-	-	0	file-io@5,archive@5,memory@6,thread@4,window-input@3,time@3,other@3	3	no	-
canceldiscoveralarm	0x0040ea30	reads-state	complete	55	176	-	0,1	1	1	yes	no	no	0	0	1	0	4	0x40e120,0x4d41c0,0x4d4550,0x5394a0	0	0	-	1	1	0	-	0x5aeec0	0x555754	1	file-io@5,archive@4,memory@5,thread@4,window-input@2,time@2,other@2	1	yes	-
cancelendofcombattickalarms	0x0040baf0	reads-state	complete	8	24	0	0	0	0	yes	no	no	0	0	0	0	1	0x40b620	0	0	-	2	0	0	-	0x5aee78,0x5af134	-	0	archive@6,thread@6,window-input@5,time@4,other@5	2	yes	-
canceleventalarm	0x0040d170	reads-state	complete	55	176	-	0,1	1	1	yes	no	no	0	0	1	0	4	0x40c9c0,0x4d41c0,0x4d4550,0x5394a0	0	0	-	1	1	0	-	0x5aeea0	0x555754	1	file-io@5,archive@4,memory@5,thread@4,window-input@2,time@2,other@2	1	yes	-
cancelfocus	0x005000e0	reads-state	complete	2	10	0	0	0	0	yes	no	no	0	0	0	0	0	0x5000d0	1	0	-	1	0	0	-	0x584ae8	-	0	archive@3,memory@6,thread@5,window-input@4,time@4,other@2	1	no	-
cancelmovealarm	0x0040e980	reads-state	complete	55	176	-	0,1	1	1	yes	no	no	0	0	1	0	4	0x40d660,0x4d41c0,0x4d4550,0x5394a0	0	0	-	1	1	0	-	0x5aeeb0	0x555754	1	file-io@5,archive@4,memory@5,thread@4,window-input@2,time@2,other@2	1	yes	-
cancelordermode	0x004d9e70	reads-state	complete	7	25	0	0	0	0	yes	no	no	0	0	0	0	1	0x503040	0	0	-	1	0	0	-	0x584ae8	-	0	archive@5,thread@6,window-input@2,time@3,other@6	5	no	-
cancelpathballs	0x004baa10	reads-state	complete	2	10	0	0	0	0	yes	no	no	0	0	0	0	0	0x4ba940	1	0	-	1	0	0	-	0x5a9ddc	-	0	-	-	yes	-
canceltickalarm	0x0040e820	reads-state	complete	55	176	-	0,1	1	1	yes	no	no	0	0	1	0	4	0x40b4d0,0x4d41c0,0x4d4550,0x5394a0	0	0	-	1	1	0	-	0x5aee78	0x555754	1	file-io@5,archive@4,memory@5,thread@4,window-input@2,time@2,other@2	1	yes	-
cancelturnalarm	0x0040e8d0	reads-state	complete	55	176	-	0,1	1	1	yes	no	no	0	0	1	0	4	0x40bf30,0x4d41c0,0x4d4550,0x5394a0	0	0	-	1	1	0	-	0x5aee8c	0x555754	1	file-io@5,archive@4,memory@5,thread@4,window-input@2,time@2,other@2	1	yes	-
candetectthief?	0x005073f0	unknown	complete	31	103	1	1	1	1	yes	no	no	1	0	0	1	3	0x41be40,0x4d4550,0x507150	0	0	-	0	0	0	-	-	-	0	file-io@5,archive@5,memory@6,thread@4,window-input@3,time@3,other@3	3	no	-
canhire?	0x00442c30	unknown	complete	81	251	-	0,1,2	2	2	yes	no	no	1	0	1	1	4	0x4409e0,0x441350,0x4d4550,0x5394a0	0	0	-	0	0	0	-	-	-	0	file-io@5,archive@5,memory@6,thread@4,window-input@3,time@3,other@3	2	no	-
canhiremultiple	0x00442d30	unknown	complete	123	386	-	0,1,2,3	3	3	yes	no	no	1	0	2	1	6	0x4026a0,0x404ab0,0x4409e0,0x441350,0x4d4550,0x5394a0	0	0	-	0	0	0	-	-	-	0	file-io@5,archive@5,memory@6,thread@4,window-input@3,time@3,other@3	2	no	-
canmerge?	0x00520d90	unknown	complete	43	129	-	1,2	2	1	NO	no	no	2	0	0	1	3	0x415610,0x41be40,0x4d4550	0	0	-	0	0	0	-	-	-	0	file-io@5,archive@5,memory@6,thread@4,window-input@3,time@3,other@3	3	no	-
canpolymorph?	0x00527960	unknown	complete	85	272	-	0,1,2	2	2	yes	no	no	1	0	1	1	4	0x41bf10,0x4d4550,0x527330,0x5394a0	0	0	-	0	0	0	-	-	-	0	file-io@5,archive@5,memory@6,thread@4,window-input@3,time@3,other@3	3	no	-
canstayinside?	0x00443460	reads-state	complete	92	269	-	0,1	1	1	yes	no	no	0	0	1	1	5	0x4026a0,0x404ab0,0x43e7b0,0x482ac0,0x4d4550	0	0	-	2	0	0	-	0x556724,0x5aa12c	-	0	file-io@5,archive@5,memory@6,thread@4,window-input@3,time@3,other@0	3	yes	KERNEL32.dll!OutputDebugStringA
canstealth?	0x00507460	unknown	complete	31	103	1	1	1	1	yes	no	no	1	0	0	1	3	0x41be40,0x4d4550,0x506340	0	0	-	0	0	0	-	-	-	0	file-io@5,archive@5,memory@6,thread@4,window-input@3,time@3,other@3	3	no	-
cant_combine_callback	0x004d7fc0	mutates-state	complete	29	100	-	0,1	1	1	yes	no	no	0	0	1	0	1	0x4d4550	0	0	-	0	0	2	-	0x5aa158,0x5aa15c	-	0	file-io@5,archive@5,memory@6,thread@4,window-input@3,time@3,other@3	0	no	-
cantmovehere	0x00458330	reads-state	complete	104	311	-	0,1,2	2	2	yes	no	no	0	0	2	0	3	0x4562f0,0x4d4550,0x5394a0	0	0	-	1	0	0	-	0x5ae958	-	0	file-io@5,archive@5,memory@6,thread@4,window-input@3,time@3,other@3	3	yes	-
cantortureorinterrogate?	0x004c38f0	operand-only	complete	50	138	1	1	1	1	yes	no	no	1	0	0	2	2	0x41be40,0x4d4550	0	0	-	0	0	0	-	-	-	0	file-io@5,archive@5,memory@6,thread@4,window-input@3,time@3,other@3	3	no	-
cantrain?	0x00442320	unknown	complete	81	250	-	0,1,2	2	2	yes	no	no	1	0	1	1	4	0x4409e0,0x441350,0x4d4550,0x5394a0	0	0	-	0	0	0	-	-	-	0	file-io@5,archive@5,memory@6,thread@4,window-input@3,time@3,other@3	2	no	-
cantrainmultiple	0x00442420	unknown	complete	123	385	-	0,1,2,3	3	3	yes	no	no	1	0	2	1	6	0x4026a0,0x404ab0,0x4409e0,0x441350,0x4d4550,0x5394a0	0	0	-	0	0	0	-	-	-	0	file-io@5,archive@5,memory@6,thread@4,window-input@3,time@3,other@3	2	no	-
canupgradebuilding?	0x00442ec0	reads-state	complete	127	347	-	0,1	1	1	yes	no	no	0	0	1	1	7	0x4026a0,0x404ab0,0x43e820,0x44ede0,0x482ac0,0x4d41c0,0x4d4550	0	2	-	1	1	0	-	0x5aa12c	0x556710	1	file-io@5,archive@4,memory@5,thread@4,window-input@2,time@2,other@2	2	yes	-
canupgradebuilding_getresourcesinfo	0x00447020	reads-state	complete	268	821	1	1	1	1	yes	no	no	1	0	0	4	7	0x4026a0,0x40adb0,0x43d300,0x43e7b0,0x482ac0,0x4d41c0,0x4d4550	0	2	-	2	1	0	-	0x5aa12c,0x5cd31c	0x556710	1	file-io@5,archive@4,memory@5,thread@4,window-input@2,time@2,other@2	2	yes	-
canuseartifact	0x0042cea0	reads-state	complete	124	363	-	0,1,2	2	2	yes	no	no	1	0	1	2	8	0x404ab0,0x41bf10,0x429560,0x4298a0,0x42c500,0x4d41c0,0x4d4550,0x5394a0	0	0	-	1	1	0	-	0x5aa12c	0x555de4	1	file-io@5,archive@4,memory@5,thread@4,window-input@2,time@2,other@2	2	yes	-
canuseleftartifact	0x0042c6c0	reads-state	complete	76	223	0	0	0	0	yes	no	no	0	0	0	2	5	0x428c10,0x42c500,0x4d41c0,0x4d4550,0x530200	0	0	-	1	1	0	-	0x584ae8	0x555e38	1	file-io@5,archive@4,memory@5,thread@4,window-input@2,time@2,other@2	2	yes	-
canuserightartifact	0x0042c7a0	reads-state	complete	76	223	0	0	0	0	yes	no	no	0	0	0	2	5	0x428c40,0x42c500,0x4d41c0,0x4d4550,0x530200	0	0	-	1	1	0	-	0x584ae8	0x555e38	1	file-io@5,archive@4,memory@5,thread@4,window-input@2,time@2,other@2	2	yes	-
canwieldartifact	0x0042cd30	reads-state	complete	123	362	-	0,1,2	2	2	yes	no	no	1	0	1	2	8	0x404ab0,0x41bf10,0x429560,0x4298a0,0x42c460,0x4d41c0,0x4d4550,0x5394a0	0	0	-	1	1	0	-	0x5aa12c	0x555de4	1	file-io@5,archive@4,memory@5,thread@4,window-input@2,time@2,other@2	2	yes	-
canwieldartifactwithhand	0x0042d010	reads-state	complete	212	559	-	0,1,2,3	3	3	yes	no	no	1	0	2	4	9	0x4026a0,0x404ab0,0x41bf10,0x427b80,0x429560,0x4298a0,0x42c460,0x4d41c0,0x4d4550	0	0	-	1	1	0	-	0x5aa12c	0x555de4	1	file-io@5,archive@4,memory@5,thread@4,window-input@2,time@2,other@2	2	yes	-
castbreath	0x0040a340	reads-state	complete	98	256	-	1,2	2	1	NO	no	no	2	0	0	4	4	0x409c00,0x41be40,0x4d4550,0x52b1d0	0	0	-	1	0	0	-	0x5aa12c	-	0	file-io@5,archive@5,memory@6,thread@4,window-input@3,time@3,other@3	3	yes	-
castspell	0x004f0840	reads-state	complete	4	16	0	0	0	0	yes	no	no	0	0	0	0	1	0x4f07c0	0	0	-	2	0	0	-	0x584ae8,0x584c1c	-	0	-	3	no	-
center_toolip_quick	0x00473e40	reads-state	complete	138	447	-	0,1,2,3	3	3	yes	no	no	0	0	3	0	6	0x4026a0,0x404ab0,0x473790,0x473930,0x4d4550,0x5394a0	0	0	-	1	0	0	-	0x5a9e04	-	0	file-io@5,archive@3,memory@6,thread@4,window-input@3,time@1,other@3	1	yes	-
centermilitaryunit	0x004e9a10	reads-state	complete	77	255	-	0,1	1	1	yes	no	no	0	0	1	0	7	0x4026a0,0x404ab0,0x406a80,0x4d4550,0x504b80,0x504ce0,0x51ab30	0	0	-	8	0	0	-	0x584ae8,0x5876d0,0x5a7d8c,0x5a7d90,0x5aa7d4,0x5aadb0,0x5ae958,0x5ae9c4	-	0	file-io@5,archive@2,memory@6,thread@3,graphics@6,window-input@3,time@2,other@2	1	yes	-
centeron	0x004a7dc0	reads-state	complete	90	287	-	0,1,2	2	2	yes	no	no	0	0	2	0	3	0x4d4550,0x51ab30,0x5394a0	0	0	-	1	0	0	-	0x5876d0	-	0	file-io@5,archive@5,memory@6,thread@4,window-input@3,time@3,other@3	3	yes	-
centeronarmy	0x004d9e90	reads-state	complete	23	73	1	1	1	1	yes	no	no	1	0	0	0	4	0x41be40,0x41fda0,0x504ce0,0x52b6f0	0	0	-	2	0	0	-	0x584ae8,0x5a7d90	-	0	file-io@6,archive@2,memory@6,thread@3,graphics@6,window-input@2,time@2,other@2	1	yes	-
championbrainarmyunit	0x0040fad0	reads-state	complete	44	142	0	0	0	0	yes	no	no	0	0	0	2	1	0x4d4550	0	0	-	2	0	0	-	0x555730,0x555734	-	0	file-io@5,archive@5,memory@6,thread@4,window-input@3,time@3,other@3	3	no	-
championbrainnotify	0x0040f900	reads-state	complete	81	277	-	0,1	1	1	yes	no	no	0	0	1	0	6	0x40eb30,0x40eb60,0x40f070,0x40f4e0,0x4d4550,0x5394a0	0	0	-	2	0	0	-	0x5aa12c,0x5aeed0	-	0	file-io@5,archive@5,memory@6,thread@4,window-input@3,time@3,other@3	1	yes	-
championbrainresponsecode	0x00410510	reads-state	complete	82	245	-	0,1	1	1	yes	no	no	0	0	1	2	4	0x404ab0,0x40f4e0,0x4d4550,0x5394a0	0	0	-	1	0	0	-	0x5aeed0	-	0	file-io@5,archive@5,memory@6,thread@4,window-input@3,time@3,other@3	3	yes	-
championhasbrain?	0x004103b0	reads-state	complete	63	202	-	0,1	1	1	yes	no	no	0	0	1	1	3	0x40f4e0,0x4d4550,0x5394a0	0	0	-	1	0	0	-	0x5aeed0	-	0	file-io@5,archive@5,memory@6,thread@4,window-input@3,time@3,other@3	3	yes	-
championsinarmy	0x004e6a00	unknown	complete	29	99	1	1	1	1	yes	no	no	1	0	0	1	3	0x415430,0x41be40,0x4d4550	0	0	-	0	0	0	-	-	-	0	file-io@5,archive@5,memory@6,thread@4,window-input@3,time@3,other@3	3	no	-
changecombatmap	0x004eeea0	reads-state	complete	87	303	-	0,1,2	2	2	yes	no	no	0	0	2	0	4	0x4604f0,0x4a4be0,0x4d4550,0x4eede0	0	0	-	2	0	0	-	0x5aa12c,0x5ae958	-	0	file-io@5,archive@2,memory@4,thread@2,window-input@2,time@3,other@3	3	yes	-
changeplayerintelinfo	0x0049f8d0	mutates-state	complete	214	636	-	1,2,3,4,5	5	1	NO	no	no	5	0	0	3	7	0x4026a0,0x404ab0,0x40adb0,0x49f320,0x4d09a0,0x4d41c0,0x4d4550	0	0	-	3	2	0	0x5a7b78	0x5a7b78,0x5a7d84,0x5a7d88	0x55c8e0,0x55c908	2	file-io@5,archive@4,memory@5,thread@4,window-input@2,time@2,other@2	0	yes	-
changescenariomap	0x00485d30	reads-state	complete	45	154	-	0,1	1	1	yes	no	no	0	0	1	0	2	0x485c90,0x4d4550	0	0	-	1	0	0	-	0x5aa12c	-	0	file-io@5,archive@2,memory@4,thread@2,window-input@3,time@3,other@3	3	yes	-
changetexture	0x0046b6f0	reads-state	complete	106	330	-	0,1,2	2	2	yes	no	no	0	0	2	0	3	0x4d4550,0x512300,0x5394a0	0	0	-	1	0	0	-	0x5876d0	-	0	file-io@5,archive@2,memory@5,thread@4,window-input@3,time@3,other@2	2	yes	-
changeunitmovementpoints	0x0052a290	floating-point	complete	76	241	-	1,2	2	2	yes	no	no	1	0	1	0	3	0x41bf10,0x4d4550,0x5394a0	0	0	-	0	0	0	-	-	-	0	file-io@5,archive@5,memory@6,thread@4,window-input@3,time@3,other@3	3	no	-
characterwidth	0x004de440	reads-state	complete	136	424	-	0,1,2,3	3	3	yes	no	no	0	0	3	0	6	0x4026a0,0x404ab0,0x493300,0x4d41c0,0x4d4550,0x5394a0	0	0	-	1	1	0	-	0x5a7b50	0x5728bc	1	file-io@5,archive@4,memory@5,thread@4,window-input@2,time@2,other@2	2	yes	-
cheapestarmy	0x004665b0	reads-state	complete	61	198	-	0,1	1	1	yes	no	no	0	0	1	1	3	0x406fc0,0x4d4550,0x5394a0	0	0	-	1	0	0	-	0x5ae958	-	0	file-io@5,archive@5,memory@6,thread@4,window-input@3,time@3,other@3	3	yes	-
cheatbalkoth	0x00487bc0	mutates-state	complete	5	21	0	0	0	0	yes	no	no	0	0	0	0	0	0x487220	1	0	-	2	0	1	-	0x5aa12c,0x5aa154,0x5aa154	-	0	file-io@5,memory@4,thread@3,other@5	0	no	-
check_level_explored	0x00488440	reads-state	complete	75	248	-	0,1	1	1	yes	no	no	0	0	1	1	2	0x4d4550,0x5394a0	0	0	-	2	0	0	-	0x5cd1ac,0x5cd1c0	-	0	file-io@5,archive@5,memory@6,thread@4,window-input@3,time@3,other@3	3	yes	-
checkaimissileunittarget	0x004690b0	reads-state	complete	33	44	1	1	1	1	yes	no	no	1	0	0	0	4	0x41be40,0x4205e0,0x420620,0x468f70	0	0	-	1	0	0	-	0x5577c8	-	0	file-io@6,archive@5,memory@6,thread@5,window-input@3,time@3,other@3	3	no	-
checkforcd	0x00505ab0	reads-state	complete	18	47	0	0	0	0	yes	no	no	0	0	0	1	1	0x4fed50	0	0	-	1	0	0	-	0x584ae8	-	0	file-io@2,memory@4,thread@3,time@3,other@1	3	no	-
checklinks	0x004ab6d0	reads-state	complete	2	10	0	0	0	0	yes	no	no	0	0	0	0	0	0x51bc30	1	0	-	1	0	0	-	0x5ae958	-	0	-	-	no	-
chronocmp	0x004d8ab0	file-or-resource-io	complete	233	692	-	0,1,2,3	3	3	yes	no	no	0	0	3	2	5	0x404ab0,0x41da00,0x4d41c0,0x4d4550,0x53a090	0	6	-	0	2	0	-	-	0x557ab8,0x572600	2	file-io@0,archive@4,memory@5,thread@3,window-input@2,time@2,other@2	2	yes	KERNEL32.dll!CompareFileTime
cityat	0x004844a0	reads-state	complete	103	318	-	0,1,2	2	2	yes	no	no	0	0	2	1	5	0x4026a0,0x404ab0,0x4a51c0,0x4a8300,0x4d4550	0	0	-	1	0	0	-	0x5ae958	-	0	file-io@5,archive@5,memory@6,thread@4,window-input@3,time@3,other@3	3	yes	-
citybeginturnproc	0x004e34a0	mutates-state	complete	29	100	-	0,1	1	1	yes	no	no	0	0	1	0	1	0x4d4550	0	0	-	0	0	2	-	0x5a7d34,0x5a7d38	-	0	file-io@5,archive@5,memory@6,thread@4,window-input@3,time@3,other@3	0	no	-
citydiplocallback	0x004d87a0	mutates-state	complete	29	100	-	0,1	1	1	yes	no	no	0	0	1	0	1	0x4d4550	0	0	-	0	0	2	-	0x5aa198,0x5aa19c	-	0	file-io@5,archive@5,memory@6,thread@4,window-input@3,time@3,other@3	0	no	-
cityview	0x00453e50	unknown	complete	142	454	-	0,1,2,3,4	4	4	yes	no	no	0	0	4	0	3	0x4026a0,0x404ab0,0x4d4550	0	0	-	0	0	0	-	-	-	0	file-io@5,archive@5,memory@6,thread@4,window-input@3,time@3,other@3	3	no	-
cityviewtoworld	0x00454020	file-or-resource-io	complete	3	10	0	0	0	0	yes	no	no	0	0	0	0	0	0x45c9e0	1	0	-	1	0	0	-	0x5aa12c	-	0	file-io@2,archive@1,memory@5,thread@3,window-input@2,time@2,other@3	1	yes	-
clear	0x004c9ca0	operand-only	complete	5	24407	0	0	0	0	yes	no	no	0	0	0	0	0	-	0	0	-	0	0	0	-	-	-	0	-	-	no	-
cleardefenderarmy	0x004e6fd0	reads-state	complete	4	13	0	0	0	0	yes	no	no	0	0	0	0	1	0x4117f0	0	0	-	1	0	0	-	0x5aad68	-	0	-	3	yes	-
cleardialog	0x0048f660	reads-state	complete	61	189	-	0,1	1	1	yes	no	no	0	0	1	0	5	0x48d620,0x4d41c0,0x4d4550,0x5005f0,0x5394a0	0	0	-	1	1	0	-	0x584ae8	0x55c384	1	file-io@5,archive@4,memory@5,thread@4,window-input@2,time@2,other@2	2	yes	-
clearfaithselection	0x00454ac0	mutates-state	complete	41	132	0	0	0	0	yes	no	no	0	0	0	0	3	0x4546e0,0x4b0e00,0x533864	0	0	-	1	1	3	-	0x5aa1dc,0x5aa1dc,0x5aa1e0,0x5aa1e4	0x555130	1	archive@0	0	yes	STORM.dll!#401
cleargroups	0x00498cd0	file-or-resource-io	complete	22	63	0	0	0	0	yes	no	no	0	0	0	0	0	0x4986b0	1	0	-	1	0	0	-	0x5577c8	-	0	archive@1	-	no	-
clearmessages	0x004b5ae0	reads-state	complete	2	10	0	0	0	0	yes	no	no	0	0	0	0	0	0x4b45f0	1	0	-	1	0	0	-	0x5cd358	-	0	file-io@4,archive@2,memory@5,thread@4,other@2	2	no	-
clearquests	0x004c4730	reads-state	complete	18	10	0	0	0	0	yes	no	no	0	0	0	0	0	-	0	0	-	1	0	0	-	0x5aeedc	-	0	-	-	no	-
clearregions	0x004c7640	file-or-resource-io	complete	7	24	0	0	0	0	yes	no	no	0	0	0	0	1	0x4c5ef0	0	0	-	3	0	0	-	0x5ae9c4,0x5ae9c8,0x5aef04	-	0	archive@1,thread@1	-	yes	-
clearscriptoutputfile	0x004d7110	file-or-resource-io	complete	14	42	0	0	0	0	yes	no	no	0	0	0	0	3	0x505110,0x5394d0,0x539610	0	0	-	2	0	0	-	0x556168,0x584ae8	-	0	file-io@1,memory@3,thread@2,other@4	3	yes	-
clearscriptwindow	0x004c9b20	reads-state	complete	12	10	0	0	0	0	yes	no	no	0	0	0	0	0	-	0	0	-	1	0	0	-	0x584d60	-	0	window-input@0	-	no	USER32.dll!SendDlgItemMessageA
clearslots	0x004324e0	reads-state	complete	11	10	0	0	0	0	yes	no	no	0	0	0	0	0	-	0	0	-	1	0	0	-	0x584cd4	-	0	-	-	no	-
clearunitacks	0x00525220	reads-state	complete	169	521	-	0,1,2	2	2	yes	no	no	0	0	2	0	4	0x4026a0,0x404ab0,0x4d4550,0x5394a0	0	0	-	2	0	0	-	0x5cd2f0,0x5cd2f4	-	0	file-io@5,archive@5,memory@6,thread@4,window-input@3,time@3,other@3	3	no	-
closecitygate	0x00458be0	reads-state	complete	67	208	-	0,1	1	1	yes	no	no	0	0	1	0	4	0x455850,0x457970,0x4d4550,0x5394a0	0	0	-	2	0	0	-	0x5ae8e8,0x5ae958	-	0	file-io@5,archive@4,memory@6,thread@4,graphics@4,window-input@3,time@3,other@3	1	yes	-
closedialog	0x0048fdd0	reads-state	complete	55	176	-	0,1	1	1	yes	no	no	0	0	1	0	4	0x4d41c0,0x4d4550,0x4fffc0,0x5394a0	0	0	-	1	1	0	-	0x584ae8	0x55c42c	1	file-io@5,archive@4,memory@5,thread@4,window-input@2,time@2,other@2	2	yes	-
closefile	0x004cc100	unknown	complete	51	5319	-	0,1	1	1	yes	no	no	0	0	1	0	2	0x4d4550,0x5394d0	0	0	-	0	0	0	-	-	-	0	file-io@5,archive@5,memory@3,thread@2,window-input@3,time@3,other@3	3	no	-
closescriptwindow	0x004c9b10	mutates-state	complete	17	10	0	0	0	0	yes	no	no	0	0	0	0	0	0x4753d0	1	0	-	2	0	1	-	0x584ae8,0x584d58,0x584d60	-	0	archive@4,memory@6,thread@4,window-input@0,time@2,other@4	0	yes	USER32.dll!PostMessageA,USER32.dll!ShowWindow
coarsescrollpixels	0x0051ae10	mutates-state	complete	110	348	-	0,1,2	2	2	yes	no	no	0	0	2	0	4	0x4750b0,0x4d41c0,0x4d4550,0x5394a0	0	0	-	3	1	2	-	0x584ae8,0x5878ac,0x5878b0,0x5878bc,0x5878c0	0x573ba0	1	file-io@5,archive@4,memory@5,thread@4,window-input@2,time@2,other@2	0	yes	-
collectletters	0x004de250	reads-state	complete	167	489	-	0,1,2,3,4	4	4	yes	no	no	0	0	4	0	5	0x4026a0,0x404ab0,0x4932d0,0x4d41c0,0x4d4550	0	0	-	1	1	0	-	0x5a7b50	0x5728a4	1	file-io@5,archive@4,memory@5,thread@4,window-input@2,time@2,other@2	2	yes	-
combat_controltarget	0x004e97e0	reads-state	complete	118	333	-	1,3,5,7,9,11,13,15,17,19,21,23,25,27,29,31,33	-	2	yes	yes	yes	1	0	0	2	6	0x407d50,0x41be40,0x4d4550,0x4f6000,0x521e00,0x5228b0	0	0	-	3	0	0	-	0x5ae974,0x5ae98c,0x5ae998	-	0	file-io@5,archive@4,memory@6,thread@4,window-input@3,time@2,other@3	1	yes	-
combat_deadtarget	0x004e9590	reads-state	complete	210	588	-	0,1,2,3	3	3	yes	no	no	1	0	2	2	7	0x4026a0,0x404ab0,0x40adb0,0x4d4550,0x4f6000,0x521e00,0x525e80	0	0	-	3	0	0	-	0x5ae974,0x5ae98c,0x5ae998	-	0	file-io@5,archive@5,memory@6,thread@4,window-input@3,time@3,other@3	3	yes	-
combat_enumgrouparmies	0x004e8c50	reads-state	complete	180	569	-	0,1,2,3	3	3	yes	no	no	1	0	2	1	10	0x4026a0,0x404ab0,0x407d50,0x41be40,0x41da00,0x420620,0x4d05e0,0x4d4550,0x4e7300,0x4f6000	0	0	-	3	0	0	-	0x5ae974,0x5ae98c,0x5ae998	-	0	file-io@5,archive@3,memory@6,thread@4,window-input@3,time@1,other@3	1	yes	-
combat_get_percent_nonthief	0x004e2310	mutates-state	complete	29	100	-	0,1	1	1	yes	no	no	0	0	1	0	1	0x4d4550	0	0	-	0	0	2	-	0x5a7c94,0x5a7c98	-	0	file-io@5,archive@5,memory@6,thread@4,window-input@3,time@3,other@3	0	no	-
combat_get_percent_thief	0x004e2380	mutates-state	complete	29	100	-	0,1	1	1	yes	no	no	0	0	1	0	1	0x4d4550	0	0	-	0	0	2	-	0x5a7c9c,0x5a7ca0	-	0	file-io@5,archive@5,memory@6,thread@4,window-input@3,time@3,other@3	0	no	-
combat_get_percent_thiefindetectingmode	0x004e23f0	mutates-state	complete	29	100	-	0,1	1	1	yes	no	no	0	0	1	0	1	0x4d4550	0	0	-	0	0	2	-	0x5a7ca4,0x5a7ca8	-	0	file-io@5,archive@5,memory@6,thread@4,window-input@3,time@3,other@3	0	no	-
combat_grouploc	0x004e8e90	reads-state	complete	187	524	-	0,1,2	2	2	yes	no	no	1	0	1	3	8	0x4026a0,0x404ab0,0x407d50,0x41be40,0x420620,0x4d4550,0x4e7300,0x4f6000	0	0	-	3	0	0	-	0x5ae974,0x5ae98c,0x5ae998	-	0	file-io@5,archive@5,memory@6,thread@4,window-input@3,time@3,other@3	1	yes	-
combat_numgroupinarmy	0x004e8be0	unknown	complete	30	100	1	1	1	1	yes	no	no	1	0	0	1	3	0x41be40,0x4d4550,0x4e7300	0	0	-	0	0	0	-	-	-	0	file-io@5,archive@5,memory@6,thread@4,window-input@3,time@3,other@3	1	no	-
combat_playerdeadtarget	0x004e9330	reads-state	complete	211	603	-	0,1,2,3,4	4	2	NO	no	no	3	0	1	2	6	0x4026a0,0x404ab0,0x40adb0,0x4d4550,0x4e91a0,0x4f6000	0	0	-	3	0	0	-	0x5ae974,0x5ae98c,0x5ae998	-	0	file-io@5,archive@5,memory@6,thread@4,window-input@3,time@3,other@3	3	yes	-
combatformation	0x004997e0	reads-state	complete	145	440	-	0,1,2,3,4,5,6,7,8,9,10,11,12,13,14,15	-	3	yes	yes	yes	0	0	3	1	4	0x4026a0,0x404ab0,0x498cb0,0x4d4550	0	0	-	1	0	0	-	0x5ae958	-	0	file-io@5,archive@2,memory@6,thread@4,window-input@3,time@3,other@3	3	yes	-
combatmodeproc	0x004e1f90	mutates-state	complete	29	100	-	0,1	1	1	yes	no	no	0	0	1	0	1	0x4d4550	0	0	-	0	0	2	-	0x5a7b94,0x5a7b98	-	0	file-io@5,archive@5,memory@6,thread@4,window-input@3,time@3,other@3	0	no	-
combatopponent	0x00464380	reads-state	complete	37	125	0	0	0	0	yes	no	no	0	0	0	2	1	0x4d4550	0	0	-	3	0	0	-	0x5577c8,0x5aa7d4,0x5aadb0	-	0	file-io@5,archive@5,memory@6,thread@4,window-input@3,time@3,other@3	3	no	-
combattileset	0x004df370	reads-state	complete	45	154	-	0,1	1	1	yes	no	no	0	0	1	0	2	0x4849a0,0x4d4550	0	0	-	1	0	0	-	0x5aa12c	-	0	file-io@5,archive@4,memory@6,thread@4,window-input@3,time@3,other@3	3	yes	-
combattime	0x00464f60	reads-state	complete	21	78	0	0	0	0	yes	no	no	0	0	0	1	1	0x4d4550	0	0	-	1	0	0	-	0x5af134	-	0	file-io@5,archive@5,memory@6,thread@4,window-input@3,time@3,other@3	3	no	-
combatviewtoworld	0x0045cdb0	reads-state	complete	6	24	0	0	0	0	yes	no	no	0	0	0	0	0	0x45c7b0,0x488540	2	0	-	2	0	0	-	0x5aa12c,0x5ae8c4	-	0	archive@5,thread@6,window-input@4,time@3,other@4	2	yes	-
combinecontainerspots	0x0046e7a0	reads-state	complete	148	454	-	0,1,2,3	3	3	yes	no	no	0	0	3	0	7	0x4026a0,0x404ab0,0x46e970,0x4927f0,0x4d41c0,0x4d4550,0x5394a0	0	0	-	1	2	0	-	0x5a7b50	0x5579f4,0x557a08	2	file-io@5,archive@4,memory@5,thread@4,window-input@2,time@2,other@2	2	yes	-
compresscontainer	0x0046f250	reads-state	complete	54	171	-	0,1	1	1	yes	no	no	0	0	1	0	4	0x46cfd0,0x4927f0,0x4d4550,0x5394a0	0	0	-	1	0	0	-	0x5a7b50	-	0	file-io@5,archive@5,memory@6,thread@4,window-input@3,time@3,other@3	3	yes	-
conetarget	0x0040a2b0	reads-state	complete	43	136	1	1	1	1	yes	no	no	1	0	0	2	3	0x40a0e0,0x41be40,0x4d4550	0	0	-	1	0	0	-	0x5ae958	-	0	file-io@5,archive@5,memory@6,thread@4,window-input@3,time@3,other@3	1	yes	-
connectedbyland	0x004e61e0	reads-state	complete	134	403	-	0,1,2	2	2	yes	no	no	0	0	2	1	4	0x4026a0,0x404ab0,0x4c6660,0x4d4550	0	0	-	4	0	0	-	0x5aef04,0x5aef04,0x5aef10,0x5af0bc	-	0	file-io@5,archive@2,memory@6,thread@1,window-input@3,time@3,other@3	3	yes	-
connectedbywater	0x004e6380	reads-state	complete	134	403	-	0,1,2	2	2	yes	no	no	0	0	2	1	4	0x4026a0,0x404ab0,0x4c6660,0x4d4550	0	0	-	4	0	0	-	0x5aef04,0x5aef04,0x5aef10,0x5af0bc	-	0	file-io@5,archive@2,memory@6,thread@1,window-input@3,time@3,other@3	3	yes	-
connecttosigs	0x004b5fb0	file-or-resource-io	complete	25	88	0	0	0	0	yes	no	no	0	0	0	1	2	0x4b6200,0x4d4550	0	0	-	1	0	0	-	0x5cd358	-	0	file-io@5,archive@1,memory@6,thread@3,window-input@1,time@2,other@2	2	yes	-
connecttostorm	0x004b5f50	file-or-resource-io	complete	25	88	0	0	0	0	yes	no	no	0	0	0	1	2	0x4b6200,0x4d4550	0	0	-	1	0	0	-	0x5cd358	-	0	file-io@5,archive@1,memory@6,thread@3,window-input@1,time@2,other@2	2	yes	-
container	0x0046d4c0	file-or-resource-io	complete	399	1372	-	1,2,3,4,5,6,7,8,9,10,11,12,13,14,15,16	-	4	yes	yes	yes	14	1	2	0	10	0x4026a0,0x404ab0,0x40adb0,0x41d1d0,0x43da90,0x492270,0x4d41c0,0x539630,0x539eb0,0x539ff0	0	0	-	1	1	0	-	0x5a7b50	0x55793c	1	file-io@6,archive@1,memory@5,thread@4,window-input@2,time@2,other@2	2	yes	-
controlleroffaith	0x004c0230	reads-state	complete	61	198	-	0,1	1	1	yes	no	no	0	0	1	1	3	0x4c0300,0x4d4550,0x5394a0	0	0	-	1	0	0	-	0x5aa12c	-	0	file-io@5,archive@5,memory@6,thread@4,window-input@3,time@3,other@3	3	yes	-
controlsfaith?	0x004c0140	unknown	complete	77	230	-	0,1,2	2	2	yes	no	no	1	0	1	1	4	0x4bdce0,0x4c0110,0x4d4550,0x5394a0	0	0	-	0	0	0	-	-	-	0	file-io@5,archive@5,memory@6,thread@4,window-input@3,time@3,other@3	3	no	-
copy	0x004cbf80	file-or-resource-io	complete	300	14772	-	0,1,2	2	1	NO	no	no	0	0	3	3	4	0x404ab0,0x4cee20,0x4d3110,0x4d4550	0	0	-	0	0	0	-	-	-	0	file-io@5,archive@1,memory@6,thread@4,window-input@3,time@3,other@3	3	no	-
copydoodad	0x004dc8d0	reads-state	complete	205	592	-	0,1,2,3,4	4	4	yes	no	no	0	0	4	0	8	0x4026a0,0x404ab0,0x491ec0,0x492760,0x495a40,0x495db0,0x4d41c0,0x4d4550	0	0	-	1	3	0	-	0x5a7b50	0x57281c,0x57282c,0x572840	3	file-io@5,archive@4,memory@5,thread@4,window-input@2,time@2,other@2	1	yes	-
cos	0x004cc0b0	floating-point	complete	66	7743	-	0,1	1	1	yes	no	no	0	0	1	1	1	0x4d4550	0	0	-	0	1	0	-	-	0x54dd18	0	file-io@5,archive@5,memory@6,thread@4,window-input@3,time@3,other@3	3	no	-
cost2castspell	0x00426130	unknown	complete	104	339	-	0,1,2	2	2	yes	no	no	1	0	1	1	5	0x404ab0,0x41bf10,0x41cf40,0x4d4550,0x5394a0	0	0	-	0	0	0	-	-	-	0	file-io@5,archive@5,memory@6,thread@4,window-input@3,time@3,other@3	3	no	-
costbuildbuilding	0x00445930	reads-state	complete	187	540	-	1,2,3	3	1	NO	no	no	3	4	0	4	8	0x4026a0,0x404ab0,0x40adb0,0x41d1d0,0x43d300,0x4d41c0,0x4d4550,0x53a090	0	0	-	1	1	0	-	0x5cd31c	0x5567e8	1	file-io@4,archive@4,memory@5,thread@3,window-input@2,time@2,other@2	2	yes	-
count	0x004c9cc0	operand-only	complete	24	24459	0	0	0	0	yes	no	no	0	0	0	1	1	0x4d4550	0	0	-	0	0	0	-	-	-	0	file-io@5,archive@5,memory@6,thread@4,window-input@3,time@3,other@3	3	no	-
countunittypes	0x005243d0	reads-state	complete	58	10	0	0	0	0	yes	no	no	0	0	0	0	1	0x4fbed0	0	0	-	2	0	0	-	0x5ae974,0x5cd2ec	-	0	-	-	no	-
cpr	0x004264d0	mutates-state	complete	59	190	1	1	1	1	yes	no	no	1	0	0	0	3	0x41be40,0x41efa0,0x525f10	0	0	-	4	0	2	-	0x5a7d8c,0x5a8078,0x5aa7d4,0x5aadb0,0x5ae8a4,0x5ae8a8	-	0	file-io@6,archive@3,memory@6,thread@5,graphics@3,window-input@3,time@3,other@3	0	no	-
create3dmap	0x004e07d0	file-or-resource-io	complete	2	10	0	0	0	0	yes	no	no	0	0	0	0	0	0x519a10	1	0	-	1	0	0	-	0x5876d0	-	0	archive@1	-	yes	-
createartifact	0x0042a730	reads-state	complete	160	472	-	0,1,2,3	3	3	yes	no	no	1	0	2	0	10	0x4026a0,0x404ab0,0x41be40,0x427b80,0x427d10,0x428080,0x4282a0,0x42d410,0x4d41c0,0x4d4550	0	0	-	1	2	0	-	0x5cd340	0x555df8,0x555e08	2	file-io@5,archive@2,memory@5,thread@4,window-input@2,time@2,other@2	1	yes	-
createartifactnow	0x0042a910	reads-state	complete	172	516	-	0,1,2,3	3	3	yes	no	no	1	0	2	1	10	0x4026a0,0x404ab0,0x41be40,0x427b80,0x427d10,0x428080,0x4282a0,0x42d410,0x4d41c0,0x4d4550	0	0	-	1	2	0	-	0x5cd340	0x555df8,0x555e08	2	file-io@5,archive@2,memory@5,thread@4,window-input@2,time@2,other@2	1	yes	-
createbuildinginfolist	0x0043c5f0	file-or-resource-io	complete	55	176	-	0,1	1	1	yes	no	no	0	0	1	0	4	0x43c1c0,0x4d41c0,0x4d4550,0x5394a0	0	0	-	1	1	0	-	0x5cd310	0x55655c	1	file-io@5,archive@1,memory@5,thread@4,window-input@2,time@2,other@2	2	yes	-
createbuildingrequirementslist	0x0043d3e0	file-or-resource-io	complete	55	176	-	0,1	1	1	yes	no	no	0	0	1	0	4	0x43d230,0x4d41c0,0x4d4550,0x5394a0	0	0	-	1	1	0	-	0x5cd31c	0x5565b4	1	file-io@5,archive@1,memory@5,thread@4,window-input@2,time@2,other@2	2	yes	-
createghost	0x0047e5d0	reads-state	complete	286	816	-	1,2,3,4,5,6,7,8	8	6	NO	no	no	4	0	4	0	8	0x4026a0,0x404ab0,0x40adb0,0x41bf10,0x47cc00,0x4a7d50,0x4d41c0,0x4d4550	0	1	-	1	1	0	-	0x5ae958	0x55b130	1	file-io@5,archive@3,memory@5,thread@4,window-input@2,time@2,other@2	2	yes	-
createingamemessage	0x004b2e50	reads-state	complete	52	168	-	0,1	1	1	yes	no	no	0	0	1	0	3	0x4b28b0,0x4d4550,0x5394a0	0	0	-	2	0	0	-	0x5aa12c,0x5aa710	-	0	file-io@5,archive@2,memory@6,thread@4,window-input@3,time@3,other@3	1	yes	-
createnetworkgame	0x004b8350	reads-state	complete	75	235	-	0,1	1	1	yes	no	no	0	0	1	1	1	0x4d4550	0	1	0x5d1e84+0x8	1	0	0	-	0x5d1e84	-	0	file-io@5,archive@5,memory@6,thread@4,window-input@3,time@3,other@3	3	no	-
createtemparmy	0x0044cd60	mutates-state	complete	137	435	-	0,1	1	1	yes	no	no	0	0	1	1	9	0x4026a0,0x404ab0,0x411610,0x482ac0,0x4d4550,0x505110,0x533864,0x5394d0,0x539610	0	2	-	5	1	1	-	0x556168,0x5572ec,0x55b1b0,0x584ae8,0x5aa12c,0x5aa12c	0x555130	1	file-io@1,archive@0,memory@3,thread@2,window-input@3,time@3,other@3	0	yes	STORM.dll!#401
createtreaty	0x0050a630	unknown	complete	176	486	-	0,1,2,3	3	3	yes	no	no	0	0	3	0	5	0x4026a0,0x404ab0,0x4d41c0,0x4d4550,0x50a4b0	0	0	-	0	2	0	-	-	0x573914,0x573934	2	file-io@5,archive@4,memory@5,thread@4,window-input@2,time@2,other@2	1	yes	-
createvirtualarmy	0x0044cf20	mutates-state	complete	138	443	-	0,1	1	1	yes	no	no	0	0	1	1	9	0x4026a0,0x404ab0,0x411610,0x482ac0,0x4d4550,0x505110,0x533864,0x5394d0,0x539610	0	2	-	6	1	2	-	0x556168,0x5572ec,0x55b1b0,0x584ae8,0x5869f4,0x5869f4,0x5aa12c,0x5aa12c	0x555130	1	file-io@1,archive@0,memory@3,thread@2,window-input@3,time@3,other@3	0	yes	STORM.dll!#401
crop	0x00493a90	mutates-state	complete	163	552	-	1,2,3,4,5	5	1	NO	no	no	5	0	0	1	6	0x4026a0,0x40adb0,0x491c20,0x4925f0,0x4d41c0,0x4d4550	0	0	-	2	1	1	-	0x583650,0x583650,0x5a7b50	0x55c598	1	file-io@5,archive@1,memory@5,thread@4,window-input@2,time@2,other@2	0	yes	-
currentai	0x00520350	reads-state	complete	21	78	0	0	0	0	yes	no	no	0	0	0	1	1	0x4d4550	0	0	-	1	0	0	-	0x573be0	-	0	file-io@5,archive@5,memory@6,thread@4,window-input@3,time@3,other@3	3	no	-
currentarmy	0x0052d580	reads-state	complete	24	92	0	0	0	0	yes	no	no	0	0	0	1	2	0x4d4550,0x52d140	0	0	-	2	0	0	-	0x5a7d8c,0x5a7d90	-	0	file-io@5,archive@5,memory@6,thread@4,window-input@3,time@3,other@3	3	yes	-
currentarmyunitbits	0x0052d5e0	reads-state	complete	24	92	0	0	0	0	yes	no	no	0	0	0	1	2	0x4d4550,0x52d190	0	0	-	2	0	0	-	0x5a7d8c,0x5a7d90	-	0	file-io@5,archive@5,memory@6,thread@4,window-input@3,time@3,other@3	3	yes	-
currentbuilding	0x00440e30	reads-state	complete	24	92	0	0	0	0	yes	no	no	0	0	0	1	2	0x4d4550,0x52d110	0	0	-	2	0	0	-	0x5a7d8c,0x5a7d90	-	0	file-io@5,archive@5,memory@6,thread@4,window-input@3,time@3,other@3	3	yes	-
currentcity	0x0052d520	reads-state	complete	24	92	0	0	0	0	yes	no	no	0	0	0	1	2	0x4d4550,0x52d0e0	0	0	-	2	0	0	-	0x5a7d8c,0x5a7d90	-	0	file-io@5,archive@5,memory@6,thread@4,window-input@3,time@3,other@3	3	yes	-
currentcombinedarmy	0x0052f7d0	reads-state	complete	51	153	0	0	0	0	yes	no	no	0	0	0	2	1	0x4d4550	0	0	-	4	0	0	-	0x5a7d8c,0x5a7d90,0x5aa7d4,0x5aadb0	-	0	file-io@5,archive@5,memory@6,thread@4,window-input@3,time@3,other@3	3	no	-
currentdialog	0x00490810	reads-state	complete	21	78	0	0	0	0	yes	no	no	0	0	0	1	1	0x4d4550	0	0	-	1	0	0	-	0x5a79bc	-	0	file-io@5,archive@5,memory@6,thread@4,window-input@3,time@3,other@3	3	no	-
currentdialogitem	0x00490860	reads-state	complete	21	78	0	0	0	0	yes	no	no	0	0	0	1	1	0x4d4550	0	0	-	1	0	0	-	0x5a79c0	-	0	file-io@5,archive@5,memory@6,thread@4,window-input@3,time@3,other@3	3	no	-
currentdict	0x004c9e80	operand-only	complete	23	81	0	0	0	0	yes	no	no	0	0	0	1	1	0x4d4550	0	0	-	0	0	0	-	-	-	0	file-io@5,archive@5,memory@6,thread@4,window-input@3,time@3,other@3	3	no	-
currentplay	0x00464ca0	reads-state	complete	41	131	0	0	0	0	yes	no	no	0	0	0	1	1	0x4d4550	0	0	-	1	0	0	-	0x5577c8	-	0	file-io@5,archive@5,memory@6,thread@4,window-input@3,time@3,other@3	3	no	-
currentplayer	0x004e3e50	reads-state	complete	21	78	0	0	0	0	yes	no	no	0	0	0	1	1	0x4d4550	0	0	-	1	0	0	-	0x5cc9d4	-	0	file-io@5,archive@5,memory@6,thread@4,window-input@3,time@3,other@3	3	no	-
currentscenario	0x004c8f30	reads-state	complete	21	78	0	0	0	0	yes	no	no	0	0	0	1	1	0x4d4550	0	0	-	1	0	0	-	0x5af0e0	-	0	file-io@5,archive@5,memory@6,thread@4,window-input@3,time@3,other@3	3	no	-
currentscreen	0x004e4000	reads-state	complete	23	86	0	0	0	0	yes	no	no	0	0	0	1	1	0x4d4550	0	0	-	2	0	0	-	0x5a7d8c,0x5a8078	-	0	file-io@5,archive@5,memory@6,thread@4,window-input@3,time@3,other@3	3	no	-
currentselectioncanmove?	0x00530330	reads-state	complete	26	96	0	0	0	0	yes	no	no	0	0	0	1	2	0x4d4550,0x530250	0	0	-	2	0	0	-	0x5a7d8c,0x5a7d90	-	0	file-io@5,archive@5,memory@6,thread@4,window-input@3,time@3,other@3	2	yes	-
currentterrainsprite	0x0052f5f0	reads-state	complete	21	78	0	0	0	0	yes	no	no	0	0	0	1	1	0x4d4550	0	0	-	1	0	0	-	0x5aec24	-	0	file-io@5,archive@5,memory@6,thread@4,window-input@3,time@3,other@3	3	no	-
currentturn	0x0050b720	reads-state	complete	21	78	0	0	0	0	yes	no	no	0	0	0	1	1	0x4d4550	0	0	-	1	0	0	-	0x5af130	-	0	file-io@5,archive@5,memory@6,thread@4,window-input@3,time@3,other@3	3	no	-
currentunitsexpense	0x004be640	unknown	complete	184	535	-	0,1,2	2	2	yes	no	no	0	0	2	3	4	0x4026a0,0x404ab0,0x4be000,0x4d4550	0	0	-	0	0	0	-	-	-	0	file-io@5,archive@5,memory@6,thread@4,window-input@3,time@3,other@3	2	no	-
currentuser	0x004e3df0	reads-state	complete	23	86	0	0	0	0	yes	no	no	0	0	0	1	1	0x4d4550	0	0	-	2	0	0	-	0x5a7d8c,0x5a7d90	-	0	file-io@5,archive@5,memory@6,thread@4,window-input@3,time@3,other@3	3	no	-
cvf	0x004cbf50	unknown	complete	70	11948	-	0,1	1	1	yes	no	no	0	0	1	1	3	0x4d4550,0x5394a0,0x53b640	0	0	-	0	1	0	-	-	0x54dd10	0	file-io@5,archive@5,memory@4,thread@4,window-input@3,time@3,other@3	3	no	-
cvi	0x004cbef0	unknown	complete	73	10980	-	0,1	1	1	yes	no	no	0	0	1	1	3	0x4d4550,0x5394a0,0x53b630	0	0	-	0	0	0	-	-	-	0	file-io@5,archive@5,memory@5,thread@4,window-input@3,time@3,other@3	3	no	-
cvlit	0x004cbf30	operand-only	complete	51	12942	-	0,1	1	1	yes	no	no	0	0	1	1	1	0x4d4550	0	0	-	0	0	0	-	-	-	0	file-io@5,archive@5,memory@6,thread@4,window-input@3,time@3,other@3	3	no	-
cvn	0x004cbf00	file-or-resource-io	complete	176	11508	-	0,1	1	1	yes	no	no	0	0	1	1	3	0x4d4550,0x53385e,0x533864	0	0	-	0	1	0	-	-	0x555130	1	file-io@5,archive@0,memory@6,thread@4,window-input@3,time@3,other@3	3	yes	STORM.dll!#401,STORM.dll!#403
cvr	0x004cbf10	unknown	complete	71	11743	-	0,1	1	1	yes	no	no	0	0	1	1	2	0x4d4550,0x53b640	0	0	-	0	2	0	-	-	0x54dd18,0x54dd20	0	file-io@5,archive@5,memory@4,thread@4,window-input@3,time@3,other@3	3	no	-
cvs	0x004cbf20	reads-state	complete	211	12736	-	0,1,2	2	2	yes	no	no	0	0	2	2	4	0x4cee20,0x4d1a80,0x4d4550,0x53a090	0	0	-	3	3	0	-	0x55e350,0x55e360,0x55e364	0x54dd18,0x55e340,0x55e354	2	file-io@4,archive@5,memory@5,thread@3,window-input@3,time@3,other@3	3	yes	-
cvx	0x004cbf40	operand-only	complete	51	13086	-	0,1	1	1	yes	no	no	0	0	1	1	1	0x4d4550	0	0	-	0	0	0	-	-	-	0	file-io@5,archive@5,memory@6,thread@4,window-input@3,time@3,other@3	3	no	-
debug	0x004cbe90	floating-point	complete	59	23535	-	0,1	1	1	yes	no	no	0	0	1	0	2	0x4d4550,0x5394a0	0	0	-	0	0	0	-	-	-	0	file-io@5,archive@5,memory@6,thread@4,window-input@3,time@3,other@3	3	no	-
debugbuild?	0x004b5af0	operand-only	complete	21	74	0	0	0	0	yes	no	no	0	0	0	1	1	0x4d4550	0	0	-	0	0	0	-	-	-	0	file-io@5,archive@5,memory@6,thread@4,window-input@3,time@3,other@3	3	no	-
decmultiplayeroption	0x004b2240	reads-state	complete	65	193	-	0,1	1	1	yes	no	no	0	0	1	0	3	0x4b1db0,0x4d4550,0x5394a0	0	0	-	1	0	0	-	0x5aa64c	-	0	file-io@5,archive@5,memory@6,thread@4,window-input@3,time@3,other@3	1	yes	-
decodebarter	0x004331e0	unknown	complete	128	401	-	0,1	1	1	yes	no	no	0	0	1	4	4	0x4026a0,0x404ab0,0x432b30,0x4d4550	0	0	-	0	0	0	-	-	-	0	file-io@5,archive@5,memory@6,thread@4,window-input@3,time@3,other@3	3	no	-
decrement	0x004ccc50	operand-only	complete	124	18319	-	0,1	1	1	yes	no	no	0	0	1	0	1	0x4d4550	0	0	-	0	0	0	-	-	-	0	file-io@5,archive@5,memory@6,thread@4,window-input@3,time@3,other@3	3	no	-
decrementstartingline	0x00497fd0	unknown	complete	29	99	1	1	1	1	yes	no	no	0	0	0	1	3	0x497e00,0x498040,0x4d4550	0	0	-	0	0	0	-	-	-	0	file-io@5,archive@5,memory@6,thread@4,window-input@3,time@3,other@3	3	no	-
def	0x004ca180	unknown	complete	148	440	-	0,1,2	2	2	yes	no	no	0	0	2	0	2	0x404ab0,0x4d4550	0	0	-	0	0	0	-	-	-	0	file-io@5,archive@5,memory@6,thread@4,window-input@3,time@3,other@3	3	no	-
defaultfringe	0x004ab530	mutates-state	complete	59	181	-	0,1	1	1	yes	no	no	0	0	1	0	3	0x4d41c0,0x4d4550,0x5394a0	0	0	-	0	1	1	-	0x5ae9a8	0x55cbf4	1	file-io@5,archive@4,memory@5,thread@4,window-input@2,time@2,other@2	0	yes	-
defendarmy	0x00465d80	reads-state	complete	106	304	-	0,1,2	2	2	yes	no	no	0	0	2	0	5	0x4026a0,0x404ab0,0x404ee0,0x482ac0,0x4d4550	0	0	-	1	0	0	-	0x5aa12c	-	0	file-io@5,archive@5,memory@6,thread@4,window-input@3,time@3,other@3	3	yes	-
defenderlost?	0x00461950	reads-state	complete	27	96	0	0	0	0	yes	no	no	0	0	0	1	2	0x4d4550,0x50b9d0	0	0	-	2	0	0	-	0x5aa12c,0x5aadb0	-	0	file-io@5,archive@5,memory@6,thread@4,window-input@3,time@3,other@3	3	yes	-
defendingcitycornerwalldirection	0x00459310	reads-state	complete	23	84	0	0	0	0	yes	no	no	0	0	0	1	2	0x4551a0,0x4d4550	0	0	-	1	0	0	-	0x5ae8e8	-	0	file-io@5,archive@5,memory@6,thread@4,window-input@3,time@3,other@3	3	yes	-
defendingcityfaith	0x004591b0	reads-state	complete	21	78	0	0	0	0	yes	no	no	0	0	0	1	1	0x4d4550	0	0	-	1	0	0	-	0x5ae914	-	0	file-io@5,archive@5,memory@6,thread@4,window-input@3,time@3,other@3	3	no	-
defendingcityfrontwalldirection	0x00459250	reads-state	complete	23	84	0	0	0	0	yes	no	no	0	0	0	1	2	0x4551a0,0x4d4550	0	0	-	1	0	0	-	0x5ae8e8	-	0	file-io@5,archive@5,memory@6,thread@4,window-input@3,time@3,other@3	3	yes	-
defendingcitysidewalldirection	0x004592b0	reads-state	complete	23	84	0	0	0	0	yes	no	no	0	0	0	1	2	0x4551a0,0x4d4550	0	0	-	1	0	0	-	0x5ae8e8	-	0	file-io@5,archive@5,memory@6,thread@4,window-input@3,time@3,other@3	3	yes	-
defendingcitywalllevel	0x00459200	reads-state	complete	21	78	0	0	0	0	yes	no	no	0	0	0	1	1	0x4d4550	0	0	-	1	0	0	-	0x5ae918	-	0	file-io@5,archive@5,memory@6,thread@4,window-input@3,time@3,other@3	3	no	-
defensivemultitargetloc	0x00409940	reads-state	complete	118	356	-	0,1,2	2	2	yes	no	no	0	0	2	2	5	0x4026a0,0x404ab0,0x409840,0x4d4550,0x4efe80	0	0	-	2	0	0	-	0x5ae958,0x5aee6c	-	0	file-io@5,archive@5,memory@6,thread@4,window-input@3,time@3,other@3	3	yes	-
deletearmynow	0x004e6fe0	reads-state	complete	13	38	1	1	1	1	yes	no	no	1	0	0	0	2	0x41be40,0x483be0	0	0	-	1	0	0	-	0x5aa12c	-	0	file-io@6,archive@5,memory@6,thread@5,window-input@3,time@3,other@2	2	no	-
deselectfaith	0x004b5b40	reads-state	complete	17	50	0	0	0	0	yes	no	no	0	0	0	0	2	0x4b7b10,0x4b7dd0	0	0	-	2	0	0	-	0x5aa12c,0x5d1e84	-	0	time@6	2	no	-
destroyartifact	0x0042ace0	unknown	complete	152	473	-	0,1,2,3	3	3	yes	no	no	1	0	2	0	9	0x4026a0,0x404ab0,0x41be40,0x428110,0x4282a0,0x428840,0x4d41c0,0x4d4550,0x5394a0	0	0	-	0	2	0	-	-	0x555da0,0x555df8	2	file-io@5,archive@4,memory@5,thread@4,window-input@2,time@2,other@2	1	yes	-
destroyartifacttype	0x0042b0a0	unknown	complete	154	482	-	0,1,2,3	3	3	yes	no	no	1	0	2	0	9	0x4026a0,0x404ab0,0x41be40,0x428110,0x4282a0,0x42aec0,0x4d41c0,0x4d4550,0x5394a0	0	0	-	0	2	0	-	-	0x555da0,0x555df8	2	file-io@5,archive@4,memory@5,thread@4,window-input@2,time@2,other@2	1	yes	-
destroybuilding	0x004403a0	reads-state	complete	62	191	-	0,1	1	1	yes	no	no	0	0	1	0	5	0x43dd50,0x482ac0,0x4d41c0,0x4d4550,0x5394a0	0	0	-	1	1	0	-	0x5aa12c	0x5566cc	1	file-io@5,archive@4,memory@5,thread@4,window-input@2,time@2,other@2	2	yes	-
destroycity	0x0044fc10	reads-state	complete	63	195	-	0,1	1	1	yes	no	no	0	0	1	0	5	0x44f4a0,0x482ac0,0x4d41c0,0x4d4550,0x5394a0	0	0	-	1	1	0	-	0x5aa12c	0x5573b8	1	file-io@5,archive@4,memory@5,thread@4,window-input@2,time@2,other@2	2	yes	-
destroyterrainsprite	0x0050ddd0	reads-state	complete	56	177	-	0,1	1	1	yes	no	no	0	0	1	0	4	0x482ac0,0x483be0,0x4d4550,0x5394a0	0	0	-	1	0	0	-	0x5aa12c	-	0	file-io@5,archive@5,memory@6,thread@4,window-input@3,time@3,other@2	2	yes	-
detectthief	0x00507340	reads-state	complete	18	54	1	1	1	1	yes	no	no	1	0	0	0	3	0x41be40,0x4c2330,0x507260	0	0	-	1	0	0	-	0x5aa12c	-	0	file-io@6,archive@5,memory@6,thread@5,window-input@3,time@3,other@3	2	no	-
dialog	0x0048f720	reads-state	complete	61	198	-	0,1	1	1	yes	no	no	0	0	1	1	3	0x4d4550,0x5004f0,0x5394a0	0	0	-	1	0	0	-	0x584ae8	-	0	file-io@5,archive@2,memory@6,thread@4,window-input@3,time@3,other@3	3	yes	-
dialoginfo	0x0048f970	mutates-state	complete	231	647	-	1,2,3,4,5,6,7,8	8	3	NO	no	no	6	0	2	0	11	0x4026a0,0x404ab0,0x40adb0,0x48d760,0x48d810,0x48ea90,0x48eb00,0x4d41c0,0x4d4550,0x5005f0,0x505750	0	0	-	1	2	1	-	0x584ae8,0x5aa128	0x55c384,0x55c3a8	2	file-io@5,archive@4,memory@5,thread@4,window-input@2,time@2,other@2	0	yes	-
dialogisopen?	0x00505830	reads-state	complete	63	202	-	0,1	1	1	yes	no	no	0	0	1	1	3	0x4d4550,0x505750,0x5394a0	0	0	-	1	0	0	-	0x584ae8	-	0	file-io@5,archive@5,memory@6,thread@4,window-input@3,time@3,other@3	3	yes	-
dialogposition	0x004900c0	reads-state	complete	148	454	-	0,1,2,3	3	3	yes	no	no	0	0	3	0	7	0x4026a0,0x404ab0,0x490290,0x4d41c0,0x4d4550,0x5005f0,0x5394a0	0	0	-	1	2	0	-	0x584ae8	0x55c39c,0x55c440	2	file-io@5,archive@4,memory@5,thread@4,window-input@2,time@2,other@2	2	yes	-
dialogtimeout	0x004ffe10	mutates-state	complete	61	186	-	0,1	1	1	yes	no	no	0	0	1	0	2	0x4d4550,0x5394a0	0	0	-	0	0	1	-	0x5aa11c	-	0	file-io@5,archive@5,memory@6,thread@4,window-input@3,time@0,other@3	0	no	KERNEL32.dll!GetTickCount
dict	0x004ca7c0	file-or-resource-io	complete	116	28859	-	0,1	1	1	yes	no	no	0	0	1	1	2	0x4d3110,0x4d4550	0	0	-	0	0	0	-	-	-	0	file-io@5,archive@1,memory@6,thread@4,window-input@3,time@3,other@3	3	no	-
diffuselight	0x0046a900	reads-state	complete	160	503	-	0,1,2,3,4	4	4	yes	no	no	0	0	4	0	5	0x4026a0,0x404ab0,0x469f40,0x4d4550,0x504ce0	0	0	-	2	0	0	-	0x584ae8,0x5876d0	-	0	file-io@5,archive@2,memory@6,thread@3,graphics@6,window-input@3,time@2,other@2	1	yes	-
dir	0x004cc5b0	file-or-resource-io	complete	252	3605	-	1,2	2	2	yes	no	no	1	3	1	3	11	0x404ab0,0x40adb0,0x41d1d0,0x4cee20,0x4d41c0,0x4d4550,0x53a220,0x53aa30,0x53af20,0x53b050,0x53b4c0	0	0	-	2	6	0	-	0x55e260,0x55e264	0x55e1e4,0x55e20c,0x55e230,0x55e268,0x55e280,0x55e298	6	file-io@1,archive@4,memory@4,thread@2,window-input@2,time@2,other@1	2	yes	-
dirtyrecttestflags	0x004d9bb0	mutates-state	complete	57	174	-	0,1	1	1	yes	no	no	0	0	1	0	2	0x4d4550,0x5394a0	0	0	-	0	0	1	-	0x5d2098	-	0	file-io@5,archive@5,memory@6,thread@4,window-input@3,time@3,other@3	0	no	-
disablearrowkeys	0x005047c0	mutates-state	complete	2	11	0	0	0	0	yes	no	no	0	0	0	0	0	-	0	0	-	0	0	1	-	0x5a79e0	-	0	-	0	no	-
disablehotkeys	0x004b2fe0	mutates-state	complete	2	11	0	0	0	0	yes	no	no	0	0	0	0	0	-	0	0	-	0	0	1	-	0x584cd0	-	0	-	0	no	-
disablemap	0x00486b10	mutates-state	complete	5	31	0	0	0	0	yes	no	no	0	0	0	0	1	0x473930	0	0	-	1	0	2	-	0x5a79e0,0x5a9e04,0x5af180	-	0	-	0	yes	-
disablescriptwindow	0x005043e0	mutates-state	complete	2	11	0	0	0	0	yes	no	no	0	0	0	0	0	-	0	0	-	0	0	1	-	0x584d64	-	0	-	0	no	-
disablespell	0x004f04e0	reads-state	complete	53	167	-	0,1	1	1	yes	no	no	0	0	1	0	3	0x4d4550,0x4efe80,0x5394a0	0	0	-	1	0	0	-	0x5aee6c	-	0	file-io@5,archive@5,memory@6,thread@4,window-input@3,time@3,other@3	3	yes	-
disconnect	0x004b6010	reads-state	complete	2	10	0	0	0	0	yes	no	no	0	0	0	0	0	0x4b64d0	1	0	-	1	0	0	-	0x5cd358	-	0	-	1	yes	-
discoveralarm	0x0040e560	reads-state	complete	192	621	-	1,2,3,4,5,6,7,8,9,10,11,12,13,14,15,16	-	2	yes	yes	yes	3	0	1	2	9	0x4026a0,0x404ab0,0x40adb0,0x40dcd0,0x40dcf0,0x40dfb0,0x40e0b0,0x4d41c0,0x4d4550	0	0	-	1	3	0	-	0x5aeec0	0x555738,0x555744,0x55577c	3	file-io@5,archive@2,memory@5,thread@4,window-input@2,time@2,other@2	1	yes	-
dismissunit	0x0041e5e0	reads-state	complete	20	53	1	1	1	1	yes	no	no	1	0	0	0	2	0x41bf10,0x41e200	0	0	-	1	0	0	-	0x5aa12c	-	0	file-io@6,archive@5,memory@6,thread@5,window-input@3,time@3,other@3	2	no	-
distractarmyorder	0x00463f10	reads-state	complete	166	519	-	0,1,2,3,4	4	4	yes	no	no	0	0	4	0	5	0x4026a0,0x404ab0,0x407620,0x45a620,0x4d4550	0	0	-	2	0	0	-	0x579458,0x5aa12c	-	0	file-io@5,archive@5,memory@6,thread@4,window-input@3,time@3,other@3	2	yes	-
distractorder	0x00463d40	reads-state	complete	141	450	-	0,1,2,3	3	3	yes	no	no	0	0	3	0	7	0x4026a0,0x404ab0,0x407550,0x45a620,0x4a51c0,0x4d4550,0x5394a0	0	0	-	3	0	0	-	0x579458,0x5aa12c,0x5ae958	-	0	file-io@5,archive@5,memory@6,thread@4,window-input@3,time@3,other@3	2	yes	-
div	0x004caf10	unknown	complete	114	378	-	0,1,2	2	2	yes	no	no	0	0	2	1	2	0x4d41c0,0x4d4550	0	0	-	0	3	0	-	-	0x54dd18,0x54dd20,0x55e1d4	1	file-io@5,archive@4,memory@5,thread@4,window-input@2,time@2,other@2	2	yes	-
donewithnewinitiates	0x00451d10	unknown	complete	11	32	1	1	1	1	yes	no	no	0	0	0	0	1	0x451a70,0x451bd0	1	0	-	0	0	0	-	-	-	0	file-io@6,archive@6,thread@5,window-input@4,time@4,other@4	4	no	-
doodad	0x004db5c0	file-or-resource-io	complete	240	667	-	0,1,2,3,4,5	5	5	yes	no	no	1	1	4	1	7	0x4026a0,0x404ab0,0x40adb0,0x41d1d0,0x491ef0,0x4d41c0,0x4d4550	0	0	-	1	2	0	-	0x5a7b50	0x572798,0x5727b4	2	file-io@5,archive@1,memory@5,thread@4,window-input@2,time@2,other@2	1	yes	-
doshrineofteleport	0x00449e20	reads-state	complete	105	334	-	0,1,2	2	2	yes	no	no	0	0	2	0	6	0x4026a0,0x404ab0,0x448f50,0x482ac0,0x4d4550,0x5394a0	0	0	-	1	0	0	-	0x5aa12c	-	0	file-io@5,archive@2,memory@6,thread@3,window-input@3,time@3,other@3	3	yes	-
dospecialbuilding	0x00449cc0	reads-state	complete	106	338	-	0,1,2	2	2	yes	no	no	0	0	2	0	6	0x4026a0,0x404ab0,0x449ab0,0x482ac0,0x4d4550,0x5394a0	0	0	-	1	0	0	-	0x5aa12c	-	0	file-io@5,archive@5,memory@6,thread@4,window-input@3,time@3,other@3	2	yes	-
drawbox	0x004d96c0	reads-state	complete	262	694	-	0,1,2,3,4,5,6,7,8	8	3	NO	no	no	6	0	2	0	8	0x4026a0,0x404ab0,0x40adb0,0x47efd0,0x491ec0,0x497270,0x4d41c0,0x4d4550	0	0	-	1	1	0	-	0x5a7b50	0x57260c	1	file-io@5,archive@4,memory@5,thread@4,window-input@2,time@2,other@2	2	yes	-
drawimpframe	0x0049c500	file-or-resource-io	complete	280	812	-	0,1,2,3,4,5,6	6	5	NO	no	no	2	0	4	0	10	0x4026a0,0x404ab0,0x40adb0,0x4753d0,0x492850,0x4d41c0,0x4d4550,0x4f2cc0,0x4f31f0,0x533864	0	1	-	2	2	0	-	0x584ae8,0x5a7b50	0x555130,0x55c8a0	2	file-io@5,archive@0,memory@5,thread@4,window-input@2,time@2,other@2	2	yes	STORM.dll!#401
drawline	0x004d91f0	reads-state	complete	237	645	-	0,1,2,3,4,5,6,7,8	8	3	NO	no	no	6	0	2	0	8	0x4026a0,0x404ab0,0x40adb0,0x47efd0,0x491ec0,0x4946d0,0x4d41c0,0x4d4550	0	0	-	1	1	0	-	0x5a7b50	0x57260c	1	file-io@5,archive@4,memory@5,thread@4,window-input@2,time@2,other@2	2	yes	-
drawobject	0x004d9480	reads-state	complete	193	574	-	0,1,2,3,4	4	4	yes	no	no	0	0	4	0	7	0x4026a0,0x404ab0,0x491c20,0x491ec0,0x4935c0,0x4d41c0,0x4d4550	0	0	-	1	3	0	-	0x5a7b50	0x55c598,0x57260c,0x572614	3	file-io@5,archive@3,memory@5,thread@4,window-input@2,time@2,other@2	2	yes	-
dropcode	0x0046ed00	reads-state	complete	21	78	0	0	0	0	yes	no	no	0	0	0	1	1	0x4d4550	0	0	-	1	0	0	-	0x583120	-	0	file-io@5,archive@5,memory@6,thread@4,window-input@3,time@3,other@3	3	no	-
dumpqueue	0x0048cf40	stub	complete	1	5	0	0	0	0	yes	no	no	0	0	0	0	0	0x51bc30	1	0	-	0	0	0	-	-	-	0	-	-	no	-
dungeondiplocallback	0x004d8880	mutates-state	complete	29	100	-	0,1	1	1	yes	no	no	0	0	1	0	1	0x4d4550	0	0	-	0	0	2	-	0x5aa1a8,0x5aa1ac	-	0	file-io@5,archive@5,memory@6,thread@4,window-input@3,time@3,other@3	0	no	-
dup	0x004c9f40	operand-only	complete	63	193	-	0,1	1	1	yes	no	no	0	0	1	2	1	0x4d4550	0	0	-	0	0	0	-	-	-	0	file-io@5,archive@5,memory@6,thread@4,window-input@3,time@3,other@3	3	no	-
editbox	0x004de6d0	file-or-resource-io	complete	212	600	-	0,1,2,3,4,5,6,7	7	3	NO	no	no	5	1	2	0	6	0x4026a0,0x404ab0,0x40adb0,0x41d1d0,0x493420,0x4d4550	0	0	-	1	0	0	-	0x5a7b50	-	0	file-io@5,archive@1,memory@6,thread@4,window-input@3,time@3,other@3	2	yes	-
editmode	0x004da3d0	reads-state	complete	4	13	0	0	0	0	yes	no	no	0	0	0	0	1	0x47b4b0	0	0	-	1	0	0	-	0x584ae8	-	0	archive@6,window-input@5,time@4,other@5	2	yes	-
emptybarterslot	0x00433590	reads-state	complete	87	249	-	0,1	1	1	yes	no	no	0	0	1	2	4	0x4026a0,0x404ab0,0x432a60,0x4d4550	0	0	-	1	0	0	-	0x584cd4	-	0	file-io@5,archive@5,memory@6,thread@4,window-input@3,time@3,other@3	3	yes	-
enableallspells	0x004f0640	mutates-state	complete	17	42	0	0	0	0	yes	no	no	0	0	0	0	1	0x4efe80	0	0	-	2	0	0	0x5aee70	0x5aee6c,0x5aee70	-	0	-	0	no	-
enablearrowkeys	0x005047b0	mutates-state	complete	2	11	0	0	0	0	yes	no	no	0	0	0	0	0	-	0	0	-	0	0	1	-	0x5a79e0	-	0	-	0	no	-
enablehotkeys	0x004b2fd0	mutates-state	complete	2	11	0	0	0	0	yes	no	no	0	0	0	0	0	-	0	0	-	0	0	1	-	0x584cd0	-	0	-	0	no	-
enablemap	0x00486b30	mutates-state	complete	2	11	0	0	0	0	yes	no	no	0	0	0	0	0	-	0	0	-	0	0	1	-	0x5af180	-	0	-	0	no	-
enablescriptwindow	0x005043d0	mutates-state	complete	2	11	0	0	0	0	yes	no	no	0	0	0	0	0	-	0	0	-	0	0	1	-	0x584d64	-	0	-	0	no	-
enablespell	0x004f0590	reads-state	complete	53	167	-	0,1	1	1	yes	no	no	0	0	1	0	3	0x4d4550,0x4efe80,0x5394a0	0	0	-	1	0	0	-	0x5aee6c	-	0	file-io@5,archive@5,memory@6,thread@4,window-input@3,time@3,other@3	3	yes	-
encodebarter	0x00433380	unknown	complete	174	526	-	0,1,2,3,4	4	4	yes	no	no	0	0	4	1	4	0x4026a0,0x404ab0,0x432ae0,0x4d4550	0	0	-	0	0	0	-	-	-	0	file-io@5,archive@5,memory@6,thread@4,window-input@3,time@3,other@3	3	no	-
end	0x004ca110	unknown	complete	26	74	0	0	0	0	yes	no	no	0	0	0	0	2	0x4d41c0,0x4d4550	0	0	-	0	1	0	-	-	0x55e1b0	1	file-io@5,archive@4,memory@5,thread@4,window-input@2,time@2,other@2	2	yes	-
endcombatproc	0x004e33c0	mutates-state	complete	29	100	-	0,1	1	1	yes	no	no	0	0	1	0	1	0x4d4550	0	0	-	0	0	2	-	0x5a7c44,0x5a7c48	-	0	file-io@5,archive@5,memory@6,thread@4,window-input@3,time@3,other@3	0	no	-
endturn	0x004e1d10	reads-state	complete	7	26	0	0	0	0	yes	no	no	0	0	0	0	1	0x48a080	0	0	-	3	0	0	-	0x5a7d8c,0x5a7d90,0x5aa12c	-	0	-	-	no	-
enemycombinedarmy	0x0052f870	reads-state	complete	51	153	0	0	0	0	yes	no	no	0	0	0	2	1	0x4d4550	0	0	-	4	0	0	-	0x5a7d8c,0x5a7d90,0x5aa7d4,0x5aadb0	-	0	file-io@5,archive@5,memory@6,thread@4,window-input@3,time@3,other@3	3	no	-
enter_barter_callback	0x004d8420	mutates-state	complete	29	100	-	0,1	1	1	yes	no	no	0	0	1	0	1	0x4d4550	0	0	-	0	0	2	-	0x5aa23c,0x5aa240	-	0	file-io@5,archive@5,memory@6,thread@4,window-input@3,time@3,other@3	0	no	-
enter_building_callback	0x004d8180	mutates-state	complete	29	100	-	0,1	1	1	yes	no	no	0	0	1	0	1	0x4d4550	0	0	-	0	0	2	-	0x5aa20c,0x5aa210	-	0	file-io@5,archive@5,memory@6,thread@4,window-input@3,time@3,other@3	0	no	-
enter_combat_callback	0x004d81f0	mutates-state	complete	29	100	-	0,1	1	1	yes	no	no	0	0	1	0	1	0x4d4550	0	0	-	0	0	2	-	0x5aa214,0x5aa218	-	0	file-io@5,archive@5,memory@6,thread@4,window-input@3,time@3,other@3	0	no	-
enter_gt_callback	0x004d8340	mutates-state	complete	29	100	-	0,1	1	1	yes	no	no	0	0	1	0	1	0x4d4550	0	0	-	0	0	2	-	0x5aa22c,0x5aa230	-	0	file-io@5,archive@5,memory@6,thread@4,window-input@3,time@3,other@3	0	no	-
enter_library_callback	0x004d82d0	mutates-state	complete	29	100	-	0,1	1	1	yes	no	no	0	0	1	0	1	0x4d4550	0	0	-	0	0	2	-	0x5aa224,0x5aa228	-	0	file-io@5,archive@5,memory@6,thread@4,window-input@3,time@3,other@3	0	no	-
enter_town_callback	0x004d8110	mutates-state	complete	29	100	-	0,1	1	1	yes	no	no	0	0	1	0	1	0x4d4550	0	0	-	0	0	2	-	0x5aa204,0x5aa208	-	0	file-io@5,archive@5,memory@6,thread@4,window-input@3,time@3,other@3	0	no	-
enterbuilding	0x0043f6d0	reads-state	complete	137	408	-	0,1,2	2	2	yes	no	no	0	0	2	0	6	0x4026a0,0x404ab0,0x4225a0,0x482ac0,0x4d4550,0x52bb10	0	2	-	5	0	0	-	0x556668,0x5a7d8c,0x5a7d90,0x5a7d90,0x5aa12c	-	0	file-io@5,archive@4,memory@6,thread@4,graphics@6,window-input@3,time@2,other@0	1	yes	KERNEL32.dll!OutputDebugStringA
enterbuildingcommand	0x00422460	reads-state	complete	104	311	-	0,1,2	2	2	yes	no	no	0	0	2	0	3	0x4223b0,0x4d4550,0x5394a0	0	0	-	1	0	0	-	0x5aa12c	-	0	file-io@5,archive@5,memory@6,thread@4,window-input@3,time@3,other@3	2	yes	-
enternetgameselscreen	0x004b5d40	mutates-state	complete	2	11	0	0	0	0	yes	no	no	0	0	0	0	0	-	0	0	-	0	0	1	-	0x584418	-	0	-	0	no	-
enternetpikfaithscreen	0x004b5d00	mutates-state	complete	132	1275	0	0	0	0	yes	no	no	0	0	0	4	5	0x4b6030,0x4b6b30,0x4b7dd0,0x4d05e0,0x4d4550	0	0	-	4	0	1	0x5a7b78	0x584418,0x584428,0x58442c,0x5a7b78,0x5cd358	-	0	file-io@5,archive@3,memory@6,thread@4,window-input@3,time@1,other@3	0	yes	-
enternetspscreen	0x004b5cd0	mutates-state	complete	2	11	0	0	0	0	yes	no	no	0	0	0	0	0	-	0	0	-	0	0	1	-	0x584418	-	0	-	0	no	-
entersprite	0x0043f870	reads-state	complete	150	409	-	0,1,2	2	2	yes	no	no	0	0	2	0	5	0x4026a0,0x404ab0,0x4225a0,0x482ac0,0x4d4550	0	0	-	2	0	0	-	0x556668,0x5aa12c	-	0	file-io@5,archive@4,memory@6,thread@4,graphics@6,window-input@3,time@2,other@0	1	yes	KERNEL32.dll!OutputDebugStringA
enterterrainsprite	0x0050f1a0	reads-state	complete	79	225	-	0,1,2	2	2	yes	no	no	1	0	1	0	6	0x41be40,0x4225a0,0x482ac0,0x4d41c0,0x4d4550,0x5394a0	0	0	-	1	1	0	-	0x5aa12c	0x573af4	1	file-io@5,archive@4,memory@5,thread@4,graphics@6,window-input@2,time@2,other@2	1	yes	-
enumactiveplayers	0x00484fd0	reads-state	complete	52	167	-	0,1	1	1	yes	no	no	0	0	1	0	2	0x484f40,0x4d4550	0	0	-	1	0	0	-	0x5aa12c	-	0	file-io@5,archive@4,memory@6,thread@4,window-input@3,time@2,other@3	3	yes	-
enumadjacentlocations	0x004c8a10	reads-state	complete	133	414	-	0,1,2,3	3	3	yes	no	no	0	0	3	0	5	0x4026a0,0x4c5ec0,0x4c6fd0,0x4d41c0,0x4d4550	0	0	-	1	1	0	-	0x5aef04	0x55da94	1	file-io@5,archive@4,memory@5,thread@4,window-input@2,time@2,other@2	2	yes	-
enumadjacentregions	0x004c88f0	reads-state	complete	93	282	-	0,1,2	2	2	yes	no	no	0	0	2	0	5	0x4c5ec0,0x4c7240,0x4d41c0,0x4d4550,0x5394a0	0	0	-	1	1	0	-	0x5aef04	0x55da74	1	file-io@5,archive@4,memory@5,thread@4,window-input@2,time@2,other@2	2	yes	-
enumaiterrainsprites	0x004fd280	reads-state	complete	101	304	-	0,1	1	1	yes	no	no	0	0	1	1	6	0x404ab0,0x41da00,0x4d05e0,0x4d4550,0x4fbe60,0x50c7f0	0	0	-	1	0	0	-	0x5ae974	-	0	file-io@5,archive@3,memory@6,thread@4,window-input@3,time@1,other@3	3	yes	-
enumallarmies	0x004fc620	reads-state	complete	88	256	-	0,1	1	1	yes	no	no	0	0	1	1	5	0x404ab0,0x41da00,0x4d05e0,0x4d4550,0x4fbed0	0	0	-	1	0	0	-	0x5ae974	-	0	file-io@5,archive@3,memory@6,thread@4,window-input@3,time@1,other@3	3	yes	-
enumallartifacts	0x0042a450	mutates-state	complete	122	364	-	0,1,2,3	3	3	yes	no	no	1	0	2	0	7	0x404ab0,0x41be40,0x41da00,0x428ba0,0x4d41c0,0x4d4550,0x5394a0	0	0	-	0	1	2	-	0x555d70,0x555d74	0x555df8	1	file-io@5,archive@4,memory@5,thread@4,window-input@2,time@2,other@2	0	yes	-
enumallplayeractivearmies	0x004fce30	reads-state	complete	179	558	-	1,2,3	3	1	NO	no	no	3	0	0	2	10	0x4026a0,0x404ab0,0x407d50,0x40adb0,0x41da00,0x420620,0x4d05e0,0x4d4550,0x4fbed0,0x5071c0	0	1	-	1	0	0	-	0x5ae974	-	0	file-io@5,archive@3,memory@6,thread@4,window-input@3,time@1,other@3	3	yes	-
enumallplayerarmies	0x004fcca0	reads-state	complete	124	388	-	0,1,2	2	2	yes	no	no	0	0	2	1	4	0x4026a0,0x4d05e0,0x4d4550,0x4fbed0	0	0	-	1	0	0	-	0x5ae974	-	0	file-io@5,archive@3,memory@6,thread@4,window-input@3,time@1,other@3	3	yes	-
enumallseenarmies	0x004fc860	reads-state	complete	106	323	-	1,2	2	2	yes	no	no	1	0	1	1	8	0x404ab0,0x41da00,0x4bdce0,0x4c1cf0,0x4d05e0,0x4d4550,0x4fbed0,0x5071c0	0	0	-	1	0	0	-	0x5ae974	-	0	file-io@5,archive@3,memory@6,thread@4,window-input@3,time@1,other@3	3	yes	-
enumallseenplayerarmies	0x004fcb20	reads-state	complete	121	380	-	1,2,3	3	2	NO	no	no	2	0	1	1	8	0x404ab0,0x41da00,0x4bdce0,0x4c1cf0,0x4d05e0,0x4d4550,0x4fbed0,0x5071c0	0	0	-	1	0	0	-	0x5ae974	-	0	file-io@5,archive@3,memory@6,thread@4,window-input@3,time@1,other@3	3	yes	-
enumarmies	0x004fc510	reads-state	complete	92	270	-	0,1	1	1	yes	no	no	0	0	1	1	5	0x404ab0,0x41da00,0x4d05e0,0x4d4550,0x4fbe60	0	0	-	1	0	0	-	0x5ae974	-	0	file-io@5,archive@3,memory@6,thread@4,window-input@3,time@1,other@3	3	yes	-
enumarmiesinbarter	0x00436530	reads-state	complete	80	239	-	0,1,2	2	2	yes	no	no	0	0	2	0	3	0x435ac0,0x4d4550,0x5394a0	0	0	-	1	0	0	-	0x584cd4	-	0	file-io@5,archive@4,memory@6,thread@4,window-input@3,time@2,other@3	3	yes	-
enumarmiesingroup	0x00499020	reads-state	complete	110	322	-	0,1,2	2	2	yes	no	no	0	0	2	0	4	0x4026a0,0x498770,0x4d41c0,0x4d4550	0	0	-	1	1	0	-	0x5577c8	0x55c710	1	file-io@5,archive@4,memory@5,thread@4,window-input@2,time@2,other@2	2	yes	-
enumarmiesinradius	0x00463500	reads-state	complete	152	484	-	0,1,2,3,4	4	4	yes	no	no	0	0	4	0	3	0x4026a0,0x406510,0x4d4550	0	0	-	1	0	0	-	0x5ae958	-	0	file-io@5,archive@4,memory@6,thread@4,window-input@3,time@2,other@3	3	yes	-
enumarmiesnotuseinplay	0x004638d0	reads-state	complete	30	95	-	0,1	1	1	yes	no	no	0	0	1	0	2	0x406c00,0x4d4550	0	0	-	2	0	0	-	0x5577c8,0x5ae958	-	0	file-io@5,archive@4,memory@6,thread@4,window-input@3,time@2,other@3	3	yes	-
enumartifactsinbarter	0x00436350	reads-state	complete	80	239	-	0,1,2	2	2	yes	no	no	0	0	2	0	3	0x435960,0x4d4550,0x5394a0	0	0	-	1	0	0	-	0x584cd4	-	0	file-io@5,archive@4,memory@6,thread@4,window-input@3,time@2,other@3	1	yes	-
enumartifactswon	0x0042a050	reads-state	complete	52	167	-	0,1	1	1	yes	no	no	0	0	1	0	2	0x428860,0x4d4550	0	0	-	1	0	0	-	0x5aa12c	-	0	file-io@5,archive@4,memory@6,thread@4,window-input@3,time@2,other@3	1	yes	-
enumartifacttypes	0x0042d360	reads-state	complete	52	167	-	0,1	1	1	yes	no	no	0	0	1	0	2	0x427d70,0x4d4550	0	0	-	1	0	0	-	0x5cd340	-	0	file-io@5,archive@4,memory@6,thread@4,window-input@3,time@2,other@3	3	yes	-
enumbadfaces	0x0051b6d0	reads-state	complete	30	100	-	0,1	1	1	yes	no	no	0	0	1	0	2	0x4d4550,0x51b5d0	0	0	-	1	0	0	-	0x5876d0	-	0	file-io@5,archive@4,memory@6,thread@4,window-input@3,time@2,other@3	3	yes	-
enumbuildbuilding	0x00444d80	reads-state	complete	157	451	-	1,2,3	3	3	yes	no	no	1	0	2	1	8	0x4026a0,0x404ab0,0x40adb0,0x41da00,0x43d300,0x4d05e0,0x4d41c0,0x4d4550	0	0	-	1	1	0	-	0x5cd31c	0x5567d8	1	file-io@5,archive@3,memory@5,thread@4,window-input@2,time@1,other@2	2	yes	-
enumbuildings	0x004fd060	reads-state	complete	92	272	-	0,1	1	1	yes	no	no	0	0	1	1	5	0x404ab0,0x41da00,0x4d05e0,0x4d4550,0x4fbe60	0	0	-	1	0	0	-	0x5ae974	-	0	file-io@5,archive@3,memory@6,thread@4,window-input@3,time@1,other@3	3	yes	-
enumbuildingsinbarter	0x00436800	reads-state	complete	80	239	-	0,1,2	2	2	yes	no	no	0	0	2	0	3	0x435d20,0x4d4550,0x5394a0	0	0	-	1	0	0	-	0x584cd4	-	0	file-io@5,archive@4,memory@6,thread@4,window-input@3,time@2,other@3	3	yes	-
enumchildbuildings	0x004528d0	reads-state	complete	133	377	-	0,1,2	2	2	yes	no	no	0	0	2	0	8	0x404ab0,0x41da00,0x4526a0,0x485400,0x485460,0x4d41c0,0x4d4550,0x5394a0	0	0	-	1	1	0	-	0x5aa12c	0x557540	1	file-io@5,archive@4,memory@5,thread@4,window-input@2,time@2,other@2	2	yes	-
enumchildren	0x00446410	reads-state	complete	129	359	-	1,2	2	2	yes	no	no	1	0	1	0	8	0x4026a0,0x404ab0,0x40adb0,0x41da00,0x4526a0,0x482ac0,0x4d41c0,0x4d4550	0	0	-	2	1	0	-	0x5aa12c,0x5ae94c	0x556824	1	file-io@5,archive@4,memory@5,thread@4,window-input@2,time@2,other@2	2	yes	-
enumcities	0x004fc400	reads-state	complete	92	272	-	0,1	1	1	yes	no	no	0	0	1	1	5	0x404ab0,0x41da00,0x4d05e0,0x4d4550,0x4fbe60	0	0	-	1	0	0	-	0x5ae974	-	0	file-io@5,archive@3,memory@6,thread@4,window-input@3,time@1,other@3	3	yes	-
enumcitiesinbarter	0x00436710	reads-state	complete	80	239	-	0,1,2	2	2	yes	no	no	0	0	2	0	3	0x435c70,0x4d4550,0x5394a0	0	0	-	1	0	0	-	0x584cd4	-	0	file-io@5,archive@4,memory@6,thread@4,window-input@3,time@2,other@3	3	yes	-
enumcitymods	0x004537a0	unknown	complete	43	117	-	0,1,2	2	2	yes	no	no	0	0	1	0	3	0x451a70,0x453010,0x4d4550	0	0	-	0	0	0	-	-	-	0	file-io@5,archive@4,memory@6,thread@4,window-input@3,time@2,other@3	1	no	-
enumcombatattackspells	0x00424fa0	reads-state	complete	64	197	-	0,1	1	1	yes	no	no	0	0	1	0	3	0x424e20,0x4d4550,0x530200	0	0	-	1	0	0	-	0x584ae8	-	0	file-io@5,archive@5,memory@6,thread@4,window-input@3,time@3,other@3	3	yes	-
enumcombatdefendspells	0x00425070	reads-state	complete	64	197	-	0,1	1	1	yes	no	no	0	0	1	0	3	0x424e80,0x4d4550,0x530200	0	0	-	1	0	0	-	0x584ae8	-	0	file-io@5,archive@5,memory@6,thread@4,window-input@3,time@3,other@3	3	yes	-
enumconetargetarmies	0x0040a440	reads-state	complete	213	602	-	0,1,2,3,4	4	4	yes	no	no	0	0	4	1	7	0x4026a0,0x404ab0,0x407d50,0x409f70,0x4a8330,0x4d05e0,0x4d4550	0	0	-	1	0	0	-	0x5ae958	-	0	file-io@5,archive@3,memory@6,thread@4,window-input@3,time@1,other@3	3	yes	-
enumconetargetlocations	0x0040a6a0	reads-state	complete	116	406	-	1,2	2	2	yes	no	no	1	0	1	1	4	0x409f70,0x41be40,0x4d05e0,0x4d4550	0	0	-	1	0	0	-	0x5ae958	-	0	file-io@5,archive@3,memory@6,thread@4,window-input@3,time@1,other@3	3	yes	-
enumfiles	0x00530d60	reads-state	complete	107	368	-	0,1,2,3	3	3	yes	no	no	0	0	3	0	2	0x4d4550,0x530ae0	0	0	-	1	0	0	-	0x5d3820	-	0	file-io@2,archive@4,memory@4,thread@3,window-input@3,time@2,other@2	3	yes	-
enumgeneralspells	0x00425210	reads-state	complete	64	197	-	0,1	1	1	yes	no	no	0	0	1	0	3	0x424f40,0x4d4550,0x530200	0	0	-	1	0	0	-	0x584ae8	-	0	file-io@5,archive@5,memory@6,thread@4,window-input@3,time@3,other@3	3	yes	-
enumhistoricevents	0x004bcfc0	unknown	complete	119	347	-	0,1,2	2	2	yes	no	no	0	0	2	0	4	0x4026a0,0x4bc970,0x4d41c0,0x4d4550	0	0	-	0	1	0	-	-	0x55d814	1	file-io@5,archive@4,memory@5,thread@4,window-input@2,time@2,other@2	1	yes	-
enumimphotspots	0x0049c1d0	reads-state	complete	260	808	-	1,2	2	1	NO	no	no	2	1	0	5	8	0x4026a0,0x404ab0,0x40adb0,0x41d1d0,0x492850,0x4d05e0,0x4d41c0,0x4d4550	0	0	-	1	1	0	-	0x5a7b50	0x55c898	1	file-io@5,archive@3,memory@5,thread@4,window-input@2,time@1,other@2	2	yes	-
enuminvaders	0x0051da90	unknown	complete	105	330	-	0,1,2	2	2	yes	no	no	0	0	2	0	5	0x4d41c0,0x4d4550,0x51d6b0,0x51d8e0,0x5394a0	0	0	-	0	1	0	-	-	0x573e7c	1	file-io@5,archive@3,memory@5,thread@2,window-input@2,time@2,other@2	2	yes	-
enuminvisibleartifacts	0x0042a5c0	mutates-state	complete	122	364	-	0,1,2,3	3	3	yes	no	no	1	0	2	0	7	0x404ab0,0x41be40,0x41da00,0x428b40,0x4d41c0,0x4d4550,0x5394a0	0	0	-	0	1	2	-	0x555d70,0x555d74	0x555df8	1	file-io@5,archive@4,memory@5,thread@4,window-input@2,time@2,other@2	0	yes	-
enumitemsinbarter	0x00436260	reads-state	complete	80	239	-	0,1,2	2	2	yes	no	no	0	0	2	0	3	0x435890,0x4d4550,0x5394a0	0	0	-	1	0	0	-	0x584cd4	-	0	file-io@5,archive@4,memory@6,thread@4,window-input@3,time@2,other@3	3	yes	-
enummatchingchampionbrains	0x00410760	reads-state	complete	56	182	-	0,1,2	2	2	yes	no	no	0	0	2	0	2	0x40f220,0x4d4550	0	0	-	1	0	0	-	0x5aeed0	-	0	file-io@5,archive@4,memory@6,thread@4,window-input@3,time@2,other@3	3	yes	-
enummemorystatistics	0x004d77e0	reads-state	complete	278	858	1	1	1	1	yes	no	no	1	20	0	2	4	0x404ab0,0x40adb0,0x41d1d0,0x4d05e0	0	0	-	4	10	0	-	0x55e92c,0x55ea64,0x58787c,0x5a7b78	0x55de90,0x55e0fc,0x55e144,0x55e14c,0x55e154,0x5725b8,0x5725c8,0x5725d0,0x5725dc,0x5725ec	10	file-io@6,archive@3,memory@6,thread@4,window-input@4,time@1,other@4	4	yes	-
enummilitaryunits	0x00408d00	reads-state	complete	132	413	-	0,1,2	2	2	yes	no	no	0	0	2	1	6	0x4026a0,0x404ab0,0x407d90,0x482ac0,0x4d05e0,0x4d4550	0	0	-	1	0	0	-	0x5aa12c	-	0	file-io@5,archive@3,memory@6,thread@4,window-input@3,time@1,other@3	3	yes	-
enumnetworkcomputers	0x004b8870	reads-state	complete	33	115	0	0	0	0	yes	no	no	0	0	0	1	1	0x4d4550	0	1	0x5d1e84+0x18	1	0	0	-	0x5d1e84	-	0	file-io@5,archive@5,memory@6,thread@4,window-input@3,time@3,other@3	3	no	-
enumnetworkgames	0x004b8710	reads-state	complete	31	110	0	0	0	0	yes	no	no	0	0	0	1	1	0x4d4550	0	1	0x5d1e84+0x1c	1	0	0	-	0x5d1e84	-	0	file-io@5,archive@5,memory@6,thread@4,window-input@3,time@3,other@3	3	no	-
enumnetworkleaders	0x004b5ef0	reads-state	complete	22	82	0	0	0	0	yes	no	no	0	0	0	1	2	0x4b7bf0,0x4d4550	0	0	-	1	0	0	-	0x5cd358	-	0	file-io@5,archive@5,memory@6,thread@4,window-input@3,time@3,other@3	3	yes	-
enumopendialogs	0x00505900	reads-state	complete	35	104	-	0,1	1	1	yes	no	no	0	0	1	0	2	0x4d4550,0x5057a0	0	0	-	1	0	0	-	0x584ae8	-	0	file-io@5,archive@4,memory@6,thread@4,window-input@3,time@2,other@3	3	yes	-
enumplayerarmies	0x004636f0	reads-state	complete	77	233	-	0,1,2	2	2	yes	no	no	0	0	2	0	3	0x406610,0x4d4550,0x5394a0	0	0	-	1	0	0	-	0x5ae958	-	0	file-io@5,archive@4,memory@6,thread@4,window-input@3,time@2,other@3	3	yes	-
enumplayerarmiesingroup	0x004993d0	unknown	complete	139	390	-	0,1,2,3	3	3	yes	no	no	0	0	3	0	5	0x4026a0,0x404ab0,0x498770,0x4d41c0,0x4d4550	0	0	-	0	1	0	-	-	0x55c710	1	file-io@5,archive@4,memory@5,thread@4,window-input@2,time@2,other@2	2	yes	-
enumplayerarmiesnotuseinplay	0x004637e0	reads-state	complete	77	233	-	0,1,2	2	2	yes	no	no	0	0	2	0	3	0x406c00,0x4d4550,0x5394a0	0	0	-	1	0	0	-	0x5ae958	-	0	file-io@5,archive@4,memory@6,thread@4,window-input@3,time@2,other@3	3	yes	-
enumplayerbuildings	0x004e0350	reads-state	complete	123	359	-	1,2	2	2	yes	no	no	1	0	1	1	7	0x4026a0,0x404ab0,0x40adb0,0x41da00,0x4d05e0,0x4d4550,0x4fbe60	0	1	-	1	0	0	-	0x5ae974	-	0	file-io@5,archive@3,memory@6,thread@4,window-input@3,time@1,other@3	3	yes	-
enumplayercities	0x004e04c0	reads-state	complete	123	359	-	1,2	2	2	yes	no	no	1	0	1	1	7	0x4026a0,0x404ab0,0x40adb0,0x41da00,0x4d05e0,0x4d4550,0x4fbe60	0	1	-	1	0	0	-	0x5ae974	-	0	file-io@5,archive@3,memory@6,thread@4,window-input@3,time@1,other@3	3	yes	-
enumplayerheirs	0x004c0a10	unknown	complete	41	113	-	0,1,2	2	2	yes	no	no	1	0	1	0	3	0x4bdce0,0x4c0780,0x4d4550	0	0	-	0	0	0	-	-	-	0	file-io@5,archive@4,memory@6,thread@4,window-input@3,time@2,other@3	3	no	-
enumplayerknownspells	0x004a0650	unknown	complete	169	465	-	0,1,2,3	3	3	yes	no	no	0	0	3	0	6	0x4026a0,0x404ab0,0x41da00,0x4bf000,0x4d41c0,0x4d4550	0	0	-	0	2	0	-	-	0x55c8e0,0x55c908	2	file-io@5,archive@4,memory@5,thread@4,window-input@2,time@2,other@2	2	yes	-
enumplayerspells	0x004bf400	unknown	complete	62	189	-	0,1,2	2	2	yes	no	no	1	0	1	0	3	0x4bdce0,0x4bf000,0x4d4550	0	0	-	0	0	0	-	-	-	0	file-io@5,archive@4,memory@6,thread@4,window-input@3,time@2,other@3	3	no	-
enumpossiblebuildings	0x00452750	reads-state	complete	133	377	-	0,1,2	2	2	yes	no	no	0	0	2	0	9	0x404ab0,0x41da00,0x43e910,0x452410,0x485400,0x485460,0x4d41c0,0x4d4550,0x5394a0	0	0	-	1	1	0	-	0x5aa12c	0x557540	1	file-io@5,archive@4,memory@5,thread@4,window-input@2,time@2,other@2	2	yes	-
enumpossiblemercenaries	0x00441ae0	unknown	complete	61	186	-	0,1,2	2	2	yes	no	no	1	0	1	0	3	0x4409e0,0x441790,0x4d4550	0	0	-	0	0	0	-	-	-	0	file-io@5,archive@4,memory@6,thread@4,window-input@3,time@2,other@3	3	no	-
enumpossibleresearchtopics	0x00446a10	reads-state	complete	157	458	-	0,1,2,3	3	3	yes	no	no	1	0	2	1	7	0x4026a0,0x404ab0,0x4bdce0,0x4beef0,0x4d05e0,0x4d4550,0x4efe80	0	0	-	2	0	0	-	0x5aee6c,0x5aee6c	-	0	file-io@5,archive@3,memory@6,thread@4,window-input@3,time@1,other@3	3	yes	-
enumpossibletrainees	0x00441a20	unknown	complete	61	186	-	0,1,2	2	2	yes	no	no	1	0	1	0	3	0x4409e0,0x441830,0x4d4550	0	0	-	0	0	0	-	-	-	0	file-io@5,archive@4,memory@6,thread@4,window-input@3,time@2,other@3	3	no	-
enumpossibleunits	0x00441960	unknown	complete	61	186	-	0,1,2	2	2	yes	no	no	1	0	1	0	3	0x4409e0,0x4416d0,0x4d4550	0	0	-	0	0	0	-	-	-	0	file-io@5,archive@4,memory@6,thread@4,window-input@3,time@2,other@3	3	no	-
enumpromises	0x0050b430	unknown	complete	156	430	-	0,1,2,3	3	3	yes	no	no	0	0	3	0	5	0x4026a0,0x404ab0,0x4d41c0,0x4d4550,0x50a520	0	0	-	0	2	0	-	-	0x5739d8,0x5739f8	2	file-io@5,archive@4,memory@5,thread@4,window-input@2,time@2,other@2	1	yes	-
enumproviders	0x004b8200	reads-state	complete	27	94	0	0	0	0	yes	no	no	0	0	0	1	1	0x4d4550	0	1	0x5d1e84+0x48	1	0	0	-	0x5d1e84	-	0	file-io@5,archive@5,memory@6,thread@4,window-input@3,time@3,other@3	3	no	-
enumquests	0x004c4740	reads-state	complete	35	104	-	0,1	1	1	yes	no	no	0	0	1	0	2	0x4c4060,0x4d4550	0	0	-	1	0	0	-	0x5aeedc	-	0	file-io@5,archive@4,memory@6,thread@4,window-input@3,time@2,other@3	3	yes	-
enumrallyarmies	0x00408ea0	reads-state	complete	82	258	-	0,1	1	1	yes	no	no	0	0	1	1	4	0x407ba0,0x4d05e0,0x4d4550,0x4f6000	0	0	-	3	0	0	-	0x5ae974,0x5ae98c,0x5ae998	-	0	file-io@5,archive@3,memory@6,thread@4,window-input@3,time@1,other@3	3	yes	-
enumrandonnumbers	0x004d6ac0	unknown	complete	168	501	-	0,1,2,3	3	3	yes	no	no	0	0	3	1	5	0x4026a0,0x404ab0,0x4d05e0,0x4d4550,0x504f00	0	0	-	0	0	0	-	-	-	0	file-io@5,archive@3,memory@6,thread@4,window-input@3,time@1,other@3	1	no	-
enumrealplayers	0x0049fbf0	reads-state	complete	52	167	-	0,1	1	1	yes	no	no	0	0	1	0	2	0x49fb50,0x4d4550	0	0	-	1	0	0	-	0x5aa12c	-	0	file-io@5,archive@4,memory@6,thread@4,window-input@3,time@2,other@3	3	yes	-
enumregionarmies	0x004c8210	reads-state	complete	79	240	-	0,1,2	2	2	yes	no	no	0	0	2	0	4	0x4c57c0,0x4c5ec0,0x4d4550,0x5394a0	0	0	-	1	0	0	-	0x5aef04	-	0	file-io@5,archive@5,memory@6,thread@4,window-input@3,time@3,other@3	3	yes	-
enumregioncities	0x004c8300	reads-state	complete	79	240	-	0,1,2	2	2	yes	no	no	0	0	2	0	4	0x4c57e0,0x4c5ec0,0x4d4550,0x5394a0	0	0	-	1	0	0	-	0x5aef04	-	0	file-io@5,archive@5,memory@6,thread@4,window-input@3,time@3,other@3	3	yes	-
enumseenarmies	0x004fc720	reads-state	complete	107	315	-	1,2	2	2	yes	no	no	1	0	1	1	8	0x404ab0,0x41da00,0x4bdce0,0x4c1cf0,0x4d05e0,0x4d4550,0x4fbe60,0x5071c0	0	0	-	1	0	0	-	0x5ae974	-	0	file-io@5,archive@3,memory@6,thread@4,window-input@3,time@1,other@3	3	yes	-
enumseenplayerarmies	0x004fc9b0	reads-state	complete	121	362	-	1,2,3	3	2	NO	no	no	2	0	1	1	8	0x404ab0,0x41da00,0x4bdce0,0x4c1cf0,0x4d05e0,0x4d4550,0x4fbe60,0x5071c0	0	0	-	1	0	0	-	0x5ae974	-	0	file-io@5,archive@3,memory@6,thread@4,window-input@3,time@1,other@3	3	yes	-
enumselectarmyactions	0x004677a0	reads-state	complete	50	151	-	0,1	1	1	yes	no	no	0	0	1	0	4	0x4675b0,0x482ac0,0x4d4550,0x52d140	0	0	-	3	0	0	-	0x5a7d8c,0x5a7d90,0x5aa12c	-	0	file-io@5,archive@4,memory@6,thread@4,window-input@3,time@2,other@3	3	yes	-
enumselectgroupactions	0x004678e0	reads-state	complete	110	403	-	0,1	1	1	yes	no	no	0	0	1	1	4	0x467840,0x4678a0,0x4d05e0,0x4d4550	0	0	-	2	0	0	-	0x5a7d8c,0x5a7d90	-	0	file-io@5,archive@3,memory@6,thread@4,window-input@3,time@1,other@3	3	yes	-
enumspelleffects	0x004fd3b0	reads-state	complete	89	254	-	0,1	1	1	yes	no	no	0	0	1	1	5	0x404ab0,0x41da00,0x4d05e0,0x4d4550,0x4fbe60	0	0	-	1	0	0	-	0x5ae974	-	0	file-io@5,archive@3,memory@6,thread@4,window-input@3,time@1,other@3	3	yes	-
enumspellsinbarter	0x00436440	reads-state	complete	80	239	-	0,1,2	2	2	yes	no	no	0	0	2	0	3	0x435a10,0x4d4550,0x5394a0	0	0	-	1	0	0	-	0x584cd4	-	0	file-io@5,archive@4,memory@6,thread@4,window-input@3,time@2,other@3	3	yes	-
enumstolenresource	0x00508560	unknown	complete	203	561	-	0,1,2,3	3	3	yes	no	no	0	0	3	4	3	0x4026a0,0x404ab0,0x4d05e0	0	0	-	0	0	0	-	-	-	0	file-io@6,archive@3,memory@6,thread@4,window-input@4,time@1,other@4	4	no	-
enumterrainsprites	0x004fd170	reads-state	complete	92	272	-	0,1	1	1	yes	no	no	0	0	1	1	5	0x404ab0,0x41da00,0x4d05e0,0x4d4550,0x4fbe60	0	0	-	1	0	0	-	0x5ae974	-	0	file-io@5,archive@3,memory@6,thread@4,window-input@3,time@1,other@3	3	yes	-
enumterrainspritesinbarter	0x004368f0	reads-state	complete	80	239	-	0,1,2	2	2	yes	no	no	0	0	2	0	3	0x435dd0,0x4d4550,0x5394a0	0	0	-	1	0	0	-	0x584cd4	-	0	file-io@5,archive@4,memory@6,thread@4,window-input@3,time@2,other@3	3	yes	-
enumterraspells	0x00425140	reads-state	complete	64	197	-	0,1	1	1	yes	no	no	0	0	1	0	3	0x424ee0,0x4d4550,0x530200	0	0	-	1	0	0	-	0x584ae8	-	0	file-io@5,archive@5,memory@6,thread@4,window-input@3,time@3,other@3	3	yes	-
enumunitartifacts	0x0042a110	mutates-state	complete	122	364	-	0,1,2,3	3	3	yes	no	no	1	0	2	0	7	0x404ab0,0x41be40,0x41da00,0x428a30,0x4d41c0,0x4d4550,0x5394a0	0	0	-	0	1	2	-	0x555d70,0x555d74	0x555df8	1	file-io@5,archive@4,memory@5,thread@4,window-input@2,time@2,other@2	0	yes	-
enumunitmodifiers	0x00528d60	unknown	complete	45	131	-	1,2	2	2	yes	no	no	1	0	1	0	3	0x41bf10,0x4d4550,0x5280f0	0	0	-	0	0	0	-	-	-	0	file-io@5,archive@4,memory@6,thread@4,window-input@3,time@2,other@3	3	no	-
enumunits	0x004e6a70	unknown	complete	76	221	-	0,1,2	2	2	yes	no	no	1	0	1	1	3	0x41be40,0x4d05e0,0x4d4550	0	0	-	0	0	0	-	-	-	0	file-io@5,archive@3,memory@6,thread@4,window-input@3,time@1,other@3	3	no	-
enumunitsinbarter	0x00436620	reads-state	complete	80	239	-	0,1,2	2	2	yes	no	no	0	0	2	0	3	0x435b70,0x4d4550,0x5394a0	0	0	-	1	0	0	-	0x584cd4	-	0	file-io@5,archive@4,memory@6,thread@4,window-input@3,time@2,other@3	3	yes	-
enumwieldedartifacts	0x0042ba50	unknown	complete	119	349	-	0,1,2,3	3	3	yes	no	no	1	0	2	0	7	0x404ab0,0x41be40,0x41da00,0x428ad0,0x4d41c0,0x4d4550,0x5394a0	0	0	-	0	1	0	-	-	0x555df8	1	file-io@5,archive@4,memory@5,thread@4,window-input@2,time@2,other@2	1	yes	-
eq	0x004cbab0	unknown	complete	160	484	-	0,1,2	2	2	yes	no	no	0	0	2	1	3	0x4026a0,0x4d4550,0x5394a0	0	0	-	0	2	0	-	-	0x54dd10,0x54dd18	0	file-io@5,archive@5,memory@6,thread@4,window-input@3,time@3,other@3	3	no	-
errorcolumn	0x004ccd20	operand-only	complete	21	78	0	0	0	0	yes	no	no	0	0	0	1	1	0x4d4550	0	0	-	0	0	0	-	-	-	0	file-io@5,archive@5,memory@6,thread@4,window-input@3,time@3,other@3	3	no	-
errordescription	0x004ccd70	operand-only	complete	21	78	0	0	0	0	yes	no	no	0	0	0	1	1	0x4d4550	0	0	-	0	0	0	-	-	-	0	file-io@5,archive@5,memory@6,thread@4,window-input@3,time@3,other@3	3	no	-
errorline	0x004cccd0	operand-only	complete	21	78	0	0	0	0	yes	no	no	0	0	0	1	1	0x4d4550	0	0	-	0	0	0	-	-	-	0	file-io@5,archive@5,memory@6,thread@4,window-input@3,time@3,other@3	3	no	-
erroroperator	0x004ccdc0	operand-only	complete	21	79	0	0	0	0	yes	no	no	0	0	0	1	1	0x4d4550	0	0	-	0	0	0	-	-	-	0	file-io@5,archive@5,memory@6,thread@4,window-input@3,time@3,other@3	3	no	-
erroroutput	0x004cced0	unknown	complete	45	151	-	0,1	1	1	yes	no	no	0	0	1	0	2	0x4d41c0,0x4d4550	0	0	-	0	0	0	-	-	-	0	file-io@5,archive@4,memory@5,thread@4,window-input@2,time@2,other@2	2	no	-
errorsourcefile	0x004ccc80	operand-only	complete	21	78	0	0	0	0	yes	no	no	0	0	0	1	1	0x4d4550	0	0	-	0	0	0	-	-	-	0	file-io@5,archive@5,memory@6,thread@4,window-input@3,time@3,other@3	3	no	-
eventalarm	0x0040cd70	reads-state	complete	156	499	-	0,1,2,3,4,5,6,7,8,9,10,11,12,13,14,15	-	2	yes	yes	yes	0	0	2	1	8	0x4026a0,0x404ab0,0x40c580,0x40c5a0,0x40c820,0x4d41c0,0x4d4550,0x5394a0	0	0	-	1	2	0	-	0x5aeea0	0x555738,0x555744	2	file-io@5,archive@2,memory@5,thread@4,window-input@2,time@2,other@2	1	yes	-
exch	0x004ca7e0	operand-only	complete	88	278	-	0,1,2	2	2	yes	no	no	0	0	2	2	1	0x4d4550	0	0	-	0	0	0	-	-	-	0	file-io@5,archive@5,memory@6,thread@4,window-input@3,time@3,other@3	3	no	-
exec	0x004ca740	unknown	complete	35	110	-	0,1	1	1	yes	no	no	0	0	1	0	2	0x4d05e0,0x4d4550	0	0	-	0	0	0	-	-	-	0	file-io@5,archive@3,memory@6,thread@4,window-input@3,time@1,other@3	3	no	-
executeprisonerproc	0x004e2ab0	mutates-state	complete	29	100	-	0,1	1	1	yes	no	no	0	0	1	0	1	0x4d4550	0	0	-	0	0	2	-	0x5a7cb4,0x5a7cb8	-	0	file-io@5,archive@5,memory@6,thread@4,window-input@3,time@3,other@3	0	no	-
executeprisoners	0x004c3690	reads-state	complete	28	45	1	1	1	1	yes	no	no	1	0	0	0	4	0x41be40,0x420630,0x4c1c50,0x4c2550	0	0	-	1	0	0	-	0x5aa12c	-	0	file-io@6,archive@5,memory@6,thread@5,window-input@3,time@3,other@3	2	yes	-
exit	0x004c9cb0	operand-only	complete	3	12	0	0	0	0	yes	no	no	0	0	0	0	0	-	0	0	-	0	0	0	-	-	-	0	-	-	no	-
exitapp	0x004dee90	reads-state	complete	4	21	0	0	0	0	yes	no	no	0	0	0	0	0	0x500bb0	1	0	-	2	0	0	-	0x572944,0x584ae8	-	0	window-input@1,other@0	-	no	KERNEL32.dll!OutputDebugStringA
exitbuilding	0x0043f560	reads-state	complete	115	358	-	0,1,2	2	2	yes	no	no	0	0	2	0	7	0x4026a0,0x404ab0,0x43de70,0x482ac0,0x4d41c0,0x4d4550,0x5394a0	0	0	-	1	1	0	-	0x5aa12c	0x55663c	1	file-io@5,archive@2,memory@5,thread@4,window-input@2,time@2,other@2	2	yes	-
exitmessageproc	0x004b5600	mutates-state	complete	29	100	-	0,1	1	1	yes	no	no	0	0	1	0	1	0x4d4550	0	0	-	0	0	2	-	0x584410,0x584414	-	0	file-io@5,archive@5,memory@6,thread@4,window-input@3,time@3,other@3	0	no	-
exitnetgameselscreen	0x004b5d50	mutates-state	complete	4	20	0	0	0	0	yes	no	no	0	0	0	0	0	-	0	0	-	1	0	1	-	0x584418,0x584418	-	0	-	0	no	-
exitnetpikfaithscreen	0x004b5d20	mutates-state	complete	4	20	0	0	0	0	yes	no	no	0	0	0	0	0	-	0	0	-	1	0	1	-	0x584418,0x584418	-	0	-	0	no	-
exitnetspscreen	0x004b5ce0	mutates-state	complete	4	20	0	0	0	0	yes	no	no	0	0	0	0	0	-	0	0	-	1	0	1	-	0x584418,0x584418	-	0	-	0	no	-
fadeoutmusic	0x004796b0	reads-state	complete	2	10	0	0	0	0	yes	no	no	0	0	0	0	0	0x479640	1	0	-	1	0	0	-	0x585408	-	0	memory@5,thread@2,other@6	5	no	-
faithselect	0x004546d0	mutates-state	complete	159	10	0	0	0	0	yes	no	no	0	0	0	0	22	0x40b5e0,0x40c040,0x40cb00,0x40e220,0x40f430,0x469d80,0x469e80,0x4755e0,0x4756c0,0x480130,0x481610,0x482ac0,0x495370,0x495db0,0x4a4f20,0x4a9ca0,0x4c5ef0,0x5000f0,0x504ce0,0x505970,0x5059a0,0x51ab30	0	0	-	8	2	3	-	0x58364c,0x58364c,0x584ae8,0x5876d0,0x587718,0x587720,0x587880,0x587884,0x5a7d8c,0x5aa12c,0x5ae958	0x557580,0x557594	2	file-io@4,archive@1,memory@4,thread@1,graphics@6,window-input@3,time@2,other@1	0	yes	-
faithselectcleanup	0x00454470	reads-state	complete	26	10	0	0	0	0	yes	no	no	0	0	0	0	5	0x469d80,0x469e80,0x481610,0x505970,0x5059a0	0	0	-	3	0	0	-	0x584ae8,0x5876d0,0x5aa12c	-	0	time@2	1	yes	-
false	0x004b5af0	operand-only	complete	21	74	0	0	0	0	yes	no	no	0	0	0	1	1	0x4d4550	0	0	-	0	0	0	-	-	-	0	file-io@5,archive@5,memory@6,thread@4,window-input@3,time@3,other@3	3	no	-
fastestarmy	0x00466680	reads-state	complete	61	198	-	0,1	1	1	yes	no	no	0	0	1	1	3	0x406d30,0x4d4550,0x5394a0	0	0	-	1	0	0	-	0x5ae958	-	0	file-io@5,archive@5,memory@6,thread@4,window-input@3,time@3,other@3	3	yes	-
file	0x004cc0f0	unknown	complete	113	5170	-	0,1,2	2	2	yes	no	no	0	0	2	1	2	0x4d4550,0x539610	0	0	-	0	0	0	-	-	-	0	file-io@4,archive@5,memory@5,thread@3,window-input@3,time@3,other@3	3	no	-
fileexists	0x004d6ef0	reads-state	complete	76	245	-	0,1	1	1	yes	no	no	0	0	1	1	3	0x4d4550,0x5394d0,0x539610	0	0	-	1	0	0	-	0x5572ec	-	0	file-io@4,archive@5,memory@3,thread@2,window-input@3,time@3,other@3	3	yes	-
filesize	0x004d6ff0	reads-state	complete	88	275	-	0,1	1	1	yes	no	no	0	0	1	1	6	0x4d41c0,0x4d4550,0x5394d0,0x539610,0x548e10,0x548ec0	0	0	-	1	1	0	-	0x5572ec	0x5725a4	1	file-io@2,archive@4,memory@3,thread@2,window-input@2,time@2,other@2	1	yes	-
filldoodad	0x004dc720	reads-state	complete	149	429	-	0,1,2	2	2	yes	no	no	0	0	2	0	6	0x492760,0x495a40,0x496250,0x4d41c0,0x4d4550,0x5394a0	0	0	-	1	3	0	-	0x5a7b50	0x57260c,0x5727fc,0x57280c	3	file-io@5,archive@4,memory@5,thread@4,window-input@2,time@2,other@2	1	yes	-
find_empty_x_y	0x004acbe0	reads-state	complete	176	512	-	0,1,2,3	3	2	NO	no	no	2	0	1	4	6	0x4026a0,0x404ab0,0x40adb0,0x4a51c0,0x4a6f60,0x4d4550	0	0	-	2	0	0	-	0x5ae958,0x5ae9c4	-	0	file-io@5,archive@5,memory@6,thread@4,window-input@3,time@3,other@3	3	yes	-
findarmy	0x00464fb0	reads-state	complete	111	358	-	0,1,2	2	2	yes	no	no	0	0	2	1	5	0x4026a0,0x404ab0,0x407270,0x4d4550,0x5394a0	0	0	-	1	0	0	-	0x5ae958	-	0	file-io@5,archive@5,memory@6,thread@4,window-input@3,time@3,other@3	3	yes	-
findarmywithchampiontype	0x00465120	reads-state	complete	142	394	-	0,1,2	2	2	yes	no	no	0	0	2	2	5	0x4026a0,0x404ab0,0x421940,0x4d4550,0x4fbe60	0	0	-	1	0	0	-	0x5ae974	-	0	file-io@5,archive@5,memory@6,thread@4,window-input@3,time@3,other@3	3	yes	-
findartifact	0x0042bbb0	reads-state	complete	120	373	-	0,1	1	1	yes	no	no	0	0	1	4	4	0x4026a0,0x404ab0,0x4298a0,0x4d4550	0	0	-	1	0	0	-	0x5aa12c	-	0	file-io@5,archive@5,memory@6,thread@4,window-input@3,time@3,other@3	3	yes	-
findcityoffaith	0x00452aa0	reads-state	complete	61	198	-	0,1	1	1	yes	no	no	0	0	1	1	3	0x452a50,0x4d4550,0x5394a0	0	0	-	1	0	0	-	0x5ae974	-	0	file-io@5,archive@5,memory@6,thread@4,window-input@3,time@3,other@3	3	yes	-
findemptyconnectedlocation	0x004a7220	reads-state	complete	159	443	-	0,1,2,3	3	3	yes	no	no	1	0	2	2	5	0x4026a0,0x404ab0,0x40adb0,0x4a6ff0,0x4d4550	0	0	-	2	1	0	-	0x5ae958,0x5ae9c0	0x55cbac	1	file-io@5,archive@3,memory@6,thread@2,window-input@3,time@3,other@3	3	yes	-
findemptylocation	0x004aca70	reads-state	complete	117	354	-	0,1,2	2	2	yes	no	no	0	0	2	2	4	0x4026a0,0x404ab0,0x4a6f60,0x4d4550	0	0	-	2	1	0	-	0x5ae958,0x5ae9c0	0x55cc04	1	file-io@5,archive@5,memory@6,thread@4,window-input@3,time@3,other@3	3	yes	-
findeventalarm	0x0040d220	reads-state	complete	62	190	-	0,1	1	1	yes	no	no	0	0	1	1	3	0x40ca40,0x4d41c0,0x4d4550	0	0	-	1	1	0	-	0x5aeea0	0x555764	1	file-io@5,archive@4,memory@5,thread@4,window-input@2,time@2,other@2	2	yes	-
findgeography	0x004c7870	reads-state	complete	2	10	0	0	0	0	yes	no	no	0	0	0	0	0	0x4c6660	1	0	-	1	0	0	-	0x5aef04	-	0	archive@2,thread@1	-	yes	-
findgreattemple	0x0050fd60	reads-state	complete	99	276	-	0,1	1	1	yes	no	no	0	0	1	2	5	0x4026a0,0x404ab0,0x4d4550,0x4fbe60,0x50f7e0	0	0	-	1	0	0	-	0x5ae974	-	0	file-io@5,archive@5,memory@6,thread@4,window-input@3,time@3,other@3	3	yes	-
findinstring	0x004d7140	unknown	complete	136	380	-	0,1,2	2	2	yes	no	no	0	0	2	3	4	0x404ab0,0x41da00,0x4d4550,0x53a560	0	0	-	0	0	0	-	-	-	0	file-io@5,archive@5,memory@6,thread@4,window-input@3,time@3,other@3	3	no	-
findlightlevelrange	0x0051b0e0	reads-state	complete	53	167	0	0	0	0	yes	no	no	0	0	0	2	2	0x4d4550,0x51b020	0	0	-	1	0	0	-	0x5876d0	-	0	file-io@5,archive@5,memory@6,thread@4,window-input@3,time@3,other@3	3	yes	-
findmatchingbrain	0x00410610	reads-state	complete	107	332	-	0,1,2,3	3	3	yes	no	no	1	0	2	1	4	0x40f1c0,0x41be40,0x4d4550,0x5394a0	0	0	-	1	0	0	-	0x5aeed0	-	0	file-io@5,archive@5,memory@6,thread@4,window-input@3,time@3,other@3	3	yes	-
findmovetoloc	0x00469890	reads-state	complete	137	417	-	0,1,2,3	3	3	yes	no	no	0	0	3	0	7	0x4026a0,0x404ab0,0x404da0,0x413530,0x482ac0,0x4a51c0,0x4d4550	0	0	-	2	0	0	-	0x5aa12c,0x5ae958	-	0	file-io@5,archive@5,memory@6,thread@4,window-input@3,time@3,other@3	3	yes	-
findpromise	0x0050b1f0	unknown	complete	204	573	-	0,1,2,3,4	4	3	NO	no	no	2	0	2	2	6	0x4026a0,0x404ab0,0x40adb0,0x4d41c0,0x4d4550,0x50a570	0	0	-	0	2	0	-	-	0x57399c,0x5739bc	2	file-io@5,archive@4,memory@5,thread@4,window-input@2,time@2,other@2	1	yes	-
findregions	0x004c7850	file-or-resource-io	complete	273	10	0	0	0	0	yes	no	no	0	0	0	0	8	0x4c61c0,0x4c6230,0x4c62a0,0x4c72e0,0x53385e,0x533864,0x539eb0,0x539ff0	0	0	-	1	1	0	-	0x5aef04	0x555130	1	archive@0,thread@0	-	yes	KERNEL32.dll!EnterCriticalSection,KERNEL32.dll!LeaveCriticalSection,STORM.dll!#401,STORM.dll!#403
findunitwithname	0x0044c1d0	reads-state	complete	122	364	-	0,1	1	1	yes	no	no	0	0	1	4	4	0x404ab0,0x41da00,0x44c120,0x4d4550	0	0	-	1	0	0	-	0x5aa12c	-	0	file-io@5,archive@5,memory@6,thread@4,window-input@3,time@3,other@3	3	yes	-
finescrollpixels	0x0051acd0	mutates-state	complete	98	308	-	0,1,2	2	2	yes	no	no	0	0	2	0	2	0x4d4550,0x5394a0	0	0	-	0	0	2	-	0x5878ac,0x5878b0	-	0	file-io@5,archive@5,memory@6,thread@4,window-input@3,time@3,other@3	0	no	-
finishmagicproc	0x004e31b0	mutates-state	complete	29	100	-	0,1	1	1	yes	no	no	0	0	1	0	1	0x4d4550	0	0	-	0	0	2	-	0x5a7d6c,0x5a7d70	-	0	file-io@5,archive@5,memory@6,thread@4,window-input@3,time@3,other@3	0	no	-
flagimp	0x0049b990	file-or-resource-io	complete	84	271	-	0,1	1	1	yes	no	no	0	0	1	1	5	0x4923e0,0x492850,0x49ab90,0x49dd20,0x4d4550	0	0	-	2	0	0	-	0x55d6d0,0x5a7b50	-	0	file-io@5,archive@1,memory@6,thread@4,window-input@3,time@3,other@3	2	yes	-
font	0x004de000	file-or-resource-io	complete	206	588	-	0,1,2,3,4	4	4	yes	no	no	0	0	4	1	6	0x4026a0,0x404ab0,0x493110,0x493200,0x4d41c0,0x4d4550	0	0	-	1	1	0	-	0x5a7b50	0x55d8b8	1	file-io@5,archive@1,memory@5,thread@4,window-input@2,time@2,other@2	2	yes	-
fontallocatedpage?	0x004daf10	reads-state	complete	89	274	-	0,1	1	1	yes	no	no	0	0	1	2	5	0x404ab0,0x492de0,0x4d41c0,0x4d4550,0x5394a0	0	0	-	1	1	0	-	0x5a7b50	0x572718	1	file-io@5,archive@4,memory@5,thread@4,window-input@2,time@2,other@2	2	yes	-
for	0x004c9f00	unknown	complete	446	26333	-	0,1,2,3,4	4	4	yes	no	no	0	0	4	6	4	0x404ab0,0x4d05e0,0x4d4550,0x5394a0	0	0	-	0	3	0	-	-	0x54dd10,0x54dd18,0x54dd28	0	file-io@5,archive@3,memory@6,thread@4,window-input@3,time@1,other@3	3	no	-
forall	0x004c9f10	unknown	complete	231	28194	-	0,1,2	2	2	yes	no	no	0	0	2	4	2	0x4d05e0,0x4d4550	0	0	-	0	0	0	-	-	-	0	file-io@5,archive@3,memory@6,thread@4,window-input@3,time@1,other@3	3	no	-
forcetexture	0x004e0630	reads-state	complete	131	408	-	0,1,2,3	3	3	yes	no	no	0	0	3	0	5	0x4026a0,0x404ab0,0x4a5ed0,0x4d4550,0x5394a0	0	0	-	1	0	0	-	0x5ae958	-	0	file-io@5,archive@5,memory@6,thread@4,window-input@3,time@3,other@3	3	yes	-
forgetspell	0x004bf340	unknown	complete	62	188	-	0,1,2	2	2	yes	no	no	1	0	1	0	4	0x4bdce0,0x4befb0,0x4d4550,0x5394a0	0	0	-	0	0	0	-	-	-	0	file-io@5,archive@5,memory@6,thread@4,window-input@3,time@3,other@3	3	no	-
formationview	0x00483b40	reads-state	complete	9	31	0	0	0	0	yes	no	no	0	0	0	0	2	0x483ba0,0x4d41c0	0	0	-	1	1	0	-	0x5aa12c	0x55b458	1	file-io@6,archive@4,memory@5,thread@3,window-input@2,time@2,other@2	2	yes	-
free	0x004dc600	reads-state	complete	96	284	-	0,1	1	1	yes	no	no	0	0	1	0	7	0x491c40,0x491ec0,0x492760,0x4d4550,0x500570,0x5005f0,0x5394a0	0	0	-	3	0	0	-	0x584ae8,0x5a7b50,0x5a7b50	-	0	file-io@5,archive@2,memory@6,thread@4,window-input@3,time@3,other@3	2	yes	-
freepow	0x004c3760	reads-state	complete	34	88	-	1,2	2	1	NO	no	no	2	0	0	0	3	0x41be40,0x4c1320,0x4c1cf0	0	0	-	1	0	0	-	0x5aa12c	-	0	file-io@6,archive@5,memory@6,thread@5,window-input@3,time@3,other@3	2	yes	-
freeprisonerpoleffectproc	0x004e2dc0	mutates-state	complete	29	100	-	0,1	1	1	yes	no	no	0	0	1	0	1	0x4d4550	0	0	-	0	0	2	-	0x5a7d04,0x5a7d08	-	0	file-io@5,archive@5,memory@6,thread@4,window-input@3,time@3,other@3	0	no	-
freeprisonerproc	0x004e2c00	mutates-state	complete	29	100	-	0,1	1	1	yes	no	no	0	0	1	0	1	0x4d4550	0	0	-	0	0	2	-	0x5a7ccc,0x5a7cd0	-	0	file-io@5,archive@5,memory@6,thread@4,window-input@3,time@3,other@3	0	no	-
freeprisoners	0x004c36c0	reads-state	complete	21	63	1	1	1	1	yes	no	no	1	0	0	0	3	0x41be40,0x4c1320,0x4c1c50	0	0	-	1	0	0	-	0x5aa12c	-	0	file-io@6,archive@5,memory@6,thread@5,window-input@3,time@3,other@3	2	yes	-
futureplayer	0x00487b60	reads-state	complete	22	82	0	0	0	0	yes	no	no	0	0	0	1	2	0x487b10,0x4d4550	0	0	-	1	0	0	-	0x5aa12c	-	0	file-io@5,archive@5,memory@6,thread@4,window-input@3,time@3,other@3	3	yes	-
gamemode	0x004da3b0	reads-state	complete	4	13	0	0	0	0	yes	no	no	0	0	0	0	1	0x5000f0	0	0	-	1	0	0	-	0x584ae8	-	0	archive@3,memory@5,thread@2,window-input@4,time@2,other@5	1	yes	-
gamemodeproc	0x004e1d30	mutates-state	complete	29	100	-	0,1	1	1	yes	no	no	0	0	1	0	1	0x4d4550	0	0	-	0	0	2	-	0x5a7b8c,0x5a7b90	-	0	file-io@5,archive@5,memory@6,thread@4,window-input@3,time@3,other@3	0	no	-
gameoverforcurrentuser	0x004e6df0	mutates-state	complete	2	11	0	0	0	0	yes	no	no	0	0	0	0	0	-	0	0	-	0	0	1	-	0x5ae8e4	-	0	-	0	no	-
gamerand	0x004e5840	unknown	complete	111	356	-	0,1,2	2	2	yes	no	no	0	0	2	1	5	0x4026a0,0x404ab0,0x4d4550,0x504f00,0x5394a0	0	0	-	0	0	0	-	-	-	0	file-io@5,archive@5,memory@6,thread@4,window-input@3,time@3,other@3	1	no	-
gamerestartforcurrentuser	0x004e6e00	mutates-state	complete	2	11	0	0	0	0	yes	no	no	0	0	0	0	0	-	0	0	-	0	0	1	-	0x5ae8e4	-	0	-	0	no	-
gameseed	0x004e5630	mutates-state	complete	51	180	-	0,1	1	1	yes	no	no	0	0	1	0	2	0x4d4550,0x5394a0	0	0	-	1	0	1	-	0x573428,0x573428	-	0	file-io@5,archive@5,memory@6,thread@4,window-input@3,time@3,other@3	0	no	-
gatherartifactsincombat	0x0042a100	reads-state	complete	2	10	0	0	0	0	yes	no	no	0	0	0	0	0	0x461ec0	1	0	-	1	0	0	-	0x5aa12c	-	0	window-input@6,time@5,other@6	5	yes	-
ge	0x004cb950	floating-point	complete	108	341	-	0,1,2	2	2	yes	no	no	0	0	2	1	1	0x4d4550	0	0	-	0	1	0	-	-	0x54dd18	0	file-io@5,archive@5,memory@6,thread@4,window-input@3,time@3,other@3	3	no	-
genericbitgetunit	0x004e7c00	reads-state	complete	59	194	-	0,1	1	1	yes	no	no	0	0	1	1	2	0x4d4550,0x5394a0	0	0	-	1	0	0	-	0x584690	-	0	file-io@5,archive@5,memory@6,thread@4,window-input@3,time@3,other@3	3	no	-
genericproc	0x004e3140	mutates-state	complete	29	100	-	0,1	1	1	yes	no	no	0	0	1	0	1	0x4d4550	0	0	-	0	0	2	-	0x5a7d84,0x5a7d88	-	0	file-io@5,archive@5,memory@6,thread@4,window-input@3,time@3,other@3	0	no	-
get	0x004ca590	unknown	complete	138	428	-	0,1,2	2	2	yes	no	no	0	0	2	1	4	0x4026a0,0x404ab0,0x4d31b0,0x4d4550	0	0	-	0	0	0	-	-	-	0	file-io@5,archive@5,memory@6,thread@4,window-input@3,time@3,other@3	3	no	-
get_show_completed_quests	0x00489210	reads-state	complete	21	78	0	0	0	0	yes	no	no	0	0	0	1	1	0x4d4550	0	0	-	1	0	0	-	0x5aa258	-	0	file-io@5,archive@5,memory@6,thread@4,window-input@3,time@3,other@3	3	no	-
getactivebarterplayer	0x004354a0	reads-state	complete	22	82	0	0	0	0	yes	no	no	0	0	0	1	2	0x435440,0x4d4550	0	0	-	1	0	0	-	0x584cd4	-	0	file-io@5,archive@5,memory@6,thread@4,window-input@3,time@3,other@3	3	yes	-
getairesponse	0x005200f0	unknown	complete	160	447	-	0,1,2	2	2	yes	no	no	0	0	2	3	5	0x4026a0,0x404ab0,0x4d41c0,0x4d4550,0x51fe50	0	0	-	0	2	0	-	-	0x573e68,0x573f6c	2	file-io@5,archive@4,memory@5,thread@4,window-input@2,time@2,other@2	2	yes	-
getalarmself	0x0040eae0	reads-state	complete	21	78	0	0	0	0	yes	no	no	0	0	0	1	1	0x4d4550	0	0	-	1	0	0	-	0x555728	-	0	file-io@5,archive@5,memory@6,thread@4,window-input@3,time@3,other@3	3	no	-
getambientvolume	0x00479fb0	reads-state	complete	36	111	0	0	0	0	yes	no	no	0	0	0	1	1	0x4d4550	0	0	-	1	0	0	-	0x58677c	-	0	file-io@5,archive@5,memory@6,thread@4,window-input@3,time@3,other@3	3	no	-
getarmyaction	0x004e1a40	reads-state	complete	160	530	1	1	1	1	yes	no	no	1	0	0	3	7	0x41be40,0x420970,0x426a10,0x446be0,0x482ac0,0x4d4550,0x521e00	0	0	-	1	0	0	-	0x5aa12c	-	0	file-io@5,archive@5,memory@6,thread@4,window-input@3,time@3,other@3	3	yes	-
getarmybrainname	0x00410930	unknown	complete	58	153	1	1	1	1	yes	no	no	1	0	0	2	4	0x4102e0,0x41be40,0x4d41c0,0x4d4550	0	0	-	0	1	0	-	-	0x5557b8	1	file-io@5,archive@4,memory@5,thread@4,window-input@2,time@2,other@2	2	yes	-
getarmycombatdisplayoptions	0x004263d0	reads-state	complete	21	78	0	0	0	0	yes	no	no	0	0	0	1	1	0x4d4550	0	0	-	1	0	0	-	0x555870	-	0	file-io@5,archive@5,memory@6,thread@4,window-input@3,time@3,other@3	3	no	-
getarmycontainers	0x004e78d0	reads-state	complete	105	304	-	0,1	1	1	yes	no	no	0	0	1	3	6	0x4026a0,0x404ab0,0x482ac0,0x485080,0x4d4550,0x4e7170	0	0	-	1	0	0	-	0x5aa12c	-	0	file-io@5,archive@5,memory@6,thread@4,window-input@3,time@3,other@3	1	yes	-
getarmydata	0x0041c000	unknown	complete	64	190	-	0,1,2	2	2	yes	no	no	1	0	1	0	4	0x41be40,0x41cff0,0x4d4550,0x5394a0	0	0	-	0	0	0	-	-	-	0	file-io@5,archive@5,memory@6,thread@4,window-input@3,time@3,other@3	3	no	-
getarmydetectflag	0x00426360	operand-only	complete	32	106	1	1	1	1	yes	no	no	1	0	0	1	2	0x41be40,0x4d4550	0	0	-	0	0	0	-	-	-	0	file-io@5,archive@5,memory@6,thread@4,window-input@3,time@3,other@3	3	no	-
getarmyeffectivemovement	0x004e6d60	operand-only	complete	29	97	1	1	1	1	yes	no	no	1	0	0	1	2	0x41be40,0x4d4550	0	0	-	0	0	0	-	-	-	0	file-io@5,archive@5,memory@6,thread@4,window-input@3,time@3,other@3	3	no	-
getarmyid	0x004e5160	reads-state	complete	115	342	-	0,1,2	2	2	yes	no	no	0	0	2	2	4	0x4026a0,0x404ab0,0x485080,0x4d4550	0	0	-	1	0	0	-	0x5aa12c	-	0	file-io@5,archive@5,memory@6,thread@4,window-input@3,time@3,other@3	3	yes	-
getarmyinplayergroup	0x00499ff0	unknown	complete	175	499	-	0,1,2,3	3	3	yes	no	no	0	0	3	1	5	0x4026a0,0x404ab0,0x498aa0,0x4d41c0,0x4d4550	0	0	-	0	2	0	-	-	0x55c710,0x55c71c	2	file-io@5,archive@4,memory@5,thread@4,window-input@2,time@2,other@2	2	yes	-
getarmyleavealonecheck	0x00414a50	reads-state	complete	21	79	0	0	0	0	yes	no	no	0	0	0	1	1	0x4d4550	0	0	-	2	0	0	-	0x5787d0,0x5787d4	-	0	file-io@5,archive@5,memory@6,thread@4,window-input@3,time@3,other@3	3	no	-
getarmyplaceholderproc	0x00414990	reads-state	complete	21	79	0	0	0	0	yes	no	no	0	0	0	1	1	0x4d4550	0	0	-	2	0	0	-	0x5787c8,0x5787cc	-	0	file-io@5,archive@5,memory@6,thread@4,window-input@3,time@3,other@3	3	no	-
getarmyshare	0x00460c20	reads-state	complete	145	443	-	1,2,3,4,5,6,7,8,9,10,11,12,13,14,15,16,17,18	-	3	yes	yes	yes	3	0	0	2	6	0x4026a0,0x404ab0,0x40adb0,0x41be40,0x4d4550,0x5221f0	0	0	-	2	0	0	-	0x5cd2f0,0x5cd2f4	-	0	file-io@5,archive@4,memory@6,thread@4,window-input@3,time@2,other@3	1	no	-
getarmyspells	0x0041e900	reads-state	complete	108	311	-	0,1,2	2	2	yes	no	no	0	0	2	1	5	0x4026a0,0x404ab0,0x41cb60,0x482ac0,0x4d4550	0	0	-	1	0	0	-	0x5aa12c	-	0	file-io@5,archive@5,memory@6,thread@4,window-input@3,time@3,other@3	3	yes	-
getartifactdata	0x00429d00	unknown	complete	120	350	-	0,1,2,3	3	3	yes	no	no	1	0	2	0	6	0x41bf10,0x428840,0x428f70,0x4d41c0,0x4d4550,0x5394a0	0	0	-	0	1	0	-	-	0x555de4	1	file-io@5,archive@4,memory@5,thread@4,window-input@2,time@2,other@2	2	yes	-
getartifactspurchased	0x0044dea0	reads-state	complete	79	232	-	0,1	1	1	yes	no	no	0	0	1	2	3	0x404ab0,0x4d4550,0x5394a0	0	0	-	1	0	0	-	0x586cec	-	0	file-io@5,archive@5,memory@6,thread@4,window-input@3,time@3,other@3	3	no	-
getartifacttypedata	0x00429c30	unknown	complete	67	202	-	0,1,2	2	2	yes	no	no	0	0	1	0	5	0x428f20,0x428fc0,0x4d41c0,0x4d4550,0x5394a0	0	0	-	0	1	0	-	-	0x555b78	1	file-io@5,archive@4,memory@5,thread@4,window-input@2,time@2,other@2	2	yes	-
getartifactwithcastablespell	0x0042cbe0	unknown	complete	116	332	-	0,1,2	2	2	yes	no	no	1	0	1	2	6	0x4026a0,0x404ab0,0x41bf10,0x427b80,0x42c500,0x4d4550	0	0	-	0	0	0	-	-	-	0	file-io@5,archive@5,memory@6,thread@4,window-input@3,time@3,other@3	3	no	-
getattitude	0x0050acf0	unknown	complete	99	294	-	0,1,2	2	2	yes	no	no	1	0	1	2	5	0x4026a0,0x404ab0,0x4bdce0,0x4d41c0,0x4d4550	0	0	-	0	1	0	-	-	0x57398c	1	file-io@5,archive@4,memory@5,thread@4,window-input@2,time@2,other@2	2	yes	-
getautocalcproc	0x0042fc50	reads-state	complete	21	79	0	0	0	0	yes	no	no	0	0	0	1	1	0x4d4550	0	0	-	2	0	0	-	0x5ae880,0x5ae884	-	0	file-io@5,archive@5,memory@6,thread@4,window-input@3,time@3,other@3	3	no	-
getautocalcshouldbeusedproc	0x004303c0	reads-state	complete	21	79	0	0	0	0	yes	no	no	0	0	0	1	1	0x4d4550	0	0	-	2	0	0	-	0x5ae888,0x5ae88c	-	0	file-io@5,archive@5,memory@6,thread@4,window-input@3,time@3,other@3	3	no	-
getavailableforbarter	0x00433860	reads-state	complete	111	358	-	0,1,2	2	2	yes	no	no	0	0	2	1	5	0x4026a0,0x404ab0,0x433690,0x4d4550,0x5394a0	0	0	-	1	0	0	-	0x584cd4	-	0	file-io@5,archive@5,memory@6,thread@4,window-input@3,time@3,other@3	3	yes	-
getavecombatunitdata	0x004e8360	reads-state	complete	223	616	-	0,1,2,3	3	3	yes	no	no	1	0	2	2	7	0x4026a0,0x404ab0,0x40adb0,0x4d4550,0x4f6000,0x527e90,0x527fa0	0	0	-	3	0	0	-	0x5ae974,0x5ae98c,0x5ae998	-	0	file-io@5,archive@5,memory@6,thread@4,window-input@3,time@3,other@3	3	yes	-
getaveunithealth	0x004e80a0	reads-state	complete	234	694	-	0,1,2	2	2	yes	no	no	0	0	2	2	8	0x4026a0,0x404ab0,0x4d4550,0x4f6000,0x521e00,0x527860,0x5278b0,0x527e90	0	0	-	5	0	0	-	0x5ae974,0x5ae98c,0x5ae998,0x5cd2f0,0x5cd2f4	-	0	file-io@5,archive@5,memory@6,thread@4,window-input@3,time@3,other@3	3	yes	-
getbalkothkillcounter	0x00487be0	reads-state	complete	21	78	0	0	0	0	yes	no	no	0	0	0	1	1	0x4d4550	0	0	-	1	0	0	-	0x5aa154	-	0	file-io@5,archive@5,memory@6,thread@4,window-input@3,time@3,other@3	3	no	-
getbargraph	0x00430ce0	reads-state	complete	71	223	-	0,1	1	1	yes	no	no	0	0	1	1	4	0x4927c0,0x4d41c0,0x4d4550,0x5394a0	0	0	-	1	1	0	-	0x5a7b50	0x555fa0	1	file-io@5,archive@4,memory@5,thread@4,window-input@2,time@2,other@2	2	yes	-
getbarterarmy	0x00433a20	reads-state	complete	70	217	-	0,1	1	1	yes	no	no	0	0	1	1	4	0x404ab0,0x4339d0,0x4d4550,0x5394a0	0	0	-	3	0	0	-	0x584cd4,0x5a7d8c,0x5a7d90	-	0	file-io@5,archive@5,memory@6,thread@4,window-input@3,time@3,other@3	3	yes	-
getbarterdiplomaticconfirmation	0x00436e80	reads-state	complete	25	87	0	0	0	0	yes	no	no	0	0	0	1	1	0x4d4550	0	0	-	1	0	0	-	0x584cf1	-	0	file-io@5,archive@5,memory@6,thread@4,window-input@3,time@3,other@3	3	no	-
getbarterlocalartifactknowledge	0x00436e20	reads-state	complete	25	87	0	0	0	0	yes	no	no	0	0	0	1	1	0x4d4550	0	0	-	1	0	0	-	0x584cf1	-	0	file-io@5,archive@5,memory@6,thread@4,window-input@3,time@3,other@3	3	no	-
getbarterlocalartifactsonly	0x00436dc0	reads-state	complete	25	87	0	0	0	0	yes	no	no	0	0	0	1	1	0x4d4550	0	0	-	1	0	0	-	0x584cf1	-	0	file-io@5,archive@5,memory@6,thread@4,window-input@3,time@3,other@3	3	no	-
getbarterlocalunitsonly	0x00436d60	reads-state	complete	25	86	0	0	0	0	yes	no	no	0	0	0	1	1	0x4d4550	0	0	-	1	0	0	-	0x584cf1	-	0	file-io@5,archive@5,memory@6,thread@4,window-input@3,time@3,other@3	3	no	-
getbarterplayers	0x00434ca0	reads-state	complete	44	142	0	0	0	0	yes	no	no	0	0	0	2	1	0x4d4550	0	0	-	2	0	0	-	0x584cdc,0x584ce0	-	0	file-io@5,archive@5,memory@6,thread@4,window-input@3,time@3,other@3	3	no	-
getbarterpoints	0x0044e1a0	reads-state	complete	21	78	0	0	0	0	yes	no	no	0	0	0	1	1	0x4d4550	0	0	-	1	0	0	-	0x586a2c	-	0	file-io@5,archive@5,memory@6,thread@4,window-input@3,time@3,other@3	3	no	-
getbarterproc	0x004e3370	reads-state	complete	21	79	0	0	0	0	yes	no	no	0	0	0	1	1	0x4d4550	0	0	-	2	0	0	-	0x5a7c3c,0x5a7c40	-	0	file-io@5,archive@5,memory@6,thread@4,window-input@3,time@3,other@3	3	no	-
getbartersessioncount	0x00436d10	reads-state	complete	21	78	0	0	0	0	yes	no	no	0	0	0	1	1	0x4d4550	0	0	-	1	0	0	-	0x584cf8	-	0	file-io@5,archive@5,memory@6,thread@4,window-input@3,time@3,other@3	3	no	-
getbartersessionid	0x00432470	reads-state	complete	21	78	0	0	0	0	yes	no	no	0	0	0	1	1	0x4d4550	0	0	-	1	0	0	-	0x584cf4	-	0	file-io@5,archive@5,memory@6,thread@4,window-input@3,time@3,other@3	3	no	-
getbarterslot	0x00433040	reads-state	complete	135	401	-	0,1,2	2	2	yes	no	no	0	0	2	2	6	0x4026a0,0x404ab0,0x432a60,0x432ae0,0x432c70,0x4d4550	0	0	-	1	0	0	-	0x584cd4	-	0	file-io@5,archive@5,memory@6,thread@4,window-input@3,time@3,other@2	3	yes	-
getbarterstate	0x00433b00	reads-state	complete	21	78	0	0	0	0	yes	no	no	0	0	0	1	1	0x4d4550	0	0	-	1	0	0	-	0x584cec	-	0	file-io@5,archive@5,memory@6,thread@4,window-input@3,time@3,other@3	3	no	-
getbartertone	0x00435560	reads-state	complete	21	79	0	0	0	0	yes	no	no	0	0	0	1	1	0x4d4550	0	0	-	1	0	0	-	0x584cf0	-	0	file-io@5,archive@5,memory@6,thread@4,window-input@3,time@3,other@3	3	no	-
getblockon	0x004a20c0	reads-state	complete	67	208	-	0,1	1	1	yes	no	no	0	0	1	1	3	0x404ab0,0x4d4550,0x5394a0	0	0	-	2	0	0	-	0x5a7d8c,0x5a8088	-	0	file-io@5,archive@5,memory@6,thread@4,window-input@3,time@3,other@3	3	no	-
getblockunitindex	0x004a2190	reads-state	complete	67	208	-	0,1	1	1	yes	no	no	0	0	1	1	3	0x404ab0,0x4d4550,0x5394a0	0	0	-	2	0	0	-	0x5a7d8c,0x5a8094	-	0	file-io@5,archive@5,memory@6,thread@4,window-input@3,time@3,other@3	3	no	-
getbuildingdata	0x004408a0	reads-state	complete	102	310	-	0,1,2	2	2	yes	no	no	0	0	2	0	5	0x43da60,0x485400,0x4d41c0,0x4d4550,0x5394a0	0	0	-	1	1	0	-	0x5aa12c	0x5566f8	1	file-io@5,archive@4,memory@5,thread@4,window-input@2,time@2,other@2	2	yes	-
getbuildinginfodata	0x004440c0	unknown	complete	62	186	-	0,1,3,4	4	4	yes	no	no	0	0	1	0	4	0x443ed0,0x443ef0,0x4d4550,0x5394a0	0	0	-	0	0	0	-	-	-	0	file-io@5,archive@5,memory@6,thread@4,window-input@3,time@3,other@3	3	no	-
getbuildingmaxexp	0x00446fa0	unknown	complete	36	112	1	1	1	1	yes	no	no	1	0	0	1	3	0x4409e0,0x446d50,0x4d4550	0	0	-	0	0	0	-	-	-	0	file-io@5,archive@5,memory@6,thread@4,window-input@3,time@3,other@3	3	no	-
getbuildingparent	0x00440460	reads-state	complete	73	229	-	0,1	1	1	yes	no	no	0	0	1	1	5	0x43de50,0x485400,0x4d41c0,0x4d4550,0x5394a0	0	0	-	1	1	0	-	0x5aa12c	0x55663c	1	file-io@5,archive@4,memory@5,thread@4,window-input@2,time@2,other@2	2	yes	-
getbuildingrequirementdata	0x00444490	unknown	complete	131	386	-	0,1,3,4	4	4	yes	no	no	0	0	1	4	5	0x4026a0,0x404ab0,0x4442d0,0x4d41c0,0x4d4550	0	0	-	0	1	0	-	-	0x555b78	1	file-io@5,archive@4,memory@5,thread@4,window-input@2,time@2,other@2	2	yes	-
getbuildingspeechflag	0x0047b390	reads-state	complete	21	78	0	0	0	0	yes	no	no	0	0	0	1	1	0x4d4550	0	0	-	1	0	0	-	0x586784	-	0	file-io@5,archive@5,memory@6,thread@4,window-input@3,time@3,other@3	3	no	-
getbuttonframepageinfo	0x004dd040	reads-state	complete	167	500	-	0,1	1	1	yes	no	no	0	0	1	4	5	0x4026a0,0x404ab0,0x492db0,0x4d41c0,0x4d4550	0	0	-	2	1	0	-	0x579274,0x5a7b50	0x572850	1	file-io@5,archive@4,memory@5,thread@4,window-input@2,time@2,other@2	2	yes	-
getbuttonstaydown	0x004ddb50	reads-state	complete	74	230	-	0,1	1	1	yes	no	no	0	0	1	1	4	0x493330,0x4d41c0,0x4d4550,0x5394a0	0	0	-	1	1	0	-	0x5a7b50	0x572890	1	file-io@5,archive@4,memory@5,thread@4,window-input@2,time@2,other@2	2	yes	-
getcapitolfaiths	0x00445bc0	reads-state	complete	177	492	-	0,1	1	1	yes	no	no	0	0	1	6	6	0x4026a0,0x404ab0,0x43dbb0,0x43dbd0,0x482ac0,0x4d4550	0	0	-	1	0	0	-	0x5aa12c	-	0	file-io@5,archive@5,memory@6,thread@4,window-input@3,time@3,other@3	3	yes	-
getcastdata	0x004f1d20	reads-state	complete	66	195	-	0,1	1	1	yes	no	no	0	0	1	0	3	0x4d4550,0x4f1b70,0x5394a0	0	0	-	1	0	0	-	0x584c1c	-	0	file-io@5,archive@5,memory@6,thread@4,window-input@3,time@3,other@3	3	yes	-
getcenteronmovement	0x005301a0	reads-state	complete	23	86	0	0	0	0	yes	no	no	0	0	0	1	1	0x4d4550	0	0	-	2	0	0	-	0x5a7d8c,0x5a8080	-	0	file-io@5,archive@5,memory@6,thread@4,window-input@3,time@3,other@3	3	no	-
getchampionbrainarg	0x0040fb60	reads-state	complete	146	425	-	0,1,2	2	2	yes	no	no	0	0	2	3	5	0x4026a0,0x404ab0,0x40f4e0,0x4d41c0,0x4d4550	0	0	-	1	2	0	-	0x5aeed0	0x5557a0,0x5557ac	2	file-io@5,archive@4,memory@5,thread@4,window-input@2,time@2,other@2	2	yes	-
getchampionbrainavailable	0x004100a0	reads-state	complete	87	254	-	0,1	1	1	yes	no	no	0	0	1	2	5	0x4026a0,0x404ab0,0x40f4e0,0x4d41c0,0x4d4550	0	0	-	1	1	0	-	0x5aeed0	0x5557ac	1	file-io@5,archive@4,memory@5,thread@4,window-input@2,time@2,other@2	2	yes	-
getchampionbrainname	0x00410820	reads-state	complete	86	263	-	0,1	1	1	yes	no	no	0	0	1	2	5	0x404ab0,0x40f4e0,0x4d41c0,0x4d4550,0x5394a0	0	0	-	1	1	0	-	0x5aeed0	0x5557b8	1	file-io@5,archive@4,memory@5,thread@4,window-input@2,time@2,other@2	2	yes	-
getchampionname	0x0044bde0	operand-only	complete	37	119	1	1	1	1	yes	no	no	1	0	0	1	2	0x41bf10,0x4d4550	0	0	-	0	0	0	-	-	-	0	file-io@5,archive@5,memory@6,thread@4,window-input@3,time@3,other@3	3	no	-
getchampiontarget	0x004690e0	reads-state	complete	265	732	-	0,1,2,3,4,5	5	5	yes	no	no	1	0	4	1	9	0x4026a0,0x404ab0,0x407d50,0x41be40,0x4a8960,0x4d4550,0x4f6000,0x5071c0,0x525e80	0	0	-	4	0	0	-	0x5ae958,0x5ae974,0x5ae98c,0x5ae998	-	0	file-io@5,archive@5,memory@6,thread@4,window-input@3,time@3,other@3	3	yes	-
getcheatmode	0x00487d00	reads-state	complete	21	78	0	0	0	0	yes	no	no	0	0	0	1	1	0x4d4550	0	0	-	1	0	0	-	0x5aa130	-	0	file-io@5,archive@5,memory@6,thread@4,window-input@3,time@3,other@3	3	no	-
getcheckmarkstate	0x00487150	reads-state	complete	61	198	-	0,1	1	1	yes	no	no	0	0	1	1	3	0x486d90,0x4d4550,0x5394a0	0	0	-	1	0	0	-	0x5aa1f0	-	0	file-io@5,archive@5,memory@6,thread@4,window-input@3,time@3,other@3	3	yes	-
getcitybuilding	0x0044fab0	reads-state	complete	115	348	-	0,1,2	2	2	yes	no	no	0	0	2	1	6	0x4026a0,0x404ab0,0x44f190,0x482ac0,0x4d41c0,0x4d4550	0	0	-	2	1	0	-	0x5aa12c,0x5ae94c	0x5573b8	1	file-io@5,archive@4,memory@5,thread@4,window-input@2,time@2,other@1	2	yes	-
getcitycombatscale	0x004e0ef0	reads-state	complete	49	161	0	0	0	0	yes	no	no	0	0	0	2	3	0x4d41c0,0x4d4550,0x505a50	0	0	-	1	1	0	-	0x584ae8	0x5729c8	1	file-io@5,archive@4,memory@5,thread@4,window-input@2,time@2,other@2	2	yes	-
getcitydata	0x00450bb0	reads-state	complete	130	395	-	0,1,2,3	3	3	yes	no	no	0	0	3	0	5	0x4026a0,0x404ab0,0x4505a0,0x482ac0,0x4d4550	0	0	-	2	0	0	-	0x5aa12c,0x5ae94c	-	0	file-io@5,archive@5,memory@6,thread@4,window-input@3,time@3,other@3	2	yes	-
getcityincombat	0x00460980	reads-state	complete	45	125	0	0	0	0	yes	no	no	0	0	0	2	2	0x482ac0,0x4d4550	0	0	-	2	0	0	-	0x5aa12c,0x5ae8a0	-	0	file-io@5,archive@5,memory@6,thread@4,window-input@3,time@3,other@3	3	yes	-
getcityinitiates	0x004521c0	reads-state	complete	111	336	-	0,1,2	2	2	yes	no	no	0	0	2	1	6	0x4026a0,0x404ab0,0x451da0,0x482ac0,0x4d41c0,0x4d4550	0	0	-	1	1	0	-	0x5aa12c	0x557518	1	file-io@5,archive@4,memory@5,thread@4,window-input@2,time@2,other@2	2	yes	-
getcitymoddata	0x00453580	reads-state	complete	60	184	-	0,1	1	1	yes	no	no	0	0	1	0	4	0x453340,0x4d41c0,0x4d4550,0x5394a0	0	0	-	1	1	0	-	0x5792f8	0x557570	1	file-io@5,archive@4,memory@5,thread@4,window-input@2,time@2,other@2	2	yes	-
getcityresourcedelta	0x00452b70	unknown	complete	58	175	1	1	1	1	yes	no	no	0	0	0	1	3	0x451a70,0x4d41c0,0x4d4550	0	1	-	0	1	0	-	-	0x557558	1	file-io@5,archive@4,memory@5,thread@4,window-input@2,time@2,other@2	2	yes	-
getclosepopupsproc	0x004fff70	reads-state	complete	21	79	0	0	0	0	yes	no	no	0	0	0	1	1	0x4d4550	0	0	-	2	0	0	-	0x5aa120,0x5aa124	-	0	file-io@5,archive@5,memory@6,thread@4,window-input@3,time@3,other@3	3	no	-
getcombataiprepareproc	0x00465430	unknown	complete	81	241	-	0,1	1	1	yes	no	no	0	0	1	1	3	0x4026a0,0x404ab0,0x4d4550	0	0	-	0	0	0	-	-	-	0	file-io@5,archive@5,memory@6,thread@4,window-input@3,time@3,other@3	3	no	-
getcombatcountdown	0x00461160	reads-state	complete	21	78	0	0	0	0	yes	no	no	0	0	0	1	1	0x4d4550	0	0	-	1	0	0	-	0x5af148	-	0	file-io@5,archive@5,memory@6,thread@4,window-input@3,time@3,other@3	3	no	-
getcombathitproc	0x004e3660	reads-state	complete	21	79	0	0	0	0	yes	no	no	0	0	0	1	1	0x4d4550	0	0	-	2	0	0	-	0x5a7d4c,0x5a7d50	-	0	file-io@5,archive@5,memory@6,thread@4,window-input@3,time@3,other@3	3	no	-
getcombatloser	0x00460a60	reads-state	complete	22	82	0	0	0	0	yes	no	no	0	0	0	1	2	0x4d4550,0x50b9d0	0	0	-	1	0	0	-	0x5aa12c	-	0	file-io@5,archive@5,memory@6,thread@4,window-input@3,time@3,other@3	3	yes	-
getcombatprocid	0x004df920	reads-state	complete	21	79	0	0	0	0	yes	no	no	0	0	0	1	1	0x4d4550	0	0	-	1	0	0	-	0x5cd1c0	-	0	file-io@5,archive@5,memory@6,thread@4,window-input@3,time@3,other@3	3	no	-
getcombatselectionbits	0x0052f910	reads-state	complete	67	203	0	0	0	0	yes	no	no	0	0	0	1	4	0x407d50,0x4d41c0,0x4d4550,0x4fbe60	0	0	-	3	1	0	-	0x5a7d8c,0x5a7d90,0x5ae974	0x5743c4	1	file-io@5,archive@4,memory@5,thread@4,window-input@2,time@2,other@2	2	yes	-
getcombatselectnewplay	0x004655b0	unknown	complete	81	241	-	0,1	1	1	yes	no	no	0	0	1	1	3	0x4026a0,0x404ab0,0x4d4550	0	0	-	0	0	0	-	-	-	0	file-io@5,archive@5,memory@6,thread@4,window-input@3,time@3,other@3	3	no	-
getcombatunitlevel	0x004e85d0	reads-state	complete	131	390	-	0,1,2,3,4,5,6,7,8,9,10,11,12,13,14,15	-	3	yes	yes	yes	0	0	2	1	5	0x4026a0,0x404ab0,0x4d4550,0x4f6000,0x5228b0	0	0	-	3	0	0	-	0x5ae974,0x5ae98c,0x5ae998	-	0	file-io@5,archive@4,memory@6,thread@4,window-input@3,time@2,other@3	1	yes	-
getcombatwinner	0x00460a00	reads-state	complete	22	82	0	0	0	0	yes	no	no	0	0	0	1	2	0x4d4550,0x50b9a0	0	0	-	1	0	0	-	0x5aa12c	-	0	file-io@5,archive@5,memory@6,thread@4,window-input@3,time@3,other@3	3	yes	-
getcomputername	0x004b88f0	reads-state	complete	79	232	-	0,1	1	1	yes	no	no	0	0	1	1	5	0x404ab0,0x4b8060,0x4d41c0,0x4d4550,0x5394a0	0	0	-	2	0	0	-	0x55d488,0x5d1e84	-	0	file-io@5,archive@4,memory@5,thread@4,window-input@2,time@2,other@2	2	yes	-
getcontainerdata	0x0046e5d0	reads-state	complete	152	462	-	0,1,2,3	3	3	yes	no	no	0	0	3	1	7	0x4026a0,0x404ab0,0x46da40,0x46e080,0x4927f0,0x4d41c0,0x4d4550	0	0	-	1	1	0	-	0x5a7b50	0x5579d4	1	file-io@5,archive@4,memory@5,thread@4,window-input@2,time@2,other@2	2	yes	-
getcontainerselectedoutlinecolor	0x0046ef80	reads-state	complete	128	406	-	0,1	1	1	yes	no	no	0	0	1	3	6	0x4026a0,0x404ab0,0x474e70,0x4927f0,0x4d41c0,0x4d4550	0	0	-	2	1	0	-	0x584ae8,0x5a7b50	0x557a68	1	file-io@5,archive@4,memory@5,thread@4,window-input@2,time@2,other@2	2	yes	-
getcontrollingcomputer	0x004b9270	operand-only	complete	29	100	1	1	1	1	yes	no	no	1	0	0	1	2	0x4bdce0,0x4d4550	0	0	-	0	0	0	-	-	-	0	file-io@5,archive@5,memory@6,thread@4,window-input@3,time@3,other@3	3	no	-
getcropdata	0x00493cc0	reads-state	complete	154	478	-	0,1	1	1	yes	no	no	0	0	1	5	5	0x4026a0,0x404ab0,0x4928b0,0x4d41c0,0x4d4550	0	0	-	1	1	0	-	0x5a7b50	0x55c598	1	file-io@5,archive@4,memory@5,thread@4,window-input@2,time@2,other@2	2	yes	-
getcurrdisplayingarmy	0x004a2280	reads-state	complete	87	251	0	0	0	0	yes	no	no	0	0	0	2	3	0x485080,0x4d4550,0x52d160	0	0	-	6	0	0	-	0x5a7d8c,0x5a7d90,0x5a8078,0x5aa12c,0x5aa7d4,0x5aadb0	-	0	file-io@5,archive@5,memory@6,thread@4,window-input@3,time@3,other@3	3	yes	-
getcurrentartifactdata	0x0042be20	reads-state	complete	60	184	-	0,1	1	1	yes	no	no	0	0	1	0	4	0x428f70,0x4d41c0,0x4d4550,0x5394a0	0	0	-	1	1	0	-	0x5788c4	0x555e24	1	file-io@5,archive@4,memory@5,thread@4,window-input@2,time@2,other@2	2	yes	-
getcurrentartifactvalue	0x0042cb80	reads-state	complete	27	95	1	1	1	1	yes	no	no	0	0	0	1	3	0x427b80,0x427e40,0x4d4550	0	0	-	1	0	0	-	0x5788c4	-	0	file-io@5,archive@5,memory@6,thread@4,window-input@3,time@3,other@3	1	no	-
getcurrentcombatattackspell	0x004252e0	reads-state	complete	49	157	0	0	0	0	yes	no	no	0	0	0	2	3	0x424ce0,0x4d4550,0x530200	0	0	-	1	0	0	-	0x584ae8	-	0	file-io@5,archive@5,memory@6,thread@4,window-input@3,time@3,other@3	3	yes	-
getcurrentcombatdefendspell	0x00425380	reads-state	complete	49	157	0	0	0	0	yes	no	no	0	0	0	2	3	0x424d30,0x4d4550,0x530200	0	0	-	1	0	0	-	0x584ae8	-	0	file-io@5,archive@5,memory@6,thread@4,window-input@3,time@3,other@3	3	yes	-
getcurrentcombatterrainspriteprocid	0x004eefd0	reads-state	complete	21	78	0	0	0	0	yes	no	no	0	0	0	1	1	0x4d4550	0	0	-	1	0	0	-	0x5ccab4	-	0	file-io@5,archive@5,memory@6,thread@4,window-input@3,time@3,other@3	3	no	-
getcurrentcombatterrainspritetype	0x004ef020	reads-state	complete	21	78	0	0	0	0	yes	no	no	0	0	0	1	1	0x4d4550	0	0	-	1	0	0	-	0x5ccab0	-	0	file-io@5,archive@5,memory@6,thread@4,window-input@3,time@3,other@3	3	no	-
getcurrentexp	0x00446eb0	operand-only	complete	30	100	1	1	1	1	yes	no	no	1	0	0	1	2	0x4409e0,0x4d4550	0	0	-	0	0	0	-	-	-	0	file-io@5,archive@5,memory@6,thread@4,window-input@3,time@3,other@3	3	no	-
getcurrentfileactivity	0x00487890	reads-state	complete	21	78	0	0	0	0	yes	no	no	0	0	0	1	1	0x4d4550	0	0	-	1	0	0	-	0x5aa1b8	-	0	file-io@5,archive@5,memory@6,thread@4,window-input@3,time@3,other@3	3	no	-
getcurrentgeneralspell	0x004254c0	reads-state	complete	49	157	0	0	0	0	yes	no	no	0	0	0	2	3	0x424dd0,0x4d4550,0x530200	0	0	-	1	0	0	-	0x584ae8	-	0	file-io@5,archive@5,memory@6,thread@4,window-input@3,time@3,other@3	3	yes	-
getcurrentselection	0x0052f6c0	reads-state	complete	24	92	0	0	0	0	yes	no	no	0	0	0	1	2	0x4d4550,0x52d160	0	0	-	2	0	0	-	0x5a7d8c,0x5a7d90	-	0	file-io@5,archive@5,memory@6,thread@4,window-input@3,time@3,other@3	3	yes	-
getcurrentterraspell	0x00425420	reads-state	complete	49	157	0	0	0	0	yes	no	no	0	0	0	2	3	0x424d80,0x4d4550,0x530200	0	0	-	1	0	0	-	0x584ae8	-	0	file-io@5,archive@5,memory@6,thread@4,window-input@3,time@3,other@3	3	yes	-
getcurrenttickalarmdata	0x00410d70	reads-state	complete	60	184	-	0,1	1	1	yes	no	no	0	0	1	0	4	0x410d10,0x4d41c0,0x4d4550,0x5394a0	0	0	-	1	1	0	-	0x5aee88	0x5557c8	1	file-io@5,archive@4,memory@5,thread@4,window-input@2,time@2,other@2	2	yes	-
getcurrentturnalarmdata	0x00410fa0	reads-state	complete	60	184	-	0,1	1	1	yes	no	no	0	0	1	0	4	0x410d50,0x4d41c0,0x4d4550,0x5394a0	0	0	-	1	1	0	-	0x5aee9c	0x5557c8	1	file-io@5,archive@4,memory@5,thread@4,window-input@2,time@2,other@2	2	yes	-
getcurrentturnexp	0x00446f20	unknown	complete	44	120	1	1	1	1	yes	no	no	1	0	0	1	3	0x4409e0,0x446be0,0x4d4550	0	0	-	0	0	0	-	-	-	0	file-io@5,archive@5,memory@6,thread@4,window-input@3,time@3,other@3	3	no	-
getdialogbackground	0x004907a0	unknown	complete	29	97	1	1	1	1	yes	no	no	0	0	0	1	2	0x4906d0,0x4d4550	0	0	-	0	0	0	-	-	-	0	file-io@5,archive@5,memory@6,thread@4,window-input@3,time@3,other@3	3	no	-
getdialogdict	0x00490930	unknown	complete	29	95	1	1	1	1	yes	no	no	0	0	0	1	2	0x4906d0,0x4d4550	0	0	-	0	0	0	-	-	-	0	file-io@5,archive@5,memory@6,thread@4,window-input@3,time@3,other@3	3	no	-
getdifficultylevel	0x00485e90	reads-state	complete	21	78	0	0	0	0	yes	no	no	0	0	0	1	1	0x4d4550	0	0	-	1	0	0	-	0x5af0f4	-	0	file-io@5,archive@5,memory@6,thread@4,window-input@3,time@3,other@3	3	no	-
getdiplomaticdata	0x004bfa60	reads-state	complete	69	223	-	0,1	1	1	yes	no	no	0	0	1	1	4	0x4bf8d0,0x4d41c0,0x4d4550,0x5394a0	0	0	-	1	1	0	-	0x584488	0x555b78	1	file-io@5,archive@4,memory@5,thread@4,window-input@2,time@2,other@2	2	yes	-
getdiplomaticlevel	0x0050a9c0	unknown	complete	100	295	-	0,1,2	2	2	yes	no	no	1	0	1	1	5	0x404ab0,0x4bdce0,0x4d41c0,0x4d4550,0x5394a0	0	0	-	0	1	0	-	-	0x57398c	1	file-io@5,archive@4,memory@5,thread@4,window-input@2,time@2,other@2	2	yes	-
getdiskfreespace	0x004d6d00	file-or-resource-io	complete	131	412	-	0,1	1	1	yes	no	no	0	0	1	4	4	0x404ab0,0x41da00,0x4d41c0,0x4d4550	0	0	-	0	1	0	-	-	0x572590	1	file-io@0,archive@4,memory@5,thread@4,window-input@2,time@2,other@2	2	yes	KERNEL32.dll!GetDiskFreeSpaceA
getdisplaymode	0x004a1ee0	reads-state	complete	23	87	0	0	0	0	yes	no	no	0	0	0	1	1	0x4d4550	0	0	-	2	0	0	-	0x5a7d8c,0x5a8084	-	0	file-io@5,archive@5,memory@6,thread@4,window-input@3,time@3,other@3	3	no	-
getdoodadheight	0x004dbbf0	reads-state	complete	86	265	-	0,1	1	1	yes	no	no	0	0	1	2	5	0x404ab0,0x492760,0x4d41c0,0x4d4550,0x5394a0	0	0	-	1	1	0	-	0x5a7b50	0x5727cc	1	file-io@5,archive@4,memory@5,thread@4,window-input@2,time@2,other@2	2	yes	-
getdoodadinfo	0x004dc010	reads-state	complete	180	534	-	0,1	1	1	yes	no	no	0	0	1	5	6	0x4026a0,0x404ab0,0x491ec0,0x492760,0x4d41c0,0x4d4550	0	0	-	2	1	0	-	0x5a7b50,0x5a7b50	0x5727d8	1	file-io@5,archive@4,memory@5,thread@4,window-input@2,time@2,other@2	2	yes	-
getdoodadwidth	0x004dbae0	reads-state	complete	86	265	-	0,1	1	1	yes	no	no	0	0	1	2	5	0x404ab0,0x492760,0x4d41c0,0x4d4550,0x5394a0	0	0	-	1	1	0	-	0x5a7b50	0x5727cc	1	file-io@5,archive@4,memory@5,thread@4,window-input@2,time@2,other@2	2	yes	-
getdoorwaycalled	0x004628d0	reads-state	complete	36	112	0	0	0	0	yes	no	no	0	0	0	2	1	0x4d4550	0	0	-	1	0	0	-	0x5ae8bc	-	0	file-io@5,archive@5,memory@6,thread@4,window-input@3,time@3,other@3	3	no	-
getdoorwayid	0x004889a0	reads-state	complete	21	78	0	0	0	0	yes	no	no	0	0	0	1	1	0x4d4550	0	0	-	1	0	0	-	0x5ae8c4	-	0	file-io@5,archive@5,memory@6,thread@4,window-input@3,time@3,other@3	3	no	-
getdoorwaypresent	0x00488330	reads-state	complete	23	81	0	0	0	0	yes	no	no	0	0	0	1	1	0x4d4550	0	0	-	1	0	0	-	0x5ae8b8	-	0	file-io@5,archive@5,memory@6,thread@4,window-input@3,time@3,other@3	3	no	-
getdoorwayproc	0x00488720	reads-state	complete	21	79	0	0	0	0	yes	no	no	0	0	0	1	1	0x4d4550	0	0	-	2	0	0	-	0x5ae8d4,0x5ae8d8	-	0	file-io@5,archive@5,memory@6,thread@4,window-input@3,time@3,other@3	3	no	-
getdoorwaystatusproc	0x004887e0	reads-state	complete	21	79	0	0	0	0	yes	no	no	0	0	0	1	1	0x4d4550	0	0	-	2	0	0	-	0x5ae8dc,0x5ae8e0	-	0	file-io@5,archive@5,memory@6,thread@4,window-input@3,time@3,other@3	3	no	-
getdungeonarmy	0x00510fa0	reads-state	complete	189	525	-	0,1,2	2	2	yes	no	no	0	0	2	5	4	0x4026a0,0x404ab0,0x482ac0,0x4d4550	0	0	-	1	0	0	-	0x5aa12c	-	0	file-io@5,archive@5,memory@6,thread@4,window-input@3,time@3,other@3	3	yes	-
getdungeonarmyinstantiateproc	0x0050c930	reads-state	complete	21	79	0	0	0	0	yes	no	no	0	0	0	1	1	0x4d4550	0	0	-	2	0	0	-	0x5d2d50,0x5d2d54	-	0	file-io@5,archive@5,memory@6,thread@4,window-input@3,time@3,other@3	3	no	-
geteditboxdata	0x004de930	reads-state	complete	175	474	1	1	1	1	yes	no	no	1	1	0	7	8	0x4026a0,0x404ab0,0x40adb0,0x41d1d0,0x492de0,0x493360,0x4d41c0,0x4d4550	0	0	-	2	1	0	-	0x5a7b50,0x5a7b50	0x5728dc	1	file-io@5,archive@4,memory@5,thread@4,window-input@2,time@2,other@2	2	yes	-
geteditboxtext	0x004dec70	reads-state	complete	71	223	-	0,1	1	1	yes	no	no	0	0	1	1	4	0x493360,0x4d41c0,0x4d4550,0x5394a0	0	0	-	1	1	0	-	0x5a7b50	0x572924	1	file-io@5,archive@4,memory@5,thread@4,window-input@2,time@2,other@2	2	yes	-
geteditdata	0x0047bc50	reads-state	complete	61	198	-	0,1	1	1	yes	no	no	0	0	1	1	3	0x47b7b0,0x4d4550,0x5394a0	0	0	-	1	0	0	-	0x5aa08c	-	0	file-io@5,archive@5,memory@6,thread@4,window-input@3,time@3,other@3	3	yes	-
getelevation	0x004e11d0	reads-state	complete	113	366	-	0,1,2	2	2	yes	no	no	0	0	2	1	5	0x4026a0,0x404ab0,0x4a5210,0x4d4550,0x5394a0	0	0	-	1	0	0	-	0x5ae958	-	0	file-io@5,archive@5,memory@6,thread@4,window-input@3,time@3,other@3	3	yes	-
getendcombatquestionproc	0x004626c0	reads-state	complete	21	79	0	0	0	0	yes	no	no	0	0	0	1	1	0x4d4550	0	0	-	2	0	0	-	0x5af16c,0x5af170	-	0	file-io@5,archive@5,memory@6,thread@4,window-input@3,time@3,other@3	3	no	-
getendcombatquestionticks	0x004627c0	reads-state	complete	21	78	0	0	0	0	yes	no	no	0	0	0	1	1	0x4d4550	0	0	-	1	0	0	-	0x5af174	-	0	file-io@5,archive@5,memory@6,thread@4,window-input@3,time@3,other@3	3	no	-
getendordermodeproc	0x005031d0	reads-state	complete	21	79	0	0	0	0	yes	no	no	0	0	0	1	1	0x4d4550	0	0	-	2	0	0	-	0x584c98,0x584c9c	-	0	file-io@5,archive@5,memory@6,thread@4,window-input@3,time@3,other@3	3	no	-
geterrorproc	0x004ccc70	operand-only	complete	23	29357	0	0	0	0	yes	no	no	0	0	0	1	1	0x4d4550	0	0	-	0	0	0	-	-	-	0	file-io@5,archive@5,memory@6,thread@4,window-input@3,time@3,other@3	3	no	-
geteventarmy	0x00520300	reads-state	complete	21	78	0	0	0	0	yes	no	no	0	0	0	1	1	0x4d4550	0	0	-	1	0	0	-	0x5d2ed4	-	0	file-io@5,archive@5,memory@6,thread@4,window-input@3,time@3,other@3	3	no	-
geteventarmy2	0x00521320	reads-state	complete	21	78	0	0	0	0	yes	no	no	0	0	0	1	1	0x4d4550	0	0	-	1	0	0	-	0x5d2ed8	-	0	file-io@5,archive@5,memory@6,thread@4,window-input@3,time@3,other@3	3	no	-
geteventattacker	0x00521570	reads-state	complete	21	78	0	0	0	0	yes	no	no	0	0	0	1	1	0x4d4550	0	0	-	1	0	0	-	0x5d2ef0	-	0	file-io@5,archive@5,memory@6,thread@4,window-input@3,time@3,other@3	3	no	-
geteventbuilding	0x005213c0	reads-state	complete	21	78	0	0	0	0	yes	no	no	0	0	0	1	1	0x4d4550	0	0	-	1	0	0	-	0x5d2ee0	-	0	file-io@5,archive@5,memory@6,thread@4,window-input@3,time@3,other@3	3	no	-
geteventcity	0x00521370	reads-state	complete	21	78	0	0	0	0	yes	no	no	0	0	0	1	1	0x4d4550	0	0	-	1	0	0	-	0x5d2edc	-	0	file-io@5,archive@5,memory@6,thread@4,window-input@3,time@3,other@3	3	no	-
geteventdefender	0x005215c0	reads-state	complete	21	78	0	0	0	0	yes	no	no	0	0	0	1	1	0x4d4550	0	0	-	1	0	0	-	0x5d2ef4	-	0	file-io@5,archive@5,memory@6,thread@4,window-input@3,time@3,other@3	3	no	-
geteventleaderwhodied	0x00521610	reads-state	complete	21	78	0	0	0	0	yes	no	no	0	0	0	1	1	0x4d4550	0	0	-	1	0	0	-	0x5d2ef8	-	0	file-io@5,archive@5,memory@6,thread@4,window-input@3,time@3,other@3	3	no	-
geteventloser	0x00521460	reads-state	complete	21	78	0	0	0	0	yes	no	no	0	0	0	1	1	0x4d4550	0	0	-	1	0	0	-	0x5d2eec	-	0	file-io@5,archive@5,memory@6,thread@4,window-input@3,time@3,other@3	3	no	-
geteventtype	0x005202b0	reads-state	complete	21	78	0	0	0	0	yes	no	no	0	0	0	1	1	0x4d4550	0	0	-	1	0	0	-	0x5d2ed0	-	0	file-io@5,archive@5,memory@6,thread@4,window-input@3,time@3,other@3	3	no	-
geteventwinner	0x00521410	reads-state	complete	21	78	0	0	0	0	yes	no	no	0	0	0	1	1	0x4d4550	0	0	-	1	0	0	-	0x5d2ee8	-	0	file-io@5,archive@5,memory@6,thread@4,window-input@3,time@3,other@3	3	no	-
getexplainluckysurvivorproc	0x00462880	reads-state	complete	21	79	0	0	0	0	yes	no	no	0	0	0	1	1	0x4d4550	0	0	-	2	0	0	-	0x5af178,0x5af17c	-	0	file-io@5,archive@5,memory@6,thread@4,window-input@3,time@3,other@3	3	no	-
getfaitharmy	0x00454b50	reads-state	complete	101	290	-	0,1	1	1	yes	no	no	0	0	1	3	4	0x4026a0,0x404ab0,0x4547d0,0x4d4550	0	0	-	2	0	0	-	0x5aa1dc,0x5aa1e4	-	0	file-io@5,archive@5,memory@6,thread@4,window-input@3,time@3,other@3	3	yes	-
getfaithcenterlocation	0x00454da0	reads-state	complete	93	286	-	0,1	1	1	yes	no	no	0	0	1	2	5	0x404ab0,0x4547d0,0x4a5170,0x4d4550,0x5394a0	0	0	-	3	0	0	-	0x5aa1dc,0x5aa1e4,0x5ae958	-	0	file-io@5,archive@5,memory@6,thread@4,window-input@3,time@3,other@3	3	yes	-
getfaithstartingleadertype	0x004878e0	reads-state	complete	70	221	-	0,1	1	1	yes	no	no	0	0	1	1	3	0x4d41c0,0x4d4550,0x5394a0	0	0	-	1	1	0	-	0x5af0f8	0x55b4c0	1	file-io@5,archive@4,memory@5,thread@4,window-input@2,time@2,other@2	2	yes	-
getfaithstartlocation	0x00454c80	reads-state	complete	93	286	-	0,1	1	1	yes	no	no	0	0	1	2	5	0x404ab0,0x4547d0,0x4a5170,0x4d4550,0x5394a0	0	0	-	3	0	0	-	0x5aa1dc,0x5aa1e4,0x5ae958	-	0	file-io@5,archive@5,memory@6,thread@4,window-input@3,time@3,other@3	3	yes	-
getfaithtype	0x004b4750	reads-state	complete	70	225	-	0,1	1	1	yes	no	no	0	0	1	1	3	0x4b4630,0x4d4550,0x5394a0	0	0	-	1	0	0	-	0x5cd358	-	0	file-io@5,archive@5,memory@6,thread@4,window-input@3,time@3,other@3	3	yes	-
getfamefromactions	0x004bffb0	operand-only	complete	29	97	1	1	1	1	yes	no	no	1	0	0	1	2	0x4bdce0,0x4d4550	0	0	-	0	0	0	-	-	-	0	file-io@5,archive@5,memory@6,thread@4,window-input@3,time@3,other@3	3	no	-
getfatebits	0x00430010	reads-state	complete	134	403	-	0,1,2	2	2	yes	no	no	0	0	2	2	5	0x4026a0,0x404ab0,0x42f3c0,0x4d41c0,0x4d4550	0	0	-	1	2	0	-	0x5adc50	0x555f08,0x555f20	2	file-io@5,archive@4,memory@5,thread@4,window-input@2,time@2,other@2	2	yes	-
getfatecount	0x004301b0	reads-state	complete	138	406	-	0,1,2	2	2	yes	no	no	0	0	2	2	5	0x4026a0,0x404ab0,0x42f3c0,0x4d41c0,0x4d4550	0	0	-	1	2	0	-	0x5adc50	0x555f08,0x555f20	2	file-io@5,archive@4,memory@5,thread@4,window-input@2,time@2,other@2	2	yes	-
getfileactivityprogresscallbackproc	0x00487840	reads-state	complete	21	79	0	0	0	0	yes	no	no	0	0	0	1	1	0x4d4550	0	0	-	2	0	0	-	0x5aa1bc,0x5aa1c0	-	0	file-io@5,archive@5,memory@6,thread@4,window-input@3,time@3,other@3	3	no	-
getfinescrolltime	0x0051bc30	stub	complete	1	1	0	0	0	0	yes	no	no	0	0	0	0	0	-	0	0	-	0	0	0	-	-	-	0	-	-	no	-
getfinishcombatproc	0x004e3720	reads-state	complete	21	79	0	0	0	0	yes	no	no	0	0	0	1	1	0x4d4550	0	0	-	2	0	0	-	0x5a7d64,0x5a7d68	-	0	file-io@5,archive@5,memory@6,thread@4,window-input@3,time@3,other@3	3	no	-
getfocus	0x00491330	reads-state	complete	72	227	-	0,1	1	1	yes	no	no	0	0	1	1	5	0x48df90,0x4d41c0,0x4d4550,0x5005f0,0x5394a0	0	0	-	1	1	0	-	0x584ae8	0x55c384	1	file-io@5,archive@4,memory@5,thread@4,window-input@2,time@2,other@2	2	yes	-
getfontheight	0x004de5f0	reads-state	complete	71	223	-	0,1	1	1	yes	no	no	0	0	1	1	4	0x492de0,0x4d41c0,0x4d4550,0x5394a0	0	0	-	1	1	0	-	0x5a7b50	0x5728d4	1	file-io@5,archive@4,memory@5,thread@4,window-input@2,time@2,other@2	2	yes	-
getgamereservedint	0x00489880	reads-state	complete	61	198	-	0,1	1	1	yes	no	no	0	0	1	1	3	0x489710,0x4d4550,0x5394a0	0	0	-	1	0	0	-	0x5aa12c	-	0	file-io@5,archive@5,memory@6,thread@4,window-input@3,time@3,other@3	3	yes	-
getgameseed	0x004e56f0	reads-state	complete	21	78	0	0	0	0	yes	no	no	0	0	0	1	1	0x4d4550	0	0	-	1	0	0	-	0x573428	-	0	file-io@5,archive@5,memory@6,thread@4,window-input@3,time@3,other@3	3	no	-
getgametick	0x004b4680	reads-state	complete	21	78	0	0	0	0	yes	no	no	0	0	0	1	1	0x4d4550	0	0	-	1	0	0	-	0x583560	-	0	file-io@5,archive@5,memory@6,thread@4,window-input@3,time@3,other@3	3	no	-
getgatearmy	0x00459bb0	reads-state	complete	36	120	0	0	0	0	yes	no	no	0	0	0	1	2	0x455850,0x4d4550	0	0	-	1	0	0	-	0x5ae8e8	-	0	file-io@5,archive@5,memory@6,thread@4,window-input@3,time@3,other@3	3	yes	-
getgateheight	0x00458870	reads-state	complete	26	95	0	0	0	0	yes	no	no	0	0	0	1	1	0x4d4550	0	0	-	1	0	0	-	0x5ae938	-	0	file-io@5,archive@5,memory@6,thread@4,window-input@3,time@3,other@3	3	no	-
getgateinfo	0x00459e00	reads-state	complete	75	244	0	0	0	0	yes	no	no	0	0	0	3	2	0x455850,0x4d4550	0	0	-	1	0	0	-	0x5ae8e8	-	0	file-io@5,archive@5,memory@6,thread@4,window-input@3,time@3,other@3	3	yes	-
getgenericarmycontainers	0x004e7a00	reads-state	complete	105	304	-	0,1	1	1	yes	no	no	0	0	1	3	6	0x4026a0,0x404ab0,0x482ac0,0x485080,0x4d4550,0x4e7300	0	0	-	1	0	0	-	0x5aa12c	-	0	file-io@5,archive@5,memory@6,thread@4,window-input@3,time@3,other@3	1	yes	-
getgocallback	0x00461480	reads-state	complete	21	79	0	0	0	0	yes	no	no	0	0	0	1	1	0x4d4550	0	0	-	2	0	0	-	0x5af158,0x5af15c	-	0	file-io@5,archive@5,memory@6,thread@4,window-input@3,time@3,other@3	3	no	-
getgocountdown	0x00461270	reads-state	complete	21	78	0	0	0	0	yes	no	no	0	0	0	1	1	0x4d4550	0	0	-	1	0	0	-	0x5af150	-	0	file-io@5,archive@5,memory@6,thread@4,window-input@3,time@3,other@3	3	no	-
getgridflags	0x004e1480	reads-state	complete	101	315	-	0,1,2	2	2	yes	no	no	0	0	2	1	4	0x4026a0,0x404ab0,0x4a51c0,0x4d4550	0	0	-	2	0	0	-	0x5ae958,0x5ae9bc	-	0	file-io@5,archive@5,memory@6,thread@4,window-input@3,time@3,other@3	3	yes	-
getgroupinfo	0x00498ee0	reads-state	complete	105	318	-	0,1	1	1	yes	no	no	0	0	1	2	6	0x4026a0,0x404ab0,0x482ac0,0x498e70,0x4d41c0,0x4d4550	0	0	-	1	1	0	-	0x5aa12c	0x555960	1	file-io@5,archive@4,memory@5,thread@4,window-input@2,time@2,other@2	2	yes	-
gethighlightcolor	0x0052dbe0	reads-state	complete	141	433	-	0,1	1	1	yes	no	no	0	0	1	4	5	0x4026a0,0x404ab0,0x474e70,0x4d41c0,0x4d4550	0	0	-	2	1	0	-	0x584ae8,0x5a9dd0	0x5743b8	1	file-io@5,archive@4,memory@5,thread@4,window-input@2,time@2,other@2	2	yes	-
gethistoriceventdata	0x004bd120	unknown	complete	70	225	-	0,1	1	1	yes	no	no	0	0	1	1	4	0x4bcae0,0x4d41c0,0x4d4550,0x5394a0	0	0	-	0	1	0	-	-	0x55d838	1	file-io@5,archive@4,memory@5,thread@4,window-input@2,time@2,other@2	2	yes	-
gethotkey	0x0049a8e0	reads-state	complete	126	415	-	0,1,2	2	2	yes	no	no	0	0	2	2	6	0x4026a0,0x404ab0,0x49a410,0x49a500,0x4d4550,0x51bc30	0	0	-	1	0	0	-	0x584cc4	-	0	file-io@5,archive@5,memory@6,thread@4,window-input@3,time@3,other@3	3	yes	-
getimpfilename	0x004db370	reads-state	complete	100	289	-	0,1	1	1	yes	no	no	0	0	1	3	5	0x4026a0,0x404ab0,0x492850,0x4d41c0,0x4d4550	0	0	-	1	1	0	-	0x5a7b50	0x57278c	1	file-io@5,archive@4,memory@5,thread@4,window-input@2,time@2,other@2	2	yes	-
getimphotspot	0x0049bf90	reads-state	complete	210	576	-	1,2,3,4,5	5	1	NO	no	no	5	6	0	0	6	0x4026a0,0x40adb0,0x41d1d0,0x492850,0x4d41c0,0x4d4550	0	0	-	1	3	0	-	0x5a7b50	0x55c840,0x55c860,0x55c87c	3	file-io@5,archive@4,memory@5,thread@4,window-input@2,time@2,other@2	2	yes	-
getimpmemory	0x004db4a0	reads-state	complete	93	279	-	0,1	1	1	yes	no	no	0	0	1	2	5	0x4026a0,0x404ab0,0x492850,0x4d41c0,0x4d4550	0	0	-	1	1	0	-	0x5a7b50	0x57278c	1	file-io@5,archive@4,memory@5,thread@4,window-input@2,time@2,other@2	2	yes	-
getincombatspoils	0x00462ab0	reads-state	complete	94	300	-	0,1,2	2	2	yes	no	no	1	0	1	1	5	0x4026a0,0x404ab0,0x4bdce0,0x4d41c0,0x4d4550	0	0	-	4	2	0	-	0x5aa7d4,0x5aadb0,0x5cd1c4,0x5cd1d8	0x55778c,0x5577a0	2	file-io@5,archive@4,memory@5,thread@4,window-input@2,time@2,other@2	2	yes	-
getincomeexpense	0x004be150	unknown	complete	185	535	-	0,1	1	1	yes	no	no	0	0	1	6	5	0x4026a0,0x404ab0,0x4be0c0,0x4be140,0x4d4550	0	0	-	0	0	0	-	-	-	0	file-io@5,archive@5,memory@6,thread@4,window-input@3,time@3,other@3	3	no	-
getinfectproc	0x00526ba0	reads-state	complete	21	79	0	0	0	0	yes	no	no	0	0	0	1	1	0x4d4550	0	0	-	2	0	0	-	0x5d3810,0x5d3814	-	0	file-io@5,archive@5,memory@6,thread@4,window-input@3,time@3,other@3	3	no	-
getintoformation	0x004999a0	reads-state	complete	215	619	-	0,1,2,3,4,5	5	5	yes	no	no	1	0	4	0	6	0x4026a0,0x404ab0,0x40adb0,0x498900,0x4d41c0,0x4d4550	0	0	-	1	1	0	-	0x5577c8	0x55c710	1	file-io@5,archive@4,memory@5,thread@4,window-input@2,time@2,other@2	2	yes	-
getitem	0x004910d0	reads-state	complete	217	596	-	0,1,2	2	2	yes	no	no	0	0	2	6	6	0x4026a0,0x404ab0,0x48d810,0x4d41c0,0x4d4550,0x5005f0	0	0	-	1	2	0	-	0x584ae8	0x55c384,0x55c468	2	file-io@5,archive@4,memory@5,thread@4,window-input@2,time@2,other@2	2	yes	-
getlatency	0x0048cef0	reads-state	complete	21	78	0	0	0	0	yes	no	no	0	0	0	1	1	0x4d4550	0	0	-	1	0	0	-	0x55b578	-	0	file-io@5,archive@5,memory@6,thread@4,window-input@3,time@3,other@3	3	no	-
getleaderlocation	0x004bd360	unknown	complete	110	331	-	0,1	1	1	yes	no	no	0	0	1	2	5	0x4026a0,0x404ab0,0x4bbb70,0x4d41c0,0x4d4550	0	0	-	0	1	0	-	-	0x55d854	1	file-io@5,archive@4,memory@5,thread@4,window-input@2,time@2,other@2	2	yes	-
getleadertype	0x004bd4b0	unknown	complete	85	249	-	0,1	1	1	yes	no	no	0	0	1	1	4	0x4026a0,0x404ab0,0x4d41c0,0x4d4550	0	0	-	0	1	0	-	-	0x55d854	1	file-io@5,archive@4,memory@5,thread@4,window-input@2,time@2,other@2	2	yes	-
getleaderunittype	0x004bd630	unknown	complete	85	249	-	0,1	1	1	yes	no	no	0	0	1	1	4	0x4026a0,0x404ab0,0x4d41c0,0x4d4550	0	0	-	0	1	0	-	-	0x55d854	1	file-io@5,archive@4,memory@5,thread@4,window-input@2,time@2,other@2	2	yes	-
getleftartifact	0x0042c880	reads-state	complete	77	222	0	0	0	0	yes	no	no	0	0	0	3	4	0x428c10,0x4d41c0,0x4d4550,0x530200	0	0	-	1	1	0	-	0x584ae8	0x555e38	1	file-io@5,archive@4,memory@5,thread@4,window-input@2,time@2,other@2	2	yes	-
getlightningdata	0x004a4530	reads-state	complete	60	184	-	0,1	1	1	yes	no	no	0	0	1	0	4	0x4a4510,0x4d41c0,0x4d4550,0x5394a0	0	0	-	1	1	0	-	0x583898	0x55c988	1	file-io@5,archive@4,memory@5,thread@4,window-input@2,time@2,other@2	2	yes	-
getlineofsite	0x004ab820	reads-state	complete	61	198	-	0,1	1	1	yes	no	no	0	0	1	1	3	0x481590,0x4d4550,0x5394a0	0	0	-	1	0	0	-	0x584ae8	-	0	file-io@5,archive@5,memory@6,thread@4,window-input@3,time@3,other@3	3	yes	-
getlocationatscreenxy	0x004e59c0	reads-state	complete	107	345	-	0,1,2	2	2	yes	no	no	0	0	2	1	5	0x4026a0,0x404ab0,0x4a6180,0x4d4550,0x5394a0	0	0	-	1	0	0	-	0x5ae958	-	0	file-io@5,archive@5,memory@6,thread@4,window-input@3,time@3,other@3	3	yes	-
getlosingarmy	0x00460b70	reads-state	complete	55	166	0	0	0	0	yes	no	no	0	0	0	2	2	0x4d4550,0x50b9d0	0	2	0x5aa78c+0x3c,0x5aad68+0x3c	5	0	0	-	0x5aa12c,0x5aa78c,0x5aa78c,0x5aad68,0x5aad68	-	0	file-io@5,archive@5,memory@6,thread@4,window-input@3,time@3,other@3	3	yes	-
getmaxspells	0x004f1910	reads-state	complete	21	78	0	0	0	0	yes	no	no	0	0	0	1	1	0x4d4550	0	0	-	1	0	0	-	0x5aee70	-	0	file-io@5,archive@5,memory@6,thread@4,window-input@3,time@3,other@3	3	no	-
getmemorystats	0x00505d80	reads-state	complete	108	396	-	0,1,2,3	3	3	yes	no	no	0	0	3	0	2	0x4d4550,0x505d00	0	0	-	1	0	0	-	0x584ae8	-	0	file-io@5,archive@5,memory@1,thread@4,window-input@1,time@3,other@3	3	yes	-
getmilitaryselectionmode	0x0052fca0	reads-state	complete	21	79	0	0	0	0	yes	no	no	0	0	0	1	1	0x4d4550	0	0	-	1	0	0	-	0x5d209c	-	0	file-io@5,archive@5,memory@6,thread@4,window-input@3,time@3,other@3	3	no	-
getminimumdragbox	0x00472d60	reads-state	complete	44	142	0	0	0	0	yes	no	no	0	0	0	2	1	0x4d4550	0	0	-	2	0	0	-	0x5a9e08,0x5a9e0c	-	0	file-io@5,archive@5,memory@6,thread@4,window-input@3,time@3,other@3	3	no	-
getmissiledata	0x004affe0	reads-state	complete	60	184	-	0,1	1	1	yes	no	no	0	0	1	0	4	0x4affc0,0x4d41c0,0x4d4550,0x5394a0	0	0	-	1	1	0	-	0x583ac0	0x55cd38	1	file-io@5,archive@4,memory@5,thread@4,window-input@2,time@2,other@2	2	yes	-
getmissilehitproc	0x004e38a0	reads-state	complete	21	79	0	0	0	0	yes	no	no	0	0	0	1	1	0x4d4550	0	0	-	2	0	0	-	0x5a7d54,0x5a7d58	-	0	file-io@5,archive@5,memory@6,thread@4,window-input@3,time@3,other@3	3	no	-
getmissiletarget	0x004693c0	reads-state	complete	265	728	-	0,1,2,3,4,5	5	5	yes	no	no	1	0	4	1	9	0x4026a0,0x404ab0,0x407d50,0x41be40,0x4205e0,0x4a8960,0x4d4550,0x4f6000,0x5071c0	0	0	-	4	0	0	-	0x5ae958,0x5ae974,0x5ae98c,0x5ae998	-	0	file-io@5,archive@5,memory@6,thread@4,window-input@3,time@3,other@3	3	yes	-
getmodescale	0x004e0d00	reads-state	complete	90	279	-	0,1	1	1	yes	no	no	0	0	1	2	5	0x404ab0,0x4d41c0,0x4d4550,0x505a00,0x5394a0	0	0	-	1	1	0	-	0x584ae8	0x5729b4	1	file-io@5,archive@4,memory@5,thread@4,window-input@2,time@2,other@2	2	yes	-
getmodeticktime	0x004e0bf0	reads-state	complete	88	271	-	0,1	1	1	yes	no	no	0	0	1	2	5	0x404ab0,0x4d41c0,0x4d4550,0x5059d0,0x5394a0	0	0	-	1	1	0	-	0x584ae8	0x57299c	1	file-io@5,archive@4,memory@5,thread@4,window-input@2,time@2,other@2	2	yes	-
getmouseloc	0x004d8d70	reads-state	complete	50	165	0	0	0	0	yes	no	no	0	0	0	2	2	0x4a61e0,0x4d4550	0	0	-	1	0	0	-	0x5ae958	-	0	file-io@5,archive@5,memory@6,thread@4,window-input@0,time@3,other@3	3	yes	USER32.dll!GetCursorPos
getmultiplayerflag	0x004b6600	reads-state	complete	23	81	0	0	0	0	yes	no	no	0	0	0	1	1	0x4d4550	0	0	-	1	0	0	-	0x5851a0	-	0	file-io@5,archive@5,memory@6,thread@4,window-input@3,time@3,other@3	3	no	-
getmultiplayeroption	0x004b1f50	reads-state	complete	86	250	-	0,1	1	1	yes	no	no	0	0	1	1	4	0x404ab0,0x4b1db0,0x4d4550,0x5394a0	0	0	-	1	0	0	-	0x5aa64c	-	0	file-io@5,archive@5,memory@6,thread@4,window-input@3,time@3,other@3	1	yes	-
getmultiscenarioname	0x004b3090	reads-state	complete	21	77	0	0	0	0	yes	no	no	0	0	0	1	1	0x4d4550	0	0	-	1	0	0	-	0x5aa67e	-	0	file-io@5,archive@5,memory@6,thread@4,window-input@3,time@3,other@3	3	yes	-
getmusicvolume	0x00479e60	reads-state	complete	36	111	0	0	0	0	yes	no	no	0	0	0	1	1	0x4d4550	0	0	-	1	0	0	-	0x586770	-	0	file-io@5,archive@5,memory@6,thread@4,window-input@3,time@3,other@3	3	no	-
getmyarmy	0x004e90a0	reads-state	complete	37	124	0	0	0	0	yes	no	no	0	0	0	2	1	0x4d4550	0	0	-	2	0	0	-	0x5577c8,0x5aa7d4	-	0	file-io@5,archive@5,memory@6,thread@4,window-input@3,time@3,other@3	3	no	-
getmyfaithtype	0x004b46d0	reads-state	complete	33	115	0	0	0	0	yes	no	no	0	0	0	1	4	0x4b6030,0x4b6b70,0x4b7dd0,0x4d4550	0	0	-	2	0	0	-	0x5cd358,0x5d1e84	-	0	file-io@5,archive@5,memory@6,thread@4,window-input@3,time@3,other@3	3	yes	-
getnearestenemy	0x00463140	reads-state	complete	61	198	-	0,1	1	1	yes	no	no	0	0	1	1	3	0x406050,0x4d4550,0x5394a0	0	0	-	1	0	0	-	0x5ae958	-	0	file-io@5,archive@5,memory@6,thread@4,window-input@3,time@3,other@3	3	yes	-
getnearestenemyatloc	0x00463210	reads-state	complete	63	205	-	0,1	1	1	yes	no	no	0	0	1	1	3	0x406140,0x4d4550,0x5394a0	0	0	-	2	0	0	-	0x5577c8,0x5ae958	-	0	file-io@5,archive@5,memory@6,thread@4,window-input@3,time@3,other@3	3	yes	-
getnearestenemyatlocchecktargets	0x004632e0	reads-state	complete	176	534	-	0,1,2,3,4	4	4	yes	no	no	0	0	4	1	4	0x4026a0,0x404ab0,0x4061f0,0x4d4550	0	0	-	2	0	0	-	0x5577c8,0x5ae958	-	0	file-io@5,archive@5,memory@6,thread@4,window-input@3,time@3,other@3	3	yes	-
getnegativeresourcesproc	0x004bb410	reads-state	complete	21	79	0	0	0	0	yes	no	no	0	0	0	1	1	0x4d4550	0	0	-	2	0	0	-	0x5844c0,0x5844c4	-	0	file-io@5,archive@5,memory@6,thread@4,window-input@3,time@3,other@3	3	no	-
getnetworkstatusdisplay	0x0048d4f0	reads-state	complete	21	78	0	0	0	0	yes	no	no	0	0	0	1	1	0x4d4550	0	0	-	1	0	0	-	0x5835ec	-	0	file-io@5,archive@5,memory@6,thread@4,window-input@3,time@3,other@3	3	no	-
getnewgameseed	0x004e5740	reads-state	complete	21	78	0	0	0	0	yes	no	no	0	0	0	1	1	0x4d4550	0	0	-	1	0	0	-	0x5cd2c0	-	0	file-io@5,archive@5,memory@6,thread@4,window-input@3,time@3,other@3	3	no	-
getnewinitiates	0x00451be0	unknown	complete	29	99	1	1	1	1	yes	no	no	0	0	0	1	3	0x451a70,0x451bc0,0x4d4550	0	0	-	0	0	0	-	-	-	0	file-io@5,archive@5,memory@6,thread@4,window-input@3,time@3,other@3	3	no	-
getnewunitproc	0x0044ff80	reads-state	complete	21	79	0	0	0	0	yes	no	no	0	0	0	1	1	0x4d4550	0	0	-	2	0	0	-	0x5af0ec,0x5af0f0	-	0	file-io@5,archive@5,memory@6,thread@4,window-input@3,time@3,other@3	3	no	-
getnumaiplayers	0x004b4860	reads-state	complete	34	113	0	0	0	0	yes	no	no	0	0	0	1	2	0x4b1db0,0x4d4550	0	0	-	1	0	0	-	0x5aa64c	-	0	file-io@5,archive@5,memory@6,thread@4,window-input@3,time@3,other@3	1	yes	-
getnumattackers	0x00466e00	reads-state	complete	82	245	-	0,1	1	1	yes	no	no	0	0	1	2	4	0x404ab0,0x406460,0x4d4550,0x5394a0	0	0	-	1	0	0	-	0x5ae958	-	0	file-io@5,archive@5,memory@6,thread@4,window-input@3,time@3,other@3	3	yes	-
getnumboats	0x004e77e0	unknown	complete	29	99	1	1	1	1	yes	no	no	1	0	0	1	3	0x4154a0,0x41be40,0x4d4550	0	0	-	0	0	0	-	-	-	0	file-io@5,archive@5,memory@6,thread@4,window-input@3,time@3,other@3	3	no	-
getnumspells	0x004f18c0	reads-state	complete	21	78	0	0	0	0	yes	no	no	0	0	0	1	1	0x4d4550	0	0	-	1	0	0	-	0x5aee6c	-	0	file-io@5,archive@5,memory@6,thread@4,window-input@3,time@3,other@3	3	no	-
getobjectofcombat	0x004619b0	reads-state	complete	21	78	0	0	0	0	yes	no	no	0	0	0	1	1	0x4d4550	0	0	-	1	0	0	-	0x5ae8a0	-	0	file-io@5,archive@5,memory@6,thread@4,window-input@3,time@3,other@3	3	no	-
getopponentarmy	0x004e9120	reads-state	complete	37	124	0	0	0	0	yes	no	no	0	0	0	2	1	0x4d4550	0	0	-	2	0	0	-	0x5577c8,0x5aa7d4	-	0	file-io@5,archive@5,memory@6,thread@4,window-input@3,time@3,other@3	3	no	-
getoriginalowner	0x004a1640	operand-only	complete	29	100	1	1	1	1	yes	no	no	1	0	0	1	2	0x41be40,0x4d4550	0	0	-	0	0	0	-	-	-	0	file-io@5,archive@5,memory@6,thread@4,window-input@3,time@3,other@3	3	no	-
getoutnow	0x004e3990	unknown	complete	20	57	1	1	1	1	yes	no	no	1	0	0	0	3	0x41be40,0x4245a0,0x4d41c0	0	0	-	0	1	0	-	-	0x572a24	1	file-io@6,archive@4,memory@5,thread@4,window-input@2,time@2,other@2	2	yes	-
getoutnowgetid	0x004e39d0	unknown	complete	45	146	1	1	1	1	yes	no	no	1	0	0	2	3	0x41be40,0x4245a0,0x4d4550	0	0	-	0	0	0	-	-	-	0	file-io@5,archive@5,memory@6,thread@4,window-input@3,time@3,other@3	3	no	-
getpagefilename	0x004db220	reads-state	complete	115	321	-	0,1	1	1	yes	no	no	0	0	1	3	6	0x4026a0,0x404ab0,0x491ec0,0x492de0,0x4d41c0,0x4d4550	0	0	-	1	1	0	-	0x5a7b50	0x57276c	1	file-io@5,archive@4,memory@5,thread@4,window-input@2,time@2,other@2	2	yes	-
getpageheight	0x004dadf0	reads-state	complete	98	282	-	0,1	1	1	yes	no	no	0	0	1	2	6	0x4026a0,0x404ab0,0x491ec0,0x492de0,0x4d41c0,0x4d4550	0	0	-	1	1	0	-	0x5a7b50	0x5726f8	1	file-io@5,archive@4,memory@5,thread@4,window-input@2,time@2,other@2	2	yes	-
getpagewidth	0x004dacd0	reads-state	complete	98	282	-	0,1	1	1	yes	no	no	0	0	1	2	6	0x4026a0,0x404ab0,0x491ec0,0x492de0,0x4d41c0,0x4d4550	0	0	-	1	1	0	-	0x5a7b50	0x5726dc	1	file-io@5,archive@4,memory@5,thread@4,window-input@2,time@2,other@2	2	yes	-
getpassivebarterplayer	0x00435500	reads-state	complete	22	82	0	0	0	0	yes	no	no	0	0	0	1	2	0x435480,0x4d4550	0	0	-	1	0	0	-	0x584cd4	-	0	file-io@5,archive@5,memory@6,thread@4,window-input@3,time@3,other@3	3	yes	-
getpause	0x00484e20	reads-state	complete	22	82	0	0	0	0	yes	no	no	0	0	0	1	2	0x484e10,0x4d4550	0	0	-	1	0	0	-	0x5aa12c	-	0	file-io@5,archive@5,memory@6,thread@4,window-input@3,time@3,other@3	3	yes	-
getpercentcomment	0x004c9d60	operand-only	complete	23	82	0	0	0	0	yes	no	no	0	0	0	1	1	0x4d4550	0	0	-	0	0	0	-	-	-	0	file-io@5,archive@5,memory@6,thread@4,window-input@3,time@3,other@3	3	no	-
getplayarmy	0x00464d30	reads-state	complete	86	256	-	0,1	1	1	yes	no	no	0	0	1	1	4	0x4026a0,0x404ab0,0x463080,0x4d4550	0	0	-	1	0	0	-	0x5577c8	-	0	file-io@5,archive@5,memory@6,thread@4,window-input@3,time@3,other@3	3	no	-
getplayeraistatus	0x004bc120	unknown	complete	97	284	-	0,1	1	1	yes	no	no	0	0	1	2	4	0x4026a0,0x404ab0,0x4d41c0,0x4d4550	0	0	-	0	1	0	-	-	0x55d7d0	1	file-io@5,archive@4,memory@5,thread@4,window-input@2,time@2,other@2	2	yes	-
getplayerbooleanintelinfodisplaying	0x004a0490	unknown	complete	164	443	-	0,1,2	2	2	yes	no	no	0	0	2	2	4	0x4026a0,0x404ab0,0x4d41c0,0x4d4550	0	0	-	0	2	0	-	-	0x55c8e0,0x55c908	2	file-io@5,archive@4,memory@5,thread@4,window-input@2,time@2,other@2	2	yes	-
getplayerdata	0x004bec80	unknown	complete	115	351	-	0,1,2,3	3	3	yes	no	no	1	0	2	1	6	0x4026a0,0x404ab0,0x4bdce0,0x4bddd0,0x4d41c0,0x4d4550	0	0	-	0	1	0	-	-	0x55d8b8	1	file-io@5,archive@4,memory@5,thread@4,window-input@2,time@2,other@2	2	yes	-
getplayerfaith	0x004bd9d0	unknown	complete	85	249	-	0,1	1	1	yes	no	no	0	0	1	1	4	0x4026a0,0x404ab0,0x4d41c0,0x4d4550	0	0	-	0	1	0	-	-	0x55b488	1	file-io@5,archive@4,memory@5,thread@4,window-input@2,time@2,other@2	2	yes	-
getplayergo	0x00461390	reads-state	complete	36	121	1	1	1	1	yes	no	no	1	0	0	1	2	0x4bdce0,0x4d4550	0	0	-	1	0	0	-	0x5af154	-	0	file-io@5,archive@5,memory@6,thread@4,window-input@3,time@3,other@3	3	no	-
getplayergroupintoformation	0x00499c10	reads-state	complete	197	565	-	1,2,3,4,5,6,7,8	8	1	NO	no	no	8	0	0	0	6	0x4026a0,0x40adb0,0x498900,0x4a51c0,0x4d41c0,0x4d4550	0	0	-	1	1	0	-	0x5ae958	0x55c710	1	file-io@5,archive@4,memory@5,thread@4,window-input@2,time@2,other@2	2	yes	-
getplayergroupnumberbuffer	0x004c0d50	reads-state	complete	21	77	0	0	0	0	yes	no	no	0	0	0	1	1	0x4d4550	0	0	-	1	0	0	-	0x55d6f0	-	0	file-io@5,archive@5,memory@6,thread@4,window-input@3,time@3,other@3	3	yes	-
getplayerindicatoraura	0x004bc590	operand-only	complete	53	165	1	1	1	1	yes	no	no	1	0	0	2	2	0x4bdce0,0x4d4550	0	0	-	0	0	0	-	-	-	0	file-io@5,archive@5,memory@6,thread@4,window-input@3,time@3,other@3	3	no	-
getplayerindicatorcolor	0x004bc800	reads-state	complete	81	265	1	1	1	1	yes	no	no	1	0	0	3	3	0x474e70,0x4bdce0,0x4d4550	0	0	-	1	0	0	-	0x584ae8	-	0	file-io@5,archive@5,memory@6,thread@4,window-input@3,time@3,other@3	3	yes	-
getplayerintelinfo	0x0049f440	unknown	complete	184	522	-	0,1,2,3	3	3	yes	no	no	0	0	3	1	5	0x4026a0,0x404ab0,0x49f300,0x4d41c0,0x4d4550	0	0	-	0	2	0	-	-	0x55c8e0,0x55c908	2	file-io@5,archive@4,memory@5,thread@4,window-input@2,time@2,other@2	2	yes	-
getplayerintelinfodisplaying	0x0049fe70	unknown	complete	178	515	-	0,1,2,3	3	3	yes	no	no	0	0	3	1	4	0x4026a0,0x404ab0,0x4d41c0,0x4d4550	0	0	-	0	2	0	-	-	0x55c8e0,0x55c908	2	file-io@5,archive@4,memory@5,thread@4,window-input@2,time@2,other@2	2	yes	-
getplayername	0x004c0460	operand-only	complete	29	97	1	1	1	1	yes	no	no	1	0	0	1	2	0x4bdce0,0x4d4550	0	0	-	0	0	0	-	-	-	0	file-io@5,archive@5,memory@6,thread@4,window-input@3,time@3,other@3	3	no	-
getplayerneutralstatus	0x004c0bf0	operand-only	complete	32	107	1	1	1	1	yes	no	no	1	0	0	1	2	0x4bdce0,0x4d4550	0	0	-	0	0	0	-	-	-	0	file-io@5,archive@5,memory@6,thread@4,window-input@3,time@3,other@3	3	no	-
getplayernumbercontact	0x004c0c60	floating-point	complete	75	226	-	0,1,2	2	2	yes	no	no	1	0	1	1	4	0x4bcb60,0x4bdce0,0x4d4550,0x5394a0	0	0	-	0	0	0	-	-	-	0	file-io@5,archive@5,memory@6,thread@4,window-input@3,time@3,other@3	3	no	-
getplayerrace	0x004bdb20	unknown	complete	85	249	-	0,1	1	1	yes	no	no	0	0	1	1	4	0x4026a0,0x404ab0,0x4d41c0,0x4d4550	0	0	-	0	1	0	-	-	0x55b488	1	file-io@5,archive@4,memory@5,thread@4,window-input@2,time@2,other@2	2	yes	-
getplayerretreatedlocation	0x004093b0	reads-state	complete	94	274	-	0,1	1	1	yes	no	no	0	0	1	2	4	0x4026a0,0x404ab0,0x407380,0x4d4550	0	0	-	1	0	0	-	0x5ae958	-	0	file-io@5,archive@5,memory@6,thread@4,window-input@3,time@3,other@3	3	yes	-
getprecombatproc	0x00488a60	reads-state	complete	21	79	0	0	0	0	yes	no	no	0	0	0	1	1	0x4d4550	0	0	-	2	0	0	-	0x5aa1b0,0x5aa1b4	-	0	file-io@5,archive@5,memory@6,thread@4,window-input@3,time@3,other@3	3	no	-
getpredoorwayproc	0x004888a0	reads-state	complete	21	79	0	0	0	0	yes	no	no	0	0	0	1	1	0x4d4550	0	0	-	2	0	0	-	0x5ae8cc,0x5ae8d0	-	0	file-io@5,archive@5,memory@6,thread@4,window-input@3,time@3,other@3	3	no	-
getprisoner	0x00507780	unknown	complete	44	139	1	1	1	1	yes	no	no	1	0	0	2	3	0x41be40,0x4c1c50,0x4d4550	0	0	-	0	0	0	-	-	-	0	file-io@5,archive@5,memory@6,thread@4,window-input@3,time@3,other@3	3	no	-
getpromisedata	0x0050b5e0	reads-state	complete	104	318	-	0,1	1	1	yes	no	no	0	0	1	2	5	0x4026a0,0x404ab0,0x4d41c0,0x4d4550,0x50a030	0	0	-	1	3	0	-	0x5d2cd8	0x573a18,0x573a3c,0x573a60	3	file-io@5,archive@4,memory@5,thread@4,window-input@2,time@2,other@2	2	yes	-
getproposaltext	0x00432860	reads-state	complete	21	77	0	0	0	0	yes	no	no	0	0	0	1	1	0x4d4550	0	0	-	1	0	0	-	0x578a80	-	0	file-io@5,archive@5,memory@6,thread@4,window-input@3,time@3,other@3	3	yes	-
getproviderbackground	0x004707b0	reads-state	complete	82	246	-	0,1	1	1	yes	no	no	0	0	1	1	4	0x404ab0,0x4d41c0,0x4d4550,0x5394a0	0	1	0x5d1e84+0x64	1	1	0	-	0x5d1e84	0x557f6c	1	file-io@5,archive@4,memory@5,thread@4,window-input@2,time@2,other@2	2	yes	-
getproviderbuttontexture	0x00470a20	reads-state	complete	82	246	-	0,1	1	1	yes	no	no	0	0	1	1	4	0x404ab0,0x4d41c0,0x4d4550,0x5394a0	0	1	0x5d1e84+0x6c	1	1	0	-	0x5d1e84	0x557f6c	1	file-io@5,archive@4,memory@5,thread@4,window-input@2,time@2,other@2	2	yes	-
getquestdefinition	0x004c4280	reads-state	complete	119	351	-	0,1	1	1	yes	no	no	0	0	1	4	5	0x4026a0,0x404ab0,0x4c3b00,0x4c3b60,0x4d4550	0	0	-	1	0	0	-	0x5cd2e0	-	0	file-io@5,archive@5,memory@6,thread@4,window-input@3,time@3,other@3	3	yes	-
getqueststatus	0x004c47b0	reads-state	complete	110	328	-	0,1	1	1	yes	no	no	0	0	1	3	7	0x4026a0,0x404ab0,0x4c3b60,0x4c3be0,0x4c3ea0,0x4c3ed0,0x4d4550	0	0	-	2	0	0	-	0x5aeedc,0x5cd2e0	-	0	file-io@5,archive@5,memory@6,thread@4,window-input@3,time@3,other@3	3	yes	-
getrandcnt	0x004b5af0	operand-only	complete	21	74	0	0	0	0	yes	no	no	0	0	0	1	1	0x4d4550	0	0	-	0	0	0	-	-	-	0	file-io@5,archive@5,memory@6,thread@4,window-input@3,time@3,other@3	3	no	-
getrealarmyid	0x004e5e90	operand-only	complete	29	97	1	1	1	1	yes	no	no	1	0	0	1	2	0x41be40,0x4d4550	0	0	-	0	0	0	-	-	-	0	file-io@5,archive@5,memory@6,thread@4,window-input@3,time@3,other@3	3	no	-
getrealtimeorder	0x00409220	reads-state	complete	81	233	-	0,1	1	1	yes	no	no	0	0	1	2	4	0x4026a0,0x404ab0,0x482ac0,0x4d4550	0	0	-	1	0	0	-	0x5aa12c	-	0	file-io@5,archive@5,memory@6,thread@4,window-input@3,time@3,other@3	3	yes	-
getregionatscreenxy	0x004c5cf0	reads-state	complete	111	358	-	0,1,2	2	2	yes	no	no	0	0	2	1	5	0x4026a0,0x404ab0,0x4c5ca0,0x4d4550,0x5394a0	0	0	-	1	0	0	-	0x5aef04	-	0	file-io@5,archive@5,memory@6,thread@4,window-input@3,time@3,other@3	3	yes	-
getregionfaiths	0x004c80d0	reads-state	complete	102	311	-	0,1	1	1	yes	no	no	0	0	1	2	5	0x404ab0,0x4c52c0,0x4c5ec0,0x4d4550,0x5394a0	0	0	-	1	0	0	-	0x5aef04	-	0	file-io@5,archive@5,memory@6,thread@4,window-input@3,time@3,other@3	3	yes	-
getregionname	0x004c7a40	reads-state	complete	63	205	-	0,1	1	1	yes	no	no	0	0	1	1	4	0x4c5220,0x4c5ec0,0x4d4550,0x5394a0	0	0	-	1	0	0	-	0x5aef04	-	0	file-io@5,archive@5,memory@6,thread@4,window-input@3,time@3,other@3	3	yes	-
getregionowner	0x004c83f0	reads-state	complete	87	270	-	0,1	1	1	yes	no	no	0	0	1	2	6	0x404ab0,0x4c5ec0,0x4c8660,0x4d41c0,0x4d4550,0x5394a0	0	0	-	1	1	0	-	0x5aef04	0x55da60	1	file-io@5,archive@4,memory@5,thread@4,window-input@2,time@2,other@2	2	yes	-
getregionraces	0x004c7df0	reads-state	complete	102	311	-	0,1	1	1	yes	no	no	0	0	1	2	5	0x404ab0,0x4c52a0,0x4c5ec0,0x4d4550,0x5394a0	0	0	-	1	0	0	-	0x5aef04	-	0	file-io@5,archive@5,memory@6,thread@4,window-input@3,time@3,other@3	3	yes	-
getregiontoinvade	0x0051d920	unknown	complete	46	133	0	0	0	0	yes	no	no	0	0	0	2	4	0x4d41c0,0x4d4550,0x51d560,0x51d8e0	0	0	-	0	1	0	-	-	0x573e7c	1	file-io@5,archive@4,memory@5,thread@4,window-input@2,time@2,other@2	2	yes	-
getrelationship	0x0051d090	unknown	complete	120	358	-	0,1,2	2	2	yes	no	no	0	0	2	1	5	0x4026a0,0x404ab0,0x4d41c0,0x4d4550,0x51c960	0	0	-	0	1	0	-	-	0x573e30	1	file-io@5,archive@4,memory@5,thread@4,window-input@2,time@2,other@2	2	yes	-
getremapdata	0x00494160	reads-state	complete	103	309	-	0,1	1	1	yes	no	no	0	0	1	2	5	0x404ab0,0x4928e0,0x4d41c0,0x4d4550,0x5394a0	0	0	-	1	1	0	-	0x5a7b50	0x55c598	1	file-io@5,archive@4,memory@5,thread@4,window-input@2,time@2,other@2	2	yes	-
getresearchdeltaproc	0x00446750	reads-state	complete	21	79	0	0	0	0	yes	no	no	0	0	0	1	1	0x4d4550	0	0	-	2	0	0	-	0x579070,0x579074	-	0	file-io@5,archive@5,memory@6,thread@4,window-input@3,time@3,other@3	3	no	-
getresearchdonecallback	0x00446810	reads-state	complete	21	79	0	0	0	0	yes	no	no	0	0	0	1	1	0x4d4550	0	0	-	2	0	0	-	0x579078,0x57907c	-	0	file-io@5,archive@5,memory@6,thread@4,window-input@3,time@3,other@3	3	no	-
getresourcechangecallback	0x00486ac0	reads-state	complete	21	79	0	0	0	0	yes	no	no	0	0	0	1	1	0x4d4550	0	0	-	2	0	0	-	0x5cd190,0x5cd194	-	0	file-io@5,archive@5,memory@6,thread@4,window-input@3,time@3,other@3	3	no	-
getrightartifact	0x0042c960	reads-state	complete	77	222	0	0	0	0	yes	no	no	0	0	0	3	4	0x428c40,0x4d41c0,0x4d4550,0x530200	0	0	-	1	1	0	-	0x584ae8	0x555e38	1	file-io@5,archive@4,memory@5,thread@4,window-input@2,time@2,other@2	2	yes	-
getscenarioprocedure	0x004c8dc0	mutates-state	complete	45	156	-	0,1	1	1	yes	no	no	0	0	1	0	1	0x4d4550	0	0	-	0	0	2	-	0x5af0e4,0x5af0e8	-	0	file-io@5,archive@5,memory@6,thread@4,window-input@3,time@3,other@3	0	no	-
getscenarioproperty	0x004c91e0	reads-state	complete	105	316	-	0,1	1	1	yes	no	no	0	0	1	2	6	0x404ab0,0x4c9030,0x4c9090,0x4d41c0,0x4d4550,0x5394a0	0	0	-	1	1	0	-	0x5aec60	0x55dac4	1	file-io@5,archive@4,memory@5,thread@4,window-input@2,time@2,other@2	2	yes	-
getselectionbox	0x004ea820	reads-state	complete	158	480	-	0,1,2,3	3	3	yes	no	no	0	0	3	2	6	0x4026a0,0x404ab0,0x492820,0x4d41c0,0x4d4550,0x4ea470	0	0	-	1	1	0	-	0x5a7b50	0x572af0	1	file-io@5,archive@4,memory@5,thread@4,window-input@2,time@2,other@2	2	yes	-
getselectionboxmouseitem	0x004eaa00	reads-state	complete	86	269	-	0,1	1	1	yes	no	no	0	0	1	2	5	0x404ab0,0x492820,0x4d41c0,0x4d4550,0x5394a0	0	0	-	1	1	0	-	0x5a7b50	0x572af0	1	file-io@5,archive@4,memory@5,thread@4,window-input@2,time@2,other@2	2	yes	-
getshipfaith	0x004e7770	unknown	complete	29	99	1	1	1	1	yes	no	no	1	0	0	1	3	0x41be40,0x4d4550,0x4e7700	0	0	-	0	0	0	-	-	-	0	file-io@5,archive@5,memory@6,thread@4,window-input@3,time@3,other@1	3	no	-
getslider	0x004ecb00	reads-state	complete	97	298	-	0,1	1	1	yes	no	no	0	0	1	1	4	0x492790,0x4d41c0,0x4d4550,0x5394a0	0	0	-	1	1	0	-	0x5a7b50	0x5730b0	1	file-io@5,archive@4,memory@5,thread@4,window-input@2,time@2,other@2	2	yes	-
getsortdirtyrects	0x004da250	reads-state	complete	21	78	0	0	0	0	yes	no	no	0	0	0	1	1	0x4d4550	0	0	-	1	0	0	-	0x5d20b8	-	0	file-io@5,archive@5,memory@6,thread@4,window-input@3,time@3,other@3	3	no	-
getsoundfxvolume	0x00479ed0	reads-state	complete	36	111	0	0	0	0	yes	no	no	0	0	0	1	1	0x4d4550	0	0	-	1	0	0	-	0x586774	-	0	file-io@5,archive@5,memory@6,thread@4,window-input@3,time@3,other@3	3	no	-
getspecialbuildingresult	0x00449b90	reads-state	complete	101	296	-	0,1	1	1	yes	no	no	0	0	1	3	5	0x4026a0,0x404ab0,0x449a20,0x482ac0,0x4d4550	0	0	-	1	0	0	-	0x5aa12c	-	0	file-io@5,archive@5,memory@6,thread@4,window-input@3,time@3,other@3	3	yes	-
getspeechvolume	0x00479f40	reads-state	complete	36	111	0	0	0	0	yes	no	no	0	0	0	1	1	0x4d4550	0	0	-	1	0	0	-	0x586778	-	0	file-io@5,archive@5,memory@6,thread@4,window-input@3,time@3,other@3	3	no	-
getspelldefdata	0x004f1350	reads-state	complete	101	308	-	0,1,2	2	2	yes	no	no	0	0	2	0	5	0x4d41c0,0x4d4550,0x4efe80,0x4f1330,0x5394a0	0	0	-	1	1	0	-	0x5aee6c	0x57321c	1	file-io@5,archive@4,memory@5,thread@4,window-input@2,time@2,other@2	2	yes	-
getspellinfo	0x004efb00	reads-state	complete	134	460	-	0,1,2	2	2	yes	no	no	0	0	2	1	8	0x4026a0,0x404ab0,0x482ac0,0x4d41c0,0x4d4550,0x4ef610,0x4ef740,0x4ef8c0	0	0	-	4	1	0	-	0x584c1c,0x584c94,0x5aa12c,0x5ae974	0x5731d8	1	file-io@5,archive@4,memory@5,thread@4,window-input@2,time@2,other@2	2	yes	-
getspellname	0x004f1960	reads-state	complete	87	257	-	0,1	1	1	yes	no	no	0	0	1	2	5	0x4026a0,0x404ab0,0x4d41c0,0x4d4550,0x4efe80	0	0	-	2	1	0	-	0x573238,0x5aee6c	0x57323c	1	file-io@5,archive@4,memory@5,thread@4,window-input@2,time@2,other@2	2	yes	-
getspritelocation	0x004e0270	reads-state	complete	71	223	-	0,1	1	1	yes	no	no	0	0	1	1	4	0x4d41c0,0x4d4550,0x4f6000,0x5394a0	0	0	-	1	1	0	-	0x5ae974	0x572584	1	file-io@5,archive@4,memory@5,thread@4,window-input@2,time@2,other@2	2	yes	-
getspritescreenx	0x004d9c60	reads-state	complete	71	223	-	0,1	1	1	yes	no	no	0	0	1	1	4	0x4d41c0,0x4d4550,0x4f6000,0x5394a0	0	0	-	1	1	0	-	0x5ae974	0x572584	1	file-io@5,archive@4,memory@5,thread@4,window-input@2,time@2,other@2	2	yes	-
getspritescreeny	0x004d9d40	reads-state	complete	71	223	-	0,1	1	1	yes	no	no	0	0	1	1	4	0x4d41c0,0x4d4550,0x4f6000,0x5394a0	0	0	-	1	1	0	-	0x5ae974	0x572584	1	file-io@5,archive@4,memory@5,thread@4,window-input@2,time@2,other@2	2	yes	-
getstartingline	0x00497ee0	unknown	complete	36	117	1	1	1	1	yes	no	no	0	0	0	1	4	0x497dc0,0x498040,0x4d41c0,0x4d4550	0	0	-	0	1	0	-	-	0x55c6f4	1	file-io@5,archive@4,memory@5,thread@4,window-input@2,time@2,other@2	2	yes	-
getsubdueproc	0x004e37e0	reads-state	complete	21	79	0	0	0	0	yes	no	no	0	0	0	1	1	0x4d4550	0	0	-	2	0	0	-	0x5a7d5c,0x5a7d60	-	0	file-io@5,archive@5,memory@6,thread@4,window-input@3,time@3,other@3	3	no	-
gettemppath	0x005053f0	reads-state	complete	21	77	0	0	0	0	yes	no	no	0	0	0	1	1	0x4d4550	0	0	-	1	0	0	-	0x5d1f90	-	0	file-io@5,archive@5,memory@6,thread@4,window-input@3,time@3,other@3	3	yes	-
gettempsavegamefilename	0x004e69a0	file-or-resource-io	complete	24	86	0	0	0	0	yes	no	no	0	0	0	1	2	0x4d4550,0x505110	0	0	-	1	0	0	-	0x584ae8	-	0	file-io@1,archive@5,memory@6,thread@4,window-input@3,time@3,other@3	3	yes	-
getterrain	0x004e1340	reads-state	complete	102	316	-	0,1,2	2	2	yes	no	no	0	0	2	1	5	0x4026a0,0x404ab0,0x4a5240,0x4d4550,0x508f10	0	0	-	2	0	0	-	0x5ae958,0x5aea30	-	0	file-io@5,archive@5,memory@6,thread@4,window-input@3,time@3,other@3	3	yes	-
getterrainspriteaileavealone	0x0050ea30	unknown	complete	38	122	1	1	1	1	yes	no	no	0	0	0	1	3	0x4d4550,0x50c7f0,0x50cd20	0	0	-	0	0	0	-	-	-	0	file-io@5,archive@5,memory@6,thread@4,window-input@3,time@3,other@3	3	no	-
getterrainspritebartervalueproc	0x005100f0	reads-state	complete	21	79	0	0	0	0	yes	no	no	0	0	0	1	1	0x4d4550	0	0	-	2	0	0	-	0x5d2d48,0x5d2d4c	-	0	file-io@5,archive@5,memory@6,thread@4,window-input@3,time@3,other@3	3	no	-
getterrainspritebrain	0x004edb60	reads-state	complete	21	79	0	0	0	0	yes	no	no	0	0	0	1	1	0x4d4550	0	0	-	2	0	0	-	0x584730,0x584734	-	0	file-io@5,archive@5,memory@6,thread@4,window-input@3,time@3,other@3	3	no	-
getterrainspritechangeownershipproc	0x0050f090	reads-state	complete	21	79	0	0	0	0	yes	no	no	0	0	0	1	1	0x4d4550	0	0	-	2	0	0	-	0x5d2d40,0x5d2d44	-	0	file-io@5,archive@5,memory@6,thread@4,window-input@3,time@3,other@3	3	no	-
getterrainspritedeltaproc	0x0050ed90	reads-state	complete	21	79	0	0	0	0	yes	no	no	0	0	0	1	1	0x4d4550	0	0	-	2	0	0	-	0x5d2d00,0x5d2d04	-	0	file-io@5,archive@5,memory@6,thread@4,window-input@3,time@3,other@3	3	no	-
getterrainspritedoorwaystatus	0x005109f0	unknown	complete	30	100	1	1	1	1	yes	no	no	0	0	0	1	2	0x4d4550,0x50cd20	0	0	-	0	0	0	-	-	-	0	file-io@5,archive@5,memory@6,thread@4,window-input@3,time@3,other@3	3	no	-
getterrainspriteenterspriteflag	0x0050eb80	unknown	complete	32	106	1	1	1	1	yes	no	no	0	0	0	1	2	0x4d4550,0x50cd20	0	0	-	0	0	0	-	-	-	0	file-io@5,archive@5,memory@6,thread@4,window-input@3,time@3,other@3	3	no	-
getterrainspriteflagoverride	0x00510b90	unknown	complete	54	169	1	1	1	1	yes	no	no	0	0	0	2	2	0x4d4550,0x50cd20	0	0	-	0	0	0	-	-	-	0	file-io@5,archive@5,memory@6,thread@4,window-input@3,time@3,other@3	3	no	-
getterrainspritelocation	0x0050e550	reads-state	complete	85	251	-	0,1	1	1	yes	no	no	0	0	1	2	5	0x4026a0,0x404ab0,0x482ac0,0x4d41c0,0x4d4550	0	0	-	1	1	0	-	0x5aa12c	0x573af4	1	file-io@5,archive@4,memory@5,thread@4,window-input@2,time@2,other@2	2	yes	-
getterrainspritemapfileproc	0x0050ef10	reads-state	complete	21	79	0	0	0	0	yes	no	no	0	0	0	1	1	0x4d4550	0	0	-	2	0	0	-	0x5d2cf8,0x5d2cfc	-	0	file-io@5,archive@5,memory@6,thread@4,window-input@3,time@3,other@3	3	no	-
getterrainspriteowner	0x0050e7c0	reads-state	complete	85	251	-	0,1	1	1	yes	no	no	0	0	1	2	5	0x4026a0,0x404ab0,0x482ac0,0x4d41c0,0x4d4550	0	0	-	1	1	0	-	0x5aa12c	0x573af4	1	file-io@5,archive@4,memory@5,thread@4,window-input@2,time@2,other@2	2	yes	-
getterrainspriteprocid	0x004ed400	reads-state	complete	81	234	-	0,1	1	1	yes	no	no	0	0	1	2	4	0x4026a0,0x404ab0,0x482ac0,0x4d4550	0	0	-	1	0	0	-	0x5aa12c	-	0	file-io@5,archive@5,memory@6,thread@4,window-input@3,time@3,other@3	3	yes	-
getterrainspritescenarioenterproc	0x0050f150	reads-state	complete	21	79	0	0	0	0	yes	no	no	0	0	0	1	1	0x4d4550	0	0	-	2	0	0	-	0x5d2cf0,0x5d2cf4	-	0	file-io@5,archive@5,memory@6,thread@4,window-input@3,time@3,other@3	3	no	-
getterrainspritesetupprocproc	0x0050efd0	reads-state	complete	21	79	0	0	0	0	yes	no	no	0	0	0	1	1	0x4d4550	0	0	-	2	0	0	-	0x5d2d08,0x5d2d0c	-	0	file-io@5,archive@5,memory@6,thread@4,window-input@3,time@3,other@3	3	no	-
getterrainspritetilesetproc	0x0050ee50	reads-state	complete	21	79	0	0	0	0	yes	no	no	0	0	0	1	1	0x4d4550	0	0	-	2	0	0	-	0x5d2d58,0x5d2d5c	-	0	file-io@5,archive@5,memory@6,thread@4,window-input@3,time@3,other@3	3	no	-
getterrainspritetype	0x0050e310	reads-state	complete	85	251	-	0,1	1	1	yes	no	no	0	0	1	2	5	0x4026a0,0x404ab0,0x482ac0,0x4d41c0,0x4d4550	0	0	-	1	1	0	-	0x5aa12c	0x573af4	1	file-io@5,archive@4,memory@5,thread@4,window-input@2,time@2,other@2	2	yes	-
getterrainspritetypedata	0x0050e010	reads-state	complete	101	308	-	0,1,2	2	2	yes	no	no	0	0	2	0	5	0x4b0ee0,0x4d41c0,0x4d4550,0x50dff0,0x5394a0	0	0	-	1	1	0	-	0x5cd304	0x573ad8	1	file-io@5,archive@4,memory@5,thread@4,window-input@2,time@2,other@2	2	yes	-
getterrainspriteuserbitflag	0x0050fad0	reads-state	complete	151	412	-	0,1,2	2	2	yes	no	no	0	0	2	3	4	0x4026a0,0x404ab0,0x482ac0,0x4d4550	0	0	-	1	0	0	-	0x5aa12c	-	0	file-io@5,archive@5,memory@6,thread@4,window-input@3,time@3,other@3	3	yes	-
getterraintypename	0x004df260	reads-state	complete	85	265	-	0,1	1	1	yes	no	no	0	0	1	2	5	0x404ab0,0x4d41c0,0x4d4550,0x508f70,0x5394a0	0	0	-	2	1	0	-	0x579274,0x5aea30	0x572950	1	file-io@5,archive@4,memory@5,thread@4,window-input@2,time@2,other@2	2	yes	-
gettickcount	0x004e3c00	operand-only	complete	21	78	0	0	0	0	yes	no	no	0	0	0	1	1	0x4d4550	0	0	-	0	0	0	-	-	-	0	file-io@5,archive@5,memory@6,thread@4,window-input@3,time@0,other@3	3	no	KERNEL32.dll!GetTickCount
gettotallines	0x00498130	unknown	complete	29	99	1	1	1	1	yes	no	no	0	0	0	1	3	0x497940,0x498040,0x4d4550	0	0	-	0	0	0	-	-	-	0	file-io@5,archive@5,memory@6,thread@4,window-input@3,time@3,other@3	3	no	-
gettreaty	0x0050a820	unknown	complete	138	407	-	0,1,2	2	2	yes	no	no	0	0	2	1	4	0x4026a0,0x404ab0,0x4d41c0,0x4d4550	0	0	-	0	2	0	-	-	0x573954,0x573970	2	file-io@5,archive@4,memory@5,thread@4,window-input@2,time@2,other@2	2	yes	-
getturnaibrain	0x0051d430	unknown	complete	105	301	-	0,1	1	1	yes	no	no	0	0	1	2	4	0x4026a0,0x404ab0,0x4d41c0,0x4d4550	0	0	-	0	2	0	-	-	0x55b488,0x573e54	2	file-io@5,archive@4,memory@5,thread@4,window-input@2,time@2,other@2	2	yes	-
getturnaidict	0x00521b40	unknown	complete	105	302	-	0,1	1	1	yes	no	no	0	0	1	2	4	0x4026a0,0x404ab0,0x4d41c0,0x4d4550	0	0	-	0	2	0	-	-	0x55b488,0x573e54	2	file-io@5,archive@4,memory@5,thread@4,window-input@2,time@2,other@2	2	yes	-
getunitdata	0x0041c5a0	unknown	complete	68	200	-	0,1,2	2	2	yes	no	no	1	0	1	0	4	0x41bf10,0x41dcc0,0x4d4550,0x5394a0	0	0	-	0	0	0	-	-	-	0	file-io@5,archive@5,memory@6,thread@4,window-input@3,time@3,other@3	3	no	-
getuniteffectivedata	0x00528620	unknown	complete	151	461	-	0,1,2	2	2	yes	no	no	1	0	1	4	8	0x4026a0,0x404ab0,0x41bf10,0x4d41c0,0x4d4550,0x522000,0x527e90,0x527fa0	0	0	-	0	1	0	-	-	0x556604	1	file-io@5,archive@4,memory@5,thread@4,window-input@2,time@2,other@2	2	yes	-
getunitfate	0x0042fe70	reads-state	complete	134	403	-	0,1,2	2	2	yes	no	no	0	0	2	2	5	0x4026a0,0x404ab0,0x42f480,0x4d41c0,0x4d4550	0	0	-	1	2	0	-	0x5adc50	0x555f08,0x555f20	2	file-io@5,archive@4,memory@5,thread@4,window-input@2,time@2,other@2	2	yes	-
getunitflag	0x00467a80	unknown	complete	140	441	-	0,1,2,3,4,5,6,7,8,9,10,11,12,13,14,15	-	2	yes	yes	yes	0	0	2	1	4	0x4026a0,0x404ab0,0x4d4550,0x5394a0	0	0	-	0	0	0	-	-	-	0	file-io@5,archive@5,memory@6,thread@4,window-input@3,time@3,other@3	3	no	-
getunithitpoints	0x0052a180	mutates-state	complete	39	130	1	1	1	1	yes	no	no	1	0	0	1	3	0x41bf10,0x4d4550,0x521fc0	0	0	-	1	0	0	0x5a7b78	0x5a7b78	-	0	file-io@5,archive@5,memory@6,thread@4,window-input@3,time@3,other@3	0	no	-
getunithitpointsandmax	0x0052a490	unknown	complete	66	210	1	1	1	1	yes	no	no	1	0	0	2	3	0x41bf10,0x4d4550,0x522000	0	0	-	0	0	0	-	-	-	0	file-io@5,archive@5,memory@6,thread@4,window-input@3,time@3,other@3	3	no	-
getunitindex	0x0052fb30	reads-state	complete	57	169	-	0,1	1	1	yes	no	no	1	0	0	2	3	0x41be40,0x4d41c0,0x4d4550	0	0	-	2	1	0	-	0x5a7d8c,0x5a8078	0x5743c4	1	file-io@5,archive@4,memory@5,thread@4,window-input@2,time@2,other@2	2	yes	-
getunitleftartifact	0x0042ca40	operand-only	complete	58	156	1	1	1	1	yes	no	no	1	0	0	2	3	0x41bf10,0x428c10,0x4d4550	0	0	-	0	0	0	-	-	-	0	file-io@5,archive@5,memory@6,thread@4,window-input@3,time@3,other@3	3	no	-
getunitlevel	0x004e7cd0	reads-state	complete	151	457	-	0,1,2,3	3	3	yes	no	no	0	0	2	1	6	0x4026a0,0x404ab0,0x485080,0x4d41c0,0x4d4550,0x5228b0	0	0	-	2	3	0	-	0x572aa4,0x5aa12c	0x555960,0x572864,0x572ac0	3	file-io@5,archive@4,memory@5,thread@4,window-input@2,time@2,other@0	1	yes	KERNEL32.dll!OutputDebugStringA
getunitlevelrange	0x0052a090	mutates-state	complete	72	239	-	1,3	3	3	yes	no	no	1	0	0	2	4	0x41bf10,0x4852e0,0x4d4550,0x529e40	0	0	-	2	0	0	0x5a7b78	0x5a7b78,0x5aa12c	-	0	file-io@5,archive@4,memory@6,thread@4,window-input@3,time@2,other@3	0	yes	-
getunitmana	0x0044c340	unknown	complete	81	225	1	1	1	1	yes	no	no	1	0	0	3	4	0x41bf10,0x4d4550,0x529140,0x529180	0	0	-	0	0	0	-	-	-	0	file-io@5,archive@5,memory@6,thread@4,window-input@3,time@3,other@3	3	no	-
getunitmovementpoints	0x0052a210	mutates-state	complete	38	125	1	1	1	1	yes	no	no	1	0	0	1	2	0x41bf10,0x4d4550	0	0	-	1	0	0	0x5a7b78	0x5a7b78	-	0	file-io@5,archive@5,memory@6,thread@4,window-input@3,time@3,other@3	0	no	-
getunitname	0x0044bde0	operand-only	complete	37	119	1	1	1	1	yes	no	no	1	0	0	1	2	0x41bf10,0x4d4550	0	0	-	0	0	0	-	-	-	0	file-io@5,archive@5,memory@6,thread@4,window-input@3,time@3,other@3	3	no	-
getunitrightartifact	0x0042cae0	operand-only	complete	58	156	1	1	1	1	yes	no	no	1	0	0	2	3	0x41bf10,0x428c40,0x4d4550	0	0	-	0	0	0	-	-	-	0	file-io@5,archive@5,memory@6,thread@4,window-input@3,time@3,other@3	3	no	-
getunittypecodecount	0x005245b0	reads-state	complete	120	360	-	0,1,2	2	2	yes	no	no	0	0	2	2	5	0x4026a0,0x404ab0,0x4d41c0,0x4d4550,0x524300	0	0	-	1	1	0	-	0x5cd2ec	0x574110	1	file-io@5,archive@4,memory@5,thread@4,window-input@2,time@2,other@2	2	yes	-
getunittypecount	0x005243e0	reads-state	complete	154	454	-	0,1,2	2	2	yes	no	no	0	0	2	3	4	0x4026a0,0x404ab0,0x4d41c0,0x4d4550	0	0	-	2	2	0	-	0x5cd2f0,0x5cd2f4	0x574110,0x574120	2	file-io@5,archive@4,memory@5,thread@4,window-input@2,time@2,other@2	2	yes	-
getunittypedata	0x00524a20	reads-state	complete	109	313	-	0,1,2	2	2	yes	no	no	0	0	2	0	5	0x4026a0,0x404ab0,0x4d41c0,0x4d4550,0x4d61e0	0	0	-	3	1	0	-	0x5cd2f0,0x5cd2f4,0x5d2f10	0x574168	1	file-io@5,archive@4,memory@5,thread@4,window-input@2,time@2,other@2	2	yes	-
getunittypeeffectivedata	0x0052a710	mutates-state	complete	293	943	-	1,2,3,4,5	5	1	NO	no	no	5	5	0	3	18	0x4026a0,0x404ab0,0x40adb0,0x4116b0,0x4163a0,0x41d1d0,0x483be0,0x4a7d50,0x4d09a0,0x4d41c0,0x4d4550,0x522000,0x526e40,0x526e90,0x527e90,0x527fa0,0x529200,0x533864	0	1	-	7	3	1	-	0x555ec8,0x555ee4,0x584ae0,0x5a7b78,0x5a7cf4,0x5a7cf8,0x5aa12c,0x5ae958	0x555130,0x556604,0x5742f4	3	file-io@5,archive@0,memory@5,thread@4,window-input@2,time@2,other@0	0	yes	KERNEL32.dll!OutputDebugStringA,STORM.dll!#401
getunittypeeffectivedata_level	0x0052adc0	mutates-state	complete	214	705	-	1,2,3,4,5	5	2	NO	no	no	4	0	0	3	14	0x4026a0,0x404ab0,0x40adb0,0x4116b0,0x4163a0,0x483be0,0x4a7d50,0x4d41c0,0x4d4550,0x5228b0,0x526e40,0x526e90,0x529200,0x533864	0	1	-	5	2	1	0x5a7b78	0x555ec8,0x555ee4,0x584ae0,0x5a7b78,0x5aa12c,0x5ae958	0x555130,0x5742f4	2	file-io@5,archive@0,memory@5,thread@4,window-input@2,time@2,other@0	0	yes	KERNEL32.dll!OutputDebugStringA,STORM.dll!#401
getunittypeeffectivedata_levelrange	0x0052aac0	mutates-state	complete	228	755	-	1,2,3,4,6	6	3	NO	no	no	4	6	0	2	15	0x4026a0,0x404ab0,0x40adb0,0x4116b0,0x4163a0,0x41d1d0,0x483be0,0x4a7d50,0x4d41c0,0x4d4550,0x526e40,0x526e90,0x529200,0x529e40,0x533864	0	1	-	5	2	1	0x5a7b78	0x555ec8,0x555ee4,0x584ae0,0x5a7b78,0x5aa12c,0x5ae958	0x555130,0x5742f4	2	file-io@5,archive@0,memory@5,thread@4,window-input@2,time@2,other@0	0	yes	KERNEL32.dll!OutputDebugStringA,STORM.dll!#401
getunittypelevelrange	0x00529ca0	mutates-state	complete	124	403	-	0,1,2,3,4	4	4	yes	no	no	0	0	2	2	4	0x4026a0,0x404ab0,0x4d4550,0x529a90	0	0	-	2	0	0	0x5a7b78	0x5a7b78,0x5aa12c	-	0	file-io@5,archive@4,memory@6,thread@4,window-input@3,time@2,other@3	0	yes	-
getunittypesound	0x00525660	reads-state	complete	139	406	-	0,1,2	2	2	yes	no	no	0	0	2	2	4	0x4026a0,0x404ab0,0x4d41c0,0x4d4550	0	0	-	2	1	0	-	0x5cd2f0,0x5cd2f4	0x5741cc	1	file-io@5,archive@4,memory@5,thread@4,window-input@2,time@2,other@2	2	yes	-
getunittypeterraincost	0x00525ce0	reads-state	complete	139	404	-	0,1,2	2	2	yes	no	no	0	0	2	2	4	0x4026a0,0x404ab0,0x4d41c0,0x4d4550	0	0	-	2	1	0	-	0x5cd2f0,0x5cd2f4	0x574278	1	file-io@5,archive@4,memory@5,thread@4,window-input@2,time@2,other@2	2	yes	-
getunittypeterraindelay	0x005259a0	reads-state	complete	139	404	-	0,1,2	2	2	yes	no	no	0	0	2	2	4	0x4026a0,0x404ab0,0x4d41c0,0x4d4550	0	0	-	2	1	0	-	0x5cd2f0,0x5cd2f4	0x574220	1	file-io@5,archive@4,memory@5,thread@4,window-input@2,time@2,other@2	2	yes	-
getuseddrawblt	0x004da350	reads-state	complete	23	81	0	0	0	0	yes	no	no	0	0	0	1	1	0x4d4550	0	0	-	1	0	0	-	0x5d20bc	-	0	file-io@5,archive@5,memory@6,thread@4,window-input@3,time@3,other@3	3	no	-
getuserproc	0x004e1eb0	reads-state	complete	70	223	-	0,1	1	1	yes	no	no	0	0	1	1	3	0x4d41c0,0x4d4550,0x5394a0	0	0	-	2	1	0	-	0x5a7bc4,0x5a7bc8	0x572a00	1	file-io@5,archive@4,memory@5,thread@4,window-input@2,time@2,other@2	2	yes	-
getvirtualarmyid	0x0044e0a0	reads-state	complete	22	80	0	0	0	0	yes	no	no	0	0	0	1	1	0x4d4550	0	0	-	1	0	0	-	0x5869f4	-	0	file-io@5,archive@5,memory@6,thread@4,window-input@3,time@3,other@3	3	no	-
getvirtualartifactid	0x0044e320	reads-state	complete	59	194	-	0,1	1	1	yes	no	no	0	0	1	1	2	0x4d4550,0x5394a0	0	0	-	1	0	0	-	0x586d64	-	0	file-io@5,archive@5,memory@6,thread@4,window-input@3,time@3,other@3	3	no	-
getvirtualgreattemple	0x0044d8c0	reads-state	complete	21	78	0	0	0	0	yes	no	no	0	0	0	1	1	0x4d4550	0	0	-	1	0	0	-	0x586a38	-	0	file-io@5,archive@5,memory@6,thread@4,window-input@3,time@3,other@3	3	no	-
getvirtualresources	0x0044da40	reads-state	complete	71	242	-	0,1	1	1	yes	no	no	0	0	1	1	2	0x4d4550,0x5394a0	0	0	-	4	0	0	-	0x586a3c,0x586a40,0x586a44,0x586a48	-	0	file-io@5,archive@5,memory@6,thread@4,window-input@3,time@3,other@3	3	no	-
getvirtualspellid	0x0044e590	reads-state	complete	112	364	-	0,1,2	2	2	yes	no	no	0	0	2	1	4	0x4026a0,0x404ab0,0x4d4550,0x5394a0	0	0	-	1	0	0	-	0x586f44	-	0	file-io@5,archive@5,memory@6,thread@4,window-input@3,time@3,other@3	3	no	-
getvirtualspellknowledge	0x0044dc70	reads-state	complete	84	254	-	0,1	1	1	yes	no	no	0	0	1	2	3	0x404ab0,0x4d4550,0x5394a0	0	0	-	1	0	0	-	0x586a4c	-	0	file-io@5,archive@5,memory@6,thread@4,window-input@3,time@3,other@3	3	no	-
getvirtualstronghold	0x0044d7a0	reads-state	complete	21	78	0	0	0	0	yes	no	no	0	0	0	1	1	0x4d4550	0	0	-	1	0	0	-	0x586a34	-	0	file-io@5,archive@5,memory@6,thread@4,window-input@3,time@3,other@3	3	no	-
getvirtualunitspot	0x0044d600	reads-state	complete	59	194	-	0,1	1	1	yes	no	no	0	0	1	1	2	0x4d4550,0x5394a0	0	0	-	1	0	0	-	0x5869f8	-	0	file-io@5,archive@5,memory@6,thread@4,window-input@3,time@3,other@3	3	no	-
getvisiblelines	0x004981a0	unknown	complete	29	99	1	1	1	1	yes	no	no	0	0	0	1	3	0x498040,0x498110,0x4d4550	0	0	-	0	0	0	-	-	-	0	file-io@5,archive@5,memory@6,thread@4,window-input@3,time@3,other@3	3	no	-
getwaitforblank	0x004da150	reads-state	complete	21	78	0	0	0	0	yes	no	no	0	0	0	1	1	0x4d4550	0	0	-	1	0	0	-	0x5d20b4	-	0	file-io@5,archive@5,memory@6,thread@4,window-input@3,time@3,other@3	3	no	-
getwalkheight	0x00458990	reads-state	complete	26	95	0	0	0	0	yes	no	no	0	0	0	1	1	0x4d4550	0	0	-	1	0	0	-	0x5ae93c	-	0	file-io@5,archive@5,memory@6,thread@4,window-input@3,time@3,other@3	3	no	-
getwalkpathpixels	0x00459a90	reads-state	complete	21	78	0	0	0	0	yes	no	no	0	0	0	1	1	0x4d4550	0	0	-	1	0	0	-	0x5ae944	-	0	file-io@5,archive@5,memory@6,thread@4,window-input@3,time@3,other@3	3	no	-
getwallheight	0x00458ab0	reads-state	complete	26	95	0	0	0	0	yes	no	no	0	0	0	1	1	0x4d4550	0	0	-	1	0	0	-	0x5ae940	-	0	file-io@5,archive@5,memory@6,thread@4,window-input@3,time@3,other@3	3	no	-
getwallpathpixels	0x00459ae0	reads-state	complete	21	78	0	0	0	0	yes	no	no	0	0	0	1	1	0x4d4550	0	0	-	1	0	0	-	0x5ae948	-	0	file-io@5,archive@5,memory@6,thread@4,window-input@3,time@3,other@3	3	no	-
getwinningarmy	0x00460ac0	reads-state	complete	55	168	0	0	0	0	yes	no	no	0	0	0	2	2	0x4d4550,0x50b9a0	0	2	0x5aa78c+0x3c,0x5aad68+0x3c	7	0	0	-	0x5aa12c,0x5aa78c,0x5aa78c,0x5aa7b4,0x5aad68,0x5aad68,0x5aad90	-	0	file-io@5,archive@5,memory@6,thread@4,window-input@3,time@3,other@3	3	yes	-
getxrot	0x0046b5d0	reads-state	complete	26	95	0	0	0	0	yes	no	no	0	0	0	1	1	0x4d4550	0	0	-	1	0	0	-	0x587718	-	0	file-io@5,archive@5,memory@6,thread@4,window-input@3,time@3,other@3	3	no	-
getxywhdata	0x004dde50	reads-state	complete	155	429	-	0,1	1	1	yes	no	no	0	2	1	6	5	0x4026a0,0x404ab0,0x41d1d0,0x492910,0x4d41c0	0	0	-	1	1	0	-	0x5a7b50	0x57289c	1	file-io@6,archive@4,memory@5,thread@4,window-input@2,time@2,other@2	2	yes	-
getyrot	0x0046b630	reads-state	complete	26	95	0	0	0	0	yes	no	no	0	0	0	1	1	0x4d4550	0	0	-	1	0	0	-	0x58771c	-	0	file-io@5,archive@5,memory@6,thread@4,window-input@3,time@3,other@3	3	no	-
getzoommode	0x004e4000	reads-state	complete	23	86	0	0	0	0	yes	no	no	0	0	0	1	1	0x4d4550	0	0	-	2	0	0	-	0x5a7d8c,0x5a8078	-	0	file-io@5,archive@5,memory@6,thread@4,window-input@3,time@3,other@3	3	no	-
getzrot	0x0046b690	reads-state	complete	26	95	0	0	0	0	yes	no	no	0	0	0	1	1	0x4d4550	0	0	-	1	0	0	-	0x587720	-	0	file-io@5,archive@5,memory@6,thread@4,window-input@3,time@3,other@3	3	no	-
givebuilding	0x00446260	reads-state	complete	147	421	-	0,1,2,3	3	3	yes	no	no	0	0	3	0	6	0x4026a0,0x404ab0,0x44f2a0,0x482ac0,0x4d41c0,0x4d4550	0	0	-	1	1	0	-	0x5aa12c	0x556824	1	file-io@5,archive@2,memory@5,thread@4,window-input@2,time@2,other@2	1	yes	-
gp2ui	0x004e8a40	unknown	complete	118	375	-	0,1,2,3	3	3	yes	no	no	1	0	2	1	6	0x4026a0,0x404ab0,0x41be40,0x4d4550,0x4e74a0,0x5394a0	0	0	-	0	0	0	-	-	-	0	file-io@5,archive@5,memory@6,thread@4,window-input@3,time@3,other@3	2	no	-
grantintelspellknowledge	0x004a0830	unknown	complete	159	455	-	0,1,2,3	3	3	yes	no	no	0	0	3	0	5	0x4026a0,0x404ab0,0x4bef40,0x4d41c0,0x4d4550	0	0	-	0	2	0	-	-	0x55c8e0,0x55c908	2	file-io@5,archive@4,memory@5,thread@4,window-input@2,time@2,other@2	2	yes	-
grantplayerknowledgeaboutartifact	0x004a1140	reads-state	complete	104	311	-	0,1,2	2	2	yes	no	no	0	0	2	0	3	0x4a0b70,0x4d4550,0x5394a0	0	0	-	1	0	0	-	0x5aa12c	-	0	file-io@5,archive@5,memory@6,thread@4,window-input@3,time@3,other@3	3	yes	-
grantplayerknowledgeaboutspell	0x004a1000	reads-state	complete	104	311	-	0,1,2	2	2	yes	no	no	0	0	2	0	3	0x4a0ca0,0x4d4550,0x5394a0	0	0	-	1	0	0	-	0x5aa12c	-	0	file-io@5,archive@5,memory@6,thread@4,window-input@3,time@3,other@3	3	yes	-
grantspellknowledge	0x004bf190	unknown	complete	62	188	-	0,1,2	2	2	yes	no	no	1	0	1	0	4	0x4bdce0,0x4bef40,0x4d4550,0x5394a0	0	0	-	0	0	0	-	-	-	0	file-io@5,archive@5,memory@6,thread@4,window-input@3,time@3,other@3	3	no	-
griddistance	0x004e5f00	reads-state	complete	111	358	-	0,1,2	2	2	yes	no	no	0	0	2	1	5	0x4026a0,0x404ab0,0x4a8960,0x4d4550,0x5394a0	0	0	-	1	0	0	-	0x5ae958	-	0	file-io@5,archive@5,memory@6,thread@4,window-input@3,time@3,other@3	3	yes	-
gschecksumoff	0x004d6cf0	mutates-state	complete	2	11	0	0	0	0	yes	no	no	0	0	0	0	0	-	0	0	-	0	0	1	-	0x584600	-	0	-	0	no	-
gschecksumon	0x004d6ce0	mutates-state	complete	2	11	0	0	0	0	yes	no	no	0	0	0	0	0	-	0	0	-	0	0	1	-	0x584600	-	0	-	0	no	-
gt	0x004cb690	floating-point	complete	108	342	-	0,1,2	2	2	yes	no	no	0	0	2	1	1	0x4d4550	0	0	-	0	1	0	-	-	0x54dd18	0	file-io@5,archive@5,memory@6,thread@4,window-input@3,time@3,other@3	3	no	-
handlecombatgroupkey	0x00530990	reads-state	complete	52	170	-	0,1	1	1	yes	no	no	0	0	1	0	3	0x4d4550,0x5305b0,0x5394a0	0	0	-	2	0	0	-	0x5a7d8c,0x5a7d90	-	0	file-io@5,archive@3,memory@6,thread@4,window-input@3,time@2,other@3	1	yes	-
hasarmy?	0x004e5090	reads-state	complete	64	204	-	0,1	1	1	yes	no	no	0	0	1	1	3	0x485080,0x4d4550,0x5394a0	0	0	-	1	0	0	-	0x5aa12c	-	0	file-io@5,archive@5,memory@6,thread@4,window-input@3,time@3,other@3	3	yes	-
hasorisarmy?	0x004e4e10	reads-state	complete	64	204	-	0,1	1	1	yes	no	no	0	0	1	1	3	0x485080,0x4d4550,0x5394a0	0	0	-	1	0	0	-	0x5aa12c	-	0	file-io@5,archive@5,memory@6,thread@4,window-input@3,time@3,other@3	3	yes	-
hasprisoners?	0x004c3570	unknown	complete	43	131	1	1	1	1	yes	no	no	1	0	0	2	3	0x41be40,0x4c1c50,0x4d4550	0	0	-	0	0	0	-	-	-	0	file-io@5,archive@5,memory@6,thread@4,window-input@3,time@3,other@3	3	no	-
hasspecialeffect?	0x00427160	unknown	complete	51	147	1	1	1	1	yes	no	no	1	0	0	2	3	0x41bf10,0x427130,0x4d4550	0	0	-	0	0	0	-	-	-	0	file-io@5,archive@5,memory@6,thread@4,window-input@3,time@3,other@3	3	no	-
hastreaty?	0x0049fca0	unknown	complete	166	464	-	0,1,2	2	2	yes	no	no	1	0	1	3	5	0x4026a0,0x404ab0,0x40adb0,0x4d41c0,0x4d4550	0	0	-	0	1	0	-	-	0x55c92c	1	file-io@5,archive@4,memory@5,thread@4,window-input@2,time@2,other@2	2	yes	-
have_retreated	0x00510140	reads-state	complete	79	232	-	0,1	1	1	yes	no	no	0	0	1	1	4	0x4026a0,0x404ab0,0x482ac0,0x4d4550	0	0	-	3	0	0	-	0x5a7d8c,0x5a7d90,0x5aa12c	-	0	file-io@5,archive@5,memory@6,thread@4,window-input@3,time@3,other@3	3	yes	-
hidecursor	0x00472c10	reads-state	complete	4	13	0	0	0	0	yes	no	no	0	0	0	0	1	0x4718d0	0	0	-	1	0	0	-	0x5a9e04	-	0	archive@5,thread@5,window-input@3,time@4,other@6	4	yes	-
hireunit	0x00443920	reads-state	complete	115	357	-	0,1,2	2	2	yes	no	no	0	0	2	0	7	0x4026a0,0x404ab0,0x4435c0,0x482ac0,0x4d41c0,0x4d4550,0x5394a0	0	0	-	1	1	0	-	0x5aa12c	0x55676c	1	file-io@5,archive@4,memory@5,thread@4,window-input@2,time@2,other@2	2	yes	-
hireunitat	0x00443a90	reads-state	complete	134	404	-	0,1,2,3	3	3	yes	no	no	0	0	3	0	6	0x4026a0,0x404ab0,0x4435c0,0x482ac0,0x4d41c0,0x4d4550	0	0	-	1	1	0	-	0x5aa12c	0x55676c	1	file-io@5,archive@4,memory@5,thread@4,window-input@2,time@2,other@2	2	yes	-
hocuspocus	0x004ac220	reads-state	complete	112	363	-	0,1,2	2	2	yes	no	no	0	0	2	1	5	0x4026a0,0x404ab0,0x4abec0,0x4d4550,0x5394a0	0	0	-	1	0	0	-	0x5ae958	-	0	file-io@5,archive@3,memory@5,thread@2,window-input@3,time@3,other@3	3	yes	-
identifypage	0x004db030	file-or-resource-io	complete	166	481	-	0,1,2	2	2	yes	no	no	0	0	2	0	7	0x404ab0,0x491ec0,0x492de0,0x4d41c0,0x4d4550,0x533864,0x5394a0	0	0	-	1	4	0	-	0x5a7b50	0x555130,0x572728,0x572738,0x572750	4	file-io@5,archive@0,memory@5,thread@4,window-input@2,time@2,other@2	2	yes	STORM.dll!#401
idiv	0x004cb090	unknown	complete	110	346	-	0,1,2	2	2	yes	no	no	0	0	2	1	4	0x4026a0,0x4d41c0,0x4d4550,0x5394a0	0	0	-	0	1	0	-	-	0x55e1d4	1	file-io@5,archive@4,memory@5,thread@4,window-input@2,time@2,other@2	2	yes	-
if	0x004c9ee0	unknown	complete	81	24180	-	0,1,2	2	2	yes	no	no	0	0	2	0	3	0x4d05e0,0x4d4550,0x5394a0	0	0	-	0	0	0	-	-	-	0	file-io@5,archive@3,memory@6,thread@4,window-input@3,time@1,other@3	3	no	-
ifelse	0x004c9ef0	unknown	complete	113	24538	-	0,1,2,3	3	3	yes	no	no	0	0	3	0	3	0x4d05e0,0x4d4550,0x5394a0	0	0	-	0	0	0	-	-	-	0	file-io@5,archive@3,memory@6,thread@4,window-input@3,time@1,other@3	3	no	-
iknowyouknowspell?	0x004a1720	unknown	complete	186	526	-	0,1,2,3	3	3	yes	no	no	0	0	3	1	5	0x4026a0,0x404ab0,0x4beef0,0x4d41c0,0x4d4550	0	0	-	0	2	0	-	-	0x55c948,0x55c958	2	file-io@5,archive@4,memory@5,thread@4,window-input@2,time@2,other@2	2	yes	-
imp	0x0049b690	file-or-resource-io	complete	64	216	-	0,1	1	1	yes	no	no	0	0	1	1	2	0x4923e0,0x4d4550	0	0	-	1	0	0	-	0x5a7b50	-	0	file-io@5,archive@1,memory@6,thread@4,window-input@3,time@3,other@3	2	yes	-
impplayer	0x0049e770	reads-state	complete	73	231	-	0,1	1	1	yes	no	no	0	0	1	1	5	0x4924a0,0x492850,0x4d41c0,0x4d4550,0x5394a0	0	0	-	1	1	0	-	0x5a7b50	0x55c8bc	1	file-io@5,archive@2,memory@5,thread@4,window-input@2,time@2,other@2	2	yes	-
incmultiplayeroption	0x004b2170	reads-state	complete	65	193	-	0,1	1	1	yes	no	no	0	0	1	0	3	0x4b1db0,0x4d4550,0x5394a0	0	0	-	1	0	0	-	0x5aa64c	-	0	file-io@5,archive@5,memory@6,thread@4,window-input@3,time@3,other@3	1	yes	-
incombat	0x004e3ea0	reads-state	complete	38	123	0	0	0	0	yes	no	no	0	0	0	2	1	0x4d4550	0	0	-	2	0	0	-	0x5a7d8c,0x5a8078	-	0	file-io@5,archive@5,memory@6,thread@4,window-input@3,time@3,other@3	3	no	-
incombatautocalc	0x004d6720	reads-state	complete	6	18	0	0	0	0	yes	no	no	0	0	0	0	1	0x42e5a0	0	0	-	1	0	0	-	0x5adc50	-	0	archive@2,thread@6,graphics@4,window-input@4,time@3,other@4	2	yes	-
increment	0x004ccc40	operand-only	complete	124	17983	-	0,1	1	1	yes	no	no	0	0	1	0	1	0x4d4550	0	0	-	0	0	0	-	-	-	0	file-io@5,archive@5,memory@6,thread@4,window-input@3,time@3,other@3	3	no	-
incrementstartingline	0x00497f60	unknown	complete	29	99	1	1	1	1	yes	no	no	0	0	0	1	3	0x497dd0,0x498040,0x4d4550	0	0	-	0	0	0	-	-	-	0	file-io@5,archive@5,memory@6,thread@4,window-input@3,time@3,other@3	3	no	-
indicatepath	0x004ba780	reads-state	complete	63	194	-	0,1	1	1	yes	no	no	0	0	1	0	5	0x482ac0,0x4d41c0,0x4d4550,0x4fbc50,0x5394a0	0	0	-	2	1	0	-	0x5aa12c,0x5ae974	0x55d658	1	file-io@5,archive@3,memory@5,thread@4,window-input@2,time@2,other@2	1	yes	-
initcastdata	0x004f1b90	mutates-state	complete	17	79	0	0	0	0	yes	no	no	0	0	0	0	0	-	0	0	-	0	0	15	-	0x584c1c,0x584c20,0x584c24,0x584c28,0x584c2c,0x584c30,0x584c34,0x584c38,0x584c3c,0x584c40,0x584c44,0x584c48,0x584c4c,0x584c50,0x584c54	-	0	-	0	no	-
initgamereservedints	0x00489730	reads-state	complete	2	10	0	0	0	0	yes	no	no	0	0	0	0	0	0x4896c0	1	0	-	1	0	0	-	0x5aa12c	-	0	-	-	yes	-
initmovementflags	0x004ac500	reads-state	complete	4	13	0	0	0	0	yes	no	no	0	0	0	0	1	0x4a9ca0	0	0	-	1	0	0	-	0x5ae958	-	0	archive@5	-	yes	-
initmovementflags_citycombat	0x004ac510	reads-state	complete	4	13	0	0	0	0	yes	no	no	0	0	0	0	1	0x4a9ca0	0	0	-	1	0	0	-	0x5ae958	-	0	archive@5	-	yes	-
inittest	0x0051bc30	stub	complete	1	1	0	0	0	0	yes	no	no	0	0	0	0	0	-	0	0	-	0	0	0	-	-	-	0	-	-	no	-
initusers	0x004deeb0	reads-state	complete	14	10	0	0	0	0	yes	no	no	0	0	0	0	1	0x52b600	0	0	-	1	0	0	-	0x584ae8	-	0	-	-	yes	-
inmainview	0x004e3f70	reads-state	complete	43	138	0	0	0	0	yes	no	no	0	0	0	2	1	0x4d4550	0	0	-	2	0	0	-	0x5a7d8c,0x5a8078	-	0	file-io@5,archive@5,memory@6,thread@4,window-input@3,time@3,other@3	3	no	-
installregent	0x00450550	reads-state	complete	27	67	-	1,2	2	2	yes	no	no	1	0	0	0	3	0x41be40,0x451a70,0x45cea0	0	0	-	1	0	0	-	0x5aa12c	-	0	file-io@6,archive@5,memory@6,thread@5,window-input@3,time@3,other@3	1	no	-
instantfreeprisoner	0x004c38d0	unknown	complete	11	32	1	1	1	1	yes	no	no	1	0	0	0	1	0x41be40,0x4c2450	1	0	-	0	0	0	-	-	-	0	file-io@6,archive@5,memory@6,thread@5,window-input@3,time@3,other@3	3	no	-
instantiatemultileveldungeon	0x00488ab0	file-or-resource-io	complete	57	179	-	0,1	1	1	yes	no	no	0	0	1	0	4	0x482ac0,0x485670,0x4d4550,0x5394a0	0	0	-	1	0	0	-	0x5aa12c	-	0	file-io@5,archive@1,memory@4,thread@2,window-input@3,time@3,other@3	2	yes	-
instantkillprisoner	0x004c3840	reads-state	complete	47	144	1	1	1	1	yes	no	no	1	0	0	0	5	0x41be40,0x41e170,0x420560,0x4d09a0,0x52d160	0	0	-	6	0	0	-	0x5a7b78,0x5a7be4,0x5a7be8,0x5a7d8c,0x5a7d90,0x5a7d90	-	0	file-io@6,archive@4,memory@6,thread@5,graphics@6,window-input@3,time@2,other@3	3	yes	-
interrogateprisonerproc	0x004e2b20	mutates-state	complete	29	100	-	0,1	1	1	yes	no	no	0	0	1	0	1	0x4d4550	0	0	-	0	0	2	-	0x5a7cbc,0x5a7cc0	-	0	file-io@5,archive@5,memory@6,thread@4,window-input@3,time@3,other@3	0	no	-
interrogateprisoners	0x004c3700	unknown	complete	31	86	1	1	1	1	yes	no	no	1	0	0	0	3	0x41be40,0x4c1c50,0x4c2330	0	0	-	0	0	0	-	-	-	0	file-io@6,archive@5,memory@6,thread@5,window-input@3,time@3,other@3	3	no	-
interruptsound	0x004793d0	mutates-state	complete	61	218	-	0,1	1	1	yes	no	no	0	0	1	0	4	0x478920,0x478c00,0x4d4550,0x5394a0	0	0	-	2	0	4	-	0x585408,0x586774,0x5867a0,0x5867a4,0x5867a8,0x5867b4	-	0	file-io@5,archive@2,memory@6,thread@4,window-input@3,time@3,other@2	0	yes	-
isactive?	0x00409740	reads-state	complete	86	248	-	0,1	1	1	yes	no	no	0	0	1	2	5	0x4026a0,0x404ab0,0x407d50,0x482ac0,0x4d4550	0	0	-	1	0	0	-	0x5aa12c	-	0	file-io@5,archive@5,memory@6,thread@4,window-input@3,time@3,other@3	3	yes	-
isairunit?	0x00426f90	unknown	complete	53	157	1	1	1	1	yes	no	no	1	0	0	2	3	0x41bf10,0x4d4550,0x521e30	0	0	-	0	0	0	-	-	-	0	file-io@5,archive@5,memory@6,thread@4,window-input@3,time@3,other@3	3	no	-
isanything?	0x004e66a0	reads-state	complete	70	218	-	0,1	1	1	yes	no	no	0	0	1	1	3	0x4d4550,0x4f6000,0x5394a0	0	0	-	1	0	0	-	0x5ae974	-	0	file-io@5,archive@5,memory@6,thread@4,window-input@3,time@3,other@3	3	yes	-
isarmy?	0x004e4d00	reads-state	complete	87	260	-	0,1	1	1	yes	no	no	0	0	1	2	4	0x404ab0,0x4d4550,0x4f6000,0x5394a0	0	0	-	1	0	0	-	0x5ae974	-	0	file-io@5,archive@5,memory@6,thread@4,window-input@3,time@3,other@3	3	yes	-
isarmybeingattacked?	0x00466d00	reads-state	complete	82	245	-	0,1	1	1	yes	no	no	0	0	1	2	4	0x404ab0,0x4062c0,0x4d4550,0x5394a0	0	0	-	1	0	0	-	0x5ae958	-	0	file-io@5,archive@5,memory@6,thread@4,window-input@3,time@3,other@3	3	yes	-
isarmydamagingtarget?	0x00466c00	reads-state	complete	82	245	-	0,1	1	1	yes	no	no	0	0	1	2	4	0x404ab0,0x406020,0x4d4550,0x5394a0	0	0	-	1	0	0	-	0x5ae958	-	0	file-io@5,archive@5,memory@6,thread@4,window-input@3,time@3,other@3	3	yes	-
isarmydead?	0x004673b0	reads-state	complete	99	281	-	0,1	1	1	yes	no	no	0	0	1	3	5	0x4026a0,0x404ab0,0x407d50,0x482ac0,0x4d4550	0	0	-	1	0	0	-	0x5aa12c	-	0	file-io@5,archive@5,memory@6,thread@4,window-input@3,time@3,other@3	3	yes	-
isarmyinterrainsprite?	0x004ed300	reads-state	complete	87	251	-	0,1	1	1	yes	no	no	0	0	1	2	4	0x4026a0,0x404ab0,0x482ac0,0x4d4550	0	0	-	1	0	0	-	0x5aa12c	-	0	file-io@5,archive@5,memory@6,thread@4,window-input@3,time@3,other@3	3	yes	-
isarmyretreated?	0x00467540	operand-only	complete	31	103	1	1	1	1	yes	no	no	1	0	0	1	3	0x407d60,0x41be40,0x4d4550	0	0	-	0	0	0	-	-	-	0	file-io@5,archive@5,memory@6,thread@4,window-input@3,time@3,other@3	3	no	-
isarmytrulydead?	0x004674d0	operand-only	complete	32	106	1	1	1	1	yes	no	no	1	0	0	1	2	0x41be40,0x4d4550	0	0	-	0	0	0	-	-	-	0	file-io@5,archive@5,memory@6,thread@4,window-input@3,time@3,other@3	3	no	-
isartifacttypeinvisible?	0x0042d240	unknown	complete	100	288	-	0,1	1	1	yes	no	no	0	0	1	3	4	0x4026a0,0x404ab0,0x427b80,0x4d4550	0	0	-	0	0	0	-	-	-	0	file-io@5,archive@5,memory@6,thread@4,window-input@3,time@3,other@3	3	no	-
isattacker?	0x00464400	reads-state	complete	37	119	0	0	0	0	yes	no	no	0	0	0	2	1	0x4d4550	0	0	-	2	0	0	-	0x5577c8,0x5aa7d4	-	0	file-io@5,archive@5,memory@6,thread@4,window-input@3,time@3,other@3	3	no	-
isattackspell?	0x004258a0	unknown	complete	106	314	-	0,1,2	2	2	yes	no	no	1	0	1	2	5	0x404ab0,0x41bf10,0x4d4550,0x529360,0x5394a0	0	0	-	0	0	0	-	-	-	0	file-io@5,archive@5,memory@6,thread@4,window-input@3,time@3,other@3	3	no	-
isboat?	0x004e7850	unknown	complete	40	128	1	1	1	1	yes	no	no	1	0	0	1	3	0x415470,0x41bf10,0x4d4550	0	0	-	0	0	0	-	-	-	0	file-io@5,archive@5,memory@6,thread@4,window-input@3,time@3,other@3	3	no	-
isbuilding?	0x004e4bf0	reads-state	complete	91	262	-	0,1	1	1	yes	no	no	0	0	1	2	4	0x404ab0,0x4d4550,0x4f6000,0x5394a0	0	0	-	1	0	0	-	0x5ae974	-	0	file-io@5,archive@5,memory@6,thread@4,window-input@3,time@3,other@3	3	yes	-
isbuildingcombat?	0x00464860	reads-state	complete	36	113	0	0	0	0	yes	no	no	0	0	0	2	1	0x4d4550	0	0	-	1	0	0	-	0x583100	-	0	file-io@5,archive@5,memory@6,thread@4,window-input@3,time@3,other@3	3	no	-
iscastbreath?	0x00408b50	reads-state	complete	86	248	-	0,1	1	1	yes	no	no	0	0	1	2	5	0x4026a0,0x404ab0,0x407ba0,0x482ac0,0x4d4550	0	0	-	1	0	0	-	0x5aa12c	-	0	file-io@5,archive@5,memory@6,thread@4,window-input@3,time@3,other@3	3	yes	-
ischampionbrainargvalid?	0x0040fd10	reads-state	complete	133	391	-	0,1,2	2	2	yes	no	no	0	0	2	3	4	0x4026a0,0x404ab0,0x40f4e0,0x4d4550	0	0	-	1	0	0	-	0x5aeed0	-	0	file-io@5,archive@5,memory@6,thread@4,window-input@3,time@3,other@3	3	yes	-
iscity?	0x004e4ae0	reads-state	complete	91	262	-	0,1	1	1	yes	no	no	0	0	1	2	4	0x404ab0,0x4d4550,0x4f6000,0x5394a0	0	0	-	1	0	0	-	0x5ae974	-	0	file-io@5,archive@5,memory@6,thread@4,window-input@3,time@3,other@3	3	yes	-
iscitycombat?	0x004648e0	reads-state	complete	36	113	0	0	0	0	yes	no	no	0	0	0	2	1	0x4d4550	0	0	-	1	0	0	-	0x583100	-	0	file-io@5,archive@5,memory@6,thread@4,window-input@3,time@3,other@3	3	no	-
iscitygate?	0x00427030	unknown	complete	44	137	1	1	1	1	yes	no	no	1	0	0	2	3	0x41be40,0x4d4550,0x521ed0	0	0	-	0	0	0	-	-	-	0	file-io@5,archive@5,memory@6,thread@4,window-input@3,time@3,other@3	3	no	-
iscitygateclose?	0x00458d50	reads-state	complete	36	113	0	0	0	0	yes	no	no	0	0	0	2	1	0x4d4550	0	0	-	1	0	0	-	0x5ae935	-	0	file-io@5,archive@5,memory@6,thread@4,window-input@3,time@3,other@3	3	no	-
iscitygateopen?	0x00458cb0	reads-state	complete	59	155	0	0	0	0	yes	no	no	0	0	0	3	1	0x4d4550	0	0	-	1	0	0	-	0x5ae935	-	0	file-io@5,archive@5,memory@6,thread@4,window-input@3,time@3,other@3	3	no	-
iscityundertreaty?	0x0051dbe0	reads-state	complete	100	288	-	0,1	1	1	yes	no	no	0	0	1	2	7	0x4026a0,0x404ab0,0x482ac0,0x4d41c0,0x4d4550,0x51d580,0x51d8e0	0	0	-	1	2	0	-	0x5aa12c	0x573e7c,0x573e84	2	file-io@5,archive@4,memory@5,thread@4,window-input@2,time@2,other@2	2	yes	-
isconquered?	0x0050f810	reads-state	complete	88	258	-	0,1	1	1	yes	no	no	0	0	1	2	6	0x4026a0,0x404ab0,0x482ac0,0x4d41c0,0x4d4550,0x50c7f0	0	0	-	1	1	0	-	0x5aa12c	0x573af4	1	file-io@5,archive@4,memory@5,thread@4,window-input@2,time@2,other@2	2	yes	-
iscontrolledbuilding?	0x00443360	reads-state	complete	85	246	-	0,1	1	1	yes	no	no	0	0	1	2	5	0x4026a0,0x404ab0,0x443280,0x482ac0,0x4d4550	0	0	-	1	0	0	-	0x5aa12c	-	0	file-io@5,archive@5,memory@6,thread@4,window-input@3,time@3,other@3	3	yes	-
iscurrentartifactknowntoplayer?	0x0042bee0	reads-state	complete	90	258	-	0,1	1	1	yes	no	no	0	0	1	2	4	0x4026a0,0x404ab0,0x4d41c0,0x4d4550	0	0	-	1	1	0	-	0x5788c4	0x555e24	1	file-io@5,archive@4,memory@5,thread@4,window-input@2,time@2,other@2	2	yes	-
iscurrentartifactwielded?	0x0042bff0	reads-state	complete	48	135	0	0	0	0	yes	no	no	0	0	0	2	2	0x4d41c0,0x4d4550	0	0	-	1	1	0	-	0x5788c4	0x555e24	1	file-io@5,archive@4,memory@5,thread@4,window-input@2,time@2,other@2	2	yes	-
iscustomleader?	0x0044cd10	reads-state	complete	21	78	0	0	0	0	yes	no	no	0	0	0	1	1	0x4d4550	0	0	-	1	0	0	-	0x5876c4	-	0	file-io@5,archive@5,memory@6,thread@4,window-input@3,time@3,other@3	3	no	-
isdefender?	0x00464570	reads-state	complete	37	119	0	0	0	0	yes	no	no	0	0	0	2	1	0x4d4550	0	0	-	2	0	0	-	0x5577c8,0x5aadb0	-	0	file-io@5,archive@5,memory@6,thread@4,window-input@3,time@3,other@3	3	no	-
isdefendspell?	0x004259e0	unknown	complete	121	355	-	0,1,2	2	2	yes	no	no	1	0	1	3	5	0x4026a0,0x404ab0,0x41bf10,0x4d4550,0x529360	0	0	-	0	0	0	-	-	-	0	file-io@5,archive@5,memory@6,thread@4,window-input@3,time@3,other@3	3	no	-
isdetectthief?	0x00507380	operand-only	complete	32	106	1	1	1	1	yes	no	no	1	0	0	1	2	0x41be40,0x4d4550	0	0	-	0	0	0	-	-	-	0	file-io@5,archive@5,memory@6,thread@4,window-input@3,time@3,other@3	3	no	-
isdisabledspell?	0x004f0670	reads-state	complete	85	258	-	0,1	1	1	yes	no	no	0	0	1	2	4	0x404ab0,0x4d4550,0x4efe80,0x5394a0	0	0	-	1	0	0	-	0x5aee6c	-	0	file-io@5,archive@5,memory@6,thread@4,window-input@3,time@3,other@3	3	yes	-
isdonegetintoformation?	0x00499e50	unknown	complete	144	407	-	0,1,2	2	2	yes	no	no	0	0	2	2	5	0x4026a0,0x404ab0,0x498720,0x4d41c0,0x4d4550	0	0	-	0	1	0	-	-	0x55c710	1	file-io@5,archive@4,memory@5,thread@4,window-input@2,time@2,other@2	2	yes	-
isdungeonempty?	0x005111b0	unknown	complete	71	178	1	1	1	1	yes	no	no	0	0	0	2	2	0x4d4550,0x50cd20	0	0	-	0	0	0	-	-	-	0	file-io@5,archive@5,memory@6,thread@4,window-input@3,time@3,other@3	3	no	-
isfleemark?	0x004e4ee0	reads-state	complete	91	262	-	0,1	1	1	yes	no	no	0	0	1	2	4	0x404ab0,0x4d4550,0x4f6000,0x5394a0	0	0	-	1	0	0	-	0x5ae974	-	0	file-io@5,archive@5,memory@6,thread@4,window-input@3,time@3,other@3	3	yes	-
isfullstrength?	0x004d69d0	unknown	complete	94	240	1	1	1	1	yes	no	no	1	0	0	3	3	0x41be40,0x4d4550,0x522000	0	0	-	0	0	0	-	-	-	0	file-io@5,archive@5,memory@6,thread@4,window-input@3,time@3,other@3	3	no	-
isgatedestroy?	0x00459b30	reads-state	complete	39	122	0	0	0	0	yes	no	no	0	0	0	2	1	0x4d4550	0	0	-	1	0	0	-	0x5ae935	-	0	file-io@5,archive@5,memory@6,thread@4,window-input@3,time@3,other@3	3	no	-
isgeneralspell?	0x00425c90	unknown	complete	121	355	-	0,1,2	2	2	yes	no	no	1	0	1	3	5	0x4026a0,0x404ab0,0x41bf10,0x4d4550,0x529360	0	0	-	0	0	0	-	-	-	0	file-io@5,archive@5,memory@6,thread@4,window-input@3,time@3,other@3	3	no	-
isgreattemple?	0x0050f690	reads-state	complete	85	246	-	0,1	1	1	yes	no	no	0	0	1	2	5	0x4026a0,0x404ab0,0x482ac0,0x4d4550,0x50f790	0	0	-	1	0	0	-	0x5aa12c	-	0	file-io@5,archive@5,memory@6,thread@4,window-input@3,time@3,other@3	3	yes	-
isgreattempleactive?	0x0050f570	reads-state	complete	105	277	1	1	1	1	yes	no	no	0	0	0	3	4	0x451a70,0x4d4550,0x4fbe60,0x50f7e0	0	3	-	1	0	0	-	0x5ae974	-	0	file-io@5,archive@5,memory@6,thread@4,window-input@3,time@3,other@3	3	yes	-
isgroupbeingattacked?	0x00499170	reads-state	complete	103	300	-	0,1	1	1	yes	no	no	0	0	1	2	5	0x4026a0,0x404ab0,0x498830,0x4d41c0,0x4d4550	0	0	-	1	1	0	-	0x5577c8	0x55c710	1	file-io@5,archive@4,memory@5,thread@4,window-input@2,time@2,other@2	2	yes	-
isgroupbeingattackedorattacking?	0x004992a0	reads-state	complete	103	300	-	0,1	1	1	yes	no	no	0	0	1	2	5	0x4026a0,0x404ab0,0x498880,0x4d41c0,0x4d4550	0	0	-	1	1	0	-	0x5577c8	0x55c710	1	file-io@5,archive@4,memory@5,thread@4,window-input@2,time@2,other@2	2	yes	-
isgroupselect	0x0052f640	reads-state	complete	39	128	0	0	0	0	yes	no	no	0	0	0	2	2	0x4d4550,0x52d1d0	0	0	-	2	0	0	-	0x5a7d8c,0x5a7d90	-	0	file-io@5,archive@5,memory@6,thread@4,window-input@3,time@3,other@3	3	yes	-
isheir?	0x004c0990	operand-only	complete	40	128	1	1	1	1	yes	no	no	1	0	0	1	3	0x41bf10,0x4d4550,0x525f20	0	0	-	0	0	0	-	-	-	0	file-io@5,archive@5,memory@6,thread@4,window-input@3,time@3,other@3	3	no	-
ishost	0x004b5e80	reads-state	complete	30	107	0	0	0	0	yes	no	no	0	0	0	1	2	0x4b7dd0,0x4d4550	0	0	-	1	0	0	-	0x5d1e84	-	0	file-io@5,archive@5,memory@6,thread@4,window-input@3,time@3,other@3	3	no	-
isinside?	0x00424b80	operand-only	complete	35	112	1	1	1	1	yes	no	no	1	0	0	1	2	0x41be40,0x4d4550	0	0	-	0	0	0	-	-	-	0	file-io@5,archive@5,memory@6,thread@4,window-input@3,time@3,other@3	3	no	-
isinspellcastmode?	0x00502bf0	reads-state	complete	24	86	0	0	0	0	yes	no	no	0	0	0	1	2	0x4d4550,0x502bd0	0	0	-	1	0	0	-	0x584ae8	-	0	file-io@5,archive@5,memory@6,thread@4,window-input@3,time@3,other@3	3	yes	-
isleader?	0x004bdc20	operand-only	complete	40	128	1	1	1	1	yes	no	no	1	0	0	1	3	0x41bf10,0x4d4550,0x525f10	0	0	-	0	0	0	-	-	-	0	file-io@5,archive@5,memory@6,thread@4,window-input@3,time@3,other@3	3	no	-
ismercenary?	0x0052a390	operand-only	complete	40	125	1	1	1	1	yes	no	no	1	0	0	1	2	0x41bf10,0x4d4550	0	0	-	0	0	0	-	-	-	0	file-io@5,archive@5,memory@6,thread@4,window-input@3,time@3,other@3	3	no	-
ismovingstealthily?	0x004c2ff0	reads-state	complete	87	258	-	0,1	1	1	yes	no	no	0	0	1	2	5	0x4026a0,0x404ab0,0x482ac0,0x4d41c0,0x4d4550	0	0	-	1	1	0	-	0x5aa12c	0x555960	1	file-io@5,archive@4,memory@5,thread@4,window-input@2,time@2,other@2	2	yes	-
isnormalcombat?	0x00464960	reads-state	complete	36	113	0	0	0	0	yes	no	no	0	0	0	2	1	0x4d4550	0	0	-	1	0	0	-	0x583100	-	0	file-io@5,archive@5,memory@6,thread@4,window-input@3,time@3,other@3	3	no	-
isonlywizardleft?	0x004696a0	reads-state	complete	64	192	0	0	0	0	yes	no	no	0	0	0	1	5	0x407d50,0x420620,0x4d4550,0x4f6000,0x525fc0	0	0	-	4	0	0	-	0x5577c8,0x5ae974,0x5ae98c,0x5ae998	-	0	file-io@5,archive@5,memory@6,thread@4,window-input@3,time@3,other@3	3	yes	-
isplayerattacker?	0x00464480	reads-state	complete	80	232	-	0,1	1	1	yes	no	no	0	0	1	2	3	0x404ab0,0x4d4550,0x5394a0	0	0	-	1	0	0	-	0x5aa7d4	-	0	file-io@5,archive@5,memory@6,thread@4,window-input@3,time@3,other@3	3	no	-
isplayerdefender?	0x004645f0	reads-state	complete	80	232	-	0,1	1	1	yes	no	no	0	0	1	2	3	0x404ab0,0x4d4550,0x5394a0	0	0	-	1	0	0	-	0x5aadb0	-	0	file-io@5,archive@5,memory@6,thread@4,window-input@3,time@3,other@3	3	no	-
isplayerdefendingcity?	0x004646e0	reads-state	complete	82	252	-	0,1	1	1	yes	no	no	0	0	1	2	3	0x404ab0,0x4d4550,0x5394a0	0	0	-	2	0	0	-	0x583100,0x5aadb0	-	0	file-io@5,archive@5,memory@6,thread@4,window-input@3,time@3,other@3	3	no	-
isplayerinsidecity?	0x00459f00	reads-state	complete	136	382	-	0,1	1	1	yes	no	no	0	0	1	3	6	0x4026a0,0x404ab0,0x407d50,0x4a9a60,0x4d4550,0x4f6000	0	0	-	4	0	0	-	0x5ae958,0x5ae974,0x5ae98c,0x5ae998	-	0	file-io@5,archive@5,memory@6,thread@4,window-input@3,time@3,other@3	3	yes	-
isplayerstealingmyresource?	0x005081f0	unknown	complete	129	381	-	0,1,2	2	2	yes	no	no	0	0	2	2	4	0x4026a0,0x404ab0,0x4d4550,0x508190	0	0	-	0	0	0	-	-	-	0	file-io@5,archive@5,memory@6,thread@4,window-input@3,time@3,other@3	3	no	-
isplayingquest	0x004c4900	reads-state	complete	41	111	0	0	0	0	yes	no	no	0	0	0	2	1	0x4d4550	0	0	-	1	0	0	-	0x5aeef0	-	0	file-io@5,archive@5,memory@6,thread@4,window-input@3,time@3,other@3	3	no	-
ispolymorphed?	0x00527a70	unknown	complete	40	128	1	1	1	1	yes	no	no	1	0	0	1	3	0x41bf10,0x4d4550,0x527860	0	0	-	0	0	0	-	-	-	0	file-io@5,archive@5,memory@6,thread@4,window-input@3,time@3,other@3	3	no	-
isprisoner?	0x004c3600	unknown	complete	31	103	1	1	1	1	yes	no	no	1	0	0	1	3	0x41be40,0x4c1cf0,0x4d4550	0	0	-	0	0	0	-	-	-	0	file-io@5,archive@5,memory@6,thread@4,window-input@3,time@3,other@3	3	no	-
isrally?	0x00408b50	reads-state	complete	86	248	-	0,1	1	1	yes	no	no	0	0	1	2	5	0x4026a0,0x404ab0,0x407ba0,0x482ac0,0x4d4550	0	0	-	1	0	0	-	0x5aa12c	-	0	file-io@5,archive@5,memory@6,thread@4,window-input@3,time@3,other@3	3	yes	-
isrealarmy?	0x004e4ff0	operand-only	complete	61	157	1	1	1	1	yes	no	no	1	0	0	3	2	0x41be40,0x4d4550	0	0	-	0	0	0	-	-	-	0	file-io@5,archive@5,memory@6,thread@4,window-input@3,time@3,other@3	3	no	-
issatellite	0x00440780	reads-state	complete	99	281	-	0,1	1	1	yes	no	no	0	0	1	3	5	0x4026a0,0x404ab0,0x43de60,0x482ac0,0x4d4550	0	0	-	1	0	0	-	0x5aa12c	-	0	file-io@5,archive@5,memory@6,thread@4,window-input@3,time@3,other@3	3	yes	-
isseen?	0x00424bf0	floating-point	complete	77	230	-	0,1,2	2	2	yes	no	no	1	0	1	1	4	0x41be40,0x4d4550,0x5071c0,0x5394a0	0	0	-	0	0	0	-	-	-	0	file-io@5,archive@5,memory@6,thread@4,window-input@3,time@3,other@3	3	no	-
isshiphaspassenger?	0x004e9930	unknown	complete	80	213	1	1	1	1	yes	no	no	1	0	0	3	4	0x415470,0x41bf10,0x4d4550,0x4e7250	0	0	-	0	0	0	-	-	-	0	file-io@5,archive@5,memory@6,thread@4,window-input@3,time@3,other@3	3	no	-
issoundplaying	0x0047a390	reads-state	complete	119	319	-	0,1	1	1	yes	no	no	0	0	1	3	3	0x4026a0,0x404ab0,0x4d4550	0	1	-	3	0	0	-	0x585408,0x5854fc,0x585588	-	0	file-io@5,archive@5,memory@6,thread@4,window-input@3,time@3,other@3	3	yes	-
isspecialcombat?	0x004647e0	reads-state	complete	36	113	0	0	0	0	yes	no	no	0	0	0	2	1	0x4d4550	0	0	-	1	0	0	-	0x583100	-	0	file-io@5,archive@5,memory@6,thread@4,window-input@3,time@3,other@3	3	no	-
isspelleffect?	0x004e53d0	reads-state	complete	91	262	-	0,1	1	1	yes	no	no	0	0	1	2	4	0x404ab0,0x4d4550,0x4f6000,0x5394a0	0	0	-	1	0	0	-	0x5ae974	-	0	file-io@5,archive@5,memory@6,thread@4,window-input@3,time@3,other@3	3	yes	-
isspellknown?	0x004bf250	unknown	complete	78	237	-	0,1,2	2	2	yes	no	no	1	0	1	1	4	0x4bdce0,0x4beef0,0x4d4550,0x5394a0	0	0	-	0	0	0	-	-	-	0	file-io@5,archive@5,memory@6,thread@4,window-input@3,time@3,other@3	3	no	-
isspitweb?	0x00408b50	reads-state	complete	86	248	-	0,1	1	1	yes	no	no	0	0	1	2	5	0x4026a0,0x404ab0,0x407ba0,0x482ac0,0x4d4550	0	0	-	1	0	0	-	0x5aa12c	-	0	file-io@5,archive@5,memory@6,thread@4,window-input@3,time@3,other@3	3	yes	-
isterrainsprite?	0x004e52c0	reads-state	complete	88	261	-	0,1	1	1	yes	no	no	0	0	1	2	4	0x404ab0,0x4d4550,0x4f6000,0x5394a0	0	0	-	1	0	0	-	0x5ae974	-	0	file-io@5,archive@5,memory@6,thread@4,window-input@3,time@3,other@3	3	yes	-
isterraspell?	0x00425b50	unknown	complete	107	315	-	0,1,2	2	2	yes	no	no	1	0	1	2	5	0x404ab0,0x41bf10,0x4d4550,0x529360,0x5394a0	0	0	-	0	0	0	-	-	-	0	file-io@5,archive@5,memory@6,thread@4,window-input@3,time@3,other@3	3	no	-
isthroughdoorway?	0x004270c0	operand-only	complete	32	106	1	1	1	1	yes	no	no	1	0	0	1	2	0x41be40,0x4d4550	0	0	-	0	0	0	-	-	-	0	file-io@5,archive@5,memory@6,thread@4,window-input@3,time@3,other@3	3	no	-
isunconscious?	0x004c37d0	operand-only	complete	31	103	1	1	1	1	yes	no	no	1	0	0	1	3	0x41be40,0x4c37c0,0x4d4550	0	0	-	0	0	0	-	-	-	0	file-io@5,archive@5,memory@6,thread@4,window-input@3,time@3,other@3	3	no	-
isuniquecreaturesummoned?	0x00510d20	unknown	complete	51	138	1	1	1	1	yes	no	no	0	0	0	2	2	0x4d4550,0x50cd20	0	0	-	0	0	0	-	-	-	0	file-io@5,archive@5,memory@6,thread@4,window-input@3,time@3,other@3	3	no	-
isvalidbarterunit?	0x00436ca0	unknown	complete	36	112	1	1	1	1	yes	no	no	1	0	0	1	3	0x41bf10,0x436bd0,0x4d4550	0	0	-	0	0	0	-	-	-	0	file-io@5,archive@5,memory@6,thread@4,window-input@3,time@3,other@3	3	no	-
isvalidterraintype?	0x004df140	reads-state	complete	89	281	-	0,1	1	1	yes	no	no	0	0	1	1	4	0x404ab0,0x4d4550,0x5091c0,0x5394a0	0	0	-	4	0	0	-	0x5aea30,0x5aea30,0x5aea44,0x5aea50	-	0	file-io@5,archive@2,memory@6,thread@4,window-input@3,time@3,other@3	3	yes	-
isvolunteer?	0x0052a410	operand-only	complete	40	126	1	1	1	1	yes	no	no	1	0	0	1	2	0x41bf10,0x4d4550	0	0	-	0	0	0	-	-	-	0	file-io@5,archive@5,memory@6,thread@4,window-input@3,time@3,other@3	3	no	-
joinnetworkgame	0x004b8620	reads-state	complete	80	233	-	0,1	1	1	yes	no	no	0	0	1	1	4	0x404ab0,0x4d41c0,0x4d4550,0x5394a0	0	1	0x5d1e84+0xc	2	0	0	-	0x55d454,0x5d1e84	-	0	file-io@5,archive@4,memory@5,thread@4,window-input@2,time@2,other@2	2	yes	-
justentered	0x004b5d70	reads-state	complete	8	27	0	0	0	0	yes	no	no	0	0	0	0	2	0x4b7dd0,0x4b8e20	0	0	-	2	0	0	-	0x5aa12c,0x5d1e84	-	0	time@6	2	no	-
keydelay	0x004e3b50	reads-state	complete	52	164	-	0,1	1	1	yes	no	no	0	0	1	0	3	0x4d4550,0x4e3a70,0x5394a0	0	0	-	1	0	0	-	0x584ae8	-	0	file-io@5,archive@5,memory@6,thread@4,window-input@3,time@3,other@3	3	yes	-
kickarmyout	0x00443570	reads-state	complete	27	76	-	1,3	3	3	yes	no	no	1	0	0	0	3	0x413180,0x41be40,0x420b80	0	0	-	1	0	0	-	0x5ae970	-	0	file-io@6,archive@5,memory@6,thread@5,window-input@3,time@3,other@3	1	no	-
kill	0x004cc5c0	unknown	complete	37	121	-	0,1	1	1	yes	no	no	0	0	1	0	2	0x4d2ac0,0x4d4550	0	0	-	0	0	0	-	-	-	0	file-io@5,archive@2,memory@6,thread@4,window-input@3,time@3,other@3	3	no	-
killunit	0x0041eab0	reads-state	complete	63	192	-	0,1	1	1	yes	no	no	0	0	1	0	3	0x41ea40,0x4d4550,0x5394a0	0	0	-	1	0	0	-	0x5aa12c	-	0	file-io@5,archive@5,memory@6,thread@4,window-input@3,time@3,other@3	2	yes	-
knockoutprisonerproc	0x004e2a40	mutates-state	complete	29	100	-	0,1	1	1	yes	no	no	0	0	1	0	1	0x4d4550	0	0	-	0	0	2	-	0x5a7cac,0x5a7cb0	-	0	file-io@5,archive@5,memory@6,thread@4,window-input@3,time@3,other@3	0	no	-
knockoutprisoners	0x004c3670	mutates-state	complete	85	32	1	1	1	1	yes	no	no	1	0	0	2	5	0x41be40,0x482ac0,0x4c1e80,0x4d05e0,0x4d4550	0	0	-	4	0	0	0x5a7b78	0x5a7b78,0x5a7cec,0x5a7cf0,0x5aa12c	-	0	file-io@5,archive@3,memory@6,thread@4,window-input@3,time@1,other@3	0	yes	-
known	0x004cc640	unknown	complete	173	483	-	0,1,2	2	2	yes	no	no	0	1	2	0	4	0x41d1d0,0x4d1980,0x4d3190,0x4d4550	0	0	-	0	0	0	-	-	-	0	file-io@5,archive@5,memory@6,thread@4,window-input@3,time@3,other@3	3	no	-
knownanywhere?	0x004cc830	operand-only	complete	70	190	-	0,1	1	1	yes	no	no	0	0	1	1	2	0x4d31b0,0x4d4550	0	0	-	0	0	0	-	-	-	0	file-io@5,archive@5,memory@6,thread@4,window-input@3,time@3,other@3	3	no	-
landingplace	0x004ac390	reads-state	complete	113	368	-	0,1,2	2	2	yes	no	no	0	0	2	1	5	0x4026a0,0x404ab0,0x4aba70,0x4d4550,0x5394a0	0	0	-	1	0	0	-	0x5ae958	-	0	file-io@5,archive@3,memory@6,thread@2,window-input@3,time@3,other@3	3	yes	-
landstrengthinregion	0x0051ee80	unknown	complete	126	379	-	0,1,2	2	2	yes	no	no	0	0	2	2	6	0x4026a0,0x404ab0,0x4d41c0,0x4d4550,0x51ca10,0x51d8e0	0	0	-	0	1	0	-	-	0x573e7c	1	file-io@5,archive@4,memory@5,thread@4,window-input@2,time@2,other@2	2	yes	-
lastcombattype	0x004e3f20	reads-state	complete	21	78	0	0	0	0	yes	no	no	0	0	0	1	1	0x4d4550	0	0	-	1	0	0	-	0x5cced8	-	0	file-io@5,archive@5,memory@6,thread@4,window-input@3,time@3,other@3	3	no	-
launchmissile	0x004af810	file-or-resource-io	complete	539	1443	-	1,2,3,4,5,6,7,8,9,10,11,12,13,14,15,16,17,18,19,20,21	21	2	NO	no	no	18	0	0	0	11	0x4026a0,0x404ab0,0x40adb0,0x41efa0,0x43da90,0x485080,0x4ad860,0x4b0230,0x4d41c0,0x4d4550,0x4f6000	0	0	-	4	3	0	-	0x5aa12c,0x5ae958,0x5ae974,0x5ae9c0	0x54dbc0,0x55ccec,0x55cd14	2	file-io@5,archive@1,memory@5,thread@4,graphics@3,window-input@2,time@2,other@1	1	yes	-
lbm	0x004da570	file-or-resource-io	complete	86	278	-	0,1	1	1	yes	no	no	0	0	1	1	4	0x491df0,0x4d41c0,0x4d4550,0x53a090	0	0	-	1	1	0	-	0x5a7b50	0x5726bc	1	file-io@4,archive@1,memory@5,thread@3,window-input@2,time@2,other@2	2	yes	-
lbuttondown	0x004e3ca0	operand-only	complete	21	77	0	0	0	0	yes	no	no	0	0	0	1	1	0x4d4550	0	0	-	0	0	0	-	-	-	0	file-io@5,archive@5,memory@6,thread@4,window-input@3,time@3,other@3	3	no	-
lbuttonup	0x004e3d40	operand-only	complete	21	77	0	0	0	0	yes	no	no	0	0	0	1	1	0x4d4550	0	0	-	0	0	0	-	-	-	0	file-io@5,archive@5,memory@6,thread@4,window-input@3,time@3,other@3	3	no	-
le	0x004cb7f0	floating-point	complete	108	342	-	0,1,2	2	2	yes	no	no	0	0	2	1	1	0x4d4550	0	0	-	0	1	0	-	-	0x54dd18	0	file-io@5,archive@5,memory@6,thread@4,window-input@3,time@3,other@3	3	no	-
leave_combat_callback	0x004d8260	mutates-state	complete	29	100	-	0,1	1	1	yes	no	no	0	0	1	0	1	0x4d4550	0	0	-	0	0	2	-	0x5aa21c,0x5aa220	-	0	file-io@5,archive@5,memory@6,thread@4,window-input@3,time@3,other@3	0	no	-
length	0x004cbf70	unknown	complete	81	13491	-	0,1	1	1	yes	no	no	0	0	1	1	3	0x4d4550,0x548e10,0x548ec0	0	0	-	0	0	0	-	-	-	0	file-io@2,archive@5,memory@4,thread@2,window-input@3,time@3,other@2	1	no	-
liberate_gt_callback	0x004d83b0	mutates-state	complete	29	100	-	0,1	1	1	yes	no	no	0	0	1	0	1	0x4d4550	0	0	-	0	0	2	-	0x5aa234,0x5aa238	-	0	file-io@5,archive@5,memory@6,thread@4,window-input@3,time@3,other@3	0	no	-
lightning	0x004a3c40	reads-state	complete	328	1012	-	1,2,3,4,5,6,7,8,9,10,11,12,13,14,15,16	16	2	NO	no	yes	11	0	0	0	7	0x4026a0,0x404ab0,0x40adb0,0x43da90,0x4a2da0,0x4a3080,0x51bc30	0	0	-	1	0	0	-	0x584ca8	-	0	file-io@6,archive@6,thread@5,window-input@4,time@4,other@4	4	yes	-
lightorientation	0x0046a740	reads-state	complete	135	446	-	0,1,2,3	3	3	yes	no	no	0	0	3	0	4	0x4026a0,0x404ab0,0x469d30,0x4d4550	0	0	-	1	1	0	-	0x5876d0	0x54d818	0	file-io@5,archive@5,memory@6,thread@4,window-input@3,time@3,other@3	3	yes	-
limitscrollinginpixels	0x004e7010	reads-state	complete	104	311	-	0,1,2	2	2	yes	no	no	0	0	2	0	3	0x4d4550,0x51a860,0x5394a0	0	0	-	1	0	0	-	0x584ae8	-	0	file-io@5,archive@5,memory@6,thread@4,window-input@3,time@3,other@3	3	yes	-
linetest	0x004d8fb0	mutates-state	complete	182	568	-	0,1,2,3,4	4	4	yes	no	no	0	0	4	0	6	0x4026a0,0x404ab0,0x4946d0,0x4950c0,0x495590,0x4d4550	0	0	-	2	0	1	-	0x583648,0x583648,0x58516c	-	0	file-io@5,archive@1,memory@6,thread@4,window-input@3,time@3,other@3	0	no	-
load	0x004c9c90	operand-only	complete	77	24405	-	0,1	1	1	yes	no	no	0	0	1	1	2	0x4d31b0,0x4d4550	0	0	-	0	0	0	-	-	-	0	file-io@5,archive@5,memory@6,thread@4,window-input@3,time@3,other@3	3	no	-
loadconfig	0x00487580	mutates-state	complete	163	10	0	0	0	0	yes	no	no	0	0	0	0	4	0x487220,0x5394d0,0x539610,0x5397f0	0	0	-	5	1	3	-	0x5572ec,0x586784,0x586784,0x5a7d8c,0x5a8080,0x5aa12c,0x5d20bc,0x5d20bc	0x55b4b8	1	file-io@4,memory@3,thread@2,other@0	0	no	ole32.dll!CoCreateGuid
loadcursorimp	0x00472960	reads-state	complete	45	154	-	0,1	1	1	yes	no	no	0	0	1	0	2	0x4727b0,0x4d4550	0	0	-	1	0	0	-	0x5a9e04	-	0	file-io@5,archive@2,memory@5,thread@4,window-input@2,time@3,other@2	1	yes	-
loaddefaultarmy	0x0044c9b0	file-or-resource-io	complete	63	206	-	0,1	1	1	yes	no	no	0	0	1	1	3	0x44c7d0,0x4d4550,0x5394a0	0	0	-	2	0	0	-	0x5869f4,0x5869f4	-	0	file-io@5,archive@1,memory@4,thread@3,window-input@3,time@3,other@3	1	yes	-
loaddynamicsound	0x0047a660	reads-state	complete	63	192	-	0,1	1	1	yes	no	no	0	0	1	0	3	0x478a70,0x4d4550,0x5394a0	0	0	-	1	0	0	-	0x585408	-	0	file-io@5,archive@2,memory@6,thread@4,window-input@3,time@3,other@2	2	yes	-
loadgame	0x004df410	reads-state	complete	79	251	-	0,1	1	1	yes	no	no	0	0	1	2	2	0x483120,0x4d4550	0	0	-	1	0	0	-	0x5aa12c	-	0	file-io@3,archive@2,memory@4,thread@2,window-input@3,time@1,other@3	1	yes	-
loadlevel	0x004df740	reads-state	complete	99	286	-	0,1	1	1	yes	no	no	0	0	1	3	5	0x4026a0,0x404ab0,0x4a86a0,0x4d41c0,0x4d4550	0	0	-	1	1	0	-	0x5ae958	0x572964	1	file-io@3,archive@2,memory@4,thread@3,window-input@2,time@2,other@2	1	yes	-
loadlightningpal	0x004a41e0	reads-state	complete	61	211	-	0,1	1	1	yes	no	no	0	0	1	1	2	0x4a4100,0x4d4550	0	0	-	1	0	0	-	0x584ca8	-	0	file-io@5,archive@3,memory@6,thread@4,window-input@3,time@3,other@3	3	yes	-
loadlighttables	0x0051b230	reads-state	complete	45	154	-	0,1	1	1	yes	no	no	0	0	1	0	2	0x4d4550,0x512240	0	0	-	1	0	0	-	0x5876d0	-	0	file-io@5,archive@5,memory@4,thread@3,window-input@3,time@3,other@1	3	yes	-
loadmap	0x004dfad0	mutates-state	complete	80	257	-	0,1	1	1	yes	no	no	0	0	1	2	2	0x4a5270,0x4d4550	0	0	-	1	0	1	-	0x5aa12c,0x5ae958	-	0	file-io@5,archive@2,memory@4,thread@2,window-input@3,time@3,other@3	0	yes	-
loadscenariomap	0x00485b80	mutates-state	complete	80	257	-	0,1	1	1	yes	no	no	0	0	1	2	2	0x4855c0,0x4d4550	0	0	-	1	0	1	-	0x5aa12c,0x5aa12c	-	0	file-io@5,archive@2,memory@4,thread@2,window-input@3,time@3,other@3	0	yes	-
loadspecialmap	0x004eecf0	mutates-state	complete	78	237	-	0,1	1	1	yes	no	no	0	0	1	2	3	0x404ab0,0x4855c0,0x4d4550	0	0	-	1	0	1	-	0x5aa12c,0x5aa12c	-	0	file-io@5,archive@2,memory@4,thread@2,window-input@3,time@3,other@3	0	yes	-
loadstaticsound	0x0047a5a0	reads-state	complete	63	192	-	0,1	1	1	yes	no	no	0	0	1	0	3	0x478b80,0x4d4550,0x5394a0	0	0	-	1	0	0	-	0x585408	-	0	file-io@5,archive@2,memory@6,thread@4,window-input@3,time@3,other@3	2	yes	-
loadsubmappages	0x004ab290	reads-state	complete	81	279	-	0,1,2	2	2	yes	no	no	0	0	2	0	2	0x4ab250,0x4d4550	0	0	-	1	0	0	-	0x5ae958	-	0	file-io@5,archive@2,memory@6,thread@4,window-input@3,time@3,other@3	2	yes	-
loadvirtualarmy	0x0044cb60	file-or-resource-io	complete	61	211	-	0,1	1	1	yes	no	no	0	0	1	1	2	0x44c630,0x4d4550	0	0	-	1	0	0	-	0x5869f4	-	0	file-io@1,archive@1,memory@4,thread@3,window-input@3,time@3,other@3	1	yes	-
locatechampion	0x0044bf50	reads-state	complete	118	367	-	0,1	1	1	yes	no	no	0	0	1	4	4	0x4026a0,0x404ab0,0x44c0c0,0x4d4550	0	0	-	1	0	0	-	0x5aa12c	-	0	file-io@5,archive@5,memory@6,thread@4,window-input@3,time@3,other@3	3	yes	-
locationexplored?	0x004ac7b0	reads-state	complete	101	309	-	0,1,2	2	2	yes	no	no	0	0	2	1	4	0x4026a0,0x404ab0,0x4abe50,0x4d4550	0	0	-	1	0	0	-	0x5ae958	-	0	file-io@5,archive@5,memory@6,thread@4,window-input@3,time@3,other@3	3	yes	-
locationindirection	0x004ac520	reads-state	complete	98	304	-	0,1,2	2	2	yes	no	no	0	0	2	1	3	0x4026a0,0x404ab0,0x4d4550	0	0	-	1	0	0	-	0x5ae970	-	0	file-io@5,archive@5,memory@6,thread@4,window-input@3,time@3,other@3	3	no	-
locationmodeproc	0x004e2000	mutates-state	complete	29	100	-	0,1	1	1	yes	no	no	0	0	1	0	1	0x4d4550	0	0	-	0	0	2	-	0x5a7b9c,0x5a7ba0	-	0	file-io@5,archive@5,memory@6,thread@4,window-input@3,time@3,other@3	0	no	-
locationoffsetgetlocation	0x0045b380	unknown	complete	146	459	-	0,1,2,3,4	4	4	yes	no	no	1	0	3	1	5	0x4026a0,0x404ab0,0x41be40,0x45a100,0x4d4550	0	0	-	0	0	0	-	-	-	0	file-io@5,archive@5,memory@6,thread@4,window-input@3,time@3,other@3	3	no	-
locationseen?	0x004ac650	reads-state	complete	117	352	-	0,1,2	2	2	yes	no	no	0	0	2	2	4	0x4026a0,0x404ab0,0x4abdc0,0x4d4550	0	0	-	2	0	0	-	0x5ae958,0x5ae95c	-	0	file-io@5,archive@5,memory@6,thread@4,window-input@3,time@3,other@3	3	yes	-
locationview	0x00483b00	reads-state	complete	18	64	0	0	0	0	yes	no	no	0	0	0	0	4	0x453ad0,0x482ac0,0x4d41c0,0x52d140	0	0	-	3	1	0	-	0x5a7d8c,0x5a7d90,0x5aa12c	0x55b43c	1	file-io@2,archive@2,memory@5,thread@3,window-input@2,time@2,other@2	1	yes	-
locktest	0x004e45d0	reads-state	complete	141	438	-	0,1,2	2	2	yes	no	no	0	0	2	1	4	0x4026a0,0x404ab0,0x4d4550,0x5394a0	0	4	0x585170+0x64,0x585170+0x80	3	0	0	-	0x585170,0x585238,0x58525c	-	0	file-io@5,archive@5,memory@6,thread@4,window-input@3,time@3,other@3	3	yes	-
lomlighttables	0x0051b010	reads-state	complete	262	10	0	0	0	0	yes	no	no	0	0	0	0	2	0x4a2380,0x5394a0	0	0	-	8	5	0	-	0x5853ec,0x5853f0,0x5853f4,0x5853f8,0x5853fc,0x585400,0x5876d0,0x5aea70	0x54e980,0x54e984,0x54e988,0x54e98c,0x54e990	0	file-io@4,archive@2,memory@5,thread@4,other@4	3	no	-
longestmissilearmy	0x00466820	reads-state	complete	34	109	0	0	0	0	yes	no	no	0	0	0	1	2	0x407160,0x4d4550	0	0	-	2	0	0	-	0x5577c8,0x5ae958	-	0	file-io@5,archive@5,memory@6,thread@4,window-input@3,time@3,other@3	3	yes	-
longmoveattack	0x0051e3e0	reads-state	complete	219	576	-	0,1,2,3,4,5	5	5	yes	no	no	1	0	2	0	8	0x4026a0,0x404ab0,0x40adb0,0x420b80,0x482ac0,0x485080,0x4d41c0,0x4d4550	0	0	-	2	3	0	-	0x5aa12c,0x5ae9c0	0x573ec0,0x573ed8,0x573ee8	3	file-io@5,archive@4,memory@5,thread@4,window-input@2,time@2,other@2	1	yes	-
longmoveevent	0x0051f5e0	reads-state	complete	185	527	-	0,1,2,3,4,5,6	6	6	yes	no	no	1	0	3	0	8	0x4026a0,0x404ab0,0x41be40,0x420b80,0x485080,0x4d41c0,0x4d4550,0x4f6000	0	0	-	3	2	0	-	0x5aa12c,0x5ae974,0x5ae9c0	0x573ee8,0x573f18	2	file-io@5,archive@4,memory@5,thread@4,window-input@2,time@2,other@2	1	yes	-
longmoveeventtolocation	0x0051f7f0	reads-state	complete	146	436	-	0,1,2,3,4,5,6	6	6	yes	no	no	1	0	3	0	6	0x4026a0,0x404ab0,0x41be40,0x420b80,0x4d41c0,0x4d4550	0	0	-	1	1	0	-	0x5ae9c0	0x573ee8	1	file-io@5,archive@4,memory@5,thread@4,window-input@2,time@2,other@2	1	yes	-
longmovemerge	0x0051e620	reads-state	complete	371	993	-	0,1,2,3,4,5,6,7,8,9	9	7	NO	no	no	0	0	5	0	11	0x4026a0,0x404ab0,0x4207b0,0x420b80,0x485080,0x4aba70,0x4acea0,0x4c6fc0,0x4d41c0,0x4d4550,0x521c70	0	0	-	3	1	0	-	0x573efc,0x5aa12c,0x5aef04	0x5577cc	1	file-io@5,archive@3,memory@5,thread@2,window-input@2,time@2,other@0	1	yes	KERNEL32.dll!OutputDebugStringA
longmovemergeat	0x00520560	reads-state	complete	494	1350	-	0,1,2,3,4,5,6,7,8,9,10,11,12	12	8	NO	no	no	0	0	6	0	12	0x4026a0,0x404ab0,0x4207b0,0x420890,0x420b80,0x485080,0x4a8360,0x4a8b50,0x4acea0,0x4c6fc0,0x4d41c0,0x521c70	0	0	-	3	4	0	-	0x5aa12c,0x5ae958,0x5aef04	0x5577cc,0x573f8c,0x573fa8,0x573fb4	4	file-io@6,archive@3,memory@5,thread@2,window-input@2,time@2,other@2	1	yes	-
longmovetolocation	0x00520ab0	reads-state	complete	123	375	-	0,1,2,3,4,5	5	5	yes	no	no	1	0	2	0	7	0x4026a0,0x404ab0,0x41be40,0x420b80,0x4d41c0,0x4d4550,0x5394a0	0	0	-	1	1	0	-	0x5ae9c0	0x55cc04	1	file-io@5,archive@4,memory@5,thread@4,window-input@2,time@2,other@2	1	yes	-
longmovetosprite	0x00520c30	reads-state	complete	119	340	-	0,1,2,3,4,5	5	5	yes	no	no	1	0	2	0	6	0x41be40,0x420b80,0x4d41c0,0x4d4550,0x4f6000,0x5394a0	0	0	-	1	1	0	-	0x5ae974	0x573e94	1	file-io@5,archive@4,memory@5,thread@4,window-input@2,time@2,other@2	1	yes	-
loop	0x004ccc20	unknown	complete	47	13105	-	0,1	1	1	yes	no	no	0	0	1	0	2	0x4d05e0,0x4d4550	0	0	-	0	0	0	-	-	-	0	file-io@5,archive@3,memory@6,thread@4,window-input@3,time@1,other@3	3	no	-
loopsoundfx	0x0047a2b0	mutates-state	complete	58	209	-	0,1	1	1	yes	no	no	0	0	1	0	3	0x478c00,0x4d4550,0x5394a0	0	0	-	2	0	4	-	0x585408,0x586774,0x5867a0,0x5867a4,0x5867a8,0x5867b4	-	0	file-io@5,archive@2,memory@6,thread@4,window-input@3,time@3,other@2	0	yes	-
lt	0x004cb530	floating-point	complete	108	341	-	0,1,2	2	2	yes	no	no	0	0	2	1	1	0x4d4550	0	0	-	0	1	0	-	-	0x54dd18	0	file-io@5,archive@5,memory@6,thread@4,window-input@3,time@3,other@3	3	no	-
magicattackorder	0x00468d50	reads-state	complete	55	160	-	1,2	2	1	NO	no	no	2	0	0	0	3	0x405260,0x41be40,0x47c9e0	0	0	-	4	0	0	-	0x584c1c,0x5a7d8c,0x5a8078,0x5aa12c	-	0	file-io@6,archive@5,memory@6,thread@5,window-input@3,time@3,other@3	2	no	-
makelighttables	0x0051bc30	stub	complete	1	1	0	0	0	0	yes	no	no	0	0	0	0	0	-	0	0	-	0	0	0	-	-	-	0	-	-	no	-
makepage	0x004da9f0	file-or-resource-io	complete	112	359	-	0,1,2	2	2	yes	no	no	0	0	2	1	5	0x4026a0,0x404ab0,0x491cd0,0x4d4550,0x5394a0	0	0	-	1	0	0	-	0x5a7b50	-	0	file-io@5,archive@1,memory@6,thread@4,window-input@3,time@3,other@3	1	yes	-
makepage16	0x004dab60	file-or-resource-io	complete	112	360	-	0,1,2	2	2	yes	no	no	0	0	2	1	5	0x4026a0,0x404ab0,0x491cd0,0x4d4550,0x5394a0	0	0	-	1	0	0	-	0x5a7b50	-	0	file-io@5,archive@1,memory@6,thread@4,window-input@3,time@3,other@3	1	yes	-
map2screen	0x0046b0c0	reads-state	complete	190	582	-	0,1,2,3	3	3	yes	no	no	0	0	3	3	4	0x4026a0,0x404ab0,0x469ae0,0x4d4550	0	0	-	1	0	0	-	0x5876d0	-	0	file-io@5,archive@5,memory@6,thread@4,window-input@3,time@3,other@3	3	yes	-
maph	0x004dfd30	reads-state	complete	21	78	0	0	0	0	yes	no	no	0	0	0	1	1	0x4d4550	0	0	-	1	0	0	-	0x5ae9b8	-	0	file-io@5,archive@5,memory@6,thread@4,window-input@3,time@3,other@3	3	no	-
maptileset	0x004df0a0	reads-state	complete	45	154	-	0,1	1	1	yes	no	no	0	0	1	0	2	0x484a20,0x4d4550	0	0	-	1	0	0	-	0x5aa12c	-	0	file-io@5,archive@4,memory@6,thread@4,window-input@3,time@3,other@3	3	yes	-
mapvirtualunits	0x0044d5f0	reads-state	complete	55	10	0	0	0	0	yes	no	no	0	0	0	0	1	0x4e7150	0	0	-	1	0	0	-	0x5869f4	-	0	-	-	no	-
mapw	0x004dfce0	reads-state	complete	21	78	0	0	0	0	yes	no	no	0	0	0	1	1	0x4d4550	0	0	-	1	0	0	-	0x5ae9b4	-	0	file-io@5,archive@5,memory@6,thread@4,window-input@3,time@3,other@3	3	no	-
markborder	0x004c7660	reads-state	complete	156	490	-	0,1,2,3,4	4	4	yes	no	no	0	0	4	0	4	0x4026a0,0x404ab0,0x4c5f90,0x4d4550	0	0	-	1	0	0	-	0x5aef04	-	0	file-io@5,archive@5,memory@6,thread@4,window-input@3,time@3,other@3	3	yes	-
marketbartervalue	0x00434d30	reads-state	complete	111	358	-	0,1,2	2	2	yes	no	no	0	0	2	1	5	0x4026a0,0x404ab0,0x4348c0,0x4d4550,0x5394a0	0	0	-	1	0	0	-	0x584cd4	-	0	file-io@5,archive@5,memory@6,thread@4,window-input@3,time@3,other@3	2	yes	-
matchguids	0x004b9200	reads-state	complete	162	10	0	0	0	0	yes	no	no	0	0	0	0	2	0x482a20,0x4b8fa0	0	0	-	3	0	0	-	0x5aa12c,0x5cd358,0x5d1e84	-	0	file-io@6,archive@6,thread@5,graphics@5,window-input@5,time@5,other@6	4	no	-
maxauratypes	0x0042e1e0	file-or-resource-io	complete	55	176	-	0,1	1	1	yes	no	no	0	0	1	0	4	0x42e080,0x4d41c0,0x4d4550,0x5394a0	0	0	-	1	1	0	-	0x5cd334	0x555ea0	1	file-io@5,archive@1,memory@5,thread@4,window-input@2,time@2,other@2	2	yes	-
maxdialogs	0x0048f460	file-or-resource-io	complete	55	176	-	0,1	1	1	yes	no	no	0	0	1	0	4	0x4d41c0,0x4d4550,0x5003d0,0x5394a0	0	0	-	1	1	0	-	0x584ae8	0x55c358	1	file-io@5,archive@1,memory@5,thread@4,window-input@2,time@2,other@2	2	yes	-
maxgraphics	0x004d9ee0	file-or-resource-io	complete	55	176	-	0,1	1	1	yes	no	no	0	0	1	0	4	0x491b60,0x4d41c0,0x4d4550,0x5394a0	0	0	-	1	1	0	-	0x5a7b50	0x572684	1	file-io@5,archive@1,memory@5,thread@4,window-input@2,time@2,other@2	2	yes	-
maxhelppanels	0x00486e40	file-or-resource-io	complete	63	192	-	0,1	1	1	yes	no	no	0	0	1	0	3	0x486b80,0x4d4550,0x5394a0	0	0	-	1	0	0	-	0x5aa1f0	-	0	file-io@5,archive@1,memory@6,thread@4,window-input@3,time@3,other@3	3	yes	-
maxlightningpals	0x004a4040	file-or-resource-io	complete	63	192	-	0,1	1	1	yes	no	no	0	0	1	0	3	0x4a2d20,0x4d4550,0x5394a0	0	0	-	1	0	0	-	0x584ca8	-	0	file-io@5,archive@1,memory@6,thread@4,window-input@3,time@3,other@3	3	yes	-
maxmissiletypes	0x004af560	file-or-resource-io	complete	67	216	-	0,1	1	1	yes	no	no	0	0	1	0	4	0x4af3e0,0x4d41c0,0x4d4550,0x5394a0	0	0	-	1	2	0	-	0x5cd2f8	0x55cca0,0x55ccb8	2	file-io@5,archive@1,memory@5,thread@4,window-input@2,time@2,other@2	2	yes	-
maxmounttypes	0x004b0f40	file-or-resource-io	complete	55	176	-	0,1	1	1	yes	no	no	0	0	1	0	4	0x4b0e30,0x4d41c0,0x4d4550,0x5394a0	0	0	-	1	1	0	-	0x5cd328	0x55cd84	1	file-io@5,archive@1,memory@5,thread@4,window-input@2,time@2,other@2	2	yes	-
maxpalettes	0x004d9f90	mutates-state	complete	62	195	-	0,1	1	1	yes	no	no	0	0	1	0	3	0x4d41c0,0x4d4550,0x5394a0	0	0	-	1	1	1	-	0x5851b8,0x5851bc	0x57269c	1	file-io@5,archive@4,memory@5,thread@4,window-input@2,time@2,other@2	0	yes	-
maxreferencepalettes	0x004b9eb0	file-or-resource-io	complete	55	176	-	0,1	1	1	yes	no	no	0	0	1	0	4	0x4b9d60,0x4d41c0,0x4d4550,0x5394a0	0	0	-	1	1	0	-	0x5cd34c	0x55d5e4	1	file-io@5,archive@1,memory@5,thread@4,window-input@2,time@2,other@2	2	yes	-
maxslope	0x004a5bf0	mutates-state	complete	59	186	-	0,1	1	1	yes	no	no	0	0	1	0	1	0x4d4550	0	0	-	0	1	1	-	0x5ae964	0x54dab8	0	file-io@5,archive@5,memory@6,thread@4,window-input@3,time@3,other@3	0	no	-
maxterrainspritetypes	0x0050d1f0	file-or-resource-io	complete	55	176	-	0,1	1	1	yes	no	no	0	0	1	0	4	0x4d41c0,0x4d4550,0x50d030,0x5394a0	0	0	-	1	1	0	-	0x5cd304	0x573ab0	1	file-io@5,archive@1,memory@5,thread@4,window-input@2,time@2,other@2	2	yes	-
maxunittypes	0x00524720	file-or-resource-io	complete	55	176	-	0,1	1	1	yes	no	no	0	0	1	0	4	0x4d41c0,0x4d4550,0x524100,0x5394a0	0	0	-	1	1	0	-	0x5cd2ec	0x574134	1	file-io@5,archive@1,memory@5,thread@4,window-input@2,time@2,other@2	2	yes	-
memorystatistics	0x004d7590	reads-state	complete	152	585	0	0	0	0	yes	no	no	0	0	0	0	2	0x4d1dd0,0x53a090	0	0	-	4	11	0	-	0x55e7f0,0x55e928,0x58787c,0x5a7b78	0x55de90,0x55e0fc,0x55e144,0x55e14c,0x55e154,0x5725b8,0x5725c8,0x5725d0,0x5725dc,0x5725ec,0x5725f4	11	file-io@4,memory@4,thread@3,other@4	3	no	-
merge	0x00521080	unknown	complete	57	167	-	1,2	2	1	NO	no	no	2	0	0	2	3	0x415fd0,0x41be40,0x4d4550	0	0	-	0	0	0	-	-	-	0	file-io@5,archive@3,memory@6,thread@4,graphics@4,window-input@3,time@3,other@3	2	no	-
messagebox	0x004e54f0	reads-state	complete	82	280	-	0,1,2	2	2	yes	no	no	0	0	2	0	2	0x4d4550,0x5047e0	0	0	-	1	0	0	-	0x584ae8	-	0	file-io@5,archive@5,memory@6,thread@4,window-input@1,time@3,other@3	3	yes	-
militaryunitsremaining	0x00424010	unknown	complete	36	112	1	1	1	1	yes	no	no	1	0	0	1	3	0x41bf10,0x423ff0,0x4d4550	0	0	-	0	0	0	-	-	-	0	file-io@5,archive@5,memory@6,thread@4,window-input@3,time@3,other@3	3	no	-
militaryunitsremainingincombat	0x004e7f20	reads-state	complete	134	376	-	0,1,2	2	2	yes	no	no	0	0	2	1	4	0x4026a0,0x404ab0,0x4d4550,0x4f6000	0	0	-	3	0	0	-	0x5ae974,0x5ae98c,0x5ae998	-	0	file-io@5,archive@5,memory@6,thread@4,window-input@3,time@3,other@3	3	yes	-
minimize	0x004e54e0	reads-state	complete	5	15	0	0	0	0	yes	no	no	0	0	0	0	0	-	0	0	-	1	0	0	-	0x584d54	-	0	window-input@0	-	no	USER32.dll!ShowWindow
missilewasaimed?	0x004014d0	reads-state	complete	57	152	0	0	0	0	yes	no	no	0	0	0	3	1	0x4d4550	0	0	-	1	0	0	-	0x583ac0	-	0	file-io@5,archive@5,memory@6,thread@4,window-input@3,time@3,other@3	3	no	-
mod	0x004cb1f0	unknown	complete	125	404	-	0,1,2	2	2	yes	no	no	0	0	2	1	4	0x4026a0,0x4d41c0,0x4d4550,0x5394a0	0	0	-	0	1	0	-	-	0x55e1d4	1	file-io@5,archive@4,memory@5,thread@4,window-input@2,time@2,other@2	2	yes	-
modal	0x0048f8b0	reads-state	complete	60	186	-	0,1	1	1	yes	no	no	0	0	1	0	4	0x4d41c0,0x4d4550,0x5005f0,0x5394a0	0	0	-	1	1	0	-	0x584ae8	0x55c39c	1	file-io@5,archive@4,memory@5,thread@4,window-input@2,time@2,other@2	2	yes	-
modalloop	0x004ffcd0	reads-state	complete	24	24	0	0	0	0	yes	no	no	0	0	0	0	2	0x4ffa80,0x504ce0	0	0	-	2	0	0	-	0x584ae8,0x5d2ca0	-	0	file-io@6,archive@2,memory@3,thread@3,graphics@6,video@2,window-input@1,time@1,other@2	1	no	-
modeless	0x0048f7f0	reads-state	complete	60	186	-	0,1	1	1	yes	no	no	0	0	1	0	4	0x4d41c0,0x4d4550,0x5005f0,0x5394a0	0	0	-	1	1	0	-	0x584ae8	0x55c39c	1	file-io@5,archive@4,memory@5,thread@4,window-input@2,time@2,other@2	2	yes	-
modemcreate	0x004b8440	reads-state	complete	75	235	-	0,1	1	1	yes	no	no	0	0	1	1	1	0x4d4550	0	1	0x5d1e84+0x10	1	0	0	-	0x5d1e84	-	0	file-io@5,archive@5,memory@6,thread@4,window-input@3,time@3,other@3	3	no	-
modemdial	0x004b8530	reads-state	complete	75	235	-	0,1	1	1	yes	no	no	0	0	1	1	1	0x4d4550	0	1	0x5d1e84+0x14	1	0	0	-	0x5d1e84	-	0	file-io@5,archive@5,memory@6,thread@4,window-input@3,time@3,other@3	3	no	-
modifymood	0x004b4230	reads-state	complete	63	192	-	0,1	1	1	yes	no	no	0	0	1	0	3	0x4b3cb0,0x4d4550,0x5394a0	0	0	-	1	0	0	-	0x585408	-	0	file-io@5,archive@5,memory@6,thread@4,graphics@2,window-input@2,time@3,other@3	3	yes	-
mountimp	0x004b1150	file-or-resource-io	complete	84	271	-	0,1	1	1	yes	no	no	0	0	1	1	5	0x4923e0,0x492850,0x49ab90,0x49dd20,0x4d4550	0	0	-	2	0	0	-	0x55cd50,0x5a7b50	-	0	file-io@5,archive@1,memory@6,thread@4,window-input@3,time@3,other@3	2	yes	-
mousemove	0x004e3c50	operand-only	complete	21	77	0	0	0	0	yes	no	no	0	0	0	1	1	0x4d4550	0	0	-	0	0	0	-	-	-	0	file-io@5,archive@5,memory@6,thread@4,window-input@3,time@3,other@3	3	no	-
movealarm	0x0040da70	reads-state	complete	179	593	-	0,1,2,3,4,5,6,7,8,9,10,11,12,13,14,15	-	3	yes	yes	yes	0	0	3	1	8	0x4026a0,0x404ab0,0x40d2e0,0x40d300,0x40d5f0,0x4d41c0,0x4d4550,0x5394a0	0	0	-	1	2	0	-	0x5aeeb0	0x555738,0x555744	2	file-io@5,archive@2,memory@5,thread@4,window-input@2,time@2,other@2	1	yes	-
movearmy	0x004e1810	reads-state	complete	143	435	-	0,1,2,3	3	3	yes	no	no	0	0	3	0	6	0x4026a0,0x404ab0,0x4806b0,0x4d41c0,0x4d4550,0x5394a0	0	0	-	1	1	0	-	0x5aa12c	0x5729d0	1	file-io@5,archive@4,memory@5,thread@4,window-input@1,time@1,other@1	1	yes	-
moveaway	0x0051f9b0	reads-state	complete	176	503	-	0,1,2,3,4,5	5	5	yes	no	no	1	0	2	2	9	0x4026a0,0x404ab0,0x41be40,0x420890,0x420b80,0x4a51c0,0x4a6f60,0x4a8b50,0x4d4550	0	0	-	2	0	0	-	0x5ae958,0x5ae970	-	0	file-io@5,archive@5,memory@6,thread@4,window-input@3,time@3,other@3	1	yes	-
movedungeonarmy	0x00488d20	reads-state	complete	351	1073	-	0,1,2,3,4	4	4	yes	no	no	0	0	4	0	5	0x4026a0,0x404ab0,0x482ac0,0x4d4550,0x5394a0	0	4	-	1	0	0	-	0x5aa12c	-	0	file-io@5,archive@5,memory@6,thread@4,window-input@3,time@3,other@3	3	yes	-
moveout	0x0051fd30	reads-state	complete	79	228	-	0,1,2,3,4	4	4	yes	no	no	1	0	1	0	5	0x413180,0x41be40,0x420b80,0x4d4550,0x5394a0	0	0	-	1	0	0	-	0x5ae970	-	0	file-io@5,archive@5,memory@6,thread@4,window-input@3,time@3,other@3	1	no	-
moveprisoners	0x004c3330	reads-state	complete	199	571	-	0,1,2,3,4,5	5	5	yes	no	no	0	0	5	0	4	0x4026a0,0x404ab0,0x4c3280,0x4d4550	0	0	-	1	0	0	-	0x5aa12c	-	0	file-io@5,archive@5,memory@6,thread@4,window-input@3,time@3,other@3	3	yes	-
moveselectedunit	0x004e8760	reads-state	complete	100	311	-	0,1,2,3	3	3	yes	no	no	1	0	2	0	4	0x41be40,0x4d4550,0x4e74d0,0x5394a0	0	0	-	1	0	0	-	0x572acc	-	0	file-io@5,archive@4,memory@6,thread@4,window-input@3,time@2,other@0	2	yes	KERNEL32.dll!OutputDebugStringA
movetoloc	0x00465bd0	reads-state	complete	137	417	-	0,1,2,3	3	3	yes	no	no	0	0	3	0	7	0x4026a0,0x404ab0,0x404d50,0x413180,0x482ac0,0x4a51c0,0x4d4550	0	0	-	2	0	0	-	0x5aa12c,0x5ae958	-	0	file-io@5,archive@5,memory@6,thread@4,window-input@3,time@3,other@3	3	yes	-
movetorefmap	0x004656b0	reads-state	complete	147	446	-	0,1,2,3	3	3	yes	no	no	0	0	3	0	8	0x4026a0,0x404ab0,0x404d50,0x413530,0x45a620,0x482ac0,0x4a51c0,0x4d4550	0	0	-	3	0	0	-	0x579458,0x5aa12c,0x5ae958	-	0	file-io@5,archive@5,memory@6,thread@4,window-input@3,time@3,other@3	3	yes	-
movetoward	0x0051fbb0	reads-state	complete	132	382	-	0,1,2,3,4,5	5	5	yes	no	no	1	0	2	0	9	0x4026a0,0x404ab0,0x41be40,0x420890,0x420b80,0x4a6f60,0x4a8b50,0x4d41c0,0x4d4550	0	0	-	3	1	0	-	0x5ae958,0x5ae970,0x5ae9c0	0x55cc04	1	file-io@5,archive@4,memory@5,thread@4,window-input@2,time@2,other@2	1	yes	-
moving?	0x004e19d0	operand-only	complete	36	111	1	1	1	1	yes	no	no	1	0	0	1	2	0x41be40,0x4d4550	0	0	-	0	0	0	-	-	-	0	file-io@5,archive@5,memory@6,thread@4,window-input@3,time@3,other@3	3	no	-
mul	0x004cad50	unknown	complete	145	436	-	0,1,2	2	2	yes	no	no	0	1	2	1	4	0x404ab0,0x41d1d0,0x4d4550,0x5394a0	0	0	-	0	1	0	-	-	0x54dd18	0	file-io@5,archive@5,memory@6,thread@4,window-input@3,time@3,other@3	3	no	-
mycheapestarmy	0x00466210	reads-state	complete	33	107	0	0	0	0	yes	no	no	0	0	0	1	2	0x406fc0,0x4d4550	0	0	-	2	0	0	-	0x5577c8,0x5ae958	-	0	file-io@5,archive@5,memory@6,thread@4,window-input@3,time@3,other@3	3	yes	-
myfastestarmy	0x00466280	reads-state	complete	33	107	0	0	0	0	yes	no	no	0	0	0	1	2	0x406d30,0x4d4550	0	0	-	2	0	0	-	0x5577c8,0x5ae958	-	0	file-io@5,archive@5,memory@6,thread@4,window-input@3,time@3,other@3	3	yes	-
myowner	0x00464330	reads-state	complete	21	78	0	0	0	0	yes	no	no	0	0	0	1	1	0x4d4550	0	0	-	1	0	0	-	0x5577c8	-	0	file-io@5,archive@5,memory@6,thread@4,window-input@3,time@3,other@3	3	no	-
myslowestarmy	0x004662f0	reads-state	complete	33	107	0	0	0	0	yes	no	no	0	0	0	1	2	0x406ee0,0x4d4550	0	0	-	2	0	0	-	0x5577c8,0x5ae958	-	0	file-io@5,archive@5,memory@6,thread@4,window-input@3,time@3,other@3	3	yes	-
naddspriteunit	0x004ed6e0	reads-state	complete	156	490	-	0,1,2,3,4	4	4	yes	no	no	0	0	4	0	4	0x4026a0,0x404ab0,0x4d4550,0x4ed0d0	0	0	-	1	0	0	-	0x5aa12c	-	0	file-io@5,archive@5,memory@6,thread@4,window-input@3,time@3,other@3	2	yes	-
naddterrainsprite	0x0050d5d0	reads-state	complete	131	408	-	0,1,2,3	3	3	yes	no	no	0	0	3	0	5	0x4026a0,0x404ab0,0x4d4550,0x50d3e0,0x5394a0	0	0	-	1	0	0	-	0x5aa12c	-	0	file-io@5,archive@5,memory@6,thread@4,window-input@3,time@3,other@3	2	yes	-
naddunit	0x00485ee0	reads-state	complete	219	644	-	0,1,2,3,4,5	5	5	yes	no	no	0	0	5	0	5	0x4026a0,0x404ab0,0x47fed0,0x4d41c0,0x4d4550	0	0	-	2	2	0	-	0x5aa12c,0x5cd2f0	0x55b488,0x55b498	2	file-io@5,archive@4,memory@5,thread@4,window-input@2,time@2,other@2	2	yes	-
ne	0x004cbca0	unknown	complete	162	487	-	0,1,2	2	2	yes	no	no	0	0	2	1	3	0x4026a0,0x4d4550,0x5394a0	0	0	-	0	2	0	-	-	0x54dd10,0x54dd18	0	file-io@5,archive@5,memory@6,thread@4,window-input@3,time@3,other@3	3	no	-
needhealing?	0x004268b0	mutates-state	complete	114	344	-	0,1,2	2	2	yes	no	no	1	0	1	2	5	0x404ab0,0x41bf10,0x4d4550,0x522000,0x5394a0	0	0	-	1	0	0	0x5a7b78	0x5a7b78	-	0	file-io@5,archive@5,memory@6,thread@4,window-input@3,time@3,other@3	0	no	-
neg	0x004cbf90	floating-point	complete	61	14980	-	0,1	1	1	yes	no	no	0	0	1	1	1	0x4d4550	0	0	-	0	0	0	-	-	-	0	file-io@5,archive@5,memory@6,thread@4,window-input@3,time@3,other@3	3	no	-
netcomputersassigned	0x004b5e70	reads-state	complete	32	10	0	0	0	0	yes	no	no	0	0	0	0	4	0x489b70,0x48cc70,0x4b4ba0,0x4b7dd0	0	0	-	5	0	0	-	0x5843e0,0x584ae8,0x5aa12c,0x5cd358,0x5d1e84	-	0	time@5	1	yes	-
netgamestarted	0x004b5e60	reads-state	complete	2	10	0	0	0	0	yes	no	no	0	0	0	0	0	0x484220	1	0	-	1	0	0	-	0x5aa12c	-	0	archive@3,memory@6,thread@3,window-input@4,time@2,other@3	2	no	-
netleadertype	0x004b5b80	reads-state	complete	66	221	-	0,1	1	1	yes	no	no	0	0	1	1	3	0x4b6030,0x4d4550,0x5394a0	0	0	-	1	0	0	-	0x5cd358	-	0	file-io@5,archive@5,memory@6,thread@4,window-input@3,time@3,other@3	3	yes	-
netlockgame	0x004b6020	unknown	unresolved-indirect-jump	6	16	0	0	0	0	yes	no	no	0	0	0	0	0	-	0	0	0x5d1e84+0x58	1	0	0	-	0x5d1e84	-	0	-	-	no	-
netlog	0x004b57d0	mutates-state	complete	45	154	-	0,1	1	1	yes	no	no	0	0	1	0	1	0x4d4550	0	0	-	0	0	1	-	0x5843e4	-	0	file-io@5,archive@5,memory@6,thread@4,window-input@3,time@3,other@3	0	no	-
networkgamename	0x004b8780	reads-state	complete	79	232	-	0,1	1	1	yes	no	no	0	0	1	1	5	0x404ab0,0x4b7bc0,0x4d41c0,0x4d4550,0x5394a0	0	0	-	2	0	0	-	0x55d470,0x5d1e84	-	0	file-io@5,archive@4,memory@5,thread@4,window-input@2,time@2,other@2	2	yes	-
networkstatusdisplay	0x0048d440	mutates-state	complete	57	174	-	0,1	1	1	yes	no	no	0	0	1	0	2	0x4d4550,0x5394a0	0	0	-	0	0	1	-	0x5835ec	-	0	file-io@5,archive@5,memory@6,thread@4,window-input@3,time@3,other@3	0	no	-
neventalarm	0x0040cf70	reads-state	complete	156	499	-	0,1,2,3,4,5,6,7,8,9,10,11,12,13,14,15	-	2	yes	yes	yes	0	0	2	1	8	0x4026a0,0x404ab0,0x40c580,0x40c5a0,0x40c820,0x4d41c0,0x4d4550,0x5394a0	0	0	-	1	2	0	-	0x5aeea0	0x555738,0x555744	2	file-io@5,archive@2,memory@5,thread@4,window-input@2,time@2,other@2	1	yes	-
newgame	0x004deec0	reads-state	complete	63	192	-	0,1	1	1	yes	no	no	0	0	1	0	3	0x481820,0x4d4550,0x5394a0	0	0	-	1	0	0	-	0x5aa12c	-	0	file-io@5,archive@2,memory@6,thread@2,window-input@3,time@1,other@3	1	yes	-
newlocationproc	0x004e2460	mutates-state	complete	29	100	-	0,1	1	1	yes	no	no	0	0	1	0	1	0x4d4550	0	0	-	0	0	2	-	0x5a7be4,0x5a7be8	-	0	file-io@5,archive@5,memory@6,thread@4,window-input@3,time@3,other@3	0	no	-
newmap	0x004def80	file-or-resource-io	complete	89	279	-	0,1,2	2	2	yes	no	no	0	0	2	0	3	0x4a4f20,0x4d4550,0x5394a0	0	0	-	1	0	0	-	0x5ae958	-	0	file-io@5,archive@1,memory@6,thread@3,window-input@3,time@3,other@3	1	yes	-
newplay	0x004649e0	reads-state	complete	108	339	-	0,1,2	2	2	yes	no	no	0	0	2	0	3	0x462e10,0x4d4550,0x5394a0	0	0	-	1	0	0	-	0x5577c8	-	0	file-io@5,archive@2,memory@6,thread@4,window-input@3,time@3,other@3	3	no	-
nextarmy	0x004e1750	reads-state	complete	9	35	0	0	0	0	yes	no	no	0	0	0	0	2	0x504ce0,0x52c930	0	0	-	3	0	0	-	0x584ae8,0x5a7d8c,0x5a7d90	-	0	file-io@6,archive@2,memory@6,thread@3,graphics@2,window-input@2,time@2,other@2	1	no	-
nextarmymps	0x0052cc90	reads-state	complete	9	35	0	0	0	0	yes	no	no	0	0	0	0	2	0x504ce0,0x52c9f0	0	0	-	3	0	0	-	0x584ae8,0x5a7d8c,0x5a7d90	-	0	file-io@6,archive@2,memory@6,thread@3,graphics@2,window-input@2,time@2,other@2	1	no	-
nextcity	0x004e17b0	reads-state	complete	9	35	0	0	0	0	yes	no	no	0	0	0	0	2	0x504ce0,0x52ccf0	0	0	-	3	0	0	-	0x584ae8,0x5a7d8c,0x5a7d90	-	0	file-io@6,archive@2,memory@6,thread@3,graphics@2,window-input@2,time@2,other@2	1	no	-
nospritemoving	0x004b4850	mutates-state	complete	2	11	0	0	0	0	yes	no	no	0	0	0	0	0	-	0	0	-	0	0	1	-	0x5aeef4	-	0	-	0	no	-
not	0x004cbeb0	floating-point	complete	61	9451	-	0,1	1	1	yes	no	no	0	0	1	1	2	0x4d4550,0x5394a0	0	0	-	0	0	0	-	-	-	0	file-io@5,archive@5,memory@6,thread@4,window-input@3,time@3,other@3	3	no	-
npaintelevation	0x004e4260	reads-state	complete	159	501	-	0,1,2,3,4	4	4	yes	no	no	0	0	4	0	5	0x4026a0,0x404ab0,0x47fe30,0x4a5170,0x4d4550	0	0	-	2	0	0	-	0x5aa12c,0x5ae958	-	0	file-io@5,archive@5,memory@6,thread@4,window-input@3,time@3,other@3	2	yes	-
nsetarmydata	0x0041c2b0	reads-state	complete	160	477	-	0,1,2,3	3	3	yes	no	no	0	0	3	0	6	0x404ab0,0x41c490,0x485080,0x4d41c0,0x4d4550,0x5394a0	0	0	-	1	2	0	-	0x5aa12c	0x555960,0x555994	2	file-io@5,archive@4,memory@5,thread@4,window-input@2,time@2,other@2	2	yes	-
nsetbuildingdata	0x00440d10	reads-state	complete	95	283	-	0,1,2,3	3	3	yes	no	no	1	0	2	0	4	0x4409e0,0x440c00,0x4d4550,0x5394a0	0	0	-	1	0	0	-	0x5aa12c	-	0	file-io@5,archive@5,memory@6,thread@4,window-input@3,time@3,other@3	2	yes	-
nsetcitydata	0x00450d40	reads-state	complete	160	504	-	0,1,2,3,4	4	4	yes	no	no	0	0	4	0	5	0x4026a0,0x404ab0,0x4511f0,0x4d41c0,0x4d4550	0	0	-	1	1	0	-	0x5aa12c	0x5574a8	1	file-io@5,archive@4,memory@5,thread@4,window-input@2,time@2,other@2	2	yes	-
nsetcityinitiates	0x00451e50	reads-state	complete	146	437	-	0,1,2,3	3	3	yes	no	no	0	0	3	0	6	0x4026a0,0x404ab0,0x451dc0,0x482ac0,0x4d41c0,0x4d4550	0	0	-	1	2	0	-	0x5aa12c	0x5574d8,0x5574f0	2	file-io@5,archive@4,memory@5,thread@4,window-input@2,time@2,other@2	2	yes	-
nsetplayerdata	0x004bea30	reads-state	complete	131	400	-	0,1,2,3,4	4	4	yes	no	no	1	0	3	0	5	0x4026a0,0x404ab0,0x4bdce0,0x4bebc0,0x4d4550	0	0	-	1	0	0	-	0x5aa12c	-	0	file-io@5,archive@5,memory@6,thread@4,window-input@3,time@3,other@3	2	yes	-
nsetterrain	0x004e00d0	reads-state	complete	131	408	-	0,1,2,3	3	3	yes	no	no	0	0	3	0	5	0x4026a0,0x404ab0,0x47fe80,0x4d4550,0x5394a0	0	0	-	1	0	0	-	0x5aa12c	-	0	file-io@5,archive@5,memory@6,thread@4,window-input@3,time@3,other@3	2	yes	-
nsetunitdata	0x0041c670	reads-state	complete	187	550	-	0,1,2,3,4,5	5	7	NO	no	no	0	0	4	1	6	0x4026a0,0x404ab0,0x41ca40,0x41de50,0x4d41c0,0x4d4550	0	0	-	2	1	0	-	0x5aa12c,0x5ae950	0x5559b0	1	file-io@5,archive@4,memory@5,thread@4,window-input@2,time@2,other@2	1	yes	-
numarmiesingroup	0x00499560	reads-state	complete	90	265	-	0,1	1	1	yes	no	no	0	0	1	1	5	0x4026a0,0x404ab0,0x4988d0,0x4d41c0,0x4d4550	0	0	-	1	1	0	-	0x5577c8	0x55c710	1	file-io@5,archive@4,memory@5,thread@4,window-input@2,time@2,other@2	2	yes	-
numattackerunits	0x00461570	reads-state	complete	28	95	0	0	0	0	yes	no	no	0	0	0	1	1	0x4d4550	0	0	-	2	0	0	-	0x5ccd74,0x5cce28	-	0	file-io@5,archive@5,memory@6,thread@4,window-input@3,time@3,other@3	3	yes	-
numcomputers	0x004b8b10	reads-state	complete	27	97	0	0	0	0	yes	no	no	0	0	0	1	1	0x4d4550	0	0	-	1	0	0	-	0x5d1e84	-	0	file-io@5,archive@5,memory@6,thread@4,window-input@3,time@3,other@3	3	no	-
numdefenderunits	0x004615d0	reads-state	complete	28	95	0	0	0	0	yes	no	no	0	0	0	1	1	0x4d4550	0	0	-	2	0	0	-	0x5cce28,0x5ccedc	-	0	file-io@5,archive@5,memory@6,thread@4,window-input@3,time@3,other@3	3	yes	-
numinitiates	0x004be550	unknown	complete	80	236	-	0,1	1	1	yes	no	no	0	0	1	1	4	0x404ab0,0x4bfdf0,0x4d4550,0x5394a0	0	0	-	0	0	0	-	-	-	0	file-io@5,archive@5,memory@6,thread@4,window-input@3,time@3,other@3	3	no	-
numparties	0x004be370	unknown	complete	80	236	-	0,1	1	1	yes	no	no	0	0	1	1	4	0x404ab0,0x4bded0,0x4d4550,0x5394a0	0	0	-	0	0	0	-	-	-	0	file-io@5,archive@5,memory@6,thread@4,window-input@3,time@3,other@3	3	no	-
numplayerarmiesingroup	0x00499670	unknown	complete	123	368	-	0,1,2	2	2	yes	no	no	0	0	2	1	5	0x4026a0,0x404ab0,0x4988d0,0x4d41c0,0x4d4550	0	0	-	0	1	0	-	-	0x55c710	1	file-io@5,archive@4,memory@5,thread@4,window-input@2,time@2,other@2	2	yes	-
numregions	0x004c7880	reads-state	complete	21	78	0	0	0	0	yes	no	no	0	0	0	1	1	0x4d4550	0	0	-	1	0	0	-	0x5af0b4	-	0	file-io@5,archive@5,memory@6,thread@4,window-input@3,time@3,other@3	3	no	-
numspellsunitcancast	0x00423aa0	unknown	complete	36	112	1	1	1	1	yes	no	no	1	0	0	1	3	0x41bf10,0x4235e0,0x4d4550	0	0	-	0	0	0	-	-	-	0	file-io@5,archive@5,memory@6,thread@4,window-input@3,time@3,other@3	3	no	-
numturnstoreacharmy	0x0051e1a0	reads-state	complete	201	562	-	0,1,2	2	2	yes	no	no	0	0	2	3	8	0x4026a0,0x404ab0,0x485080,0x4acea0,0x4d41c0,0x4d4550,0x51bd60,0x521c70	0	0	-	2	2	0	-	0x5aa12c,0x5aef04	0x5577cc,0x573ea8	2	file-io@5,archive@3,memory@5,thread@2,window-input@2,time@2,other@2	2	yes	-
numturnstoreachcity	0x0051dd00	reads-state	complete	237	644	-	0,1,2	2	2	yes	no	no	0	0	2	3	9	0x4026a0,0x404ab0,0x482ac0,0x485080,0x4acea0,0x4c6660,0x4d41c0,0x4d4550,0x51bd60	0	0	-	5	2	0	-	0x5aa12c,0x5aef04,0x5aef04,0x5aef10,0x5af0bc	0x5577cc,0x573e84	2	file-io@5,archive@2,memory@5,thread@1,window-input@2,time@2,other@2	2	yes	-
numturnstoreachsprite	0x0051df90	reads-state	complete	177	525	-	0,1,2	2	2	yes	no	no	1	0	1	2	8	0x4026a0,0x404ab0,0x41be40,0x4c6660,0x4d41c0,0x4d4550,0x4f6000,0x51bd60	0	0	-	5	1	0	-	0x5ae974,0x5aef04,0x5aef04,0x5aef10,0x5af0bc	0x573e94	1	file-io@5,archive@2,memory@5,thread@1,window-input@2,time@2,other@2	2	yes	-
numunitgroups	0x004e88a0	unknown	complete	29	99	1	1	1	1	yes	no	no	1	0	0	1	3	0x41be40,0x4d4550,0x4e73e0	0	0	-	0	0	0	-	-	-	0	file-io@5,archive@5,memory@6,thread@4,window-input@3,time@3,other@3	2	no	-
numunits	0x004be460	unknown	complete	80	236	-	0,1	1	1	yes	no	no	0	0	1	1	4	0x404ab0,0x4bdf10,0x4d4550,0x5394a0	0	0	-	0	0	0	-	-	-	0	file-io@5,archive@5,memory@6,thread@4,window-input@3,time@3,other@3	3	no	-
numunittypes	0x005247d0	reads-state	complete	21	78	0	0	0	0	yes	no	no	0	0	0	1	1	0x4d4550	0	0	-	1	0	0	-	0x5cd2f0	-	0	file-io@5,archive@5,memory@6,thread@4,window-input@3,time@3,other@3	3	no	-
onetimeonly	0x00486fd0	reads-state	complete	63	192	-	0,1	1	1	yes	no	no	0	0	1	0	3	0x486e00,0x4d4550,0x5394a0	0	0	-	1	0	0	-	0x5aa1f0	-	0	file-io@5,archive@5,memory@6,thread@4,window-input@3,time@3,other@3	3	yes	-
opaque	0x00490000	reads-state	complete	60	186	-	0,1	1	1	yes	no	no	0	0	1	0	4	0x4d41c0,0x4d4550,0x5005f0,0x5394a0	0	0	-	1	1	0	-	0x584ae8	0x55c39c	1	file-io@5,archive@4,memory@5,thread@4,window-input@2,time@2,other@2	2	yes	-
opencitygate	0x00458b10	reads-state	complete	67	208	-	0,1,2	2	2	yes	no	no	0	0	1	0	4	0x455850,0x457660,0x4d4550,0x5394a0	0	0	-	2	0	0	-	0x5ae8e8,0x5ae958	-	0	file-io@5,archive@4,memory@6,thread@4,graphics@4,window-input@3,time@3,other@3	1	yes	-
opendialog	0x0048fc70	reads-state	complete	83	250	-	0,1	1	1	yes	no	no	0	0	1	0	6	0x4d41c0,0x4d4550,0x4ffcf0,0x5056a0,0x505700,0x5394a0	0	0	-	1	3	0	-	0x584ae8	0x55c3bc,0x55c3d0,0x55c3f0	3	file-io@5,archive@4,memory@5,thread@4,window-input@2,time@2,other@1	2	yes	-
openscriptwindow	0x004c9b00	reads-state	complete	2	10	0	0	0	0	yes	no	no	0	0	0	0	0	0x4fe590	1	0	-	1	0	0	-	0x584ae8	-	0	archive@4,thread@5,window-input@2,time@4,other@4	3	no	-
or	0x004cbec0	unknown	complete	110	9786	-	0,1,2	2	2	yes	no	no	0	0	2	1	4	0x4026a0,0x404ab0,0x4d4550,0x5394a0	0	0	-	0	0	0	-	-	-	0	file-io@5,archive@5,memory@6,thread@4,window-input@3,time@3,other@3	3	no	-
originalunittype	0x00527af0	unknown	complete	38	124	1	1	1	1	yes	no	no	1	0	0	1	3	0x41bf10,0x4d4550,0x5278b0	0	0	-	0	0	0	-	-	-	0	file-io@5,archive@5,memory@6,thread@4,window-input@3,time@3,other@3	3	no	-
orthographic	0x0046ab00	reads-state	complete	10	37	0	0	0	0	yes	no	no	0	0	0	0	3	0x469f70,0x504ce0,0x519b30	0	0	-	2	0	0	-	0x584ae8,0x5876d0	-	0	file-io@6,archive@2,memory@6,thread@3,graphics@6,window-input@3,time@2,other@2	1	yes	-
paintelevation	0x004e4060	reads-state	complete	159	501	-	0,1,2,3,4	4	4	yes	no	no	0	0	4	0	5	0x4026a0,0x404ab0,0x4a5170,0x4a6200,0x4d4550	0	0	-	1	0	0	-	0x5ae958	-	0	file-io@5,archive@4,memory@6,thread@4,window-input@3,time@3,other@2	2	yes	-
parryorder	0x00464260	reads-state	complete	63	194	-	0,1	1	1	yes	no	no	0	0	1	0	5	0x4051c0,0x482ac0,0x4d41c0,0x4d4550,0x5394a0	0	0	-	1	1	0	-	0x5aa12c	0x555960	1	file-io@5,archive@4,memory@5,thread@4,window-input@2,time@2,other@2	2	yes	-
partialarmystrength	0x0051f120	reads-state	complete	124	390	-	0,1,2	2	2	yes	no	no	0	0	2	1	7	0x4026a0,0x404ab0,0x421880,0x485080,0x4d41c0,0x4d4550,0x5394a0	0	0	-	1	1	0	-	0x5aa12c	0x5577cc	1	file-io@5,archive@4,memory@5,thread@4,window-input@2,time@2,other@2	2	yes	-
partialcanmerge?	0x00520e20	unknown	complete	158	598	-	0,1,2,3,4	4	3	NO	no	no	2	0	2	1	10	0x4026a0,0x404ab0,0x411610,0x4117f0,0x411910,0x415170,0x415610,0x41be40,0x4d4550,0x5394a0	0	0	-	0	0	0	-	-	-	0	file-io@5,archive@5,memory@6,thread@4,window-input@3,time@3,other@3	1	no	-
perceivedbartervalue	0x00434ea0	reads-state	complete	111	358	-	0,1,2	2	2	yes	no	no	0	0	2	1	5	0x4026a0,0x404ab0,0x434920,0x4d4550,0x5394a0	0	0	-	1	0	0	-	0x584cd4	-	0	file-io@5,archive@5,memory@6,thread@4,window-input@3,time@3,other@3	2	yes	-
permanentpolymorph	0x00527c10	unknown	complete	75	232	-	0,1,2	2	2	yes	no	no	1	0	1	0	5	0x41bf10,0x4d41c0,0x4d4550,0x527820,0x5394a0	0	1	-	0	1	0	-	-	0x5729c8	1	file-io@5,archive@3,memory@5,thread@4,window-input@2,time@2,other@2	2	yes	-
perspective	0x0046ab30	reads-state	complete	10	37	0	0	0	0	yes	no	no	0	0	0	0	3	0x469fa0,0x504ce0,0x519b30	0	0	-	2	0	0	-	0x584ae8,0x5876d0	-	0	file-io@6,archive@2,memory@6,thread@3,graphics@6,window-input@3,time@2,other@2	1	yes	-
place_around_edges	0x004ee5b0	operand-only	complete	40	133	-	0,1	1	1	yes	no	no	0	0	1	0	1	0x4d4550	0	0	-	0	0	0	-	-	-	0	file-io@5,archive@5,memory@6,thread@4,window-input@3,time@3,other@3	3	no	-
place_in_center	0x004ee5b0	operand-only	complete	40	133	-	0,1	1	1	yes	no	no	0	0	1	0	1	0x4d4550	0	0	-	0	0	0	-	-	-	0	file-io@5,archive@5,memory@6,thread@4,window-input@3,time@3,other@3	3	no	-
placecitywall_cantwalkhorizontal	0x00458470	reads-state	complete	131	408	-	0,1,2,3	3	3	yes	no	no	0	0	3	0	5	0x4026a0,0x404ab0,0x456330,0x4d4550,0x5394a0	0	0	-	1	0	0	-	0x5ae958	-	0	file-io@5,archive@5,memory@6,thread@4,window-input@3,time@3,other@3	3	yes	-
placecitywall_cantwalkvertical	0x00458610	reads-state	complete	131	408	-	0,1,2,3	3	3	yes	no	no	0	0	3	0	5	0x4026a0,0x404ab0,0x456370,0x4d4550,0x5394a0	0	0	-	1	0	0	-	0x5ae958	-	0	file-io@5,archive@5,memory@6,thread@4,window-input@3,time@3,other@3	3	yes	-
placecitywall_gate	0x00458180	file-or-resource-io	complete	134	420	-	0,1,2,3	3	3	yes	no	no	0	0	3	0	6	0x4026a0,0x404ab0,0x4564b0,0x4c6660,0x4d4550,0x5394a0	0	0	-	2	0	0	-	0x5ae958,0x5aef04	-	0	file-io@5,archive@1,memory@6,thread@1,graphics@4,window-input@3,time@3,other@3	1	yes	-
placecombatarmies	0x004ee640	reads-state	complete	278	730	-	0,1,2,3,4,5,6,7	7	5	NO	no	no	3	0	4	0	6	0x4026a0,0x404ab0,0x40adb0,0x4d41c0,0x4d4550,0x4ee150	0	0	-	1	1	0	-	0x5ae958	0x5731a8	1	file-io@5,archive@2,memory@5,thread@2,graphics@6,window-input@2,time@2,other@2	2	yes	-
placecornercitywall	0x004595d0	reads-state	complete	89	279	-	0,1,2	2	2	yes	no	no	0	0	2	0	3	0x455f70,0x4d4550,0x5394a0	0	0	-	1	0	0	-	0x5ae958	-	0	file-io@5,archive@2,memory@6,thread@4,window-input@3,time@3,other@2	3	yes	-
placefrontcitywall	0x00459370	reads-state	complete	107	314	-	0,1,2	2	2	yes	no	no	0	0	2	0	3	0x455f70,0x4d4550,0x5394a0	0	0	-	1	0	0	-	0x5ae958	-	0	file-io@5,archive@2,memory@6,thread@4,window-input@3,time@3,other@2	3	yes	-
placefrontladder	0x004596f0	reads-state	complete	89	279	-	0,1,2	2	2	yes	no	no	0	0	2	0	3	0x4563b0,0x4d4550,0x5394a0	0	0	-	1	0	0	-	0x5ae958	-	0	file-io@5,archive@2,memory@6,thread@4,window-input@3,time@3,other@2	3	yes	-
placesidecitywall	0x004594b0	reads-state	complete	89	279	-	0,1,2	2	2	yes	no	no	0	0	2	0	3	0x455f70,0x4d4550,0x5394a0	0	0	-	1	0	0	-	0x5ae958	-	0	file-io@5,archive@2,memory@6,thread@4,window-input@3,time@3,other@2	3	yes	-
placesideladder	0x00459810	reads-state	complete	89	279	-	0,1,2	2	2	yes	no	no	0	0	2	0	3	0x4563b0,0x4d4550,0x5394a0	0	0	-	1	0	0	-	0x5ae958	-	0	file-io@5,archive@2,memory@6,thread@4,window-input@3,time@3,other@2	3	yes	-
playambientloop	0x0047ab60	reads-state	complete	63	192	-	0,1	1	1	yes	no	no	0	0	1	0	3	0x47a830,0x4d4550,0x5394a0	0	0	-	1	0	0	-	0x585408	-	0	file-io@5,archive@2,memory@6,thread@4,window-input@3,time@3,other@3	2	yes	-
playambientsfx	0x0047aa20	reads-state	complete	104	311	-	0,1,2	2	2	yes	no	no	0	0	2	0	3	0x47a8b0,0x4d4550,0x5394a0	0	0	-	1	0	0	-	0x585408	-	0	file-io@5,archive@2,memory@5,thread@3,window-input@3,time@3,other@2	2	yes	-
playeractivate	0x004b5870	floating-point	complete	74	217	-	0,1,2	2	2	yes	no	no	1	0	1	0	3	0x4bdce0,0x4d4550,0x5394a0	0	0	-	0	0	0	-	-	-	0	file-io@5,archive@5,memory@6,thread@4,window-input@3,time@3,other@3	3	no	-
playerarmiesstrength	0x004670a0	reads-state	complete	61	198	-	0,1	1	1	yes	no	no	0	0	1	1	3	0x4066e0,0x4d4550,0x5394a0	0	0	-	1	0	0	-	0x5ae958	-	0	file-io@5,archive@5,memory@6,thread@4,window-input@3,time@3,other@3	2	yes	-
playeraveragerangemissile	0x00409630	reads-state	complete	76	258	-	0,1	1	1	yes	no	no	0	0	1	1	4	0x409550,0x4d41c0,0x4d4550,0x5394a0	0	0	-	3	1	0	-	0x5aa7d4,0x5aadb0,0x5ae958	0x555710	1	file-io@5,archive@4,memory@5,thread@4,window-input@2,time@2,other@2	2	yes	-
playerbarteraccept	0x00433b50	reads-state	complete	70	240	-	0,1	1	1	yes	no	no	0	0	1	0	5	0x431a10,0x432200,0x4d41c0,0x4d4550,0x5394a0	0	0	-	2	1	0	-	0x584cd4,0x5aa12c	0x555ff0	1	file-io@5,archive@4,memory@5,thread@4,window-input@2,time@2,other@2	2	yes	-
playerbarterattack	0x00434000	reads-state	complete	74	244	-	0,1	1	1	yes	no	no	0	0	1	0	5	0x431a10,0x432310,0x4d41c0,0x4d4550,0x5394a0	0	0	-	2	1	0	-	0x584cd4,0x5aa12c	0x555ff0	1	file-io@5,archive@4,memory@5,thread@4,window-input@2,time@2,other@2	2	yes	-
playerbartercancelrenegotiate	0x00433f10	reads-state	complete	70	240	-	0,1	1	1	yes	no	no	0	0	1	0	5	0x431a10,0x4322b0,0x4d41c0,0x4d4550,0x5394a0	0	0	-	2	1	0	-	0x584cd4,0x5aa12c	0x555ff0	1	file-io@5,archive@4,memory@5,thread@4,window-input@2,time@2,other@2	1	yes	-
playerbarternotinterested	0x00433c40	reads-state	complete	70	240	-	0,1	1	1	yes	no	no	0	0	1	0	5	0x431a10,0x432230,0x4d41c0,0x4d4550,0x5394a0	0	0	-	2	1	0	-	0x584cd4,0x5aa12c	0x555ff0	1	file-io@5,archive@4,memory@5,thread@4,window-input@2,time@2,other@2	2	yes	-
playerbarterpropose	0x00433d30	reads-state	complete	70	240	-	0,1	1	1	yes	no	no	0	0	1	0	5	0x431a10,0x4321d0,0x4d41c0,0x4d4550,0x5394a0	0	0	-	2	1	0	-	0x584cd4,0x5aa12c	0x555ff0	1	file-io@5,archive@4,memory@5,thread@4,window-input@2,time@2,other@2	2	yes	-
playerbarterrenegotiate	0x00433e20	reads-state	complete	70	240	-	0,1	1	1	yes	no	no	0	0	1	0	5	0x431a10,0x432260,0x4d41c0,0x4d4550,0x5394a0	0	0	-	2	1	0	-	0x584cd4,0x5aa12c	0x555ff0	1	file-io@5,archive@4,memory@5,thread@4,window-input@2,time@2,other@2	2	yes	-
playercancelbartersession	0x004329b0	reads-state	complete	55	176	-	0,1	1	1	yes	no	no	0	0	1	0	4	0x432430,0x4d41c0,0x4d4550,0x5394a0	0	0	-	1	1	0	-	0x584cd4	0x555ff0	1	file-io@5,archive@4,memory@5,thread@4,window-input@2,time@2,other@2	2	yes	-
playercenterlocarmies	0x00466fd0	reads-state	complete	62	200	-	0,1	1	1	yes	no	no	0	0	1	1	3	0x406a80,0x4d4550,0x5394a0	0	0	-	1	0	0	-	0x5ae958	-	0	file-io@5,archive@5,memory@6,thread@4,window-input@3,time@3,other@3	3	yes	-
playergetnumgroups	0x004e6e10	reads-state	complete	123	384	-	0,1	1	1	yes	no	no	0	0	1	2	4	0x4026a0,0x404ab0,0x4d4550,0x4f6000	0	0	-	3	0	0	-	0x5ae974,0x5ae98c,0x5ae998	-	0	file-io@5,archive@5,memory@6,thread@4,window-input@3,time@3,other@3	3	yes	-
playerhighestkeeplevel	0x004c00a0	unknown	complete	34	107	1	1	1	1	yes	no	no	1	0	0	1	3	0x4bdce0,0x4c0020,0x4d4550	0	0	-	0	0	0	-	-	-	0	file-io@5,archive@5,memory@6,thread@4,window-input@3,time@3,other@3	3	no	-
playerlongestmissilearmy	0x00466890	reads-state	complete	111	358	-	0,1,2	2	2	yes	no	no	0	0	2	1	5	0x4026a0,0x404ab0,0x407160,0x4d4550,0x5394a0	0	0	-	1	0	0	-	0x5ae958	-	0	file-io@5,archive@5,memory@6,thread@4,window-input@3,time@3,other@3	3	yes	-
playernumarmies	0x00466f00	reads-state	complete	61	198	-	0,1	1	1	yes	no	no	0	0	1	1	3	0x406a30,0x4d4550,0x5394a0	0	0	-	1	0	0	-	0x5ae958	-	0	file-io@5,archive@5,memory@6,thread@4,window-input@3,time@3,other@3	3	yes	-
playertarmiesaveragespeed	0x00466360	reads-state	complete	61	198	-	0,1	1	1	yes	no	no	0	0	1	1	3	0x406e10,0x4d4550,0x5394a0	0	0	-	1	0	0	-	0x5ae958	-	0	file-io@5,archive@5,memory@6,thread@4,window-input@3,time@3,other@3	3	yes	-
playimp	0x0049bc20	file-or-resource-io	complete	303	880	-	0,1,2,3,4,5	5	5	yes	no	no	0	0	5	0	9	0x4026a0,0x404ab0,0x4753d0,0x492850,0x4d41c0,0x4d4550,0x4f2cc0,0x4f34c0,0x533864	0	4	-	2	3	0	-	0x584ae8,0x5a7b50	0x555130,0x55c804,0x55c828	3	file-io@5,archive@0,memory@5,thread@4,window-input@2,time@2,other@2	2	yes	STORM.dll!#401
playmoodmusic	0x004b3f00	reads-state	complete	27	10	0	0	0	0	yes	no	no	0	0	0	0	3	0x4b32c0,0x4b3580,0x4b3cb0	0	0	-	1	0	0	-	0x585408	-	0	file-io@4,memory@4,thread@1,graphics@2,window-input@2,other@4	3	yes	-
playmusic	0x004b3da0	reads-state	complete	44	151	-	0,1	1	1	yes	no	no	0	0	1	0	2	0x4b3620,0x4d4550	0	0	-	1	0	0	-	0x585408	-	0	file-io@5,archive@5,memory@5,thread@2,window-input@3,time@3,other@3	3	yes	-
playmusicnorepeat	0x004b3e40	mutates-state	complete	53	187	-	0,1	1	1	yes	no	no	0	0	1	0	3	0x4b32c0,0x4b3580,0x4d4550	0	0	-	2	0	1	-	0x5863c8,0x5863e4,0x5867bc	-	0	file-io@4,archive@5,memory@4,thread@1,window-input@3,time@3,other@3	0	yes	-
playsoundfx	0x0047a110	mutates-state	complete	57	203	-	0,1	1	1	yes	no	no	0	0	1	0	3	0x478c00,0x4d4550,0x5394a0	0	0	-	2	0	4	-	0x585408,0x586774,0x5867a0,0x5867a4,0x5867a8,0x5867b4	-	0	file-io@5,archive@2,memory@6,thread@4,window-input@3,time@3,other@2	0	yes	-
playsoundfxwait	0x0047a020	mutates-state	complete	72	239	-	0,1	1	1	yes	no	no	0	0	1	0	3	0x478c00,0x4d4550,0x5394a0	0	1	-	3	0	4	-	0x585408,0x585408,0x586774,0x5867a0,0x5867a4,0x5867a8,0x5867b4	-	0	file-io@5,archive@2,memory@6,thread@4,window-input@3,time@3,other@2	0	yes	-
playspeech	0x004b4390	reads-state	complete	53	174	-	0,1	1	1	yes	no	no	0	0	1	0	3	0x4b3620,0x4d41c0,0x4d4550	0	0	-	1	1	0	-	0x585408	0x55cfb0	1	file-io@5,archive@4,memory@5,thread@2,window-input@2,time@2,other@2	2	yes	-
playspeechvol	0x0047a1e0	mutates-state	complete	57	203	-	0,1	1	1	yes	no	no	0	0	1	0	3	0x478c00,0x4d4550,0x5394a0	0	0	-	2	0	4	-	0x585408,0x586778,0x5867a0,0x5867a4,0x5867a8,0x5867b4	-	0	file-io@5,archive@2,memory@6,thread@4,window-input@3,time@3,other@2	0	yes	-
playterrainambiance	0x0047b1a0	mutates-state	complete	3	20	0	0	0	0	yes	no	no	0	0	0	0	0	0x47af50	1	0	-	1	0	1	-	0x5863b4,0x5ae958	-	0	file-io@5,archive@4,memory@6,thread@4,graphics@1,window-input@1,other@4	0	no	-
playunitsoundfx	0x00479220	mutates-state	complete	128	432	-	0,1,2,3	3	3	yes	no	no	0	0	3	0	5	0x4026a0,0x404ab0,0x478c00,0x4d4550,0x5394a0	0	0	-	3	0	3	-	0x585408,0x586774,0x5867a0,0x5867a4,0x5867a8,0x5867b4	-	0	file-io@5,archive@2,memory@6,thread@4,window-input@3,time@3,other@2	0	yes	-
playvideo	0x005312f0	mutates-state	complete	167	514	-	0,1,2,3,4	4	4	yes	no	no	0	0	4	0	5	0x4026a0,0x404ab0,0x4d41c0,0x4d4550,0x531120	0	0	-	3	2	2	-	0x5867c0,0x5869dc,0x5869e0,0x5869e4,0x5869f0	0x55cfb0,0x5743ec	2	file-io@5,archive@4,memory@3,thread@4,video@1,window-input@2,time@2,other@2	0	yes	-
playvideo_stretch	0x00531500	mutates-state	complete	132	438	-	0,1,2	2	2	yes	no	no	0	0	2	0	4	0x4d41c0,0x4d4550,0x531120,0x5394a0	0	1	0x585174+0x1c	3	2	4	-	0x58516c,0x585174,0x5867c0,0x5869dc,0x5869e0,0x5869e4,0x5869f0	0x55cfb0,0x5743ec	2	file-io@5,archive@4,memory@3,thread@4,video@1,window-input@2,time@2,other@2	0	yes	-
playvideoshutdown	0x005316d0	rendering	complete	212	603	-	0,1,2,3,4,5	5	5	yes	no	no	0	0	5	0	6	0x4026a0,0x404ab0,0x41da00,0x4d41c0,0x4d4550,0x531120	0	0	-	4	2	0	-	0x5867c0,0x5869dc,0x5869e0,0x5869f0	0x55cfb0,0x5743ec	2	file-io@5,archive@4,memory@3,thread@4,video@1,window-input@2,time@2,other@2	2	yes	-
playvoice	0x0047a1e0	mutates-state	complete	57	203	-	0,1	1	1	yes	no	no	0	0	1	0	3	0x478c00,0x4d4550,0x5394a0	0	0	-	2	0	4	-	0x585408,0x586778,0x5867a0,0x5867a4,0x5867a8,0x5867b4	-	0	file-io@5,archive@2,memory@6,thread@4,window-input@3,time@3,other@2	0	yes	-
pointslope	0x0051bc30	stub	complete	1	1	0	0	0	0	yes	no	no	0	0	0	0	0	-	0	0	-	0	0	0	-	-	-	0	-	-	no	-
polattitudechangeproc	0x004e2e30	mutates-state	complete	29	100	-	0,1	1	1	yes	no	no	0	0	1	0	1	0x4d4550	0	0	-	0	0	2	-	0x5a7d0c,0x5a7d10	-	0	file-io@5,archive@5,memory@6,thread@4,window-input@3,time@3,other@3	0	no	-
poollength	0x004dc230	reads-state	complete	21	78	0	0	0	0	yes	no	no	0	0	0	1	1	0x4d4550	0	0	-	1	0	0	-	0x5a7b50	-	0	file-io@5,archive@5,memory@6,thread@4,window-input@3,time@3,other@3	3	no	-
poolobjecttype	0x004dc280	reads-state	complete	82	245	-	0,1	1	1	yes	no	no	0	0	1	2	4	0x404ab0,0x491c20,0x4d4550,0x5394a0	0	0	-	1	0	0	-	0x5a7b50	-	0	file-io@5,archive@5,memory@6,thread@4,window-input@3,time@3,other@3	3	yes	-
pop	0x004ca010	operand-only	complete	25	81	-	0,1	1	1	yes	no	no	0	0	1	0	1	0x4d4550	0	0	-	0	0	0	-	-	-	0	file-io@5,archive@5,memory@6,thread@4,window-input@3,time@3,other@3	3	no	-
positionfaithmap	0x004a7ee0	reads-state	complete	156	490	-	0,1,2,3,4	4	4	yes	no	no	0	0	4	0	4	0x4026a0,0x404ab0,0x4d4550,0x51ab30	0	0	-	1	0	0	-	0x5876d0	-	0	file-io@5,archive@5,memory@6,thread@4,window-input@3,time@3,other@3	3	yes	-
positionmap	0x004a80d0	reads-state	complete	128	370	-	0,1,2,3	3	3	yes	no	no	0	0	3	0	4	0x4026a0,0x404ab0,0x4d4550,0x51ab30	0	0	-	2	0	0	-	0x5876d0,0x5ae9c4	-	0	file-io@5,archive@5,memory@6,thread@4,window-input@3,time@3,other@3	3	yes	-
pre_combat_attacker_barter_value	0x004614d0	reads-state	complete	21	78	0	0	0	0	yes	no	no	0	0	0	1	1	0x4d4550	0	0	-	1	0	0	-	0x5ae898	-	0	file-io@5,archive@5,memory@6,thread@4,window-input@3,time@3,other@3	3	no	-
pre_combat_defender_barter_value	0x00461520	reads-state	complete	21	78	0	0	0	0	yes	no	no	0	0	0	1	1	0x4d4550	0	0	-	1	0	0	-	0x5ae89c	-	0	file-io@5,archive@5,memory@6,thread@4,window-input@3,time@3,other@3	3	no	-
predictresources	0x004bfb40	unknown	complete	67	209	-	0,1	1	1	yes	no	no	0	0	1	0	5	0x404ab0,0x4bde30,0x4d41c0,0x4d4550,0x5394a0	0	0	-	0	1	0	-	-	0x55b488	1	file-io@5,archive@4,memory@5,thread@4,window-input@2,time@2,other@2	2	yes	-
predictresourcesifneeded	0x004bfc20	unknown	complete	71	213	-	0,1	1	1	yes	no	no	0	0	1	0	4	0x4bde30,0x4d41c0,0x4d4550,0x5394a0	0	0	-	0	1	0	-	-	0x55b488	1	file-io@5,archive@4,memory@5,thread@4,window-input@2,time@2,other@2	2	yes	-
preparecitybattlemap	0x004689c0	reads-state	complete	218	606	-	0,1,2,3,4,5,6,7,8,9	9	2	NO	no	no	8	0	1	0	5	0x4026a0,0x404ab0,0x40adb0,0x457b60,0x4d4550	0	0	-	1	0	0	-	0x5ae958	-	0	file-io@5,archive@5,memory@6,thread@4,window-input@3,time@3,other@3	3	yes	-
preparedefendingcity	0x00459c30	reads-state	complete	162	10	0	0	0	0	yes	no	no	0	0	0	0	8	0x4205e0,0x45a1c0,0x4a51c0,0x4a6dd0,0x4b02a0,0x4c2330,0x4c6fc0,0x4f6000	0	0	-	9	0	0	-	0x5aadb0,0x5ae918,0x5ae91c,0x5ae924,0x5ae928,0x5ae958,0x5ae974,0x5ae98c,0x5ae998	-	0	thread@1	5	yes	-
presetambientvolume	0x004796c0	mutates-state	complete	64	202	-	0,1	1	1	yes	no	no	0	0	1	0	2	0x4d4550,0x5394a0	0	0	-	1	0	2	-	0x58677c,0x586780,0x5867bc	-	0	file-io@5,archive@5,memory@6,thread@4,window-input@3,time@3,other@3	0	no	-
presetmusicvolume	0x00479790	mutates-state	complete	63	197	-	0,1	1	1	yes	no	no	0	0	1	0	2	0x4d4550,0x5394a0	0	0	-	1	0	1	-	0x586770,0x5867bc	-	0	file-io@5,archive@5,memory@6,thread@4,window-input@3,time@3,other@3	0	no	-
presetsoundfxvolume	0x00479860	mutates-state	complete	63	197	-	0,1	1	1	yes	no	no	0	0	1	0	2	0x4d4550,0x5394a0	0	0	-	1	0	1	-	0x586774,0x5867bc	-	0	file-io@5,archive@5,memory@6,thread@4,window-input@3,time@3,other@3	0	no	-
presetspeechvolume	0x00479930	mutates-state	complete	63	197	-	0,1	1	1	yes	no	no	0	0	1	0	2	0x4d4550,0x5394a0	0	0	-	1	0	1	-	0x586778,0x5867bc	-	0	file-io@5,archive@5,memory@6,thread@4,window-input@3,time@3,other@3	0	no	-
previousarmy	0x004e1780	reads-state	complete	9	35	0	0	0	0	yes	no	no	0	0	0	0	2	0x504ce0,0x52c990	0	0	-	3	0	0	-	0x584ae8,0x5a7d8c,0x5a7d90	-	0	file-io@6,archive@2,memory@6,thread@3,graphics@2,window-input@2,time@2,other@2	1	no	-
previousarmymps	0x0052ccc0	reads-state	complete	9	35	0	0	0	0	yes	no	no	0	0	0	0	2	0x504ce0,0x52cb40	0	0	-	3	0	0	-	0x584ae8,0x5a7d8c,0x5a7d90	-	0	file-io@6,archive@2,memory@6,thread@3,graphics@2,window-input@2,time@2,other@2	1	no	-
previouscity	0x004e17e0	reads-state	complete	9	35	0	0	0	0	yes	no	no	0	0	0	0	2	0x504ce0,0x52cd50	0	0	-	3	0	0	-	0x584ae8,0x5a7d8c,0x5a7d90	-	0	file-io@6,archive@2,memory@6,thread@3,graphics@2,window-input@2,time@2,other@2	1	no	-
print	0x004c9f30	reads-state	complete	101	33249	-	0,1	1	1	yes	no	no	0	0	1	0	3	0x4d1dd0,0x4d4550,0x53a090	0	0	-	4	2	0	-	0x55e360,0x55e364,0x55e434,0x5d5800	0x54dd18,0x55e42c	1	file-io@4,archive@5,memory@4,thread@3,window-input@3,time@3,other@3	3	yes	-
prisonerandescort	0x004c3100	reads-state	complete	124	382	-	0,1,2	2	2	yes	no	no	0	0	2	0	8	0x4026a0,0x404ab0,0x482ac0,0x485080,0x4c1b40,0x4d41c0,0x4d4550,0x5394a0	0	0	-	1	1	0	-	0x5aa12c	0x55d92c	1	file-io@5,archive@4,memory@5,thread@4,window-input@2,time@2,other@2	2	yes	-
proc_hits	0x004ccf70	operand-only	complete	62	186	-	0,1	1	1	yes	no	no	0	0	1	2	1	0x4d4550	0	0	-	0	0	0	-	-	-	0	file-io@5,archive@5,memory@6,thread@4,window-input@3,time@3,other@3	3	no	-
proc_ms	0x004cd030	operand-only	complete	62	186	-	0,1	1	1	yes	no	no	0	0	1	2	1	0x4d4550	0	0	-	0	0	0	-	-	-	0	file-io@5,archive@5,memory@6,thread@4,window-input@3,time@3,other@3	3	no	-
processgamemessages	0x004e07f0	reads-state	complete	2	10	0	0	0	0	yes	no	no	0	0	0	0	0	0x48a1b0	1	0	-	1	0	0	-	0x584ae8	-	0	file-io@5,archive@2,thread@2,window-input@2,time@2,other@4	1	no	-
protectdictstack	0x004ca160	operand-only	complete	5	29767	0	0	0	0	yes	no	no	0	0	0	0	0	-	0	0	-	0	0	0	-	-	-	0	-	-	no	-
providername	0x004b8260	reads-state	complete	80	232	-	0,1	1	1	yes	no	no	0	0	1	1	5	0x404ab0,0x4b7df0,0x4d41c0,0x4d4550,0x5394a0	0	0	-	1	1	0	-	0x5d1e84	0x55d438	1	file-io@5,archive@4,memory@5,thread@4,window-input@2,time@2,other@2	2	yes	-
put	0x004ca350	unknown	complete	217	573	-	0,1,2,3	3	3	yes	no	no	0	0	3	0	5	0x4026a0,0x404ab0,0x4cee20,0x4d31b0,0x4d4550	0	0	-	0	0	0	-	-	-	0	file-io@5,archive@5,memory@6,thread@4,window-input@3,time@3,other@3	3	no	-
qtyinbarter	0x004369e0	reads-state	complete	111	358	-	0,1,2	2	2	yes	no	no	0	0	2	1	5	0x4026a0,0x404ab0,0x435e80,0x4d4550,0x5394a0	0	0	-	1	0	0	-	0x584cd4	-	0	file-io@5,archive@5,memory@6,thread@4,window-input@3,time@3,other@3	3	yes	-
quit	0x004c9c70	operand-only	complete	6	26	0	0	0	0	yes	no	no	0	0	0	0	0	-	0	0	-	0	0	0	-	-	-	0	-	-	no	-
rally	0x00467d80	reads-state	complete	63	192	-	0,1	1	1	yes	no	no	0	0	1	0	3	0x407c10,0x4d4550,0x5394a0	0	0	-	1	0	0	-	0x5aa12c	-	0	file-io@5,archive@5,memory@6,thread@4,window-input@3,time@3,other@3	2	yes	-
rallyproc	0x004e3060	mutates-state	complete	29	100	-	0,1	1	1	yes	no	no	0	0	1	0	1	0x4d4550	0	0	-	0	0	2	-	0x5a7c5c,0x5a7c60	-	0	file-io@5,archive@5,memory@6,thread@4,window-input@3,time@3,other@3	0	no	-
rallyresult	0x004e30d0	mutates-state	complete	29	100	-	0,1	1	1	yes	no	no	0	0	1	0	1	0x4d4550	0	0	-	0	0	2	-	0x5a7c64,0x5a7c68	-	0	file-io@5,archive@5,memory@6,thread@4,window-input@3,time@3,other@3	0	no	-
rand	0x004c9f20	unknown	complete	23	29179	0	0	0	0	yes	no	no	0	0	0	1	2	0x4d4550,0x53a110	0	0	-	0	0	0	-	-	-	0	file-io@4,archive@5,memory@4,thread@2,window-input@3,time@3,other@2	2	no	-
randombolt	0x004a3890	unknown	complete	167	570	-	0,1,2,3,4	4	4	yes	no	no	0	0	4	0	6	0x4026a0,0x404ab0,0x4a3080,0x4a3800,0x4d4550,0x51bc30	0	0	-	0	0	0	-	-	-	0	file-io@5,archive@5,memory@5,thread@3,window-input@3,time@2,other@3	2	no	-
rbuttondown	0x004e3cf0	operand-only	complete	21	77	0	0	0	0	yes	no	no	0	0	0	1	1	0x4d4550	0	0	-	0	0	0	-	-	-	0	file-io@5,archive@5,memory@6,thread@4,window-input@3,time@3,other@3	3	no	-
rbuttonup	0x004e3d90	operand-only	complete	21	77	0	0	0	0	yes	no	no	0	0	0	1	1	0x4d4550	0	0	-	0	0	0	-	-	-	0	file-io@5,archive@5,memory@6,thread@4,window-input@3,time@3,other@3	3	no	-
read	0x004cc110	unknown	complete	98	5606	-	0,1	1	1	yes	no	no	0	0	1	3	2	0x4d4550,0x53b4e0	0	0	-	0	0	0	-	-	-	0	file-io@4,archive@5,memory@4,thread@2,window-input@3,time@3,other@3	3	no	-
readline	0x004cc130	unknown	complete	148	6277	-	0,1,2	2	2	yes	no	no	0	0	2	2	4	0x4cee20,0x4d4550,0x53ae60,0x53b350	0	0	-	0	0	0	-	-	-	0	file-io@4,archive@5,memory@4,thread@2,window-input@3,time@3,other@3	3	no	-
realgriddistance	0x004e6070	reads-state	complete	113	366	-	0,1,2	2	2	yes	no	no	0	0	2	1	5	0x4026a0,0x404ab0,0x4a89d0,0x4d4550,0x5394a0	0	0	-	1	0	0	-	0x5ae958	-	0	file-io@5,archive@5,memory@6,thread@4,window-input@3,time@3,other@3	3	yes	-
rebuild3dmap	0x004e07e0	reads-state	complete	4	13	0	0	0	0	yes	no	no	0	0	0	0	1	0x519b30	0	0	-	1	0	0	-	0x5876d0	-	0	-	1	yes	-
receive_artifact_callback	0x004d8490	mutates-state	complete	29	100	-	0,1	1	1	yes	no	no	0	0	1	0	1	0x4d4550	0	0	-	0	0	2	-	0x5aa244,0x5aa248	-	0	file-io@5,archive@5,memory@6,thread@4,window-input@3,time@3,other@3	0	no	-
refreshdialog	0x00490550	reads-state	complete	63	192	-	0,1	1	1	yes	no	no	0	0	1	0	3	0x4d4550,0x500780,0x5394a0	0	0	-	1	0	0	-	0x584ae8	-	0	file-io@5,archive@5,memory@6,thread@4,window-input@3,time@3,other@3	3	yes	-
refreshdirty	0x004da070	mutates-state	complete	8	43	0	0	0	0	yes	no	no	0	0	0	0	2	0x476c20,0x5007e0	0	0	-	1	0	1	-	0x55c338,0x584ae8	-	0	archive@1,memory@5,thread@2,window-input@2,time@1,other@4	0	yes	-
refreshitem	0x00490410	reads-state	complete	104	311	-	0,1,2	2	2	yes	no	no	0	0	2	0	3	0x4d4550,0x500710,0x5394a0	0	0	-	1	0	0	-	0x584ae8	-	0	file-io@5,archive@5,memory@6,thread@4,window-input@3,time@3,other@3	3	yes	-
regionatlocation	0x004c78d0	reads-state	complete	111	358	-	0,1,2	2	2	yes	no	no	0	0	2	1	5	0x4026a0,0x404ab0,0x4c5e90,0x4d4550,0x5394a0	0	0	-	1	0	0	-	0x5aef04	-	0	file-io@5,archive@5,memory@6,thread@4,window-input@3,time@3,other@3	3	yes	-
regionmodeproc	0x004e2070	mutates-state	complete	29	100	-	0,1	1	1	yes	no	no	0	0	1	0	1	0x4d4550	0	0	-	0	0	2	-	0x5a7ba4,0x5a7ba8	-	0	file-io@5,archive@5,memory@6,thread@4,window-input@3,time@3,other@3	0	no	-
regionview	0x00483b60	reads-state	complete	9	31	0	0	0	0	yes	no	no	0	0	0	0	2	0x483ba0,0x4d41c0	0	0	-	1	1	0	-	0x5aa12c	0x55b458	1	file-io@6,archive@4,memory@5,thread@3,window-input@2,time@2,other@2	2	yes	-
relative2actual	0x0045aca0	reads-state	complete	119	377	-	0,1,2	2	2	yes	no	no	0	0	2	2	4	0x4026a0,0x404ab0,0x45a410,0x4d4550	0	0	-	1	0	0	-	0x579458	-	0	file-io@5,archive@5,memory@6,thread@4,window-input@3,time@3,other@3	3	yes	-
releasemap	0x004b5750	file-or-resource-io	complete	4	13	0	0	0	0	yes	no	no	0	0	0	0	1	0x4a4b00	0	0	-	1	0	0	-	0x5ae958	-	0	archive@1,thread@2	1	yes	-
remap	0x00493fa0	file-or-resource-io	complete	138	433	-	0,1,2	2	2	yes	no	no	0	0	2	1	8	0x4026a0,0x404ab0,0x491c20,0x4926e0,0x4b9e00,0x4d41c0,0x4d4550,0x5394a0	0	0	-	2	2	0	-	0x5a7b50,0x5cd34c	0x55c598,0x55c5a4	2	file-io@5,archive@1,memory@5,thread@4,window-input@2,time@2,other@2	1	yes	-
removearmy	0x0041e620	reads-state	complete	66	198	-	0,1	1	1	yes	no	no	0	0	1	0	3	0x41e1b0,0x4d4550,0x5394a0	0	0	-	1	0	0	-	0x5aa12c	-	0	file-io@5,archive@5,memory@6,thread@4,window-input@3,time@3,other@3	2	yes	-
removechampionbrain	0x0040fa20	reads-state	complete	55	176	-	0,1	1	1	yes	no	no	0	0	1	0	4	0x40f140,0x4d41c0,0x4d4550,0x5394a0	0	0	-	1	1	0	-	0x5aeed0	0x555754	1	file-io@5,archive@4,memory@5,thread@4,window-input@2,time@2,other@2	1	yes	-
removecitymod	0x00453820	unknown	complete	63	189	-	0,1,2	2	2	yes	no	no	0	0	1	0	4	0x451a70,0x453070,0x4d4550,0x5394a0	0	0	-	0	0	0	-	-	-	0	file-io@5,archive@5,memory@6,thread@4,window-input@3,time@3,other@3	1	no	-
removedeadunits	0x004a16b0	reads-state	complete	42	105	1	1	1	1	yes	no	no	1	0	0	0	3	0x41be40,0x41e1b0,0x521f30	0	0	-	1	0	0	-	0x5aa12c	-	0	file-io@6,archive@5,memory@6,thread@5,window-input@3,time@3,other@3	2	yes	-
removedungeonarmy	0x00488b70	reads-state	complete	146	420	-	0,1,2	2	2	yes	no	no	0	0	2	0	5	0x4026a0,0x404ab0,0x482ac0,0x4d4550,0x5394a0	0	2	-	1	0	0	-	0x5aa12c	-	0	file-io@5,archive@5,memory@6,thread@4,window-input@3,time@3,other@3	3	yes	-
removefrombarter	0x004360f0	reads-state	complete	113	362	-	0,1,2	2	2	yes	no	no	0	0	2	1	5	0x4026a0,0x404ab0,0x435770,0x4d4550,0x5394a0	0	0	-	1	0	0	-	0x584cd4	-	0	file-io@5,archive@5,memory@6,thread@4,window-input@3,time@3,other@3	3	yes	-
removehotkey	0x0049a7c0	reads-state	complete	90	286	-	0,1,2	2	2	yes	no	no	0	0	2	0	3	0x49a3e0,0x4d4550,0x5394a0	0	0	-	1	0	0	-	0x584cc4	-	0	file-io@5,archive@5,memory@6,thread@4,window-input@3,time@3,other@3	3	yes	-
removequest	0x004c4660	reads-state	complete	62	194	-	0,1	1	1	yes	no	no	0	0	1	0	5	0x4c3b60,0x4c3ea0,0x4c3f20,0x4d4550,0x5394a0	0	0	-	2	0	0	-	0x5aeedc,0x5cd2e0	-	0	file-io@5,archive@5,memory@6,thread@4,window-input@3,time@3,other@3	3	yes	-
removeunitmodifiers	0x00528b30	reads-state	complete	189	547	-	0,1,2,3,4	4	4	yes	no	no	0	0	4	0	7	0x4026a0,0x404ab0,0x41dc40,0x485080,0x4d41c0,0x4d4550,0x5270c0	0	0	-	1	1	0	-	0x5aa12c	0x5742d0	1	file-io@5,archive@4,memory@5,thread@4,window-input@2,time@2,other@2	2	yes	-
removeunits	0x0041e6f0	reads-state	complete	83	252	-	0,1,2	2	2	yes	no	no	1	0	1	0	5	0x41be40,0x41e170,0x4d09a0,0x4d4550,0x5394a0	0	0	-	5	0	0	-	0x5a7b78,0x5a7bf4,0x5a7bf8,0x5a7d8c,0x5a7d90	-	0	file-io@5,archive@4,memory@6,thread@4,graphics@6,window-input@3,time@2,other@3	3	no	-
removevirtualunit	0x0044d0e0	reads-state	complete	66	201	-	0,1	1	1	yes	no	no	0	0	1	0	3	0x4164e0,0x4d4550,0x5394a0	0	0	-	1	0	0	-	0x5869f4	-	0	file-io@5,archive@5,memory@6,thread@4,graphics@5,window-input@3,time@3,other@3	2	no	-
rendermap	0x004da060	reads-state	complete	5	15	0	0	0	0	yes	no	no	0	0	0	0	1	0x504ce0	0	0	-	1	0	0	-	0x584ae8	-	0	file-io@6,archive@2,memory@6,thread@3,graphics@6,window-input@3,time@2,other@2	1	no	-
reoccupy	0x0050fc70	reads-state	complete	79	234	-	0,1	1	1	yes	no	no	0	0	1	1	6	0x404ab0,0x482ac0,0x4d41c0,0x4d4550,0x50ca10,0x5394a0	0	0	-	1	1	0	-	0x5aa12c	0x573af4	1	file-io@5,archive@4,memory@5,thread@4,window-input@2,time@2,other@2	2	yes	-
repeat	0x004c9cd0	unknown	complete	93	25502	-	0,1,2	2	2	yes	no	no	0	0	2	0	3	0x4d05e0,0x4d4550,0x5394a0	0	0	-	0	0	0	-	-	-	0	file-io@5,archive@3,memory@6,thread@4,window-input@3,time@1,other@3	3	no	-
replace	0x004cca50	unknown	complete	145	464	-	0,1,2,3	3	3	yes	no	no	0	0	3	1	3	0x4cf440,0x4d33c0,0x4d4550	0	0	-	0	0	0	-	-	-	0	file-io@5,archive@5,memory@6,thread@4,window-input@3,time@3,other@3	3	no	-
replaceimp	0x0049baa0	file-or-resource-io	complete	129	382	-	0,1,2	2	2	yes	no	no	0	0	2	0	7	0x492850,0x49b450,0x4d41c0,0x4d4550,0x4f6670,0x5394a0,0x53a090	0	0	-	2	2	0	-	0x584ae8,0x5a7b50	0x55c7c0,0x55c7e8	2	file-io@4,archive@1,memory@4,thread@3,window-input@2,time@2,other@1	1	yes	-
repoman	0x004c05a0	reads-state	complete	141	466	-	1,6,11,16,21,26,31,36,41,46,51,56,61,66,71,76	-	2	yes	yes	yes	1	0	0	0	7	0x41e170,0x4bdce0,0x4bde30,0x4c1cf0,0x4fbed0,0x522350,0x525f10	0	1	-	1	0	0	-	0x5ae974	-	0	file-io@6,archive@4,memory@6,thread@5,graphics@6,window-input@3,time@2,other@3	1	yes	-
repositionmouse	0x00474850	reads-state	complete	107	314	-	0,1,2	2	2	yes	no	no	0	0	2	0	3	0x4747d0,0x4d4550,0x5394a0	0	0	-	1	0	0	-	0x5a9e04	-	0	file-io@5,archive@4,memory@6,thread@4,window-input@1,time@3,other@3	1	yes	-
requestgame	0x004b8aa0	reads-state	complete	42	10	0	0	0	0	yes	no	no	0	0	0	0	4	0x489b70,0x48cc40,0x4b7dd0,0x5047d0	0	0	-	4	0	0	-	0x55b1c0,0x584ae8,0x5aa12c,0x5d1e84	-	0	time@5	1	yes	-
requestleader	0x004b5d90	reads-state	complete	64	201	-	0,1	1	1	yes	no	no	0	0	1	1	4	0x404ab0,0x4b6af0,0x4d4550,0x5394a0	0	0	-	1	0	0	-	0x5cd358	-	0	file-io@5,archive@5,memory@6,thread@4,window-input@3,time@3,other@3	3	yes	-
rerunbrain	0x004109d0	reads-state	complete	91	286	-	0,1	1	1	yes	no	no	0	0	1	1	6	0x40eb70,0x40eec0,0x40f4e0,0x4d41c0,0x4d4550,0x5394a0	0	0	-	1	1	0	-	0x5aeed0	0x5557b8	1	file-io@5,archive@4,memory@5,thread@4,window-input@2,time@2,other@2	1	yes	-
researchpossiblehere?	0x00446860	reads-state	complete	146	430	-	1,2	2	2	yes	no	no	2	0	0	2	8	0x4026a0,0x404ab0,0x40adb0,0x482ac0,0x4bdce0,0x4beef0,0x4d4550,0x4efe80	0	0	-	3	0	0	-	0x5aa12c,0x5aee6c,0x5aee6c	-	0	file-io@5,archive@5,memory@6,thread@4,window-input@3,time@3,other@3	3	yes	-
reset_eoturn_callback	0x004d7e70	mutates-state	complete	29	100	-	0,1	1	1	yes	no	no	0	0	1	0	1	0x4d4550	0	0	-	0	0	2	-	0x5aa160,0x5aa164	-	0	file-io@5,archive@5,memory@6,thread@4,window-input@3,time@3,other@3	0	no	-
resetarmyeffectivemovement	0x004e6dd0	unknown	complete	11	32	1	1	1	1	yes	no	no	1	0	0	0	1	0x41be40,0x420630	1	0	-	0	0	0	-	-	-	0	file-io@6,archive@5,memory@6,thread@5,window-input@3,time@3,other@3	3	no	-
resetcombat	0x00462640	reads-state	complete	529	10	-	0,1,2,3,4,5,6,7,8,9,10,11,12,13,14,15	-	0	yes	yes	yes	0	0	0	0	23	0x406a80,0x407d50,0x407d60,0x4117f0,0x415c20,0x4176d0,0x420310,0x421960,0x45a0e0,0x460440,0x460eb0,0x460fb0,0x489ff0,0x48cd80,0x48cdb0,0x4a9ad0,0x4bb160,0x4f76b0,0x4fbe60,0x51a860,0x51ab30,0x521e00,0x522080	0	7	0x5876d0+0x28	12	0	0	-	0x579458,0x584ae8,0x5876d0,0x5876d0,0x5a7990,0x5a7994,0x5a7d8c,0x5a7d90,0x5aa12c,0x5ae958,0x5ae9c4,0x5ae9c8	-	0	file-io@6,archive@2,thread@3,graphics@4,window-input@3,time@2,other@4	1	yes	-
resetcombatflag	0x00409ab0	reads-state	complete	78	214	-	0,1	1	1	yes	no	no	0	0	1	0	5	0x404ab0,0x4176d0,0x4d4550,0x4f6000,0x5394a0	0	0	-	3	0	0	-	0x5ae974,0x5ae98c,0x5ae998	-	0	file-io@5,archive@4,memory@6,thread@4,graphics@4,window-input@3,time@3,other@3	1	yes	-
resetcombatresultprocs	0x004df970	reads-state	complete	56	176	-	0,1,7,8	8	6	NO	no	no	0	0	1	0	4	0x482ac0,0x4d4550,0x50c5d0,0x5394a0	0	0	-	1	0	0	-	0x5aa12c	-	0	file-io@5,archive@4,memory@6,thread@4,window-input@3,time@2,other@3	1	yes	-
reseteoturn	0x00488210	reads-state	complete	84	274	-	0,1	1	1	yes	no	no	0	0	1	0	6	0x4026a0,0x404ab0,0x487ed0,0x4d05e0,0x4d4550,0x5007e0	0	0	-	6	0	0	-	0x584ae8,0x5a7b78,0x5aa12c,0x5aa160,0x5aa164,0x5af194	-	0	file-io@5,archive@2,memory@5,thread@2,window-input@3,time@1,other@3	1	yes	-
resetnetworking	0x004b5ad0	mutates-state	complete	34	10	0	0	0	0	yes	no	no	0	0	0	0	6	0x483cd0,0x4a4b00,0x4b1bc0,0x4b45f0,0x4b64d0,0x4b6be0	0	0	-	4	0	5	-	0x584440,0x584444,0x584448,0x58444c,0x5851a0,0x5aa12c,0x5aa64c,0x5ae958,0x5cd358	-	0	file-io@4,archive@1,memory@5,thread@2,window-input@4,time@2,other@2	0	yes	-
resetplayervisibility	0x004ab610	reads-state	complete	63	192	-	0,1	1	1	yes	no	no	0	0	1	0	3	0x4a90b0,0x4d4550,0x5394a0	0	0	-	1	0	0	-	0x5ae958	-	0	file-io@5,archive@5,memory@6,thread@4,window-input@3,time@3,other@3	2	yes	-
resetrealtimeorderflag	0x00409310	operand-only	complete	49	153	-	0,1,2	2	2	yes	no	no	1	0	1	0	2	0x41be40,0x4d4550	0	0	-	0	0	0	-	-	-	0	file-io@5,archive@5,memory@6,thread@4,window-input@3,time@3,other@3	3	no	-
resetselectiondisplayingmode	0x004a2260	reads-state	complete	14	20	0	0	0	0	yes	no	no	0	0	0	0	0	-	0	0	-	2	0	0	-	0x5a7d8c,0x5a8084	-	0	-	-	no	-
resetspecialeffectflag	0x00427320	unknown	complete	90	278	-	0,1,2	2	2	yes	no	no	1	0	1	1	5	0x404ab0,0x41bf10,0x4d4550,0x52b090,0x5394a0	0	0	-	0	0	0	-	-	-	0	file-io@5,archive@5,memory@6,thread@4,window-input@3,time@3,other@3	3	no	-
resettooltip	0x00474cd0	reads-state	complete	2	10	0	0	0	0	yes	no	no	0	0	0	0	0	0x473990	1	0	-	1	0	0	-	0x5a9e04	-	0	-	-	yes	-
resettooltiptimer	0x00474cc0	mutates-state	complete	2	11	0	0	0	0	yes	no	no	0	0	0	0	0	-	0	0	-	0	0	1	-	0x5a9eb8	-	0	-	0	no	-
resetvisibility	0x004ab5f0	reads-state	complete	7	26	0	0	0	0	yes	no	no	0	0	0	0	1	0x4a90b0	0	0	-	3	0	0	-	0x5a7d8c,0x5a7d90,0x5ae958	-	0	-	2	yes	-
restartlasttune	0x004b4220	reads-state	complete	2	10	0	0	0	0	yes	no	no	0	0	0	0	0	0x4b4200	1	0	-	1	0	0	-	0x585408	-	0	file-io@6,memory@6,thread@3,other@6	5	no	-
restore	0x0046b840	reads-state	complete	2	10	0	0	0	0	yes	no	no	0	0	0	0	0	0x475360	1	0	-	1	0	0	-	0x584ae8	-	0	-	-	no	-
restorehealth	0x00426700	reads-state	complete	134	432	-	0,1,2,3	3	3	yes	no	no	1	0	2	0	9	0x4026a0,0x404ab0,0x41be40,0x420560,0x426590,0x4d09a0,0x4d4550,0x52d160,0x5394a0	0	0	-	6	0	0	-	0x5a7b78,0x5a7be4,0x5a7be8,0x5a7d8c,0x5a7d90,0x5a7d90	-	0	file-io@5,archive@4,memory@6,thread@4,window-input@3,time@2,other@3	1	yes	-
roll	0x004cb390	operand-only	complete	110	335	-	0,1,2	2	2	yes	no	no	0	0	2	0	1	0x4d4550	0	0	-	0	0	0	-	-	-	0	file-io@5,archive@5,memory@6,thread@4,window-input@3,time@3,other@3	3	no	-
rotatemap	0x0046ae10	file-or-resource-io	complete	119	370	-	0,1	1	1	yes	no	no	0	0	1	0	14	0x4026a0,0x404ab0,0x455320,0x4554c0,0x469e80,0x4a61e0,0x4a6400,0x4a6460,0x4a6470,0x4d4550,0x4f76b0,0x504ce0,0x519a10,0x51ab30	0	0	-	8	0	0	-	0x583100,0x584ae8,0x5876d0,0x5ae8e8,0x5ae958,0x5ae974,0x5ae9b4,0x5ae9b8	-	0	file-io@5,archive@1,memory@6,thread@3,graphics@6,window-input@3,time@2,other@2	1	yes	-
rotatex	0x0046ab60	reads-state	complete	63	211	-	0,1	1	1	yes	no	no	0	0	1	0	4	0x469d80,0x4a6470,0x4d4550,0x504ce0	0	0	-	3	1	0	-	0x584ae8,0x5876d0,0x5ae958	0x54d818	0	file-io@5,archive@2,memory@6,thread@3,graphics@6,window-input@3,time@2,other@2	1	yes	-
rotatey	0x0046ac40	reads-state	complete	63	211	-	0,1	1	1	yes	no	no	0	0	1	0	4	0x469e00,0x4a6470,0x4d4550,0x504ce0	0	0	-	3	1	0	-	0x584ae8,0x5876d0,0x5ae958	0x54d818	0	file-io@5,archive@2,memory@6,thread@3,graphics@6,window-input@3,time@2,other@2	1	yes	-
rotatez	0x0046ad20	reads-state	complete	70	239	-	0,1	1	1	yes	no	no	0	0	1	0	6	0x469e80,0x4a6400,0x4a6460,0x4a6470,0x4d4550,0x504ce0	0	0	-	3	1	0	-	0x584ae8,0x5876d0,0x5ae958	0x54d818	0	file-io@5,archive@2,memory@6,thread@3,graphics@6,window-input@3,time@2,other@2	1	yes	-
run	0x004c9ce0	unknown	complete	40	127	-	0,1	1	1	yes	no	no	0	0	1	0	2	0x4d4550,0x4d48a0	0	0	-	0	0	0	-	-	-	0	file-io@4,archive@2,memory@4,thread@3,window-input@3,time@3,other@3	1	no	-
runestring	0x004d72c0	mutates-state	complete	244	712	-	0,1,2,3,4	4	4	yes	no	no	0	0	4	0	5	0x4026a0,0x404ab0,0x4d4550,0x504f00,0x53a560	0	0	-	1	0	1	-	0x573428,0x573428	-	0	file-io@5,archive@5,memory@6,thread@4,window-input@3,time@3,other@3	0	no	-
safeattack	0x00466ac0	reads-state	complete	104	311	-	0,1,2	2	2	yes	no	no	0	0	2	0	3	0x407cf0,0x4d4550,0x5394a0	0	0	-	1	0	0	-	0x5aa12c	-	0	file-io@5,archive@5,memory@6,thread@4,window-input@3,time@3,other@3	3	yes	-
safemovetoloc	0x00465a30	reads-state	complete	131	408	-	0,1,2,3	3	3	yes	no	no	0	0	3	0	5	0x4026a0,0x404ab0,0x404e30,0x4d4550,0x5394a0	0	0	-	1	0	0	-	0x5aa12c	-	0	file-io@5,archive@5,memory@6,thread@4,window-input@3,time@3,other@3	3	yes	-
safemovetorefmap	0x00465870	reads-state	complete	138	439	-	0,1,2,3	3	3	yes	no	no	0	0	3	0	6	0x4026a0,0x404ab0,0x404e30,0x45a620,0x4d4550,0x5394a0	0	0	-	2	0	0	-	0x579458,0x5aa12c	-	0	file-io@5,archive@5,memory@6,thread@4,window-input@3,time@3,other@3	3	yes	-
satellitegetstrongholdlevel	0x00440550	reads-state	complete	213	559	-	0,1	1	1	yes	no	no	0	0	1	6	6	0x4026a0,0x404ab0,0x43dbb0,0x43dbd0,0x485400,0x4d41c0	0	8	-	1	1	0	-	0x5aa12c	0x55663c	1	file-io@6,archive@4,memory@5,thread@4,window-input@2,time@2,other@2	2	yes	-
savebmp	0x004da840	file-or-resource-io	complete	135	417	-	0,1,2	2	2	yes	no	no	0	0	2	2	6	0x4026a0,0x404ab0,0x43b500,0x491ec0,0x4d41c0,0x4d4550	0	0	-	1	1	0	-	0x5a7b50	0x5726cc	1	file-io@5,archive@1,memory@4,thread@3,window-input@2,time@2,other@2	2	yes	-
savecitycombatregions	0x0051bc30	stub	complete	1	1	0	0	0	0	yes	no	no	0	0	0	0	0	-	0	0	-	0	0	0	-	-	-	0	-	-	no	-
saveconfig	0x00487570	reads-state	complete	2	10	0	0	0	0	yes	no	no	0	0	0	0	0	0x487220	1	0	-	1	0	0	-	0x5aa12c	-	0	file-io@5,memory@4,thread@3,other@5	4	no	-
savedefaultarmy	0x0044c9a0	reads-state	complete	65	10	0	0	0	0	yes	no	no	0	0	0	0	4	0x5394d0,0x539610,0x539660,0x53a090	0	1	-	5	1	0	-	0x556168,0x5869f4,0x5a7d8c,0x5a7d90,0x5d22f0	0x5572f0	1	file-io@4,memory@3,thread@2,other@4	3	no	-
savegame	0x004df510	reads-state	complete	79	251	-	0,1	1	1	yes	no	no	0	0	1	2	2	0x482af0,0x4d4550	0	0	-	1	0	0	-	0x5aa12c	-	0	file-io@5,archive@2,memory@4,thread@2,window-input@3,time@3,other@3	2	yes	-
savegridflags	0x0051bc30	stub	complete	1	1	0	0	0	0	yes	no	no	0	0	0	0	0	-	0	0	-	0	0	0	-	-	-	0	-	-	no	-
savelbm	0x004da690	reads-state	complete	135	417	-	0,1,2	2	2	yes	no	no	0	0	2	2	6	0x4026a0,0x404ab0,0x491ec0,0x4a2420,0x4d41c0,0x4d4550	0	0	-	1	1	0	-	0x5a7b50	0x5726cc	1	file-io@5,archive@4,memory@4,thread@3,window-input@2,time@2,other@2	2	yes	-
savelevel	0x004df610	reads-state	complete	97	298	-	0,1	1	1	yes	no	no	0	0	1	2	4	0x4026a0,0x488660,0x4a8640,0x4d4550	0	0	-	3	0	0	-	0x5aa12c,0x5ae958,0x5cd1ec	-	0	file-io@2,archive@3,memory@4,thread@3,window-input@3,time@3,other@3	2	yes	-
savelighttables	0x0051b190	reads-state	complete	45	154	-	0,1	1	1	yes	no	no	0	0	1	0	2	0x4d4550,0x5122a0	0	0	-	1	0	0	-	0x5876d0	-	0	file-io@5,archive@5,memory@4,thread@3,window-input@3,time@3,other@1	3	yes	-
savemap	0x004dfbe0	reads-state	complete	79	251	-	0,1	1	1	yes	no	no	0	0	1	2	2	0x4a5400,0x4d4550	0	0	-	1	0	0	-	0x5ae958	-	0	file-io@5,archive@5,memory@4,thread@3,window-input@3,time@3,other@3	3	yes	-
savescenariomap	0x00485a80	reads-state	complete	79	251	-	0,1	1	1	yes	no	no	0	0	1	2	2	0x485550,0x4d4550	0	0	-	1	0	0	-	0x5aa12c	-	0	file-io@5,archive@5,memory@4,thread@3,window-input@3,time@3,other@3	3	yes	-
savescriptwindow	0x004c9b30	reads-state	complete	65	219	-	0,1	1	1	yes	no	no	0	0	1	1	2	0x4c9990,0x4d4550	0	0	-	1	0	0	-	0x584d60	-	0	file-io@5,archive@5,memory@4,thread@3,window-input@2,time@3,other@3	3	yes	-
savespecialmap	0x004eec00	reads-state	complete	77	231	-	0,1	1	1	yes	no	no	0	0	1	2	3	0x404ab0,0x485550,0x4d4550	0	0	-	1	0	0	-	0x5aa12c	-	0	file-io@5,archive@5,memory@4,thread@3,window-input@3,time@3,other@3	3	yes	-
savevirtualarmy	0x0044ca80	file-or-resource-io	complete	61	211	-	0,1	1	1	yes	no	no	0	0	1	1	2	0x44c510,0x4d4550	0	0	-	1	0	0	-	0x5869f4	-	0	file-io@1,archive@5,memory@4,thread@3,window-input@3,time@3,other@3	3	yes	-
scale	0x0046af90	mutates-state	complete	103	300	-	0,1	1	1	yes	no	no	0	0	1	0	8	0x4026a0,0x404ab0,0x469f00,0x4a61e0,0x4a6470,0x4d4550,0x519b30,0x51ab30	0	0	-	4	0	1	-	0x5876d0,0x5ae958,0x5ae968,0x5ae9b4,0x5ae9b8	-	0	file-io@5,archive@5,memory@6,thread@4,window-input@3,time@3,other@3	0	yes	-
scanforplaceholders	0x004895d0	reads-state	complete	70	240	-	0,1,2	2	2	yes	no	no	0	0	2	0	2	0x489560,0x4d4550	0	0	-	1	0	0	-	0x5aa12c	-	0	file-io@5,archive@2,memory@4,thread@3,window-input@3,time@3,other@3	2	yes	-
screencapture	0x0043b830	reads-state	complete	45	154	-	0,1	1	1	yes	no	no	0	0	1	0	2	0x43b7b0,0x4d4550	0	0	-	1	0	0	-	0x584ae8	-	0	file-io@5,archive@2,memory@5,thread@4,window-input@3,time@3,other@3	1	yes	-
scrollbegindelay	0x0051ac30	mutates-state	complete	51	160	-	0,1	1	1	yes	no	no	0	0	1	0	2	0x4d4550,0x5394a0	0	0	-	0	0	1	-	0x5878c4	-	0	file-io@5,archive@5,memory@6,thread@4,window-input@3,time@3,other@3	0	no	-
scrolling_get_percent_nonthief	0x004e21c0	mutates-state	complete	29	100	-	0,1	1	1	yes	no	no	0	0	1	0	1	0x4d4550	0	0	-	0	0	2	-	0x5a7c7c,0x5a7c80	-	0	file-io@5,archive@5,memory@6,thread@4,window-input@3,time@3,other@3	0	no	-
scrolling_get_percent_thief	0x004e2230	mutates-state	complete	29	100	-	0,1	1	1	yes	no	no	0	0	1	0	1	0x4d4550	0	0	-	0	0	2	-	0x5a7c84,0x5a7c88	-	0	file-io@5,archive@5,memory@6,thread@4,window-input@3,time@3,other@3	0	no	-
scrolling_get_percent_thiefindetectingmode	0x004e22a0	mutates-state	complete	29	100	-	0,1	1	1	yes	no	no	0	0	1	0	1	0x4d4550	0	0	-	0	0	2	-	0x5a7c8c,0x5a7c90	-	0	file-io@5,archive@5,memory@6,thread@4,window-input@3,time@3,other@3	0	no	-
scrollmap	0x00474990	mutates-state	complete	59	198	-	0,1	1	1	yes	no	no	0	0	1	0	4	0x4d4550,0x500da0,0x5195c0,0x5394a0	0	0	-	4	0	1	-	0x584ae8,0x5876d0,0x5876d4,0x5878e4,0x5a79e4	-	0	file-io@5,archive@5,memory@6,thread@4,window-input@3,time@3,other@3	0	yes	-
select_new_play	0x00465530	reads-state	complete	38	122	0	0	0	0	yes	no	no	0	0	0	0	1	0x4d09a0	0	0	-	3	0	0	-	0x5577c8,0x5a7b78,0x5af134	-	0	archive@4,memory@6,thread@5,window-input@3,time@2,other@3	3	no	-
select_party_callback	0x004d80a0	mutates-state	complete	29	100	-	0,1	1	1	yes	no	no	0	0	1	0	1	0x4d4550	0	0	-	0	0	2	-	0x5aa1fc,0x5aa200	-	0	file-io@5,archive@5,memory@6,thread@4,window-input@3,time@3,other@3	0	no	-
selectarmy	0x004e15c0	reads-state	complete	123	400	-	0,1,2	2	2	yes	no	no	0	0	2	1	7	0x4026a0,0x404ab0,0x4a51c0,0x4a8360,0x4d4550,0x52b640,0x5394a0	0	0	-	3	0	0	-	0x5a7d8c,0x5a7d90,0x5ae958	-	0	file-io@5,archive@5,memory@6,thread@4,window-input@3,time@3,other@3	3	yes	-
selectarmyproc	0x004e25b0	mutates-state	complete	29	100	-	0,1	1	1	yes	no	no	0	0	1	0	1	0x4d4550	0	0	-	0	0	2	-	0x5a7bcc,0x5a7bd0	-	0	file-io@5,archive@5,memory@6,thread@4,window-input@3,time@3,other@3	0	no	-
selectcityproc	0x004e24d0	mutates-state	complete	29	100	-	0,1	1	1	yes	no	no	0	0	1	0	1	0x4d4550	0	0	-	0	0	2	-	0x5a7bec,0x5a7bf0	-	0	file-io@5,archive@5,memory@6,thread@4,window-input@3,time@3,other@3	0	no	-
selectedarmiescancastbreath?	0x004e2770	reads-state	complete	71	209	1	1	1	1	yes	no	no	1	0	0	2	4	0x41be40,0x485080,0x4d4550,0x52b1d0	0	0	-	2	0	0	-	0x5a7da8,0x5aa12c	-	0	file-io@5,archive@5,memory@6,thread@4,window-input@3,time@3,other@3	3	yes	-
selectedarmiescanspitweb?	0x004e2960	reads-state	complete	71	209	1	1	1	1	yes	no	no	1	0	0	2	4	0x41be40,0x485080,0x4d4550,0x52b1f0	0	0	-	2	0	0	-	0x5a7da8,0x5aa12c	-	0	file-io@5,archive@5,memory@6,thread@4,window-input@3,time@3,other@3	3	yes	-
selectionbitgetunit	0x004e7b30	reads-state	complete	59	194	-	0,1	1	1	yes	no	no	0	0	1	1	2	0x4d4550,0x5394a0	0	0	-	1	0	0	-	0x584610	-	0	file-io@5,archive@5,memory@6,thread@4,window-input@3,time@3,other@3	3	no	-
selectionbox	0x004ea5b0	file-or-resource-io	complete	35	118	0	0	0	0	yes	no	no	0	0	0	1	2	0x492320,0x4d4550	0	0	-	1	0	0	-	0x5a7b50	-	0	file-io@5,archive@1,memory@6,thread@4,window-input@3,time@3,other@3	3	yes	-
selectnothingproc	0x004e2150	mutates-state	complete	29	100	-	0,1	1	1	yes	no	no	0	0	1	0	1	0x4d4550	0	0	-	0	0	2	-	0x5a7bc4,0x5a7bc8	-	0	file-io@5,archive@5,memory@6,thread@4,window-input@3,time@3,other@3	0	no	-
selectprovider	0x004b8120	reads-state	complete	73	214	-	0,1	1	1	yes	no	no	0	0	1	1	3	0x404ab0,0x4d4550,0x5394a0	0	1	0x5d1e84+0x20	1	0	0	-	0x5d1e84	-	0	file-io@5,archive@5,memory@6,thread@4,window-input@3,time@3,other@3	3	no	-
selectscenario	0x004c8e60	reads-state	complete	63	192	-	0,1	1	1	yes	no	no	0	0	1	0	3	0x4c8d40,0x4d4550,0x5394a0	0	0	-	1	0	0	-	0x5aa12c	-	0	file-io@5,archive@5,memory@6,thread@4,window-input@3,time@3,other@3	2	yes	-
selectunits	0x0052d640	reads-state	complete	52	170	-	0,1	1	1	yes	no	no	0	0	1	0	3	0x4d4550,0x52bd30,0x5394a0	0	0	-	2	0	0	-	0x5a7d8c,0x5a7d90	-	0	file-io@5,archive@5,memory@6,thread@4,window-input@3,time@3,other@3	3	yes	-
selectvillageproc	0x004e2540	mutates-state	complete	29	100	-	0,1	1	1	yes	no	no	0	0	1	0	1	0x4d4550	0	0	-	0	0	2	-	0x5a7bfc,0x5a7c00	-	0	file-io@5,archive@5,memory@6,thread@4,window-input@3,time@3,other@3	0	no	-
send_thief_message	0x00507850	reads-state	complete	199	571	-	0,1,2,3,4,5	5	5	yes	no	no	0	0	5	0	4	0x4026a0,0x404ab0,0x4d4550,0x507a90	0	0	-	1	0	0	-	0x5aa12c	-	0	file-io@5,archive@5,memory@6,thread@4,window-input@3,time@3,other@3	2	yes	-
sendcallbackmessage	0x004112c0	reads-state	complete	106	299	-	0,1,2,3,4,5,6,7,8,9,10,11,12,13,14,15	-	1	yes	yes	yes	0	0	1	0	4	0x4111d0,0x4d41c0,0x4d4550,0x5394a0	0	0	-	1	2	0	-	0x5aa12c	0x555738,0x555744	2	file-io@5,archive@4,memory@5,thread@4,window-input@2,time@2,other@2	2	yes	-
sendchatmessage	0x004b2560	mutates-state	complete	97	325	-	0,1,2	2	2	yes	no	no	0	0	2	0	4	0x4b23e0,0x4d4550,0x5394a0,0x53a090	0	0	-	3	0	1	-	0x55ce54,0x5aa12c,0x5aa25c,0x5aa264	-	0	file-io@4,archive@5,memory@5,thread@3,window-input@3,time@3,other@3	0	yes	-
sendgameovercallbackmessage	0x004113f0	reads-state	complete	106	300	-	0,1,2,3,4,5,6,7,8,9,10,11,12,13,14,15	-	1	yes	yes	yes	0	0	1	0	4	0x4111d0,0x4d41c0,0x4d4550,0x5394a0	0	0	-	1	2	0	-	0x5aa12c	0x555738,0x555744	2	file-io@5,archive@4,memory@5,thread@4,window-input@2,time@2,other@2	2	yes	-
sendoptionsmessage	0x004b23d0	reads-state	complete	2	10	0	0	0	0	yes	no	no	0	0	0	0	0	0x4b2310	1	0	-	1	0	0	-	0x5aa12c	-	0	time@6	2	no	-
sendthiefstoleresource	0x00508810	reads-state	complete	156	490	-	0,1,2,3,4	4	4	yes	no	no	0	0	4	0	4	0x4026a0,0x404ab0,0x4d4550,0x508a00	0	0	-	1	0	0	-	0x5aa12c	-	0	file-io@5,archive@5,memory@6,thread@4,window-input@3,time@3,other@3	2	yes	-
set_closewaitnetdialog	0x004b6a80	mutates-state	complete	29	100	-	0,1	1	1	yes	no	no	0	0	1	0	1	0x4d4550	0	0	-	0	0	2	-	0x584438,0x58443c	-	0	file-io@5,archive@5,memory@6,thread@4,window-input@3,time@3,other@3	0	no	-
set_custom_play	0x004e2ea0	mutates-state	complete	29	100	-	0,1	1	1	yes	no	no	0	0	1	0	1	0x4d4550	0	0	-	0	0	2	-	0x5a7d1c,0x5a7d20	-	0	file-io@5,archive@5,memory@6,thread@4,window-input@3,time@3,other@3	0	no	-
set_memory_warning_callback	0x004d7e00	mutates-state	complete	29	100	-	0,1	1	1	yes	no	no	0	0	1	0	1	0x4d4550	0	0	-	0	0	2	-	0x584ae8,0x584aec	-	0	file-io@5,archive@5,memory@6,thread@4,window-input@3,time@3,other@3	0	no	-
set_openwaitnetdialog	0x004b6a10	mutates-state	complete	29	100	-	0,1	1	1	yes	no	no	0	0	1	0	1	0x4d4550	0	0	-	0	0	2	-	0x584430,0x584434	-	0	file-io@5,archive@5,memory@6,thread@4,window-input@3,time@3,other@3	0	no	-
set_retreat_flag	0x00510230	reads-state	complete	54	173	-	0,1	1	1	yes	no	no	0	0	1	0	4	0x404ab0,0x482ac0,0x4d4550,0x5394a0	0	0	-	3	0	0	-	0x5a7d8c,0x5a7d90,0x5aa12c	-	0	file-io@5,archive@5,memory@6,thread@4,window-input@3,time@3,other@3	3	yes	-
set_show_completed_quests	0x00489160	mutates-state	complete	50	164	-	0,1	1	1	yes	no	no	0	0	1	0	3	0x487220,0x4d4550,0x5394a0	0	0	-	1	0	1	-	0x5aa12c,0x5aa258	-	0	file-io@5,archive@5,memory@4,thread@3,window-input@3,time@3,other@3	0	yes	-
setactivateprocedure	0x00505570	reads-state	complete	94	290	-	0,1,2	2	2	yes	no	no	0	0	2	0	6	0x404ab0,0x41da00,0x4d41c0,0x4d4550,0x5005f0,0x5394a0	0	0	-	1	1	0	-	0x584ae8	0x55c39c	1	file-io@5,archive@4,memory@5,thread@4,window-input@2,time@2,other@2	2	yes	-
setairesponse	0x0051ff30	unknown	complete	155	448	-	0,1,2,3	3	3	yes	no	no	0	0	3	0	5	0x4026a0,0x404ab0,0x4d41c0,0x4d4550,0x51fe20	0	0	-	0	3	0	-	-	0x573e68,0x573f54,0x573f6c	3	file-io@5,archive@4,memory@5,thread@4,window-input@2,time@2,other@2	2	yes	-
setambientloop	0x0047ac60	reads-state	complete	90	286	-	0,1,2	2	2	yes	no	no	0	0	2	0	3	0x4c4d30,0x4d4550,0x5394a0	0	0	-	1	0	0	-	0x585b94	-	0	file-io@5,archive@5,memory@6,thread@4,window-input@3,time@3,other@3	3	yes	-
setambientvolume	0x00479d70	mutates-state	complete	72	227	-	0,1	1	1	yes	no	no	0	0	1	0	4	0x479d10,0x47af50,0x4d4550,0x5394a0	0	0	-	2	0	1	-	0x585408,0x5863b4,0x5ae958	-	0	file-io@5,archive@4,memory@6,thread@4,graphics@1,window-input@1,time@3,other@3	0	yes	-
setarmycombatdisplayoptions	0x00426420	mutates-state	complete	57	174	-	0,1	1	1	yes	no	no	0	0	1	0	2	0x4d4550,0x5394a0	0	0	-	0	0	1	-	0x555870	-	0	file-io@5,archive@5,memory@6,thread@4,window-input@3,time@3,other@3	0	no	-
setarmydata	0x0041c0c0	reads-state	complete	153	481	-	0,1,2,3,4	4	4	yes	no	no	0	0	3	1	5	0x4026a0,0x41d5f0,0x485080,0x4d41c0,0x4d4550	0	0	-	2	1	0	-	0x5aa12c,0x5ae950	0x555978	1	file-io@5,archive@4,memory@5,thread@2,window-input@2,time@2,other@2	2	yes	-
setarmydetectflag	0x00426290	floating-point	complete	74	208	-	0,1,2	2	2	yes	no	no	1	0	1	0	3	0x41be40,0x4d4550,0x5394a0	0	0	-	0	0	0	-	-	-	0	file-io@5,archive@5,memory@6,thread@4,window-input@3,time@3,other@3	3	no	-
setarmyeffectivemovement	0x004e6c90	unknown	complete	68	199	-	0,1,2	2	2	yes	no	no	1	0	1	0	4	0x4176d0,0x41be40,0x4d4550,0x5394a0	0	0	-	0	0	0	-	-	-	0	file-io@5,archive@4,memory@6,thread@4,graphics@4,window-input@3,time@3,other@3	1	no	-
setarmyleavealonecheck	0x00414aa0	mutates-state	complete	29	100	-	0,1	1	1	yes	no	no	0	0	1	0	1	0x4d4550	0	0	-	0	0	2	-	0x5787d0,0x5787d4	-	0	file-io@5,archive@5,memory@6,thread@4,window-input@3,time@3,other@3	0	no	-
setarmyplaceholderproc	0x004149e0	mutates-state	complete	29	100	-	0,1	1	1	yes	no	no	0	0	1	0	1	0x4d4550	0	0	-	0	0	2	-	0x5787c8,0x5787cc	-	0	file-io@5,archive@5,memory@6,thread@4,window-input@3,time@3,other@3	0	no	-
setarmystealthticksproc	0x005062d0	mutates-state	complete	29	100	-	0,1	1	1	yes	no	no	0	0	1	0	1	0x4d4550	0	0	-	0	0	2	-	0x5d2cb0,0x5d2cb4	-	0	file-io@5,archive@5,memory@6,thread@4,window-input@3,time@3,other@3	0	no	-
setartifactdata	0x00429e60	unknown	complete	159	483	-	0,1,2,3,4	4	4	yes	no	no	1	0	3	1	7	0x4026a0,0x404ab0,0x41bf10,0x428840,0x428f40,0x4d41c0,0x4d4550	0	0	-	0	1	0	-	-	0x555de4	1	file-io@5,archive@4,memory@5,thread@4,window-input@2,time@2,other@2	2	yes	-
setartifactspurchased	0x0044dd70	mutates-state	complete	95	296	-	0,1,2	2	2	yes	no	no	0	0	2	0	2	0x4d4550,0x5394a0	0	0	-	0	0	1	-	0x586cec	-	0	file-io@5,archive@5,memory@6,thread@4,window-input@3,time@3,other@3	0	no	-
setartifacttypedata	0x00429ac0	unknown	complete	109	356	-	0,1,2,3	3	3	yes	no	no	0	0	2	1	5	0x428f00,0x428fc0,0x4d41c0,0x4d4550,0x5394a0	0	0	-	0	1	0	-	-	0x555b78	1	file-io@5,archive@4,memory@5,thread@4,window-input@2,time@2,other@2	2	yes	-
setassignleadercallback	0x004b6930	mutates-state	complete	29	100	-	0,1	1	1	yes	no	no	0	0	1	0	1	0x4d4550	0	0	-	0	0	2	-	0x584428,0x58442c	-	0	file-io@5,archive@5,memory@6,thread@4,window-input@3,time@3,other@3	0	no	-
setattitude	0x0050ae20	unknown	complete	125	383	-	0,1,2,3	3	3	yes	no	no	1	0	2	0	6	0x4026a0,0x404ab0,0x4bdce0,0x4d41c0,0x4d4550,0x5394a0	0	0	-	0	1	0	-	-	0x57398c	1	file-io@5,archive@4,memory@5,thread@4,window-input@2,time@2,other@2	2	yes	-
setautocalcproc	0x0042fbe0	mutates-state	complete	29	100	-	0,1	1	1	yes	no	no	0	0	1	0	1	0x4d4550	0	0	-	0	0	2	-	0x5ae880,0x5ae884	-	0	file-io@5,archive@5,memory@6,thread@4,window-input@3,time@3,other@3	0	no	-
setautocalcshouldbeusedproc	0x00430350	mutates-state	complete	29	100	-	0,1	1	1	yes	no	no	0	0	1	0	1	0x4d4550	0	0	-	0	0	2	-	0x5ae888,0x5ae88c	-	0	file-io@5,archive@5,memory@6,thread@4,window-input@3,time@3,other@3	0	no	-
setautocombatmode	0x004b5670	mutates-state	complete	29	100	-	0,1	1	1	yes	no	no	0	0	1	0	1	0x4d4550	0	0	-	0	0	2	-	0x584400,0x584404	-	0	file-io@5,archive@5,memory@6,thread@4,window-input@3,time@3,other@3	0	no	-
setbargraph	0x00430dc0	reads-state	complete	98	302	-	0,1,2	2	2	yes	no	no	0	0	2	0	4	0x4927c0,0x4d41c0,0x4d4550,0x5394a0	0	0	-	1	1	0	-	0x5a7b50	0x555fc8	1	file-io@5,archive@4,memory@5,thread@4,window-input@2,time@2,other@2	2	yes	-
setbargraphdata	0x00430ef0	reads-state	complete	143	438	-	0,1,2,3	3	3	yes	no	no	0	0	3	0	7	0x4026a0,0x404ab0,0x430a40,0x4927c0,0x4d41c0,0x4d4550,0x5394a0	0	0	-	1	1	0	-	0x5a7b50	0x555fc8	1	file-io@5,archive@4,memory@5,thread@4,window-input@2,time@2,other@2	2	yes	-
setbarterdiplomaticconfirmation	0x00437120	mutates-state	complete	58	178	-	0,1	1	1	yes	no	no	0	0	1	0	2	0x4d4550,0x5394a0	0	0	-	1	0	1	-	0x584cf1,0x584cf1	-	0	file-io@5,archive@5,memory@6,thread@4,window-input@3,time@3,other@3	0	no	-
setbarterlocalartifactknowledge	0x00437060	mutates-state	complete	58	178	-	0,1	1	1	yes	no	no	0	0	1	0	2	0x4d4550,0x5394a0	0	0	-	1	0	1	-	0x584cf1,0x584cf1	-	0	file-io@5,archive@5,memory@6,thread@4,window-input@3,time@3,other@3	0	no	-
setbarterlocalartifactsonly	0x00436fa0	mutates-state	complete	58	178	-	0,1	1	1	yes	no	no	0	0	1	0	2	0x4d4550,0x5394a0	0	0	-	1	0	1	-	0x584cf1,0x584cf1	-	0	file-io@5,archive@5,memory@6,thread@4,window-input@3,time@3,other@3	0	no	-
setbarterlocalunitsonly	0x00436ee0	mutates-state	complete	58	178	-	0,1	1	1	yes	no	no	0	0	1	0	2	0x4d4550,0x5394a0	0	0	-	1	0	1	-	0x584cf1,0x584cf1	-	0	file-io@5,archive@5,memory@6,thread@4,window-input@3,time@3,other@3	0	no	-
setbarterpoints	0x0044e0f0	mutates-state	complete	57	174	-	0,1	1	1	yes	no	no	0	0	1	0	2	0x4d4550,0x5394a0	0	0	-	0	0	1	-	0x586a2c	-	0	file-io@5,archive@5,memory@6,thread@4,window-input@3,time@3,other@3	0	no	-
setbarterproc	0x004e3300	mutates-state	complete	29	100	-	0,1	1	1	yes	no	no	0	0	1	0	1	0x4d4550	0	0	-	0	0	2	-	0x5a7c3c,0x5a7c40	-	0	file-io@5,archive@5,memory@6,thread@4,window-input@3,time@3,other@3	0	no	-
setbarterslot	0x00432e50	reads-state	complete	168	490	-	0,1,2,3	3	3	yes	no	no	0	0	3	0	8	0x4026a0,0x404ab0,0x432a60,0x432b30,0x432d40,0x4d41c0,0x4d4550,0x5394a0	0	0	-	1	1	0	-	0x584cd4	0x556038	1	file-io@5,archive@4,memory@5,thread@4,window-input@2,time@2,other@2	2	yes	-
setbartertone	0x004355b0	mutates-state	complete	59	181	-	0,1	1	1	yes	no	no	0	0	1	0	3	0x4d41c0,0x4d4550,0x5394a0	0	0	-	0	1	1	-	0x584cf0	0x556058	1	file-io@5,archive@4,memory@5,thread@4,window-input@2,time@2,other@2	0	yes	-
setblockon	0x004a1f40	reads-state	complete	121	379	-	0,1,2,3	3	3	yes	no	no	0	0	3	0	3	0x4026a0,0x404ab0,0x4d4550	0	0	-	2	0	0	-	0x5a7d8c,0x5a8084	-	0	file-io@5,archive@5,memory@6,thread@4,window-input@3,time@3,other@3	3	yes	-
setbpcproc	0x00434a00	mutates-state	complete	29	100	-	0,1	1	1	yes	no	no	0	0	1	0	1	0x4d4550	0	0	-	0	0	2	-	0x578a78,0x578a7c	-	0	file-io@5,archive@5,memory@6,thread@4,window-input@3,time@3,other@3	0	no	-
setbpoproc	0x00434990	mutates-state	complete	29	100	-	0,1	1	1	yes	no	no	0	0	1	0	1	0x4d4550	0	0	-	0	0	2	-	0x578a70,0x578a74	-	0	file-io@5,archive@5,memory@6,thread@4,window-input@3,time@3,other@3	0	no	-
setbuildingbartervalueproc	0x00440f90	mutates-state	complete	29	100	-	0,1	1	1	yes	no	no	0	0	1	0	1	0x4d4550	0	0	-	0	0	2	-	0x579068,0x57906c	-	0	file-io@5,archive@5,memory@6,thread@4,window-input@3,time@3,other@3	0	no	-
setbuildingdata	0x00440ab0	unknown	complete	104	328	-	0,1,2,3	3	3	yes	no	no	1	0	2	1	4	0x43db60,0x4409e0,0x4d4550,0x5394a0	0	0	-	0	0	0	-	-	-	0	file-io@5,archive@5,memory@6,thread@4,window-input@3,time@3,other@3	3	no	-
setbuildingdeltaproc	0x004412e0	mutates-state	complete	29	100	-	0,1	1	1	yes	no	no	0	0	1	0	1	0x4d4550	0	0	-	0	0	2	-	0x578f58,0x578f5c	-	0	file-io@5,archive@5,memory@6,thread@4,window-input@3,time@3,other@3	0	no	-
setbuildinginfodata	0x00444180	unknown	complete	104	328	-	0,1,2,3,4,5	5	5	yes	no	no	0	0	2	1	4	0x443eb0,0x443ef0,0x4d4550,0x5394a0	0	0	-	0	0	0	-	-	-	0	file-io@5,archive@5,memory@6,thread@4,window-input@3,time@3,other@3	3	no	-
setbuildinglevel	0x00440240	reads-state	complete	126	348	-	0,1,2	2	2	yes	no	no	0	0	2	0	6	0x4026a0,0x404ab0,0x44f1c0,0x482ac0,0x4d41c0,0x4d4550	0	2	-	1	1	0	-	0x5aa12c	0x5566b8	1	file-io@5,archive@4,memory@5,thread@4,window-input@2,time@2,other@2	2	yes	-
setbuildingposition	0x0043ca20	reads-state	complete	224	629	-	0,1,2,3,4,5,6,7,8	8	3	NO	no	no	6	0	2	0	6	0x4026a0,0x404ab0,0x40adb0,0x43c360,0x4d41c0,0x4d4550	0	0	-	1	1	0	-	0x5cd310	0x556598	1	file-io@5,archive@4,memory@5,thread@4,window-input@2,time@2,other@2	2	yes	-
setbuildingrequirementdata	0x00444630	unknown	complete	127	375	-	0,1,2,3,4,5	5	5	yes	no	no	0	0	2	0	4	0x4442d0,0x4d41c0,0x4d4550,0x5394a0	0	0	-	0	2	0	-	-	0x54d528,0x555b78	1	file-io@5,archive@4,memory@5,thread@4,window-input@2,time@2,other@2	2	yes	-
setbuildingrequirements	0x0044fce0	mutates-state	complete	164	504	-	1,2,3,4,5,6,7,8	8	1	NO	no	no	8	0	0	0	4	0x4026a0,0x40adb0,0x43d360,0x4d4550	0	0	-	2	0	1	-	0x579084,0x579084,0x5cd31c	-	0	file-io@5,archive@5,memory@6,thread@4,window-input@3,time@3,other@3	0	yes	-
setbuildingspeechflag	0x0047b3e0	mutates-state	complete	53	168	-	0,1	1	1	yes	no	no	0	0	1	0	2	0x4d4550,0x5394a0	0	0	-	0	0	1	-	0x586784	-	0	file-io@5,archive@5,memory@6,thread@4,window-input@3,time@3,other@3	0	no	-
setbuttonnofeedback	0x004dd9e0	reads-state	complete	121	368	-	0,1,2	2	2	yes	no	no	0	0	2	0	6	0x4026a0,0x404ab0,0x493330,0x4d41c0,0x4d4550,0x5394a0	0	0	-	1	1	0	-	0x5a7b50	0x572890	1	file-io@5,archive@4,memory@5,thread@4,window-input@2,time@2,other@2	2	yes	-
setbuttonrepeat	0x00491420	reads-state	complete	89	252	-	0,1,2	2	2	yes	no	no	0	0	1	0	6	0x48d810,0x4906d0,0x493330,0x4d41c0,0x4d4550,0x5394a0	0	0	-	1	2	0	-	0x5a7b50	0x55c52c,0x55c54c	2	file-io@5,archive@4,memory@5,thread@4,window-input@2,time@2,other@2	2	yes	-
setbuttonrepeatintervals	0x00491520	mutates-state	complete	105	335	-	0,1,2	2	2	yes	no	no	0	0	2	0	2	0x4d4550,0x5394a0	0	0	-	0	0	2	-	0x55c330,0x55c334	-	0	file-io@5,archive@5,memory@6,thread@4,window-input@3,time@3,other@3	0	no	-
setbuttonsound	0x0047b270	reads-state	complete	90	283	-	0,1,2	2	2	yes	no	no	0	0	2	0	3	0x493330,0x4d4550,0x5394a0	0	0	-	1	0	0	-	0x5a7b50	-	0	file-io@5,archive@5,memory@6,thread@4,window-input@3,time@3,other@3	3	yes	-
setbuttonstaydown	0x004dd870	reads-state	complete	121	368	-	0,1,2	2	2	yes	no	no	0	0	2	0	6	0x4026a0,0x404ab0,0x493330,0x4d41c0,0x4d4550,0x5394a0	0	0	-	1	1	0	-	0x5a7b50	0x572890	1	file-io@5,archive@4,memory@5,thread@4,window-input@2,time@2,other@2	2	yes	-
setbuttonsticker	0x004dd700	reads-state	complete	121	363	-	0,1,2	2	2	yes	no	no	0	0	2	0	7	0x4026a0,0x404ab0,0x492760,0x493330,0x4d41c0,0x4d4550,0x5394a0	0	0	-	1	1	0	-	0x5a7b50	0x572874	1	file-io@5,archive@4,memory@5,thread@4,window-input@2,time@2,other@2	2	yes	-
setcastbreath	0x00408c50	reads-state	complete	54	172	-	0,1	1	1	yes	no	no	0	0	1	0	3	0x482ac0,0x4d4550,0x5394a0	0	0	-	1	0	0	-	0x5aa12c	-	0	file-io@5,archive@5,memory@6,thread@4,window-input@3,time@3,other@3	3	yes	-
setcastdata	0x004f1be0	reads-state	complete	97	311	-	0,1,2	2	2	yes	no	no	0	0	2	1	3	0x4d4550,0x4f1b50,0x5394a0	0	0	-	1	0	0	-	0x584c1c	-	0	file-io@5,archive@5,memory@6,thread@4,window-input@3,time@3,other@3	3	yes	-
setcenteronmovement	0x005300e0	mutates-state	complete	57	190	-	0,1	1	1	yes	no	no	0	0	1	0	2	0x4d4550,0x5394a0	0	0	-	3	0	1	-	0x5a7d8c,0x5a8080,0x5a8080,0x5aa254	-	0	file-io@5,archive@5,memory@6,thread@4,window-input@3,time@3,other@3	0	yes	-
setchampionbrain	0x0040f680	reads-state	complete	190	625	-	0,1,2,3,4,5,6,7,8,9,10,11,12,13,14,15	-	3	yes	yes	yes	0	0	3	1	8	0x4026a0,0x404ab0,0x40eb30,0x40eb60,0x40efd0,0x4d41c0,0x4d4550,0x5394a0	0	0	-	1	2	0	-	0x5aeed0	0x555738,0x555744	2	file-io@5,archive@2,memory@5,thread@4,window-input@2,time@2,other@2	1	yes	-
setchampionbrainarg	0x0040fea0	reads-state	complete	166	503	-	0,1,2,3	3	3	yes	no	no	0	0	3	2	5	0x4026a0,0x404ab0,0x40f4e0,0x4d41c0,0x4d4550	0	0	-	1	2	0	-	0x5aeed0	0x5557a0,0x5557ac	2	file-io@5,archive@4,memory@5,thread@4,window-input@2,time@2,other@2	2	yes	-
setchampionbrainavailable	0x004101a0	reads-state	complete	108	319	-	0,1,2	2	2	yes	no	no	0	0	2	1	5	0x4026a0,0x404ab0,0x40f4e0,0x4d41c0,0x4d4550	0	0	-	1	1	0	-	0x5aeed0	0x5557ac	1	file-io@5,archive@4,memory@5,thread@4,window-input@2,time@2,other@2	2	yes	-
setchampionname	0x0044be60	operand-only	complete	72	230	-	0,1,2	2	2	yes	no	no	1	0	1	0	3	0x41bf10,0x4d4550,0x53a220	0	0	-	0	0	0	-	-	-	0	file-io@5,archive@5,memory@6,thread@4,window-input@3,time@3,other@3	3	no	-
setchatfont	0x004b2f00	mutates-state	complete	51	165	-	0,1	1	1	yes	no	no	0	0	1	0	3	0x492de0,0x4d4550,0x5394a0	0	0	-	1	0	1	-	0x5a7b50,0x5aa644	-	0	file-io@5,archive@5,memory@6,thread@4,window-input@3,time@3,other@3	0	yes	-
setcheatmode	0x00487c30	mutates-state	complete	66	198	-	0,1	1	1	yes	no	no	0	0	1	0	2	0x4d4550,0x5394a0	0	0	-	0	0	1	-	0x5aa130	-	0	file-io@5,archive@5,memory@6,thread@4,window-input@3,time@3,other@3	0	no	-
setchecksumproc	0x004b56e0	mutates-state	complete	29	100	-	0,1	1	1	yes	no	no	0	0	1	0	1	0x4d4550	0	0	-	0	0	2	-	0x5843f0,0x5843f4	-	0	file-io@5,archive@5,memory@6,thread@4,window-input@3,time@3,other@3	0	no	-
setcitybartervalueproc	0x00451b30	mutates-state	complete	29	100	-	0,1	1	1	yes	no	no	0	0	1	0	1	0x4d4550	0	0	-	0	0	2	-	0x5792a8,0x5792ac	-	0	file-io@5,archive@5,memory@6,thread@4,window-input@3,time@3,other@3	0	no	-
setcitybuilding	0x0044f740	reads-state	complete	137	425	-	0,1,2,3	3	3	yes	no	no	0	0	3	0	5	0x4026a0,0x404ab0,0x44f1c0,0x4d4550,0x5394a0	0	0	-	2	0	0	-	0x5aa12c,0x5ae94c	-	0	file-io@5,archive@5,memory@6,thread@4,window-input@3,time@3,other@3	2	yes	-
setcitybuildingdata	0x0044f8f0	reads-state	complete	150	434	-	0,1,2,3	3	3	yes	no	no	0	0	3	0	6	0x4026a0,0x404ab0,0x44f230,0x482ac0,0x4d41c0,0x4d4550	0	0	-	2	1	0	-	0x5aa12c,0x5ae94c	0x556824	1	file-io@5,archive@4,memory@5,thread@4,window-input@2,time@2,other@2	2	yes	-
setcitychildoffsets	0x0043dee0	reads-state	complete	86	278	-	0,1,2,3,4,5,6,7,8,9,10,11,12,13,14,15	-	2	yes	yes	yes	0	0	2	0	2	0x4d4550,0x5394a0	0	0	-	2	0	0	-	0x5564d0,0x5564e0	-	0	file-io@5,archive@5,memory@6,thread@4,window-input@3,time@3,other@3	3	yes	-
setcitycombatproc	0x00468c20	mutates-state	complete	29	100	-	0,1	1	1	yes	no	no	0	0	1	0	1	0x4d4550	0	0	-	0	0	2	-	0x5aec28,0x5aec2c	-	0	file-io@5,archive@5,memory@6,thread@4,window-input@3,time@3,other@3	0	no	-
setcitycombatscale	0x004e0e20	reads-state	complete	62	204	-	0,1	1	1	yes	no	no	0	0	1	0	3	0x4d41c0,0x4d4550,0x505a30	0	0	-	1	2	0	-	0x584ae8	0x54dd38,0x5729c8	1	file-io@5,archive@4,memory@5,thread@4,window-input@2,time@2,other@2	2	yes	-
setcitydata	0x00450f40	reads-state	complete	182	526	-	0,1,2,3,4,5	5	5	yes	no	no	0	0	4	1	6	0x4026a0,0x404ab0,0x450800,0x485460,0x4d41c0,0x4d4550	0	0	-	2	1	0	-	0x5aa12c,0x5ae94c	0x5574d0	1	file-io@5,archive@4,memory@5,thread@2,window-input@2,time@2,other@2	2	yes	-
setcityinitiates	0x00452010	reads-state	complete	144	429	-	0,1,2,3	3	3	yes	no	no	0	0	3	0	6	0x4026a0,0x404ab0,0x451d30,0x482ac0,0x4d41c0,0x4d4550	0	0	-	1	2	0	-	0x5aa12c	0x5574d8,0x5574f0	2	file-io@5,archive@4,memory@5,thread@4,window-input@2,time@2,other@2	2	yes	-
setcitymoddata	0x00453640	reads-state	complete	109	341	-	0,1,2	2	2	yes	no	no	0	0	2	1	4	0x453320,0x4d41c0,0x4d4550,0x5394a0	0	0	-	1	1	0	-	0x5792f8	0x557570	1	file-io@5,archive@4,memory@5,thread@4,window-input@2,time@2,other@2	2	yes	-
setcityscroll	0x004a8250	mutates-state	complete	57	174	-	0,1	1	1	yes	no	no	0	0	1	0	2	0x4d4550,0x5394a0	0	0	-	0	0	1	-	0x5ae958	-	0	file-io@5,archive@5,memory@6,thread@4,window-input@3,time@3,other@3	0	no	-
setcitywallpieces	0x00458dd0	reads-state	complete	199	571	-	0,1,2,3,4,5	5	5	yes	no	no	0	0	5	0	4	0x4026a0,0x404ab0,0x455210,0x4d4550	0	0	-	1	0	0	-	0x5ae8e8	-	0	file-io@5,archive@5,memory@6,thread@4,window-input@3,time@3,other@3	3	yes	-
setclosepopupsproc	0x004fff00	mutates-state	complete	29	100	-	0,1	1	1	yes	no	no	0	0	1	0	1	0x4d4550	0	0	-	0	0	2	-	0x5aa120,0x5aa124	-	0	file-io@5,archive@5,memory@6,thread@4,window-input@3,time@3,other@3	0	no	-
setcombataiprepareproc	0x004652b0	unknown	complete	120	376	-	0,1,2,3	3	3	yes	no	no	0	0	3	0	3	0x4026a0,0x404ab0,0x4d4550	0	0	-	0	0	0	-	-	-	0	file-io@5,archive@5,memory@6,thread@4,window-input@3,time@3,other@3	3	no	-
setcombatcountdown	0x004610b0	mutates-state	complete	57	174	-	0,1	1	1	yes	no	no	0	0	1	0	2	0x4d4550,0x5394a0	0	0	-	0	0	1	-	0x5af148	-	0	file-io@5,archive@5,memory@6,thread@4,window-input@3,time@3,other@3	0	no	-
setcombathitproc	0x004e35f0	mutates-state	complete	29	100	-	0,1	1	1	yes	no	no	0	0	1	0	1	0x4d4550	0	0	-	0	0	2	-	0x5a7d4c,0x5a7d50	-	0	file-io@5,archive@5,memory@6,thread@4,window-input@3,time@3,other@3	0	no	-
setcombatmousetrackproc	0x004e3290	mutates-state	complete	29	100	-	0,1	1	1	yes	no	no	0	0	1	0	1	0x4d4550	0	0	-	0	0	2	-	0x5a7d7c,0x5a7d80	-	0	file-io@5,archive@5,memory@6,thread@4,window-input@3,time@3,other@3	0	no	-
setcombatmusicpath	0x004b42f0	mutates-state	complete	41	144	-	0,1	1	1	yes	no	no	0	0	1	0	1	0x4d4550	0	0	-	0	0	1	-	0x58679c	-	0	file-io@5,archive@5,memory@6,thread@4,window-input@3,time@3,other@3	0	no	-
setcombatplacementradius	0x00484c60	mutates-state	complete	57	174	-	0,1	1	1	yes	no	no	0	0	1	0	2	0x4d4550,0x5394a0	0	0	-	0	0	1	-	0x5af140	-	0	file-io@5,archive@5,memory@6,thread@4,window-input@3,time@3,other@3	0	no	-
setcombatprocid	0x004df860	mutates-state	complete	57	177	-	0,1	1	1	yes	no	no	0	0	1	0	2	0x4d4550,0x5394a0	0	0	-	0	0	1	-	0x5cd1c0	-	0	file-io@5,archive@5,memory@6,thread@4,window-input@3,time@3,other@3	0	no	-
setcombatretreatradius	0x00484d10	mutates-state	complete	57	174	-	0,1	1	1	yes	no	no	0	0	1	0	2	0x4d4550,0x5394a0	0	0	-	0	0	1	-	0x5af144	-	0	file-io@5,archive@5,memory@6,thread@4,window-input@3,time@3,other@3	0	no	-
setcombatscrollpixels	0x00484b00	mutates-state	complete	100	350	-	0,1,2	2	2	yes	no	no	0	0	2	0	5	0x4026a0,0x404ab0,0x4d4550,0x51a860,0x5394a0	0	0	-	6	0	1	-	0x584ae8,0x5a7d8c,0x5a8078,0x5af138,0x5af138,0x5af13c,0x5af13c	-	0	file-io@5,archive@5,memory@6,thread@4,window-input@3,time@3,other@3	0	yes	-
setcombatselectionbits	0x0052f9e0	reads-state	complete	63	207	-	0,1	1	1	yes	no	no	0	0	1	0	4	0x4d41c0,0x4d4550,0x52fab0,0x5394a0	0	0	-	3	1	0	-	0x5a7d8c,0x5a7d90,0x5a8078	0x5743c4	1	file-io@5,archive@4,memory@5,thread@4,window-input@2,time@2,other@2	2	yes	-
setcomputername	0x004b89e0	reads-state	complete	55	183	-	0,1	1	1	yes	no	no	0	0	1	0	3	0x4b80a0,0x4d41c0,0x4d4550	0	0	-	2	0	0	-	0x55d4a0,0x5d1e84	-	0	file-io@5,archive@4,memory@5,thread@4,window-input@2,time@2,other@2	2	yes	-
setconfusedimage	0x004243d0	mutates-state	complete	132	422	-	0,1,2,3	3	3	yes	no	no	0	0	3	0	5	0x4026a0,0x404ab0,0x492760,0x4d4550,0x5394a0	0	0	-	1	0	3	-	0x5787e8,0x5787f0,0x5787f4,0x5a7b50	-	0	file-io@5,archive@5,memory@6,thread@4,window-input@3,time@3,other@3	0	yes	-
setcontainerdata	0x0046e3b0	reads-state	complete	182	540	-	0,1,2,3,4,5	5	4	NO	no	no	0	0	4	1	7	0x4026a0,0x404ab0,0x46da40,0x46da60,0x4927f0,0x4d41c0,0x4d4550	0	0	-	1	1	0	-	0x5a7b50	0x5579b4	1	file-io@5,archive@4,memory@5,thread@4,window-input@2,time@2,other@2	2	yes	-
setcontaineroutlinewidth	0x0046f120	reads-state	complete	98	302	-	0,1,2	2	2	yes	no	no	0	0	2	0	4	0x4927f0,0x4d41c0,0x4d4550,0x5394a0	0	0	-	1	1	0	-	0x5a7b50	0x557a68	1	file-io@5,archive@4,memory@5,thread@4,window-input@2,time@2,other@2	2	yes	-
setcontainerselectedoutlinecolor	0x0046ed50	reads-state	complete	186	552	-	0,1,2,3,4	4	4	yes	no	no	0	0	4	0	6	0x4026a0,0x404ab0,0x474ee0,0x4927f0,0x4d41c0,0x4d4550	0	0	-	2	1	0	-	0x584ae8,0x5a7b50	0x557a68	1	file-io@5,archive@4,memory@5,thread@4,window-input@2,time@2,other@2	2	yes	-
setcontrollingcomputer	0x004b92e0	reads-state	complete	104	311	-	0,1,2	2	2	yes	no	no	0	0	2	0	3	0x4b9420,0x4d4550,0x5394a0	0	0	-	1	0	0	-	0x5aa12c	-	0	file-io@5,archive@5,memory@6,thread@4,window-input@3,time@3,other@3	2	yes	-
setcrystalbartervalueproc	0x00434bc0	mutates-state	complete	29	100	-	0,1	1	1	yes	no	no	0	0	1	0	1	0x4d4550	0	0	-	0	0	2	-	0x5789c0,0x5789c4	-	0	file-io@5,archive@5,memory@6,thread@4,window-input@3,time@3,other@3	0	no	-
setcurrentartifactdata	0x0042c080	reads-state	complete	97	312	-	0,1,2	2	2	yes	no	no	0	0	2	1	3	0x428f40,0x4d4550,0x5394a0	0	0	-	1	0	0	-	0x5788c4	-	0	file-io@5,archive@5,memory@6,thread@4,window-input@3,time@3,other@3	3	no	-
setcurrentcombatattackspell	0x00425560	reads-state	complete	66	208	-	0,1	1	1	yes	no	no	0	0	1	0	4	0x4d4550,0x529400,0x530200,0x5394a0	0	0	-	1	0	0	-	0x584ae8	-	0	file-io@5,archive@5,memory@6,thread@4,window-input@3,time@3,other@3	3	yes	-
setcurrentcombatdefendspell	0x00425630	reads-state	complete	66	208	-	0,1	1	1	yes	no	no	0	0	1	0	4	0x4d4550,0x529420,0x530200,0x5394a0	0	0	-	1	0	0	-	0x584ae8	-	0	file-io@5,archive@5,memory@6,thread@4,window-input@3,time@3,other@3	3	yes	-
setcurrentgeneralspell	0x004257d0	reads-state	complete	66	208	-	0,1	1	1	yes	no	no	0	0	1	0	4	0x4d4550,0x529460,0x530200,0x5394a0	0	0	-	1	0	0	-	0x584ae8	-	0	file-io@5,archive@5,memory@6,thread@4,window-input@3,time@3,other@3	3	yes	-
setcurrentselection	0x0052f720	reads-state	complete	52	170	-	0,1	1	1	yes	no	no	0	0	1	0	3	0x4d4550,0x52b640,0x5394a0	0	0	-	2	0	0	-	0x5a7d8c,0x5a7d90	-	0	file-io@5,archive@5,memory@6,thread@4,window-input@3,time@3,other@3	3	yes	-
setcurrentterraspell	0x00425700	reads-state	complete	66	208	-	0,1	1	1	yes	no	no	0	0	1	0	4	0x4d4550,0x529440,0x530200,0x5394a0	0	0	-	1	0	0	-	0x584ae8	-	0	file-io@5,archive@5,memory@6,thread@4,window-input@3,time@3,other@3	3	yes	-
setcurrenttickalarmdata	0x00410e30	reads-state	complete	119	360	-	0,1,2	2	2	yes	no	no	0	0	2	1	4	0x4026a0,0x410cf0,0x4d41c0,0x4d4550	0	0	-	1	1	0	-	0x5aee88	0x5557c8	1	file-io@5,archive@4,memory@5,thread@4,window-input@2,time@2,other@2	2	yes	-
setcurrentturnalarmdata	0x00411060	reads-state	complete	119	360	-	0,1,2	2	2	yes	no	no	0	0	2	1	4	0x4026a0,0x410d30,0x4d41c0,0x4d4550	0	0	-	1	1	0	-	0x5aee9c	0x5557c8	1	file-io@5,archive@4,memory@5,thread@4,window-input@2,time@2,other@2	2	yes	-
setcursortype	0x00472a00	reads-state	complete	63	192	-	0,1	1	1	yes	no	no	0	0	1	0	3	0x472740,0x4d4550,0x5394a0	0	0	-	1	0	0	-	0x5a9e04	-	0	file-io@5,archive@5,memory@6,thread@4,window-input@1,time@3,other@3	3	yes	-
setcustomleaderflag	0x0044cc40	mutates-state	complete	66	198	-	0,1	1	1	yes	no	no	0	0	1	0	2	0x4d4550,0x5394a0	0	0	-	0	0	1	-	0x5876c4	-	0	file-io@5,archive@5,memory@6,thread@4,window-input@3,time@3,other@3	0	no	-
setdefaultbuttonsound	0x0047b1c0	mutates-state	complete	57	174	-	0,1	1	1	yes	no	no	0	0	1	0	2	0x4d4550,0x5394a0	0	0	-	0	0	1	-	0x58676c	-	0	file-io@5,archive@5,memory@6,thread@4,window-input@3,time@3,other@3	0	no	-
setdetectthiefimage	0x00424170	mutates-state	complete	51	165	-	0,1	1	1	yes	no	no	0	0	1	0	3	0x492760,0x4d4550,0x5394a0	0	0	-	1	0	1	-	0x5787fc,0x5a7b50	-	0	file-io@5,archive@5,memory@6,thread@4,window-input@3,time@3,other@3	0	yes	-
setdialogbackground	0x00490610	mutates-state	complete	61	192	-	0,1,2	2	2	yes	no	no	0	0	1	0	3	0x4906d0,0x4d4550,0x5394a0	0	0	-	0	0	1	-	0x5aa128	-	0	file-io@5,archive@5,memory@6,thread@4,window-input@3,time@3,other@3	0	no	-
setdialogdict	0x004908b0	unknown	complete	40	115	-	0,1,2	2	2	yes	no	no	0	0	1	0	2	0x4906d0,0x4d4550	0	0	-	0	0	0	-	-	-	0	file-io@5,archive@5,memory@6,thread@4,window-input@3,time@3,other@3	3	no	-
setdifficultylevel	0x00485dd0	mutates-state	complete	57	181	-	0,1	1	1	yes	no	no	0	0	1	0	3	0x4d41c0,0x4d4550,0x5394a0	0	0	-	0	1	1	-	0x5af0f4	0x55b46c	1	file-io@5,archive@4,memory@5,thread@4,window-input@2,time@2,other@2	0	yes	-
setdiplomaticbrain	0x004bf9b0	mutates-state	complete	50	172	-	0,1	1	1	yes	no	no	0	0	1	0	2	0x4d41c0,0x4d4550	0	0	-	0	1	2	-	0x584488,0x58448c	0x555764	1	file-io@5,archive@4,memory@5,thread@4,window-input@2,time@2,other@2	0	yes	-
setdiplomaticlevel	0x0050aaf0	unknown	complete	167	501	-	0,1,2,3	3	3	yes	no	no	1	0	2	0	7	0x4026a0,0x404ab0,0x49f410,0x4bdce0,0x4d41c0,0x4d4550,0x5394a0	0	0	-	0	1	0	-	-	0x57398c	1	file-io@5,archive@4,memory@5,thread@4,window-input@2,time@2,other@2	2	yes	-
setdisplaymode	0x004a1e30	reads-state	complete	52	170	-	0,1	1	1	yes	no	no	0	0	1	0	3	0x4a1e00,0x4d4550,0x5394a0	0	0	-	2	0	0	-	0x5a7d8c,0x5a8084	-	0	file-io@5,archive@5,memory@6,thread@4,window-input@3,time@3,other@3	3	yes	-
setdivergecallback	0x004d8500	mutates-state	complete	29	100	-	0,1	1	1	yes	no	no	0	0	1	0	1	0x4d4550	0	0	-	0	0	2	-	0x5aa168,0x5aa16c	-	0	file-io@5,archive@5,memory@6,thread@4,window-input@3,time@3,other@3	0	no	-
setdivergecleanupcallback	0x004d8570	mutates-state	complete	29	100	-	0,1	1	1	yes	no	no	0	0	1	0	1	0x4d4550	0	0	-	0	0	2	-	0x5aa170,0x5aa174	-	0	file-io@5,archive@5,memory@6,thread@4,window-input@3,time@3,other@3	0	no	-
setdoknockoutprisonercallback	0x004e2f80	mutates-state	complete	29	100	-	0,1	1	1	yes	no	no	0	0	1	0	1	0x4d4550	0	0	-	0	0	2	-	0x5a7cec,0x5a7cf0	-	0	file-io@5,archive@5,memory@6,thread@4,window-input@3,time@3,other@3	0	no	-
setdoodadheight	0x004db9a0	reads-state	complete	100	309	-	0,1,2	2	2	yes	no	no	0	0	2	0	5	0x492760,0x495a90,0x4d41c0,0x4d4550,0x5394a0	0	0	-	1	1	0	-	0x5a7b50	0x5727cc	1	file-io@5,archive@4,memory@5,thread@4,window-input@2,time@2,other@2	2	yes	-
setdoodadinfo	0x004dbd00	reads-state	complete	278	778	-	0,1,2,3,4,5,6	6	6	yes	no	no	1	0	5	0	7	0x4026a0,0x404ab0,0x40adb0,0x491ec0,0x492760,0x4d41c0,0x4d4550	0	0	-	1	3	0	-	0x5a7b50	0x572798,0x5727d8,0x5727ec	3	file-io@5,archive@4,memory@5,thread@4,window-input@2,time@2,other@2	2	yes	-
setdoodadwidth	0x004db860	reads-state	complete	100	309	-	0,1,2	2	2	yes	no	no	0	0	2	0	5	0x492760,0x495a90,0x4d41c0,0x4d4550,0x5394a0	0	0	-	1	1	0	-	0x5a7b50	0x5727cc	1	file-io@5,archive@4,memory@5,thread@4,window-input@2,time@2,other@2	2	yes	-
setdoorwayid	0x004888f0	mutates-state	complete	57	174	-	0,1	1	1	yes	no	no	0	0	1	0	2	0x4d4550,0x5394a0	0	0	-	0	0	1	-	0x5ae8c4	-	0	file-io@5,archive@5,memory@6,thread@4,window-input@3,time@3,other@3	0	no	-
setdoorwaypresent	0x00488390	mutates-state	complete	57	174	-	0,1	1	1	yes	no	no	0	0	1	0	2	0x4d4550,0x5394a0	0	0	-	0	0	1	-	0x5ae8b8	-	0	file-io@5,archive@5,memory@6,thread@4,window-input@3,time@3,other@3	0	no	-
setdoorwayproc	0x004886b0	mutates-state	complete	29	100	-	0,1	1	1	yes	no	no	0	0	1	0	1	0x4d4550	0	0	-	0	0	2	-	0x5ae8d4,0x5ae8d8	-	0	file-io@5,archive@5,memory@6,thread@4,window-input@3,time@3,other@3	0	no	-
setdoorwaystatusproc	0x00488770	mutates-state	complete	29	100	-	0,1	1	1	yes	no	no	0	0	1	0	1	0x4d4550	0	0	-	0	0	2	-	0x5ae8dc,0x5ae8e0	-	0	file-io@5,archive@5,memory@6,thread@4,window-input@3,time@3,other@3	0	no	-
setdoubleflagdelta	0x004bfe40	mutates-state	complete	57	174	-	0,1	1	1	yes	no	no	0	0	1	0	2	0x4d4550,0x5394a0	0	0	-	0	0	1	-	0x55d6ec	-	0	file-io@5,archive@5,memory@6,thread@4,window-input@3,time@3,other@3	0	no	-
setdungeonarmyinstantiateproc	0x0050c8c0	mutates-state	complete	29	100	-	0,1	1	1	yes	no	no	0	0	1	0	1	0x4d4550	0	0	-	0	0	2	-	0x5d2d50,0x5d2d54	-	0	file-io@5,archive@5,memory@6,thread@4,window-input@3,time@3,other@3	0	no	-
setdungeonconquer	0x00511270	file-or-resource-io	complete	88	256	1	1	1	1	yes	no	no	0	0	0	0	3	0x50cd20,0x53385e,0x539eb0	0	2	-	0	1	0	-	-	0x555130	1	file-io@6,archive@0,memory@6,thread@5,window-input@3,time@3,other@3	3	no	STORM.dll!#403
seteditboxfont	0x004deb10	reads-state	complete	118	340	-	0,1,2	2	2	yes	no	no	0	0	2	0	5	0x492de0,0x493360,0x4d41c0,0x4d4550,0x5394a0	0	0	-	1	2	0	-	0x5a7b50	0x5728e8,0x572904	2	file-io@5,archive@4,memory@5,thread@4,window-input@2,time@2,other@2	2	yes	-
seteditboxtext	0x004ded50	reads-state	complete	99	319	-	0,1,2	2	2	yes	no	no	0	0	2	0	4	0x493360,0x4d41c0,0x4d4550,0x5394a0	0	0	-	1	1	0	-	0x5a7b50	0x572924	1	file-io@5,archive@4,memory@5,thread@4,window-input@2,time@2,other@2	2	yes	-
seteditlength	0x00497650	reads-state	complete	88	279	-	0,1,2	2	2	yes	no	no	0	0	2	0	3	0x493360,0x4d4550,0x5394a0	0	0	-	1	0	0	-	0x5a7b50	-	0	file-io@5,archive@5,memory@6,thread@4,window-input@3,time@3,other@3	3	yes	-
seteditscrolldelay	0x00497410	reads-state	complete	90	283	-	0,1,2	2	2	yes	no	no	0	0	2	0	3	0x493360,0x4d4550,0x5394a0	0	0	-	1	0	0	-	0x5a7b50	-	0	file-io@5,archive@5,memory@6,thread@4,window-input@3,time@3,other@3	3	yes	-
seteditscrolltick	0x00497530	reads-state	complete	90	283	-	0,1,2	2	2	yes	no	no	0	0	2	0	3	0x493360,0x4d4550,0x5394a0	0	0	-	1	0	0	-	0x5a7b50	-	0	file-io@5,archive@5,memory@6,thread@4,window-input@3,time@3,other@3	3	yes	-
setelevation	0x004dfd80	reads-state	complete	131	424	-	0,1,2,3	3	3	yes	no	no	0	0	3	0	5	0x4026a0,0x404ab0,0x4a59d0,0x4d4550,0x5394a0	0	0	-	1	1	0	-	0x5ae958	0x54dd38	0	file-io@5,archive@4,memory@6,thread@4,window-input@3,time@3,other@2	3	yes	-
setelevationbrush	0x004da4a0	mutates-state	complete	56	194	-	0,1	1	1	yes	no	no	0	0	1	0	1	0x4d4550	0	0	-	1	1	2	-	0x5a7d8c,0x5a7d98,0x5a7d9c	0x54dd38	0	file-io@5,archive@5,memory@6,thread@4,window-input@3,time@3,other@3	0	no	-
setendcombatquestionproc	0x00462650	mutates-state	complete	29	100	-	0,1	1	1	yes	no	no	0	0	1	0	1	0x4d4550	0	0	-	0	0	2	-	0x5af16c,0x5af170	-	0	file-io@5,archive@5,memory@6,thread@4,window-input@3,time@3,other@3	0	no	-
setendcombatquestionticks	0x00462710	mutates-state	complete	57	174	-	0,1	1	1	yes	no	no	0	0	1	0	2	0x4d4550,0x5394a0	0	0	-	0	0	1	-	0x5af174	-	0	file-io@5,archive@5,memory@6,thread@4,window-input@3,time@3,other@3	0	no	-
setendordermodeproc	0x00503160	mutates-state	complete	29	100	-	0,1	1	1	yes	no	no	0	0	1	0	1	0x4d4550	0	0	-	0	0	2	-	0x584c98,0x584c9c	-	0	file-io@5,archive@5,memory@6,thread@4,window-input@3,time@3,other@3	0	no	-
setenterexitprogressfilenamecallbackproc	0x004877d0	mutates-state	complete	29	100	-	0,1	1	1	yes	no	no	0	0	1	0	1	0x4d4550	0	0	-	0	0	2	-	0x5aa1c4,0x5aa1c8	-	0	file-io@5,archive@5,memory@6,thread@4,window-input@3,time@3,other@3	0	no	-
seterrorproc	0x004ccc60	operand-only	complete	49	29287	-	0,1	1	1	yes	no	no	0	0	1	0	1	0x4d4550	0	0	-	0	0	0	-	-	-	0	file-io@5,archive@5,memory@6,thread@4,window-input@3,time@3,other@3	3	no	-
setexplainluckysurvivorproc	0x00462810	mutates-state	complete	29	100	-	0,1	1	1	yes	no	no	0	0	1	0	1	0x4d4550	0	0	-	0	0	2	-	0x5af178,0x5af17c	-	0	file-io@5,archive@5,memory@6,thread@4,window-input@3,time@3,other@3	0	no	-
setexplored	0x004ac8f0	reads-state	complete	121	371	-	0,1,2,3	3	3	yes	no	no	0	0	3	0	4	0x4026a0,0x404ab0,0x4abe80,0x4d4550	0	0	-	1	0	0	-	0x5ae958	-	0	file-io@5,archive@5,memory@6,thread@4,window-input@3,time@3,other@3	3	yes	-
setfaithcallback	0x004e5db0	mutates-state	complete	29	100	-	0,1	1	1	yes	no	no	0	0	1	0	1	0x4d4550	0	0	-	0	0	2	-	0x579360,0x579364	-	0	file-io@5,archive@5,memory@6,thread@4,window-input@3,time@3,other@3	0	no	-
setfaithpalcallbackproc	0x004d88f0	mutates-state	complete	29	100	-	0,1	1	1	yes	no	no	0	0	1	0	1	0x4d4550	0	0	-	0	0	2	-	0x5aa708,0x5aa70c	-	0	file-io@5,archive@5,memory@6,thread@4,window-input@3,time@3,other@3	0	no	-
setfaithstartingleadertype	0x004879c0	mutates-state	complete	109	328	-	0,1,2	2	2	yes	no	no	0	0	2	0	3	0x4d41c0,0x4d4550,0x5394a0	0	0	-	0	2	1	-	0x5af0f8	0x55b4c0,0x55b4d0	2	file-io@5,archive@4,memory@5,thread@4,window-input@2,time@2,other@2	0	yes	-
setfamefromactions	0x004bfef0	floating-point	complete	59	184	-	0,1,2	2	2	yes	no	no	1	0	1	0	3	0x4bdce0,0x4d4550,0x5394a0	0	0	-	0	1	0	-	-	0x54dcc0	0	file-io@5,archive@5,memory@6,thread@4,window-input@3,time@3,other@3	3	no	-
setfileactivityprogresscallbackproc	0x00487760	mutates-state	complete	29	100	-	0,1	1	1	yes	no	no	0	0	1	0	1	0x4d4550	0	0	-	0	0	2	-	0x5aa1bc,0x5aa1c0	-	0	file-io@5,archive@5,memory@6,thread@4,window-input@3,time@3,other@3	0	no	-
setfinishcombatproc	0x004e36b0	mutates-state	complete	29	100	-	0,1	1	1	yes	no	no	0	0	1	0	1	0x4d4550	0	0	-	0	0	2	-	0x5a7d64,0x5a7d68	-	0	file-io@5,archive@5,memory@6,thread@4,window-input@3,time@3,other@3	0	no	-
setfocus	0x00505440	reads-state	complete	93	293	-	0,1,2	2	2	yes	no	no	0	0	2	0	4	0x4d41c0,0x4d4550,0x500050,0x5394a0	0	0	-	1	1	0	-	0x584ae8	0x5736d0	1	file-io@5,archive@4,memory@5,thread@4,window-input@2,time@2,other@2	2	yes	-
setfoodbartervalueproc	0x00434ae0	mutates-state	complete	29	100	-	0,1	1	1	yes	no	no	0	0	1	0	1	0x4d4550	0	0	-	0	0	2	-	0x578a68,0x578a6c	-	0	file-io@5,archive@5,memory@6,thread@4,window-input@3,time@3,other@3	0	no	-
setformation	0x0041fb40	reads-state	complete	162	508	-	0,1,2,3,4,5,6,7,8,9,10,11,12,13,14,15,16	-	3	yes	yes	yes	0	0	3	0	6	0x4026a0,0x404ab0,0x41faf0,0x4d41c0,0x4d4550,0x5394a0	0	0	-	1	2	0	-	0x5787b8	0x54d450,0x555c4c	1	file-io@5,archive@4,memory@5,thread@4,window-input@2,time@2,other@2	2	yes	-
setgamereservedint	0x00489740	reads-state	complete	104	311	-	0,1,2	2	2	yes	no	no	0	0	2	0	3	0x4896e0,0x4d4550,0x5394a0	0	0	-	1	0	0	-	0x5aa12c	-	0	file-io@5,archive@5,memory@6,thread@4,window-input@3,time@3,other@3	3	yes	-
setgameselectcallback	0x004b5c60	mutates-state	complete	29	100	-	0,1	1	1	yes	no	no	0	0	1	0	1	0x4d4550	0	0	-	0	0	2	-	0x5843f8,0x5843fc	-	0	file-io@5,archive@5,memory@6,thread@4,window-input@3,time@3,other@3	0	no	-
setgateheight	0x004587b0	mutates-state	complete	59	187	-	0,1	1	1	yes	no	no	0	0	1	0	1	0x4d4550	0	0	-	0	1	1	-	0x5ae938	0x54d6c8	0	file-io@5,archive@5,memory@6,thread@4,window-input@3,time@3,other@3	0	no	-
setgatepieces	0x00459010	reads-state	complete	131	408	-	0,1,2,3	3	3	yes	no	no	0	0	3	0	5	0x4026a0,0x404ab0,0x455270,0x4d4550,0x5394a0	0	0	-	1	0	0	-	0x5ae8e8	-	0	file-io@5,archive@5,memory@6,thread@4,window-input@3,time@3,other@3	3	yes	-
setgocallback	0x00461410	mutates-state	complete	29	100	-	0,1	1	1	yes	no	no	0	0	1	0	1	0x4d4550	0	0	-	0	0	2	-	0x5af158,0x5af15c	-	0	file-io@5,archive@5,memory@6,thread@4,window-input@3,time@3,other@3	0	no	-
setgocountdown	0x004611b0	reads-state	complete	63	192	-	0,1	1	1	yes	no	no	0	0	1	0	3	0x460de0,0x4d4550,0x5394a0	0	0	-	1	0	0	-	0x5aa12c	-	0	file-io@5,archive@5,memory@6,thread@4,window-input@3,time@3,other@3	2	yes	-
setgoldbartervalueproc	0x00434b50	mutates-state	complete	29	100	-	0,1	1	1	yes	no	no	0	0	1	0	1	0x4d4550	0	0	-	0	0	2	-	0x5789c8,0x5789cc	-	0	file-io@5,archive@5,memory@6,thread@4,window-input@3,time@3,other@3	0	no	-
setgridflag	0x00459c60	reads-state	complete	131	408	-	0,1,2,3	3	3	yes	no	no	0	0	3	0	5	0x4026a0,0x404ab0,0x459c40,0x4d4550,0x5394a0	0	0	-	1	0	0	-	0x5ae958	-	0	file-io@5,archive@5,memory@6,thread@4,window-input@3,time@3,other@3	3	yes	-
setheir	0x004e6f90	operand-only	complete	20	58	1	1	1	1	yes	no	no	1	0	0	0	2	0x41bf10,0x525f80	0	0	-	0	0	0	-	-	-	0	file-io@6,archive@5,memory@6,thread@5,window-input@3,time@3,other@3	3	no	-
setheirasleader	0x004c0a90	unknown	complete	48	122	1	1	1	1	yes	no	no	1	0	0	0	3	0x41bf10,0x4c08c0,0x4d41c0	0	0	-	0	2	0	-	-	0x55d8f0,0x55d918	2	file-io@6,archive@4,memory@5,thread@4,window-input@2,time@2,other@2	2	yes	-
sethighlightcolor	0x0052d9b0	mutates-state	complete	186	555	-	0,1,2,3,4	4	4	yes	no	no	0	0	4	0	5	0x4026a0,0x404ab0,0x474ee0,0x4d41c0,0x4d4550	0	0	-	1	1	1	-	0x584ae8,0x5a9dd0	0x5743b8	1	file-io@5,archive@4,memory@5,thread@4,window-input@2,time@2,other@2	0	yes	-
setimpplayeraction	0x0049e860	reads-state	complete	100	307	-	0,1,2	2	2	yes	no	no	0	0	2	0	5	0x492880,0x49da80,0x4d41c0,0x4d4550,0x5394a0	0	0	-	1	1	0	-	0x5a7b50	0x55c8cc	1	file-io@5,archive@4,memory@5,thread@4,window-input@2,time@2,other@2	2	yes	-
setimpplayerdirection	0x0049e9a0	reads-state	complete	143	438	-	0,1,2,3	3	3	yes	no	no	0	0	3	0	7	0x4026a0,0x404ab0,0x492880,0x49dc60,0x4d41c0,0x4d4550,0x5394a0	0	0	-	1	1	0	-	0x5a7b50	0x55c8cc	1	file-io@5,archive@4,memory@5,thread@4,window-input@2,time@2,other@2	2	yes	-
setimpplayerfacing	0x0049eb60	reads-state	complete	100	307	-	0,1,2	2	2	yes	no	no	0	0	2	0	5	0x492880,0x49dcc0,0x4d41c0,0x4d4550,0x5394a0	0	0	-	1	1	0	-	0x5a7b50	0x55c8cc	1	file-io@5,archive@4,memory@5,thread@4,window-input@2,time@2,other@2	2	yes	-
setimpplayerframe	0x0049eca0	reads-state	complete	113	353	-	0,1,2	2	2	yes	no	no	0	0	2	0	7	0x4026a0,0x404ab0,0x492880,0x49d9a0,0x4d41c0,0x4d4550,0x5394a0	0	0	-	1	1	0	-	0x5a7b50	0x55c8cc	1	file-io@5,archive@4,memory@5,thread@4,window-input@2,time@2,other@2	2	yes	-
setimpplayerimp	0x0049ee10	reads-state	complete	109	321	-	0,1,2	2	2	yes	no	no	0	0	2	0	6	0x492850,0x492880,0x49c9d0,0x4d41c0,0x4d4550,0x5394a0	0	0	-	1	1	0	-	0x5a7b50	0x55c8cc	1	file-io@5,archive@4,memory@5,thread@4,window-input@2,time@2,other@2	2	yes	-
setincombatspoils	0x00462940	mutates-state	complete	121	355	-	0,1,2,3	3	3	yes	no	no	1	0	2	0	5	0x4026a0,0x404ab0,0x4bdce0,0x4d41c0,0x4d4550	0	0	-	2	2	2	-	0x5aa7d4,0x5aadb0,0x5cd1c4,0x5cd1d8	0x55778c,0x5577a0	2	file-io@5,archive@4,memory@5,thread@4,window-input@2,time@2,other@2	0	yes	-
setinfectproc	0x00526b30	mutates-state	complete	29	100	-	0,1	1	1	yes	no	no	0	0	1	0	1	0x4d4550	0	0	-	0	0	2	-	0x5d3810,0x5d3814	-	0	file-io@5,archive@5,memory@6,thread@4,window-input@3,time@3,other@3	0	no	-
setinitiatebartervalueproc	0x00434c30	mutates-state	complete	29	100	-	0,1	1	1	yes	no	no	0	0	1	0	1	0x4d4550	0	0	-	0	0	2	-	0x5789d8,0x5789dc	-	0	file-io@5,archive@5,memory@6,thread@4,window-input@3,time@3,other@3	0	no	-
setitem	0x00490e60	reads-state	complete	213	614	-	1,2,3,4,5,6,7,8	8	4	NO	no	no	5	0	3	0	7	0x4026a0,0x404ab0,0x40adb0,0x48d8b0,0x4d41c0,0x4d4550,0x5005f0	0	0	-	1	2	0	-	0x584ae8	0x55c384,0x55c51c	2	file-io@5,archive@4,memory@5,thread@4,window-input@2,time@2,other@2	2	yes	-
setitemposition	0x00490990	unknown	complete	155	451	-	0,1,2,3,4	4	4	yes	no	no	0	0	3	0	7	0x4026a0,0x404ab0,0x48d810,0x4906d0,0x4d41c0,0x4d4550,0x5394a0	0	0	-	0	1	0	-	-	0x55c468	1	file-io@5,archive@4,memory@5,thread@4,window-input@2,time@2,other@2	2	yes	-
setlastaudiosettings	0x00487520	mutates-state	complete	19	79	0	0	0	0	yes	no	no	0	0	0	0	4	0x479a00,0x479b40,0x479c30,0x479d10	0	0	-	6	0	1	-	0x585408,0x58677c,0x586780,0x5aa144,0x5aa148,0x5aa14c,0x5aa150	-	0	file-io@6,archive@5,memory@5,thread@2,graphics@2,window-input@2,other@3	0	yes	-
setlatency	0x0048ce40	mutates-state	complete	57	174	-	0,1	1	1	yes	no	no	0	0	1	0	2	0x4d4550,0x5394a0	0	0	-	0	0	1	-	0x55b578	-	0	file-io@5,archive@5,memory@6,thread@4,window-input@3,time@3,other@3	0	no	-
setleader	0x004bd220	reads-state	complete	104	311	-	0,1,2	2	2	yes	no	no	0	0	2	0	3	0x4bbcc0,0x4d4550,0x5394a0	0	0	-	1	0	0	-	0x5aa12c	-	0	file-io@5,archive@5,memory@6,thread@4,window-input@3,time@3,other@3	2	yes	-
setleaderdoodadcallbackproc	0x004d8960	mutates-state	complete	29	100	-	0,1	1	1	yes	no	no	0	0	1	0	1	0x4d4550	0	0	-	0	0	2	-	0x5aa700,0x5aa704	-	0	file-io@5,archive@5,memory@6,thread@4,window-input@3,time@3,other@3	0	no	-
setleaderunittype	0x004bd730	unknown	complete	127	390	-	0,1,2	2	2	yes	no	no	0	0	2	0	6	0x4026a0,0x404ab0,0x4bd5b0,0x4d41c0,0x4d4550,0x5394a0	0	0	-	0	2	0	-	-	0x55d854,0x55d864	2	file-io@5,archive@4,memory@5,thread@4,window-input@2,time@2,other@2	2	yes	-
setleveldungeonconquer	0x00510db0	file-or-resource-io	complete	159	490	-	0,1,2	2	2	yes	no	no	0	0	1	0	5	0x4d4550,0x50cd20,0x53385e,0x5394a0,0x539eb0	0	2	-	0	1	0	-	-	0x555130	1	file-io@5,archive@0,memory@6,thread@4,window-input@3,time@3,other@3	3	yes	STORM.dll!#403
setlibraryoffset	0x0043e120	mutates-state	complete	88	290	-	0,1,2	2	2	yes	no	no	0	0	2	0	2	0x4d4550,0x5394a0	0	0	-	0	0	2	-	0x5564e8,0x5564ec	-	0	file-io@5,archive@5,memory@6,thread@4,window-input@3,time@3,other@3	0	no	-
setlightningdata	0x004a45f0	reads-state	complete	109	341	-	0,1,2	2	2	yes	no	no	0	0	2	1	4	0x4a44f0,0x4d41c0,0x4d4550,0x5394a0	0	0	-	1	1	0	-	0x583898	0x55c988	1	file-io@5,archive@4,memory@5,thread@4,window-input@2,time@2,other@2	2	yes	-
setlightningstep	0x004a3ad0	mutates-state	complete	57	174	-	0,1	1	1	yes	no	no	0	0	1	0	2	0x4d4550,0x5394a0	0	0	-	0	0	1	-	0x584cb0	-	0	file-io@5,archive@5,memory@6,thread@4,window-input@3,time@3,other@3	0	no	-
setlineofsite	0x004ab6e0	reads-state	complete	104	311	-	0,1,2	2	2	yes	no	no	0	0	2	0	3	0x4815b0,0x4d4550,0x5394a0	0	0	-	1	0	0	-	0x584ae8	-	0	file-io@5,archive@5,memory@6,thread@4,window-input@3,time@3,other@3	3	yes	-
setmapretreatimp	0x004acde0	reads-state	complete	57	177	-	0,1,2,3,4,5,6,7,8,9,10,11,12,13,14,15	-	1	yes	yes	yes	0	0	1	0	2	0x4d4550,0x5394a0	0	0	-	2	0	0	-	0x55cb30,0x55cb50	-	0	file-io@5,archive@5,memory@6,thread@4,window-input@3,time@3,other@3	3	yes	-
setmargin	0x0046b510	mutates-state	complete	59	186	-	0,1	1	1	yes	no	no	0	0	1	0	1	0x4d4550	0	0	-	0	1	1	-	0x5a79ec	0x54d818	0	file-io@5,archive@5,memory@6,thread@4,window-input@3,time@3,other@3	0	no	-
setmarketvalueproc	0x00434a70	mutates-state	complete	29	100	-	0,1	1	1	yes	no	no	0	0	1	0	1	0x4d4550	0	0	-	0	0	2	-	0x578a60,0x578a64	-	0	file-io@5,archive@5,memory@6,thread@4,window-input@3,time@3,other@3	0	no	-
setmaxartifacttypes	0x00429960	file-or-resource-io	complete	55	176	-	0,1	1	1	yes	no	no	0	0	1	0	4	0x427c20,0x4d41c0,0x4d4550,0x5394a0	0	0	-	1	1	0	-	0x5cd340	0x555dcc	1	file-io@5,archive@1,memory@5,thread@4,window-input@2,time@2,other@2	2	yes	-
setmaxhotkeys	0x0049a510	file-or-resource-io	complete	63	192	-	0,1	1	1	yes	no	no	0	0	1	0	3	0x49a270,0x4d4550,0x5394a0	0	0	-	1	0	0	-	0x584cc4	-	0	file-io@5,archive@1,memory@6,thread@4,window-input@3,time@3,other@3	3	yes	-
setmaxitems	0x0048f510	file-or-resource-io	complete	105	323	-	0,1,2	2	2	yes	no	no	0	0	2	0	5	0x48d5b0,0x4d41c0,0x4d4550,0x5005f0,0x5394a0	0	0	-	1	2	0	-	0x584ae8	0x55c370,0x55c384	2	file-io@5,archive@1,memory@5,thread@4,window-input@2,time@2,other@2	2	yes	-
setmaxlightningbolts	0x004a3b80	file-or-resource-io	complete	63	192	-	0,1	1	1	yes	no	no	0	0	1	0	3	0x4a2c40,0x4d4550,0x5394a0	0	0	-	1	0	0	-	0x584ca8	-	0	file-io@5,archive@1,memory@6,thread@4,window-input@3,time@3,other@3	3	yes	-
setmaxquesttypes	0x004c4a30	file-or-resource-io	complete	63	192	-	0,1	1	1	yes	no	no	0	0	1	0	3	0x4c3a30,0x4d4550,0x5394a0	0	0	-	1	0	0	-	0x5cd2e0	-	0	file-io@5,archive@1,memory@6,thread@4,window-input@3,time@3,other@3	3	yes	-
setmaxsoundfx	0x00479080	file-or-resource-io	complete	63	192	-	0,1	1	1	yes	no	no	0	0	1	0	3	0x477fa0,0x4d4550,0x5394a0	0	0	-	1	0	0	-	0x5863bc	-	0	file-io@5,archive@1,memory@6,thread@4,window-input@3,time@3,other@3	3	yes	-
setmaxspells	0x004f00f0	reads-state	complete	63	192	-	0,1	1	1	yes	no	no	0	0	1	0	3	0x4d4550,0x4f00b0,0x5394a0	0	0	-	1	0	0	-	0x5aa12c	-	0	file-io@5,archive@2,memory@6,thread@4,window-input@3,time@3,other@3	3	yes	-
setmilitaryselectionmode	0x0052fbe0	mutates-state	complete	59	181	-	0,1	1	1	yes	no	no	0	0	1	0	3	0x4d41c0,0x4d4550,0x5394a0	0	0	-	0	1	1	-	0x5d209c	0x5743d4	1	file-io@5,archive@4,memory@5,thread@4,window-input@2,time@2,other@2	0	yes	-
setminimumdragbox	0x00472c20	mutates-state	complete	98	308	-	0,1,2	2	2	yes	no	no	0	0	2	0	2	0x4d4550,0x5394a0	0	0	-	0	0	2	-	0x5a9e08,0x5a9e0c	-	0	file-io@5,archive@5,memory@6,thread@4,window-input@3,time@3,other@3	0	no	-
setmissiledata	0x004b00a0	reads-state	complete	109	341	-	0,1,2	2	2	yes	no	no	0	0	2	1	4	0x4affa0,0x4d41c0,0x4d4550,0x5394a0	0	0	-	1	1	0	-	0x583ac0	0x55cd38	1	file-io@5,archive@4,memory@5,thread@4,window-input@2,time@2,other@2	2	yes	-
setmissilehitproc	0x004e3830	mutates-state	complete	29	100	-	0,1	1	1	yes	no	no	0	0	1	0	1	0x4d4550	0	0	-	0	0	2	-	0x5a7d54,0x5a7d58	-	0	file-io@5,archive@5,memory@6,thread@4,window-input@3,time@3,other@3	0	no	-
setmodescale	0x004e0ab0	reads-state	complete	94	310	-	0,1,2	2	2	yes	no	no	0	0	2	0	4	0x4d41c0,0x4d4550,0x5059a0,0x5394a0	0	0	-	1	2	0	-	0x584ae8	0x54dd38,0x572988	1	file-io@5,archive@4,memory@5,thread@4,window-input@2,time@2,other@2	2	yes	-
setmodeticktime	0x004e0980	reads-state	complete	93	293	-	0,1,2	2	2	yes	no	no	0	0	2	0	4	0x4d41c0,0x4d4550,0x505970,0x5394a0	0	0	-	1	1	0	-	0x584ae8	0x572970	1	file-io@5,archive@4,memory@5,thread@4,window-input@2,time@2,other@2	2	yes	-
setmultichatcallbackproc	0x004d89d0	mutates-state	complete	29	100	-	0,1	1	1	yes	no	no	0	0	1	0	1	0x4d4550	0	0	-	0	0	2	-	0x5aa6f0,0x5aa6f4	-	0	file-io@5,archive@5,memory@6,thread@4,window-input@3,time@3,other@3	0	no	-
setmultilevelconquered	0x004dfa20	mutates-state	complete	57	174	-	0,1	1	1	yes	no	no	0	0	1	0	2	0x4d4550,0x5394a0	0	0	-	0	0	1	-	0x5cd1ec	-	0	file-io@5,archive@5,memory@6,thread@4,window-input@3,time@3,other@3	0	no	-
setmultioptionscallbackproc	0x004d8a40	mutates-state	complete	29	100	-	0,1	1	1	yes	no	no	0	0	1	0	1	0x4d4550	0	0	-	0	0	2	-	0x5aa6f8,0x5aa6fc	-	0	file-io@5,archive@5,memory@6,thread@4,window-input@3,time@3,other@3	0	no	-
setmultiplayerflag	0x004b6540	reads-state	complete	60	190	-	0,1	1	1	yes	no	no	0	0	1	0	3	0x4b6520,0x4d4550,0x5394a0	0	0	-	1	0	0	-	0x5cd358	-	0	file-io@5,archive@5,memory@6,thread@4,window-input@3,time@3,other@3	1	yes	-
setmultiplayeroption	0x004b2050	reads-state	complete	89	279	-	0,1,2	2	2	yes	no	no	0	0	2	0	3	0x4b1c20,0x4d4550,0x5394a0	0	0	-	1	0	0	-	0x5aa64c	-	0	file-io@5,archive@5,memory@6,thread@4,window-input@3,time@3,other@3	2	yes	-
setmultiscenarioname	0x004b2ff0	reads-state	complete	45	154	-	0,1	1	1	yes	no	no	0	0	1	0	2	0x4b30e0,0x4d4550	0	0	-	1	0	0	-	0x5aa64c	-	0	file-io@4,archive@5,memory@5,thread@4,window-input@3,time@3,other@3	2	yes	-
setmusicvolume	0x00479a70	reads-state	complete	63	195	-	0,1	1	1	yes	no	no	0	0	1	0	3	0x479a00,0x4d4550,0x5394a0	0	0	-	1	0	0	-	0x585408	-	0	file-io@5,archive@5,memory@5,thread@2,window-input@3,time@3,other@3	2	yes	-
setnegativeresourcesproc	0x004bb3a0	mutates-state	complete	29	100	-	0,1	1	1	yes	no	no	0	0	1	0	1	0x4d4550	0	0	-	0	0	2	-	0x5844c0,0x5844c4	-	0	file-io@5,archive@5,memory@6,thread@4,window-input@3,time@3,other@3	0	no	-
setnewgameseed	0x004e5790	mutates-state	complete	57	174	-	0,1	1	1	yes	no	no	0	0	1	0	2	0x4d4550,0x5394a0	0	0	-	0	0	1	-	0x5cd2c0	-	0	file-io@5,archive@5,memory@6,thread@4,window-input@3,time@3,other@3	0	no	-
setnewinitiates	0x00451c50	unknown	complete	61	185	-	0,1,2	2	2	yes	no	no	0	0	1	0	4	0x451a70,0x451ba0,0x4d4550,0x5394a0	0	0	-	0	0	0	-	-	-	0	file-io@5,archive@5,memory@6,thread@4,window-input@3,time@3,other@3	3	no	-
setnewunitproc	0x0044fee0	mutates-state	complete	45	156	-	0,1	1	1	yes	no	no	0	0	1	0	1	0x4d4550	0	0	-	0	0	2	-	0x5af0ec,0x5af0f0	-	0	file-io@5,archive@5,memory@6,thread@4,window-input@3,time@3,other@3	0	no	-
setnormalcombatproc	0x00468c90	mutates-state	complete	29	100	-	0,1	1	1	yes	no	no	0	0	1	0	1	0x4d4550	0	0	-	0	0	2	-	0x5aec30,0x5aec34	-	0	file-io@5,archive@5,memory@6,thread@4,window-input@3,time@3,other@3	0	no	-
setpagepalette	0x004d9980	reads-state	complete	131	382	-	0,1,2	2	2	yes	no	no	0	0	2	0	4	0x491ec0,0x4d41c0,0x4d4550,0x5394a0	0	0	-	1	3	0	-	0x5a7b50	0x57262c,0x57264c,0x572660	3	file-io@5,archive@4,memory@5,thread@4,window-input@2,time@2,other@2	2	yes	-
setpathballfont	0x004ba960	mutates-state	complete	51	165	-	0,1	1	1	yes	no	no	0	0	1	0	3	0x492de0,0x4d4550,0x5394a0	0	0	-	1	0	1	-	0x5a7b50,0x5a9dec	-	0	file-io@5,archive@5,memory@6,thread@4,window-input@3,time@3,other@3	0	yes	-
setpathballtext	0x004ba220	mutates-state	complete	41	144	-	0,1	1	1	yes	no	no	0	0	1	0	1	0x4d4550	0	0	-	0	0	1	-	0x55d600	-	0	file-io@5,archive@5,memory@6,thread@4,window-input@3,time@3,other@3	0	no	-
setpathindicatordelay	0x004ba0a0	mutates-state	complete	57	174	-	0,1	1	1	yes	no	no	0	0	1	0	2	0x4d4550,0x5394a0	0	0	-	0	0	1	-	0x5a9de0	-	0	file-io@5,archive@5,memory@6,thread@4,window-input@3,time@3,other@3	0	no	-
setpathindicatorimp	0x004ba6d0	mutates-state	complete	57	174	-	0,1	1	1	yes	no	no	0	0	1	0	2	0x4d4550,0x5394a0	0	0	-	0	0	1	-	0x55d648	-	0	file-io@5,archive@5,memory@6,thread@4,window-input@3,time@3,other@3	0	no	-
setpathindicators	0x00504320	mutates-state	complete	57	174	-	0,1	1	1	yes	no	no	0	0	1	0	2	0x4d4550,0x5394a0	0	0	-	0	0	1	-	0x5a9ddc	-	0	file-io@5,archive@5,memory@6,thread@4,window-input@3,time@3,other@3	0	no	-
setpause	0x00484e80	reads-state	complete	63	192	-	0,1	1	1	yes	no	no	0	0	1	0	3	0x484dc0,0x4d4550,0x5394a0	0	0	-	1	0	0	-	0x5aa12c	-	0	file-io@5,archive@5,memory@6,thread@4,window-input@3,time@3,other@3	3	yes	-
setpercentcomment	0x004c9dc0	floating-point	complete	57	177	-	0,1	1	1	yes	no	no	0	0	1	0	2	0x4d4550,0x5394a0	0	0	-	0	0	0	-	-	-	0	file-io@5,archive@5,memory@6,thread@4,window-input@3,time@3,other@3	3	no	-
setplane	0x0051bc30	stub	complete	1	1	0	0	0	0	yes	no	no	0	0	0	0	0	-	0	0	-	0	0	0	-	-	-	0	-	-	no	-
setplayarmy	0x00464e30	reads-state	complete	105	304	-	0,1,2	2	2	yes	no	no	0	0	2	0	4	0x4026a0,0x404ab0,0x463010,0x4d4550	0	0	-	1	0	0	-	0x5577c8	-	0	file-io@5,archive@5,memory@6,thread@4,window-input@3,time@3,other@3	3	no	-
setplaybacktimer	0x004b3f10	mutates-state	complete	61	194	-	0,1	1	1	yes	no	no	0	0	1	0	3	0x4b32c0,0x4d4550,0x5394a0	0	0	-	2	0	1	-	0x5863c8,0x5864f4,0x58678c	-	0	file-io@5,archive@5,memory@4,thread@1,window-input@3,time@3,other@3	0	yes	-
setplayeraistatus	0x004bbfd0	unknown	complete	116	333	-	0,1,2	2	2	yes	no	no	0	0	2	0	4	0x4026a0,0x404ab0,0x4d41c0,0x4d4550	0	0	-	0	1	0	-	-	0x55d7ac	1	file-io@5,archive@4,memory@5,thread@4,window-input@2,time@2,other@2	2	yes	-
setplayerbars	0x004bc240	reads-state	complete	155	460	-	0,1,2,3	3	3	yes	no	no	0	0	3	0	6	0x4026a0,0x404ab0,0x4927c0,0x4bc950,0x4d41c0,0x4d4550	0	0	-	1	1	0	-	0x5a7b50	0x55d7f4	1	file-io@5,archive@4,memory@5,thread@4,window-input@2,time@2,other@2	2	yes	-
setplayerbarterslot	0x00432e50	reads-state	complete	168	490	-	0,1,2,3	3	3	yes	no	no	0	0	3	0	8	0x4026a0,0x404ab0,0x432a60,0x432b30,0x432d40,0x4d41c0,0x4d4550,0x5394a0	0	0	-	1	1	0	-	0x584cd4	0x556038	1	file-io@5,archive@4,memory@5,thread@4,window-input@2,time@2,other@2	2	yes	-
setplayerbooleanintelinfodisplaying	0x004a02b0	unknown	complete	167	466	-	0,1,2,3	3	3	yes	no	no	0	0	3	0	3	0x4026a0,0x404ab0,0x4d41c0	0	0	-	0	2	0	-	-	0x55c8e0,0x55c908	2	file-io@6,archive@4,memory@5,thread@4,window-input@2,time@2,other@2	2	yes	-
setplayerdata	0x004be860	unknown	complete	145	449	-	0,1,2,3,4	4	4	yes	no	no	1	0	3	0	7	0x4026a0,0x404ab0,0x4bdce0,0x4bde00,0x4d41c0,0x4d4550,0x5394a0	0	0	-	0	2	0	-	-	0x54dcc0,0x55d8b8	1	file-io@5,archive@4,memory@5,thread@4,window-input@2,time@2,other@2	2	yes	-
setplayerfaith	0x004bd8c0	unknown	complete	74	263	-	0,1,2	2	2	yes	no	no	0	0	2	0	2	0x4d41c0,0x4d4550	0	0	-	0	1	0	-	-	0x55d880	1	file-io@5,archive@4,memory@5,thread@4,window-input@2,time@2,other@2	2	yes	-
setplayerflagimp	0x004bb890	unknown	complete	186	508	-	0,1,2,3,4	4	4	yes	no	no	0	0	4	0	5	0x4026a0,0x404ab0,0x4bb7b0,0x4d41c0,0x4d4550	0	0	-	0	1	0	-	-	0x55d75c	1	file-io@5,archive@2,memory@5,thread@4,window-input@2,time@2,other@2	2	yes	-
setplayergo	0x004612c0	reads-state	complete	64	197	-	0,1,2	2	2	yes	no	no	1	0	1	0	4	0x460e40,0x4bdce0,0x4d4550,0x5394a0	0	0	-	1	0	0	-	0x5aa12c	-	0	file-io@5,archive@5,memory@6,thread@4,window-input@3,time@3,other@3	2	yes	-
setplayergroupnumberobject	0x004c0da0	floating-point	complete	60	182	-	0,1,2	2	2	yes	no	no	1	0	1	0	3	0x4bdce0,0x4d4550,0x5394a0	0	0	-	0	0	0	-	-	-	0	file-io@5,archive@5,memory@6,thread@4,window-input@3,time@3,other@3	3	no	-
setplayergroupnumberoffset	0x004c0e60	mutates-state	complete	98	308	-	0,1,2	2	2	yes	no	no	0	0	2	0	2	0x4d4550,0x5394a0	0	0	-	0	0	2	-	0x5844d0,0x5844d4	-	0	file-io@5,archive@5,memory@6,thread@4,window-input@3,time@3,other@3	0	no	-
setplayerindicatoraura	0x004bc450	unknown	complete	100	309	-	0,1,2,3	3	3	yes	no	no	1	0	2	0	5	0x42d620,0x42d750,0x4bdce0,0x4d4550,0x5394a0	0	0	-	0	0	0	-	-	-	0	file-io@5,archive@3,memory@6,thread@4,window-input@3,time@3,other@3	2	no	-
setplayerindicatorcolor	0x004bc640	reads-state	complete	141	435	-	0,1,2,3,4	4	4	yes	no	no	1	0	3	0	6	0x4026a0,0x404ab0,0x474ee0,0x4bdce0,0x4d4550,0x5394a0	0	0	-	1	0	0	-	0x584ae8	-	0	file-io@5,archive@5,memory@6,thread@4,window-input@3,time@3,other@3	3	yes	-
setplayerintelinfo	0x0049f650	mutates-state	complete	214	636	-	1,2,3,4,5	5	1	NO	no	no	5	0	0	3	7	0x4026a0,0x404ab0,0x40adb0,0x49f370,0x4d09a0,0x4d41c0,0x4d4550	0	0	-	3	2	0	0x5a7b78	0x5a7b78,0x5a7d84,0x5a7d88	0x55c8e0,0x55c908	2	file-io@5,archive@4,memory@5,thread@4,window-input@2,time@2,other@2	0	yes	-
setplayerintelinfodisplaying	0x004a0080	unknown	complete	199	555	-	0,1,2,3,4	4	4	yes	no	no	0	0	4	0	3	0x4026a0,0x404ab0,0x4d41c0	0	0	-	0	2	0	-	-	0x55c8e0,0x55c908	2	file-io@6,archive@4,memory@5,thread@4,window-input@2,time@2,other@2	2	yes	-
setplayername	0x004c04d0	reads-state	complete	61	193	-	0,1,2	2	2	yes	no	no	1	0	1	0	3	0x4bdce0,0x4c03b0,0x4d4550	0	0	-	1	0	0	-	0x5aa12c	-	0	file-io@5,archive@5,memory@6,thread@4,window-input@3,time@3,other@3	2	yes	-
setplayerneutralstatus	0x004c0b10	floating-point	complete	74	217	-	0,1,2	2	2	yes	no	no	1	0	1	0	3	0x4bdce0,0x4d4550,0x5394a0	0	0	-	0	0	0	-	-	-	0	file-io@5,archive@5,memory@6,thread@4,window-input@3,time@3,other@3	3	no	-
setplayingquest	0x004c4970	mutates-state	complete	58	179	-	0,1	1	1	yes	no	no	0	0	1	0	3	0x404ab0,0x4d4550,0x5394a0	0	0	-	0	0	1	-	0x5aeef0	-	0	file-io@5,archive@5,memory@6,thread@4,window-input@3,time@3,other@3	0	no	-
setprecombatproc	0x004889f0	mutates-state	complete	29	100	-	0,1	1	1	yes	no	no	0	0	1	0	1	0x4d4550	0	0	-	0	0	2	-	0x5aa1b0,0x5aa1b4	-	0	file-io@5,archive@5,memory@6,thread@4,window-input@3,time@3,other@3	0	no	-
setpredoorwayproc	0x00488830	mutates-state	complete	29	100	-	0,1	1	1	yes	no	no	0	0	1	0	1	0x4d4550	0	0	-	0	0	2	-	0x5ae8cc,0x5ae8d0	-	0	file-io@5,archive@5,memory@6,thread@4,window-input@3,time@3,other@3	0	no	-
setpromisebartervalueproc	0x0050a0b0	mutates-state	complete	29	100	-	0,1	1	1	yes	no	no	0	0	1	0	1	0x4d4550	0	0	-	0	0	2	-	0x5d2cc8,0x5d2ccc	-	0	file-io@5,archive@5,memory@6,thread@4,window-input@3,time@3,other@3	0	no	-
setproposaltext	0x004328b0	mutates-state	complete	48	168	-	0,1	1	1	yes	no	no	0	0	1	0	2	0x4d4550,0x53a220	0	0	-	1	0	1	-	0x578a80,0x578b47	-	0	file-io@5,archive@5,memory@6,thread@4,window-input@3,time@3,other@3	0	yes	-
setproviderbackground	0x00470640	reads-state	complete	115	353	-	0,1,2	2	2	yes	no	no	0	0	2	0	5	0x4026a0,0x404ab0,0x4d41c0,0x4d4550,0x5394a0	0	1	0x5d1e84+0x68	1	1	0	-	0x5d1e84	0x557f6c	1	file-io@5,archive@4,memory@5,thread@4,window-input@2,time@2,other@2	2	yes	-
setproviderbuttontexture	0x004708b0	reads-state	complete	115	353	-	0,1,2	2	2	yes	no	no	0	0	2	0	5	0x4026a0,0x404ab0,0x4d41c0,0x4d4550,0x5394a0	0	1	0x5d1e84+0x70	1	1	0	-	0x5d1e84	0x557f6c	1	file-io@5,archive@4,memory@5,thread@4,window-input@2,time@2,other@2	2	yes	-
setquestresetproc	0x004d7ee0	mutates-state	complete	29	100	-	0,1	1	1	yes	no	no	0	0	1	0	1	0x4d4550	0	0	-	0	0	2	-	0x5aeee8,0x5aeeec	-	0	file-io@5,archive@5,memory@6,thread@4,window-input@3,time@3,other@3	0	no	-
setqueststatus	0x004c4510	reads-state	complete	105	334	-	0,1,2	2	2	yes	no	no	0	0	2	0	6	0x4c3b60,0x4c3ea0,0x4c3ef0,0x4d05e0,0x4d4550,0x5394a0	0	0	-	5	0	0	-	0x5a7b78,0x5aeedc,0x5aeee8,0x5aeeec,0x5cd2e0	-	0	file-io@5,archive@3,memory@6,thread@4,window-input@3,time@1,other@3	3	yes	-
setrally	0x00408c50	reads-state	complete	54	172	-	0,1	1	1	yes	no	no	0	0	1	0	3	0x482ac0,0x4d4550,0x5394a0	0	0	-	1	0	0	-	0x5aa12c	-	0	file-io@5,archive@5,memory@6,thread@4,window-input@3,time@3,other@3	3	yes	-
setrealtimeorderflag	0x00409310	operand-only	complete	49	153	-	0,1,2	2	2	yes	no	no	1	0	1	0	2	0x41be40,0x4d4550	0	0	-	0	0	0	-	-	-	0	file-io@5,archive@5,memory@6,thread@4,window-input@3,time@3,other@3	3	no	-
setregionfaiths	0x004c7f30	reads-state	complete	131	401	-	0,1,2,3,4,5,6,7,8,9,10,11,12,13,14,15	-	3	yes	yes	yes	0	0	3	0	6	0x4026a0,0x404ab0,0x4c5310,0x4c5ec0,0x4d4550,0x5394a0	0	0	-	1	0	0	-	0x5aef04	-	0	file-io@5,archive@5,memory@6,thread@4,window-input@3,time@3,other@3	3	yes	-
setregionname	0x004c7b10	file-or-resource-io	complete	93	305	-	0,1,2	2	2	yes	no	no	0	0	2	0	4	0x4c5230,0x4c5ec0,0x4d4550,0x5394a0	0	0	-	1	0	0	-	0x5aef04	-	0	file-io@5,archive@1,memory@6,thread@4,window-input@3,time@3,other@3	3	yes	-
setregionowner	0x004c8500	reads-state	complete	110	345	-	0,1,2	2	2	yes	no	no	0	0	2	0	6	0x4026a0,0x404ab0,0x4c5ec0,0x4d41c0,0x4d4550,0x5394a0	0	0	-	1	1	0	-	0x5aef04	0x55da60	1	file-io@5,archive@4,memory@5,thread@4,window-input@2,time@2,other@2	2	yes	-
setregionraces	0x004c7c50	reads-state	complete	131	401	-	0,1,2,3,4,5,6,7,8,9,10,11,12,13,14,15	-	3	yes	yes	yes	0	0	3	0	6	0x4026a0,0x404ab0,0x4c52e0,0x4c5ec0,0x4d4550,0x5394a0	0	0	-	1	0	0	-	0x5aef04	-	0	file-io@5,archive@5,memory@6,thread@4,window-input@3,time@3,other@3	3	yes	-
setregiontoinvade	0x0051d9b0	unknown	complete	80	220	-	0,1	1	1	yes	no	no	0	0	1	0	5	0x4d41c0,0x4d4550,0x51d570,0x51d8e0,0x5394a0	0	0	-	0	1	0	-	-	0x573e7c	1	file-io@5,archive@4,memory@5,thread@4,window-input@2,time@2,other@2	2	yes	-
setrelationship	0x0051ced0	unknown	complete	147	440	-	0,1,2,3	3	3	yes	no	no	0	0	3	0	5	0x4026a0,0x404ab0,0x4d41c0,0x4d4550,0x51c940	0	0	-	0	2	0	-	-	0x573df4,0x573e0c	2	file-io@5,archive@4,memory@5,thread@4,window-input@2,time@2,other@2	2	yes	-
setremapdata	0x004942a0	reads-state	complete	177	526	-	0,1,2,3	3	3	yes	no	no	0	0	3	0	8	0x4026a0,0x404ab0,0x491c20,0x4928e0,0x4b9e00,0x4d41c0,0x4d4550,0x5394a0	0	0	-	2	3	0	-	0x5a7b50,0x5cd34c	0x55c5a4,0x55c5b0,0x55c5c4	3	file-io@5,archive@4,memory@5,thread@4,window-input@2,time@2,other@2	2	yes	-
setresearchdeltaproc	0x004466e0	mutates-state	complete	29	100	-	0,1	1	1	yes	no	no	0	0	1	0	1	0x4d4550	0	0	-	0	0	2	-	0x579070,0x579074	-	0	file-io@5,archive@5,memory@6,thread@4,window-input@3,time@3,other@3	0	no	-
setresearchdonecallback	0x004467a0	mutates-state	complete	29	100	-	0,1	1	1	yes	no	no	0	0	1	0	1	0x4d4550	0	0	-	0	0	2	-	0x579078,0x57907c	-	0	file-io@5,archive@5,memory@6,thread@4,window-input@3,time@3,other@3	0	no	-
setresetunitmodifiersproc	0x004e2ff0	mutates-state	complete	29	100	-	0,1	1	1	yes	no	no	0	0	1	0	1	0x4d4550	0	0	-	0	0	2	-	0x5a7cf4,0x5a7cf8	-	0	file-io@5,archive@5,memory@6,thread@4,window-input@3,time@3,other@3	0	no	-
setresourcechangecallback	0x00486a50	mutates-state	complete	29	100	-	0,1	1	1	yes	no	no	0	0	1	0	1	0x4d4550	0	0	-	0	0	2	-	0x5cd190,0x5cd194	-	0	file-io@5,archive@5,memory@6,thread@4,window-input@3,time@3,other@3	0	no	-
setretreatarea_facing	0x00468880	reads-state	complete	104	311	-	0,1,2	2	2	yes	no	no	0	0	2	0	3	0x468410,0x4d4550,0x5394a0	0	0	-	1	0	0	-	0x5ae958	-	0	file-io@5,archive@5,memory@6,thread@4,window-input@3,time@3,other@3	3	yes	-
setretreatarea_xxyy	0x00468640	reads-state	complete	201	574	-	0,1,2,3,4,5	5	5	yes	no	no	0	0	5	0	4	0x4026a0,0x404ab0,0x468320,0x4d4550	0	0	-	1	0	0	-	0x5ae958	-	0	file-io@5,archive@4,memory@6,thread@3,window-input@3,time@3,other@3	3	yes	-
setrtclickdelay	0x004fe2c0	mutates-state	complete	57	174	-	0,1	1	1	yes	no	no	0	0	1	0	2	0x4d4550,0x5394a0	0	0	-	0	0	1	-	0x5a79ac	-	0	file-io@5,archive@5,memory@6,thread@4,window-input@3,time@3,other@3	0	no	-
setrtclickdownproc	0x004fe1e0	mutates-state	complete	29	100	-	0,1	1	1	yes	no	no	0	0	1	0	1	0x4d4550	0	0	-	0	0	2	-	0x5a799c,0x5a79a0	-	0	file-io@5,archive@5,memory@6,thread@4,window-input@3,time@3,other@3	0	no	-
setrtclickupproc	0x004fe250	mutates-state	complete	29	100	-	0,1	1	1	yes	no	no	0	0	1	0	1	0x4d4550	0	0	-	0	0	2	-	0x5a79a4,0x5a79a8	-	0	file-io@5,archive@5,memory@6,thread@4,window-input@3,time@3,other@3	0	no	-
setsatellitechildoffsets	0x0043e000	reads-state	complete	86	278	-	0,1,2,3,4,5,6,7,8,9,10,11,12,13,14,15	-	2	yes	yes	yes	0	0	2	0	2	0x4d4550,0x5394a0	0	0	-	2	0	0	-	0x5564b8,0x5564c8	-	0	file-io@5,archive@5,memory@6,thread@4,window-input@3,time@3,other@3	3	yes	-
setscenarionameproc	0x004b5590	mutates-state	complete	29	100	-	0,1	1	1	yes	no	no	0	0	1	0	1	0x4d4550	0	0	-	0	0	2	-	0x584408,0x58440c	-	0	file-io@5,archive@5,memory@6,thread@4,window-input@3,time@3,other@3	0	no	-
setscenarioprocedure	0x004c8dc0	mutates-state	complete	45	156	-	0,1	1	1	yes	no	no	0	0	1	0	1	0x4d4550	0	0	-	0	0	2	-	0x5af0e4,0x5af0e8	-	0	file-io@5,archive@5,memory@6,thread@4,window-input@3,time@3,other@3	0	no	-
setscenarioproperty	0x004c90b0	reads-state	complete	93	293	-	0,1,2	2	2	yes	no	no	0	0	2	0	4	0x4c8fe0,0x4d41c0,0x4d4550,0x5394a0	0	0	-	1	1	0	-	0x5aec60	0x55dab8	1	file-io@5,archive@4,memory@5,thread@4,window-input@2,time@2,other@2	2	yes	-
setselectionbox	0x004ea630	reads-state	complete	159	495	-	0,1,2,3,4	4	4	yes	no	no	0	0	4	0	4	0x4026a0,0x492820,0x4d4550,0x4ea340	0	0	-	1	0	0	-	0x5a7b50	-	0	file-io@5,archive@5,memory@6,thread@4,window-input@3,time@3,other@3	3	yes	-
setslider	0x004ec6f0	reads-state	complete	130	404	-	0,1,2,3,4,5,6,7,8,9,10,11,12,13,14,15	-	2	yes	yes	yes	0	0	2	0	6	0x404ab0,0x492790,0x4d41c0,0x4d4550,0x4eb860,0x5394a0	0	0	-	1	1	0	-	0x5a7b50	0x573064	1	file-io@5,archive@4,memory@5,thread@4,window-input@2,time@2,other@2	2	yes	-
setsliderbar	0x004ec890	reads-state	complete	214	622	-	0,1,2,3,4,5	5	5	yes	no	no	0	0	5	0	6	0x4026a0,0x404ab0,0x492790,0x4d41c0,0x4d4550,0x4eb680	0	0	-	1	1	0	-	0x5a7b50	0x573088	1	file-io@5,archive@4,memory@5,thread@4,window-input@2,time@2,other@2	2	yes	-
setsortdirtyrects	0x004da1a0	mutates-state	complete	57	174	-	0,1	1	1	yes	no	no	0	0	1	0	2	0x4d4550,0x5394a0	0	0	-	0	0	1	-	0x5d20b8	-	0	file-io@5,archive@5,memory@6,thread@4,window-input@3,time@3,other@3	0	no	-
setsoundfxvolume	0x00479b60	reads-state	complete	63	195	-	0,1	1	1	yes	no	no	0	0	1	0	3	0x479b40,0x4d4550,0x5394a0	0	0	-	1	0	0	-	0x585408	-	0	file-io@5,archive@5,memory@6,thread@4,window-input@3,time@3,other@3	3	yes	-
setspecialbuildingoffset	0x0043e550	mutates-state	complete	88	290	-	0,1,2	2	2	yes	no	no	0	0	2	0	2	0x4d4550,0x5394a0	0	0	-	0	0	2	-	0x556508,0x55650c	-	0	file-io@5,archive@5,memory@6,thread@4,window-input@3,time@3,other@3	0	no	-
setspecialcombatowner	0x004ee950	unknown	complete	143	425	-	0,1,2,3	3	3	yes	no	no	0	0	3	0	5	0x4026a0,0x404ab0,0x4d41c0,0x4d4550,0x4ee920	0	0	-	0	1	0	-	-	0x55c710	1	file-io@5,archive@4,memory@5,thread@4,window-input@2,time@2,other@2	2	yes	-
setspecialeffectflag	0x00427200	unknown	complete	90	279	-	0,1,2	2	2	yes	no	no	1	0	1	1	5	0x404ab0,0x41bf10,0x4d4550,0x52b090,0x5394a0	0	0	-	0	0	0	-	-	-	0	file-io@5,archive@5,memory@6,thread@4,window-input@3,time@3,other@3	3	no	-
setspeechvolume	0x00479c40	reads-state	complete	63	195	-	0,1	1	1	yes	no	no	0	0	1	0	3	0x479c30,0x4d4550,0x5394a0	0	0	-	1	0	0	-	0x585408	-	0	file-io@5,archive@5,memory@6,thread@4,window-input@3,time@3,other@3	3	yes	-
setspelldefdata	0x004f1490	reads-state	complete	146	444	-	0,1,2,3	3	3	yes	no	no	0	0	3	1	6	0x4026a0,0x404ab0,0x4d41c0,0x4d4550,0x4efe80,0x4f1310	0	0	-	1	1	0	-	0x5aee6c	0x57321c	1	file-io@5,archive@4,memory@5,thread@4,window-input@2,time@2,other@2	2	yes	-
setspellinfo	0x004ef8e0	reads-state	complete	163	530	-	0,1,2,3	3	3	yes	no	no	0	0	3	1	8	0x4026a0,0x404ab0,0x482ac0,0x4d41c0,0x4d4550,0x4ef610,0x4ef740,0x4ef8a0	0	0	-	3	1	0	-	0x584c1c,0x584c94,0x5aa12c	0x5731d8	1	file-io@5,archive@4,memory@5,thread@4,window-input@2,time@2,other@2	2	yes	-
setspitweb	0x00408c50	reads-state	complete	54	172	-	0,1	1	1	yes	no	no	0	0	1	0	3	0x482ac0,0x4d4550,0x5394a0	0	0	-	1	0	0	-	0x5aa12c	-	0	file-io@5,archive@5,memory@6,thread@4,window-input@3,time@3,other@3	3	yes	-
setspritezoommode	0x004fd5c0	reads-state	complete	55	176	-	0,1	1	1	yes	no	no	0	0	1	0	4	0x4d41c0,0x4d4550,0x4fd540,0x5394a0	0	0	-	1	1	0	-	0x5ae974	0x573398	1	file-io@5,archive@3,memory@5,thread@4,window-input@2,time@2,other@2	1	yes	-
setstartingline	0x00497e20	unknown	complete	61	185	-	0,1,2	2	2	yes	no	no	0	0	1	0	4	0x497d80,0x498040,0x4d4550,0x5394a0	0	0	-	0	0	0	-	-	-	0	file-io@5,archive@5,memory@6,thread@4,window-input@3,time@3,other@3	3	no	-
setstatlogproc	0x004b5760	mutates-state	complete	29	100	-	0,1	1	1	yes	no	no	0	0	1	0	1	0x4d4550	0	0	-	0	0	2	-	0x5843e8,0x5843ec	-	0	file-io@5,archive@5,memory@6,thread@4,window-input@3,time@3,other@3	0	no	-
setstealthseenimage	0x004240c0	mutates-state	complete	51	165	-	0,1	1	1	yes	no	no	0	0	1	0	3	0x492760,0x4d4550,0x5394a0	0	0	-	1	0	1	-	0x5787f8,0x5a7b50	-	0	file-io@5,archive@5,memory@6,thread@4,window-input@3,time@3,other@3	0	yes	-
setstolenresource	0x00508370	unknown	complete	173	496	-	0,1,2,3,4	4	4	yes	no	no	0	0	4	0	4	0x4026a0,0x404ab0,0x4d4550,0x5080d0	0	0	-	0	0	0	-	-	-	0	file-io@5,archive@5,memory@6,thread@4,window-input@3,time@3,other@3	3	no	-
setstreambuffersize	0x0051bc30	stub	complete	1	1	0	0	0	0	yes	no	no	0	0	0	0	0	-	0	0	-	0	0	0	-	-	-	0	-	-	no	-
setsubdueproc	0x004e3770	mutates-state	complete	29	100	-	0,1	1	1	yes	no	no	0	0	1	0	1	0x4d4550	0	0	-	0	0	2	-	0x5a7d5c,0x5a7d60	-	0	file-io@5,archive@5,memory@6,thread@4,window-input@3,time@3,other@3	0	no	-
setsummoneduniquecreature	0x00510c40	unknown	complete	76	212	-	0,1,2	2	2	yes	no	no	0	0	1	0	3	0x4d4550,0x50cd20,0x5394a0	0	0	-	0	0	0	-	-	-	0	file-io@5,archive@5,memory@6,thread@4,window-input@3,time@3,other@3	3	no	-
setswornfealtyflag	0x004c0fa0	unknown	complete	60	188	-	0,1	1	1	yes	no	no	0	0	1	0	3	0x404ab0,0x4d4550,0x5394a0	0	0	-	0	0	0	-	-	-	0	file-io@5,archive@5,memory@6,thread@4,window-input@3,time@3,other@3	3	no	-
settemppath	0x005052e0	reads-state	complete	91	263	-	0,1	1	1	yes	no	no	0	0	1	0	1	0x4d4550	0	0	-	3	0	0	-	0x573464,0x5d1f8f,0x5d1f90	-	0	file-io@5,archive@5,memory@6,thread@4,window-input@3,time@3,other@3	3	yes	-
setterrain	0x004dff30	reads-state	complete	131	408	-	0,1,2,3	3	3	yes	no	no	0	0	3	0	5	0x4026a0,0x404ab0,0x4a5cb0,0x4d4550,0x5394a0	0	0	-	1	0	0	-	0x5ae958	-	0	file-io@5,archive@4,memory@6,thread@4,window-input@3,time@3,other@2	3	yes	-
setterrainbrush	0x004da3e0	mutates-state	complete	53	179	-	0,1	1	1	yes	no	no	0	0	1	0	2	0x4d4550,0x5394a0	0	0	-	1	0	2	-	0x5a7d8c,0x5a7d94,0x5a7d98	-	0	file-io@5,archive@5,memory@6,thread@4,window-input@3,time@3,other@3	0	no	-
setterrainspriteaileavealone	0x0050eab0	unknown	complete	74	208	-	0,1,2	2	2	yes	no	no	0	0	1	0	3	0x4d4550,0x50cd20,0x5394a0	0	0	-	0	0	0	-	-	-	0	file-io@5,archive@5,memory@6,thread@4,window-input@3,time@3,other@3	3	no	-
setterrainspritebartervalueproc	0x00510080	mutates-state	complete	29	100	-	0,1	1	1	yes	no	no	0	0	1	0	1	0x4d4550	0	0	-	0	0	2	-	0x5d2d48,0x5d2d4c	-	0	file-io@5,archive@5,memory@6,thread@4,window-input@3,time@3,other@3	0	no	-
setterrainspritebrain	0x004edaf0	mutates-state	complete	29	100	-	0,1	1	1	yes	no	no	0	0	1	0	1	0x4d4550	0	0	-	0	0	2	-	0x584730,0x584734	-	0	file-io@5,archive@5,memory@6,thread@4,window-input@3,time@3,other@3	0	no	-
setterrainspritechangeownershipproc	0x0050f020	mutates-state	complete	29	100	-	0,1	1	1	yes	no	no	0	0	1	0	1	0x4d4550	0	0	-	0	0	2	-	0x5d2d40,0x5d2d44	-	0	file-io@5,archive@5,memory@6,thread@4,window-input@3,time@3,other@3	0	no	-
setterrainspritedeltaproc	0x0050ed20	mutates-state	complete	29	100	-	0,1	1	1	yes	no	no	0	0	1	0	1	0x4d4550	0	0	-	0	0	2	-	0x5d2d00,0x5d2d04	-	0	file-io@5,archive@5,memory@6,thread@4,window-input@3,time@3,other@3	0	no	-
setterrainspritedoorwaystatus	0x00510930	unknown	complete	61	185	-	0,1,2	2	2	yes	no	no	0	0	1	0	4	0x4d4550,0x50cd20,0x5108f0,0x5394a0	0	0	-	0	0	0	-	-	-	0	file-io@5,archive@5,memory@6,thread@4,window-input@3,time@3,other@3	3	no	-
setterrainspriteenterspriteflag	0x0050ebf0	unknown	complete	74	208	-	0,1,2	2	2	yes	no	no	0	0	1	0	3	0x4d4550,0x50cd20,0x5394a0	0	0	-	0	0	0	-	-	-	0	file-io@5,archive@5,memory@6,thread@4,window-input@3,time@3,other@3	3	no	-
setterrainspriteflagoverride	0x00510a60	unknown	complete	98	304	-	0,1,2,3	3	3	yes	no	no	0	0	2	0	3	0x4d4550,0x50cd20,0x5394a0	0	0	-	0	0	0	-	-	-	0	file-io@5,archive@5,memory@6,thread@4,window-input@3,time@3,other@3	3	no	-
setterrainspritelocation	0x0050e650	reads-state	complete	116	360	-	0,1,2	2	2	yes	no	no	0	0	2	0	7	0x4026a0,0x404ab0,0x482ac0,0x4a6dd0,0x4d41c0,0x4d4550,0x5394a0	0	0	-	2	1	0	-	0x5aa12c,0x5ae958	0x573af4	1	file-io@5,archive@4,memory@5,thread@1,window-input@2,time@2,other@2	2	yes	-
setterrainspritemapfileproc	0x0050eea0	mutates-state	complete	29	100	-	0,1	1	1	yes	no	no	0	0	1	0	1	0x4d4550	0	0	-	0	0	2	-	0x5d2cf8,0x5d2cfc	-	0	file-io@5,archive@5,memory@6,thread@4,window-input@3,time@3,other@3	0	no	-
setterrainspriteowner	0x0050e8c0	reads-state	complete	116	360	-	0,1,2	2	2	yes	no	no	0	0	2	0	6	0x4026a0,0x404ab0,0x482ac0,0x4d41c0,0x4d4550,0x5394a0	0	0	-	1	1	0	-	0x5aa12c	0x573af4	1	file-io@5,archive@4,memory@5,thread@4,window-input@2,time@2,other@2	2	yes	-
setterrainspriteprocid	0x004ed1c0	reads-state	complete	104	311	-	0,1,2	2	2	yes	no	no	0	0	2	0	3	0x4d4550,0x4ed190,0x5394a0	0	0	-	1	0	0	-	0x5ae958	-	0	file-io@5,archive@5,memory@6,thread@4,window-input@3,time@3,other@3	3	yes	-
setterrainspritescenarioenterproc	0x0050f0e0	mutates-state	complete	29	100	-	0,1	1	1	yes	no	no	0	0	1	0	1	0x4d4550	0	0	-	0	0	2	-	0x5d2cf0,0x5d2cf4	-	0	file-io@5,archive@5,memory@6,thread@4,window-input@3,time@3,other@3	0	no	-
setterrainspritesetupprocproc	0x0050ef60	mutates-state	complete	29	100	-	0,1	1	1	yes	no	no	0	0	1	0	1	0x4d4550	0	0	-	0	0	2	-	0x5d2d08,0x5d2d0c	-	0	file-io@5,archive@5,memory@6,thread@4,window-input@3,time@3,other@3	0	no	-
setterrainspritetilesetproc	0x0050ede0	mutates-state	complete	29	100	-	0,1	1	1	yes	no	no	0	0	1	0	1	0x4d4550	0	0	-	0	0	2	-	0x5d2d58,0x5d2d5c	-	0	file-io@5,archive@5,memory@6,thread@4,window-input@3,time@3,other@3	0	no	-
setterrainspritetype	0x0050e410	reads-state	complete	108	319	-	0,1,2	2	2	yes	no	no	0	0	2	1	5	0x4026a0,0x404ab0,0x482ac0,0x4d41c0,0x4d4550	0	0	-	1	1	0	-	0x5aa12c	0x573af4	1	file-io@5,archive@4,memory@5,thread@4,window-input@2,time@2,other@2	2	yes	-
setterrainspritetypedata	0x0050e150	reads-state	complete	146	444	-	0,1,2,3	3	3	yes	no	no	0	0	3	1	6	0x4026a0,0x404ab0,0x4b0ee0,0x4d41c0,0x4d4550,0x50dfd0	0	0	-	1	1	0	-	0x5cd304	0x573ad8	1	file-io@5,archive@4,memory@5,thread@4,window-input@2,time@2,other@2	2	yes	-
setterrainspriteuserbitflag	0x0050f920	reads-state	complete	142	425	-	0,1,2,3	3	3	yes	no	no	0	0	3	0	4	0x4026a0,0x404ab0,0x482ac0,0x4d4550	0	0	-	1	0	0	-	0x5aa12c	-	0	file-io@5,archive@5,memory@6,thread@4,window-input@3,time@3,other@3	3	yes	-
setthinkingimage	0x00424220	mutates-state	complete	132	422	-	0,1,2,3	3	3	yes	no	no	0	0	3	0	5	0x4026a0,0x404ab0,0x492760,0x4d4550,0x5394a0	0	0	-	1	0	3	-	0x5787d8,0x5787e0,0x5787e4,0x5a7b50	-	0	file-io@5,archive@5,memory@6,thread@4,window-input@3,time@3,other@3	0	yes	-
settickreport	0x004854a0	mutates-state	complete	57	174	-	0,1	1	1	yes	no	no	0	0	1	0	2	0x4d4550,0x5394a0	0	0	-	0	0	1	-	0x5ccabc	-	0	file-io@5,archive@5,memory@6,thread@4,window-input@3,time@3,other@3	0	no	-
setticktime	0x004e08c0	reads-state	complete	63	192	-	0,1	1	1	yes	no	no	0	0	1	0	3	0x4819c0,0x4d4550,0x5394a0	0	0	-	1	0	0	-	0x5aa12c	-	0	file-io@5,archive@5,memory@6,thread@4,window-input@3,time@3,other@3	2	yes	-
settimeraccuracy	0x004b3fe0	mutates-state	complete	61	194	-	0,1	1	1	yes	no	no	0	0	1	0	3	0x4b32c0,0x4d4550,0x5394a0	0	0	-	2	0	1	-	0x5863c8,0x5864f4,0x586790	-	0	file-io@5,archive@5,memory@4,thread@1,window-input@3,time@3,other@3	0	yes	-
settooltipborder	0x00474610	mutates-state	complete	127	415	-	0,1,2,3	3	3	yes	no	no	0	0	3	0	4	0x4026a0,0x404ab0,0x4d4550,0x5394a0	0	0	-	1	0	2	-	0x5a9ee0,0x5a9ee4,0x5a9ee8	-	0	file-io@5,archive@5,memory@6,thread@4,window-input@3,time@3,other@3	0	yes	-
settooltipborders	0x004741c0	reads-state	complete	148	455	-	0,1,2,3,4	4	4	yes	no	no	0	0	4	0	4	0x4026a0,0x404ab0,0x473a40,0x4d4550	0	0	-	1	0	0	-	0x5a9e04	-	0	file-io@5,archive@5,memory@6,thread@4,window-input@3,time@3,other@3	3	yes	-
settooltipcolor	0x00474470	mutates-state	complete	127	415	-	0,1,2,3	3	3	yes	no	no	0	0	3	0	4	0x4026a0,0x404ab0,0x4d4550,0x5394a0	0	0	-	1	0	2	-	0x5a9ed4,0x5a9ed8,0x5a9edc	-	0	file-io@5,archive@5,memory@6,thread@4,window-input@3,time@3,other@3	0	yes	-
settooltipdelay	0x00473b20	mutates-state	complete	57	174	-	0,1	1	1	yes	no	no	0	0	1	0	2	0x4d4550,0x5394a0	0	0	-	0	0	1	-	0x5a9eb4	-	0	file-io@5,archive@5,memory@6,thread@4,window-input@3,time@3,other@3	0	no	-
settooltipfont	0x00473a70	mutates-state	complete	51	165	-	0,1	1	1	yes	no	no	0	0	1	0	3	0x492de0,0x4d4550,0x5394a0	0	0	-	1	0	1	-	0x5a7b50,0x5a9e40	-	0	file-io@5,archive@5,memory@6,thread@4,window-input@3,time@3,other@3	0	yes	-
settooltipremain	0x00473bd0	mutates-state	complete	57	174	-	0,1	1	1	yes	no	no	0	0	1	0	2	0x4d4550,0x5394a0	0	0	-	0	0	1	-	0x5a9eb8	-	0	file-io@5,archive@5,memory@6,thread@4,window-input@3,time@3,other@3	0	no	-
settooltipspriteproc	0x00474390	mutates-state	complete	29	100	-	0,1	1	1	yes	no	no	0	0	1	0	1	0x4d4550	0	0	-	0	0	2	-	0x5a9e44,0x5a9e48	-	0	file-io@5,archive@5,memory@6,thread@4,window-input@3,time@3,other@3	0	no	-
settooltipspriteproc_editmode	0x00474400	mutates-state	complete	29	100	-	0,1	1	1	yes	no	no	0	0	1	0	1	0x4d4550	0	0	-	0	0	2	-	0x5a9e4c,0x5a9e50	-	0	file-io@5,archive@5,memory@6,thread@4,window-input@3,time@3,other@3	0	no	-
settooltiptimer	0x00474c10	mutates-state	complete	57	174	-	0,1	1	1	yes	no	no	0	0	1	0	2	0x4d4550,0x5394a0	0	0	-	0	0	1	-	0x5a9eb8	-	0	file-io@5,archive@5,memory@6,thread@4,window-input@3,time@3,other@3	0	no	-
settranslucency	0x00498210	reads-state	complete	53	168	-	0,1	1	1	yes	no	no	0	0	1	0	3	0x491ec0,0x4d4550,0x5394a0	0	0	-	1	0	0	-	0x5a7b50	-	0	file-io@5,archive@5,memory@6,thread@4,window-input@3,time@3,other@3	3	yes	-
settreatybartervalueproc	0x0050a5c0	mutates-state	complete	29	100	-	0,1	1	1	yes	no	no	0	0	1	0	1	0x4d4550	0	0	-	0	0	2	-	0x5d2cd0,0x5d2cd4	-	0	file-io@5,archive@5,memory@6,thread@4,window-input@3,time@3,other@3	0	no	-
setturnaibrain	0x0051d2e0	unknown	complete	115	331	-	0,1,2	2	2	yes	no	no	0	0	2	0	3	0x4026a0,0x4d41c0,0x4d4550	0	0	-	0	2	0	-	-	0x573e54,0x573e68	2	file-io@5,archive@4,memory@5,thread@4,window-input@2,time@2,other@2	2	yes	-
setturnaidict	0x005219f0	unknown	complete	115	332	-	0,1,2	2	2	yes	no	no	0	0	2	0	3	0x4026a0,0x4d41c0,0x4d4550	0	0	-	0	2	0	-	-	0x573e54,0x573e68	2	file-io@5,archive@4,memory@5,thread@4,window-input@2,time@2,other@2	2	yes	-
setunitbartervalueproc	0x00528e80	mutates-state	complete	29	100	-	0,1	1	1	yes	no	no	0	0	1	0	1	0x4d4550	0	0	-	0	0	2	-	0x5d2f38,0x5d2f3c	-	0	file-io@5,archive@5,memory@6,thread@4,window-input@3,time@3,other@3	0	no	-
setunitcommander	0x00423e50	reads-state	complete	131	408	-	0,1,2,3	3	3	yes	no	no	0	0	3	0	5	0x4026a0,0x404ab0,0x480010,0x4d4550,0x5394a0	0	0	-	1	0	0	-	0x5aa12c	-	0	file-io@5,archive@5,memory@6,thread@4,window-input@3,time@3,other@3	2	yes	-
setunitcostproc	0x00528ef0	mutates-state	complete	29	100	-	0,1	1	1	yes	no	no	0	0	1	0	1	0x4d4550	0	0	-	0	0	2	-	0x5d2f30,0x5d2f34	-	0	file-io@5,archive@5,memory@6,thread@4,window-input@3,time@3,other@3	0	no	-
setunitdata	0x0041c8a0	reads-state	complete	131	415	-	0,1,2,3,4	4	6	NO	no	no	1	0	2	1	5	0x41bf10,0x41de50,0x4d41c0,0x4d4550,0x5394a0	0	0	-	4	1	0	-	0x5aa78c,0x5aad68,0x5ab344,0x5ab920	0x5559c8	1	file-io@5,archive@4,memory@5,thread@4,window-input@2,time@2,other@2	1	yes	-
setunitfate	0x0042fca0	reads-state	complete	153	463	-	0,1,2,3	3	3	yes	no	no	0	0	3	0	6	0x4026a0,0x404ab0,0x42f430,0x4d41c0,0x4d4550,0x5394a0	0	0	-	1	2	0	-	0x5adc50	0x555f08,0x555f20	2	file-io@5,archive@4,memory@5,thread@4,window-input@2,time@2,other@2	2	yes	-
setunitlevelrangeproc	0x0052a020	mutates-state	complete	29	100	-	0,1	1	1	yes	no	no	0	0	1	0	1	0x4d4550	0	0	-	0	0	2	-	0x5d2f48,0x5d2f4c	-	0	file-io@5,archive@5,memory@6,thread@4,window-input@3,time@3,other@3	0	no	-
setunitmaintenanceproc	0x00528f60	mutates-state	complete	29	100	-	0,1	1	1	yes	no	no	0	0	1	0	1	0x4d4550	0	0	-	0	0	2	-	0x5d2f40,0x5d2f44	-	0	file-io@5,archive@5,memory@6,thread@4,window-input@3,time@3,other@3	0	no	-
setunittypedata	0x00524820	reads-state	complete	176	507	-	0,1,2,3,4	4	4	yes	no	no	0	0	4	1	5	0x4026a0,0x404ab0,0x4d41c0,0x4d4550,0x4d6220	0	0	-	3	1	0	-	0x5cd2f0,0x5cd2f4,0x5d2f10	0x574148	1	file-io@5,archive@4,memory@5,thread@4,window-input@2,time@2,other@2	2	yes	-
setunittypesound	0x00525430	reads-state	complete	190	547	-	0,1,2,3	3	3	yes	no	no	0	0	3	0	7	0x4026a0,0x404ab0,0x4d41c0,0x4d4550,0x525190,0x5251c0,0x5251f0	0	0	-	2	2	0	-	0x5cd2f0,0x5cd2f4	0x57418c,0x5741a4	2	file-io@5,archive@4,memory@5,thread@4,window-input@2,time@2,other@2	2	yes	-
setunittypeterraincost	0x00525b40	reads-state	complete	141	414	-	0,1,2,3	3	3	yes	no	no	0	0	3	0	4	0x4026a0,0x404ab0,0x4d41c0,0x4d4550	0	0	-	2	1	0	-	0x5cd2f0,0x5cd2f4	0x57424c	1	file-io@5,archive@4,memory@5,thread@4,window-input@2,time@2,other@2	2	yes	-
setunittypeterraindelay	0x00525800	reads-state	complete	141	414	-	0,1,2,3	3	3	yes	no	no	0	0	3	0	4	0x4026a0,0x404ab0,0x4d41c0,0x4d4550	0	0	-	2	1	0	-	0x5cd2f0,0x5cd2f4	0x5741f4	1	file-io@5,archive@4,memory@5,thread@4,window-input@2,time@2,other@2	2	yes	-
setupmode	0x004da3c0	reads-state	complete	4	13	0	0	0	0	yes	no	no	0	0	0	0	1	0x5000f0	0	0	-	1	0	0	-	0x584ae8	-	0	archive@3,memory@5,thread@2,window-input@4,time@2,other@5	1	yes	-
setuseddrawblt	0x004da2a0	mutates-state	complete	57	174	-	0,1	1	1	yes	no	no	0	0	1	0	2	0x4d4550,0x5394a0	0	0	-	0	0	1	-	0x5d20bc	-	0	file-io@5,archive@5,memory@6,thread@4,window-input@3,time@3,other@3	0	no	-
setuserforplayer	0x004e4a10	reads-state	complete	66	198	-	0,1	1	1	yes	no	no	0	0	1	0	3	0x4d4550,0x52cef0,0x5394a0	0	0	-	1	0	0	-	0x584ae8	-	0	file-io@5,archive@5,memory@6,thread@4,graphics@4,window-input@3,time@3,other@3	3	yes	-
setuserproc	0x004e1da0	mutates-state	complete	85	270	-	0,1,2	2	2	yes	no	no	0	0	2	0	3	0x4d41c0,0x4d4550,0x5394a0	0	0	-	0	1	2	-	0x5a7bc4,0x5a7bc8	0x5729dc	1	file-io@5,archive@4,memory@5,thread@4,window-input@2,time@2,other@2	0	yes	-
setusertick	0x00489980	mutates-state	complete	57	174	-	0,1	1	1	yes	no	no	0	0	1	0	2	0x4d4550,0x5394a0	0	0	-	0	0	1	-	0x583560	-	0	file-io@5,archive@5,memory@6,thread@4,window-input@3,time@3,other@3	0	no	-
setvirtualartifactid	0x0044e1f0	mutates-state	complete	95	296	-	0,1,2	2	2	yes	no	no	0	0	2	0	2	0x4d4550,0x5394a0	0	0	-	0	0	1	-	0x586d64	-	0	file-io@5,archive@5,memory@6,thread@4,window-input@3,time@3,other@3	0	no	-
setvirtualgreattemple	0x0044d7f0	mutates-state	complete	66	198	-	0,1	1	1	yes	no	no	0	0	1	0	2	0x4d4550,0x5394a0	0	0	-	0	0	1	-	0x586a38	-	0	file-io@5,archive@5,memory@6,thread@4,window-input@3,time@3,other@3	0	no	-
setvirtualresources	0x0044d910	mutates-state	complete	96	304	-	0,1,2	2	2	yes	no	no	0	0	2	0	2	0x4d4550,0x5394a0	0	0	-	0	0	4	-	0x586a3c,0x586a40,0x586a44,0x586a48	-	0	file-io@5,archive@5,memory@6,thread@4,window-input@3,time@3,other@3	0	no	-
setvirtualspellid	0x0044e3f0	mutates-state	complete	131	413	-	0,1,2,3	3	3	yes	no	no	0	0	3	0	4	0x4026a0,0x404ab0,0x4d4550,0x5394a0	0	0	-	0	0	1	-	0x586f44	-	0	file-io@5,archive@5,memory@6,thread@4,window-input@3,time@3,other@3	0	no	-
setvirtualspellknowledge	0x0044db40	mutates-state	complete	95	296	-	0,1,2	2	2	yes	no	no	0	0	2	0	2	0x4d4550,0x5394a0	0	0	-	0	0	1	-	0x586a4c	-	0	file-io@5,archive@5,memory@6,thread@4,window-input@3,time@3,other@3	0	no	-
setvirtualstronghold	0x0044d6d0	mutates-state	complete	66	198	-	0,1	1	1	yes	no	no	0	0	1	0	2	0x4d4550,0x5394a0	0	0	-	0	0	1	-	0x586a34	-	0	file-io@5,archive@5,memory@6,thread@4,window-input@3,time@3,other@3	0	no	-
setwaitforblank	0x004da0a0	mutates-state	complete	57	174	-	0,1	1	1	yes	no	no	0	0	1	0	2	0x4d4550,0x5394a0	0	0	-	0	0	1	-	0x5d20b4	-	0	file-io@5,archive@5,memory@6,thread@4,window-input@3,time@3,other@3	0	no	-
setwalkheight	0x004588d0	mutates-state	complete	59	187	-	0,1	1	1	yes	no	no	0	0	1	0	1	0x4d4550	0	0	-	0	1	1	-	0x5ae93c	0x54d6c8	0	file-io@5,archive@5,memory@6,thread@4,window-input@3,time@3,other@3	0	no	-
setwalkpathpixels	0x00459930	mutates-state	complete	57	174	-	0,1	1	1	yes	no	no	0	0	1	0	2	0x4d4550,0x5394a0	0	0	-	0	0	1	-	0x5ae944	-	0	file-io@5,archive@5,memory@6,thread@4,window-input@3,time@3,other@3	0	no	-
setwallheight	0x004589f0	mutates-state	complete	59	187	-	0,1	1	1	yes	no	no	0	0	1	0	1	0x4d4550	0	0	-	0	1	1	-	0x5ae940	0x54d6c8	0	file-io@5,archive@5,memory@6,thread@4,window-input@3,time@3,other@3	0	no	-
setwallpathpixels	0x004599e0	mutates-state	complete	57	174	-	0,1	1	1	yes	no	no	0	0	1	0	2	0x4d4550,0x5394a0	0	0	-	0	0	1	-	0x5ae948	-	0	file-io@5,archive@5,memory@6,thread@4,window-input@3,time@3,other@3	0	no	-
setwatchtoweroffset	0x0043e250	mutates-state	complete	88	290	-	0,1,2	2	2	yes	no	no	0	0	2	0	2	0x4d4550,0x5394a0	0	0	-	0	0	2	-	0x5564f0,0x5564f4	-	0	file-io@5,archive@5,memory@6,thread@4,window-input@3,time@3,other@3	0	no	-
setwatchtowersightradius	0x0043e380	reads-state	complete	138	454	-	0,1,2,3,4	4	4	yes	no	no	0	0	4	0	3	0x4026a0,0x404ab0,0x4d4550	0	0	-	4	0	0	-	0x5564f8,0x5564fc,0x556500,0x556504	-	0	file-io@5,archive@5,memory@6,thread@4,window-input@3,time@3,other@3	3	yes	-
setwindowswaitcursorstate	0x00474ce0	mutates-state	complete	75	253	-	0,1	1	1	yes	no	no	0	0	1	0	5	0x474a60,0x474a90,0x474af0,0x4d4550,0x5394a0	0	0	-	3	0	4	-	0x583270,0x583270,0x583274,0x583278,0x58327c,0x58327c,0x5a9e04	-	0	file-io@5,archive@5,memory@6,thread@4,window-input@1,time@3,other@3	0	yes	-
shortmove	0x005203a0	reads-state	complete	148	438	-	0,1,2,3,4,5	5	5	yes	no	no	0	0	3	0	6	0x4026a0,0x404ab0,0x420b80,0x485080,0x4d41c0,0x4d4550	0	0	-	2	2	0	-	0x5aa12c,0x5ae9c0	0x573ee8,0x573f7c	2	file-io@5,archive@4,memory@5,thread@4,window-input@2,time@2,other@2	1	yes	-
showcursor	0x00472c00	reads-state	complete	4	13	0	0	0	0	yes	no	no	0	0	0	0	1	0x4718d0	0	0	-	1	0	0	-	0x5a9e04	-	0	archive@5,thread@5,window-input@3,time@4,other@6	4	yes	-
showmaplocation	0x00454f50	reads-state	complete	33	100	0	0	0	0	yes	no	no	0	0	0	0	2	0x4a61e0,0x53a090	0	0	-	5	1	0	-	0x5575a8,0x584d54,0x5ae958,0x5ae9b4,0x5d22f0	0x5575ac	1	file-io@4,memory@5,thread@3,window-input@0,other@4	3	no	USER32.dll!GetCursorPos,USER32.dll!MessageBoxA
showplayerarmyloc2player	0x004a13c0	reads-state	complete	104	311	-	0,1,2	2	2	yes	no	no	0	0	2	0	3	0x4a0a90,0x4d4550,0x5394a0	0	0	-	1	0	0	-	0x5ae958	-	0	file-io@5,archive@5,memory@6,thread@4,window-input@3,time@3,other@3	3	yes	-
showplayerleaderloc2player	0x004a1280	reads-state	complete	104	311	-	0,1,2	2	2	yes	no	no	0	0	2	0	3	0x4a0a00,0x4d4550,0x5394a0	0	0	-	1	0	0	-	0x5ae958	-	0	file-io@5,archive@5,memory@6,thread@4,window-input@3,time@3,other@3	3	yes	-
showplayersight2player	0x004a1500	reads-state	complete	104	311	-	0,1,2	2	2	yes	no	no	0	0	2	0	3	0x4a0b20,0x4d4550,0x5394a0	0	0	-	1	0	0	-	0x5ae958	-	0	file-io@5,archive@5,memory@6,thread@4,window-input@3,time@3,other@3	3	yes	-
showregistrationpoints	0x0049efc0	mutates-state	complete	58	178	-	0,1	1	1	yes	no	no	0	0	1	0	2	0x4d4550,0x5394a0	0	0	-	1	0	1	-	0x583738,0x583738	-	0	file-io@5,archive@5,memory@6,thread@4,window-input@3,time@3,other@3	0	no	-
showskull	0x004880f0	reads-state	complete	92	286	-	0,1,2	2	2	yes	no	no	0	0	2	0	3	0x487ed0,0x4d4550,0x5394a0	0	0	-	1	0	0	-	0x5aa12c	-	0	file-io@5,archive@5,memory@6,thread@4,window-input@3,time@3,other@3	1	yes	-
showwindowscursor	0x004e59b0	reads-state	complete	2	10	0	0	0	0	yes	no	no	0	0	0	0	0	0x474ad0	1	0	-	1	0	0	-	0x5a9e04	-	0	window-input@1	-	yes	-
sin	0x004cc0c0	floating-point	complete	66	7935	-	0,1	1	1	yes	no	no	0	0	1	1	1	0x4d4550	0	0	-	0	1	0	-	-	0x54dd18	0	file-io@5,archive@5,memory@6,thread@4,window-input@3,time@3,other@3	3	no	-
singlerand	0x004b5950	unknown	complete	119	375	-	0,1,2	2	2	yes	no	no	0	0	2	1	5	0x4026a0,0x404ab0,0x4d4550,0x5394a0,0x53a110	0	0	-	0	0	0	-	-	-	0	file-io@4,archive@5,memory@4,thread@2,window-input@3,time@3,other@2	2	no	-
sleep	0x004e38f0	floating-point	complete	51	160	-	0,1	1	1	yes	no	no	0	0	1	0	2	0x4d4550,0x5394a0	0	0	-	0	0	0	-	-	-	0	file-io@5,archive@5,memory@6,thread@0,window-input@3,time@3,other@3	3	no	KERNEL32.dll!Sleep
slider	0x004ec460	file-or-resource-io	complete	240	648	-	1,2,3,4,5,6,7,8,9,10,11,12,13,14,15,16,17,18,19,20	-	2	yes	yes	yes	7	0	1	1	7	0x4026a0,0x404ab0,0x40adb0,0x492100,0x4d41c0,0x4d4550,0x4ecc30	0	0	-	1	1	0	-	0x5a7b50	0x573044	1	file-io@5,archive@1,memory@5,thread@4,window-input@2,time@2,other@2	2	yes	-
smartsound	0x00479580	reads-state	complete	63	192	-	0,1	1	1	yes	no	no	0	0	1	0	3	0x4794b0,0x4d4550,0x5394a0	0	0	-	1	0	0	-	0x585408	-	0	file-io@5,archive@3,memory@6,thread@4,window-input@3,time@3,other@3	3	yes	-
sort	0x004ccc30	mutates-state	complete	192	17559	-	0,1,2,3,4	4	4	yes	no	no	0	0	4	0	5	0x4026a0,0x404ab0,0x41da00,0x4d4550,0x53a320	0	0	-	3	0	3	-	0x5845ec,0x5845ec,0x5845f0,0x5845f0,0x5845f4,0x5845f4	-	0	file-io@5,archive@5,memory@6,thread@4,window-input@3,time@3,other@3	0	no	-
sourcetabwidth	0x004cce10	floating-point	complete	51	165	-	0,1	1	1	yes	no	no	0	0	1	0	2	0x4d4550,0x5394a0	0	0	-	0	0	0	-	-	-	0	file-io@5,archive@5,memory@6,thread@4,window-input@3,time@3,other@3	3	no	-
specialbuildingcallback	0x004d86c0	mutates-state	complete	29	100	-	0,1	1	1	yes	no	no	0	0	1	0	1	0x4d4550	0	0	-	0	0	2	-	0x5aa188,0x5aa18c	-	0	file-io@5,archive@5,memory@6,thread@4,window-input@3,time@3,other@3	0	no	-
specialorder	0x00408fb0	reads-state	complete	212	617	-	0,1,2,3,4,5	5	5	yes	no	no	0	0	5	0	5	0x4026a0,0x404ab0,0x4052d0,0x482ac0,0x4d4550	0	0	-	1	0	0	-	0x5aa12c	-	0	file-io@5,archive@5,memory@6,thread@4,window-input@3,time@3,other@3	2	yes	-
specialversion?	0x004d6ea0	reads-state	complete	21	78	0	0	0	0	yes	no	no	0	0	0	1	1	0x4d4550	0	0	-	1	0	0	-	0x584af0	-	0	file-io@5,archive@5,memory@6,thread@4,window-input@3,time@3,other@3	3	no	-
specifycurrentartifact	0x0042a280	mutates-state	complete	87	279	-	0,1,2	2	2	yes	no	no	1	0	1	0	5	0x41bf10,0x428840,0x4d41c0,0x4d4550,0x5394a0	0	0	-	0	1	4	-	0x555d6c,0x555d70,0x555d74,0x5788c4	0x555de4	1	file-io@5,archive@4,memory@5,thread@4,window-input@2,time@2,other@2	0	yes	-
specifyspelltarget	0x00502c50	reads-state	complete	156	490	-	0,1,2,3,4	4	4	yes	no	no	0	0	4	0	4	0x4026a0,0x404ab0,0x4d4550,0x502eb0	0	0	-	1	0	0	-	0x584ae8	-	0	file-io@5,archive@5,memory@6,thread@4,window-input@2,time@3,other@3	2	yes	-
spelleffectat	0x00484860	reads-state	complete	103	318	-	0,1,2	2	2	yes	no	no	0	0	2	1	5	0x4026a0,0x404ab0,0x4a51c0,0x4a8300,0x4d4550	0	0	-	1	0	0	-	0x5ae958	-	0	file-io@5,archive@5,memory@6,thread@4,window-input@3,time@3,other@3	3	yes	-
spellhit	0x004f2970	unknown	complete	179	520	-	0,1,2,3,4,5	5	5	yes	no	no	1	0	4	0	7	0x4026a0,0x404ab0,0x41bf10,0x41dbd0,0x41dc10,0x41efa0,0x4d4550	0	0	-	0	0	0	-	-	-	0	file-io@5,archive@3,memory@6,thread@4,graphics@3,window-input@3,time@3,other@3	1	no	-
spellrequest	0x004ef540	file-or-resource-io	complete	30	104	-	0,1	1	1	yes	no	no	0	0	1	0	2	0x4d4550,0x4ef4f0	0	0	-	2	0	0	-	0x584c1c,0x5ccff4	-	0	file-io@5,archive@1,memory@6,thread@4,window-input@3,time@3,other@3	3	yes	-
spitweb	0x00409e20	reads-state	complete	126	330	-	1,2	2	1	NO	no	no	2	0	0	5	5	0x409c50,0x41be40,0x47c9e0,0x4d4550,0x52b1f0	0	0	-	1	0	0	-	0x5aa12c	-	0	file-io@5,archive@5,memory@6,thread@4,window-input@3,time@3,other@3	3	yes	-
splitownership	0x00424a40	unknown	complete	101	312	-	0,1,2,3	3	3	yes	no	no	1	0	2	0	5	0x41be40,0x424990,0x4d41c0,0x4d4550,0x5394a0	0	0	-	0	1	0	-	-	0x555d38	1	file-io@5,archive@2,memory@5,thread@2,window-input@2,time@2,other@2	2	yes	-
sprite	0x0051bc30	stub	complete	1	1	0	0	0	0	yes	no	no	0	0	0	0	0	-	0	0	-	0	0	0	-	-	-	0	-	-	no	-
spritetype	0x0047bb50	reads-state	complete	82	246	-	0,1	1	1	yes	no	no	0	0	1	2	4	0x404ab0,0x4d4550,0x4f6000,0x5394a0	0	0	-	1	0	0	-	0x5ae974	-	0	file-io@5,archive@5,memory@6,thread@4,window-input@3,time@3,other@3	3	yes	-
sqrt	0x004cc0a0	floating-point	complete	66	7551	-	0,1	1	1	yes	no	no	0	0	1	1	1	0x4d4550	0	0	-	0	1	0	-	-	0x54dd18	0	file-io@5,archive@5,memory@6,thread@4,window-input@3,time@3,other@3	3	no	-
srand	0x004cbfd0	unknown	complete	63	186	-	0,1	1	1	yes	no	no	0	0	1	0	3	0x4d4550,0x5394a0,0x53a100	0	0	-	0	0	0	-	-	-	0	file-io@4,archive@5,memory@4,thread@2,window-input@3,time@3,other@2	2	no	-
startattackmode	0x0052d510	reads-state	complete	4	13	0	0	0	0	yes	no	no	0	0	0	0	1	0x503040	0	0	-	1	0	0	-	0x584ae8	-	0	archive@5,thread@6,window-input@2,time@3,other@6	5	no	-
startbartersession	0x00432960	reads-state	complete	26	65	-	1,2	2	1	NO	no	no	2	0	0	0	2	0x41be40,0x432360	0	0	-	1	0	0	-	0x584cd4	-	0	file-io@6,archive@4,memory@6,thread@5,window-input@3,time@2,other@3	1	yes	-
startcombat	0x004602d0	reads-state	complete	125	359	-	0,1,2	2	2	yes	no	no	1	0	1	0	6	0x41be40,0x45c5e0,0x4d41c0,0x4d4550,0x4f6000,0x5394a0	0	1	-	2	5	0	-	0x5aa12c,0x5ae974	0x557734,0x557750,0x557760,0x55776c,0x557780	5	file-io@5,archive@4,memory@5,thread@4,window-input@2,time@1,other@2	2	yes	-
startdragbox	0x004e5610	reads-state	complete	2	10	0	0	0	0	yes	no	no	0	0	0	0	0	0x472ac0	1	0	-	1	0	0	-	0x5a9e04	-	0	archive@6,window-input@3,time@4	6	yes	-
startgame	0x004c8f20	reads-state	complete	2	10	0	0	0	0	yes	no	no	0	0	0	0	0	0x484140	1	0	-	1	0	0	-	0x5aa12c	-	0	file-io@5,memory@5,thread@3,time@6,other@3	1	no	-
startmagicproc	0x004e3220	mutates-state	complete	29	100	-	0,1	1	1	yes	no	no	0	0	1	0	1	0x4d4550	0	0	-	0	0	2	-	0x5a7d74,0x5a7d78	-	0	file-io@5,archive@5,memory@6,thread@4,window-input@3,time@3,other@3	0	no	-
startmovingstealthily	0x004c2e50	reads-state	complete	66	198	-	0,1	1	1	yes	no	no	0	0	1	0	3	0x4c19b0,0x4d4550,0x5394a0	0	0	-	1	0	0	-	0x5aa12c	-	0	file-io@5,archive@5,memory@6,thread@4,window-input@3,time@3,other@3	2	yes	-
startnetgame	0x004b4840	reads-state	complete	5	15	0	0	0	0	yes	no	no	0	0	0	0	1	0x483d30	0	0	-	1	0	0	-	0x5aa12c	-	0	file-io@4,archive@2,memory@5,thread@4,window-input@6,time@4,other@4	2	yes	-
startordermode	0x00405a50	reads-state	complete	381	1220	-	0,1,2	2	1	NO	no	no	0	0	1	0	21	0x4d4550,0x503040,0x52e9e0,0x52ea30,0x52ea80,0x52eaf0,0x52eb40,0x52ed80,0x52ee90,0x52efa0,0x52f240,0x52f4e0,0x52fcf0,0x52fd60,0x52fdc0,0x52fe20,0x52fe80,0x52fee0,0x530390,0x530420,0x5394a0	0	0	-	3	0	0	-	0x584ae8,0x5a7d8c,0x5a7d90	-	0	file-io@5,archive@4,memory@6,thread@4,window-input@2,time@2,other@3	1	yes	-
startspellmode	0x004f0850	reads-state	complete	61	189	-	0,1	1	1	yes	no	no	0	0	1	0	5	0x4d41c0,0x4d4550,0x4efe80,0x4efeb0,0x5394a0	0	0	-	1	1	0	-	0x5aee6c	0x5731e8	1	file-io@5,archive@4,memory@5,thread@4,window-input@2,time@2,other@2	1	yes	-
stayputatloc	0x00465eb0	reads-state	complete	136	413	-	0,1,2,3	3	3	yes	no	no	0	0	3	0	7	0x4026a0,0x404ab0,0x404f30,0x413530,0x482ac0,0x4a51c0,0x4d4550	0	0	-	2	0	0	-	0x5aa12c,0x5ae958	-	0	file-io@5,archive@5,memory@6,thread@4,window-input@3,time@3,other@3	3	yes	-
stayputatrefloc	0x00466050	reads-state	complete	146	442	-	0,1,2,3	3	3	yes	no	no	0	0	3	0	8	0x4026a0,0x404ab0,0x404f30,0x413530,0x45a620,0x482ac0,0x4a51c0,0x4d4550	0	0	-	3	0	0	-	0x579458,0x5aa12c,0x5ae958	-	0	file-io@5,archive@5,memory@6,thread@4,window-input@3,time@3,other@3	3	yes	-
stealingfeedbackproc	0x005087a0	mutates-state	complete	29	100	-	0,1	1	1	yes	no	no	0	0	1	0	1	0x4d4550	0	0	-	0	0	2	-	0x5a7d24,0x5a7d28	-	0	file-io@5,archive@5,memory@6,thread@4,window-input@3,time@3,other@3	0	no	-
stealth	0x00467c40	reads-state	complete	104	311	-	0,1,2	2	2	yes	no	no	0	0	2	0	3	0x407cc0,0x4d4550,0x5394a0	0	0	-	1	0	0	-	0x5aa12c	-	0	file-io@5,archive@5,memory@6,thread@4,window-input@3,time@3,other@3	3	yes	-
stepthrublits	0x004d9b00	mutates-state	complete	57	174	-	0,1	1	1	yes	no	no	0	0	1	0	2	0x4d4550,0x5394a0	0	0	-	0	0	1	-	0x5d2094	-	0	file-io@5,archive@5,memory@6,thread@4,window-input@3,time@3,other@3	0	no	-
stopallsoundfx	0x0047a720	reads-state	complete	2	10	0	0	0	0	yes	no	no	0	0	0	0	0	0x478a20	1	0	-	1	0	0	-	0x585408	-	0	-	-	yes	-
stopambientloop	0x0047ac20	reads-state	complete	2	10	0	0	0	0	yes	no	no	0	0	0	0	0	0x47a7b0	1	0	-	1	0	0	-	0x585408	-	0	other@2	2	yes	-
stoparmy	0x0041e850	reads-state	complete	55	176	-	0,1	1	1	yes	no	no	0	0	1	0	4	0x41e7f0,0x4d41c0,0x4d4550,0x5394a0	0	0	-	1	1	0	-	0x5aa12c	0x555be8	1	file-io@5,archive@4,memory@5,thread@4,window-input@2,time@2,other@2	2	yes	-
stopdragbox	0x004e5620	reads-state	complete	2	10	0	0	0	0	yes	no	no	0	0	0	0	0	0x472b10	1	0	-	1	0	0	-	0x5a9e04	-	0	archive@6,window-input@3,time@4	6	yes	-
stopmovingstealthily	0x004c2f20	reads-state	complete	66	198	-	0,1	1	1	yes	no	no	0	0	1	0	3	0x4c19b0,0x4d4550,0x5394a0	0	0	-	1	0	0	-	0x5aa12c	-	0	file-io@5,archive@5,memory@6,thread@4,window-input@3,time@3,other@3	2	yes	-
stopmusic	0x004b3d90	reads-state	complete	2	10	0	0	0	0	yes	no	no	0	0	0	0	0	0x4b32c0	1	0	-	1	0	0	-	0x5863c8	-	0	file-io@6,memory@4,thread@1,other@5	4	yes	-
stopsoundfx	0x0047a4d0	mutates-state	complete	63	204	-	0,1	1	1	yes	no	no	0	0	1	0	3	0x478920,0x4d4550,0x5394a0	0	0	-	1	0	1	-	0x585408,0x5867a0	-	0	file-io@5,archive@5,memory@6,thread@4,window-input@3,time@3,other@3	0	yes	-
stopspeech	0x004b4440	reads-state	complete	2	10	0	0	0	0	yes	no	no	0	0	0	0	0	0x4b32c0	1	0	-	1	0	0	-	0x5864f4	-	0	file-io@6,memory@4,thread@1,other@5	4	yes	-
stoptooltip	0x00473980	reads-state	complete	2	10	0	0	0	0	yes	no	no	0	0	0	0	0	0x473930	1	0	-	1	0	0	-	0x5a9e04	-	0	-	-	yes	-
stopvideo	0x005316c0	rendering	complete	2	10	0	0	0	0	yes	no	no	0	0	0	0	0	0x531030	1	0	-	1	0	0	-	0x5867c0	-	0	file-io@5,archive@3,memory@2,thread@3,video@1,window-input@4,time@2,other@4	1	yes	-
strcat	0x004cc2a0	unknown	complete	126	386	-	0,1,2	2	2	yes	no	no	0	0	2	0	4	0x404ab0,0x4cee20,0x4d4550,0x53a220	0	0	-	0	0	0	-	-	-	0	file-io@5,archive@5,memory@6,thread@4,window-input@3,time@3,other@3	3	no	-
strcmp	0x004cc430	operand-only	complete	114	370	-	0,1,2	2	2	yes	no	no	0	0	2	1	1	0x4d4550	0	0	-	0	0	0	-	-	-	0	file-io@5,archive@5,memory@6,thread@4,window-input@3,time@3,other@3	3	no	-
strcpy	0x004cc140	unknown	complete	110	337	-	0,1,2	2	2	yes	no	no	0	0	2	0	4	0x404ab0,0x4cee20,0x4d4550,0x53a220	0	0	-	0	0	0	-	-	-	0	file-io@5,archive@5,memory@6,thread@4,window-input@3,time@3,other@3	3	no	-
strengthinregion	0x0051ea10	unknown	complete	119	357	-	0,1,2	2	2	yes	no	no	0	0	2	2	6	0x4026a0,0x404ab0,0x4d41c0,0x4d4550,0x51c9e0,0x51d8e0	0	0	-	0	1	0	-	-	0x573e7c	1	file-io@5,archive@4,memory@5,thread@4,window-input@2,time@2,other@2	2	yes	-
string	0x004ca7d0	file-or-resource-io	complete	84	29103	-	0,1	1	1	yes	no	no	0	0	1	1	2	0x4d3110,0x4d4550	0	0	-	0	0	0	-	-	-	0	file-io@5,archive@1,memory@6,thread@4,window-input@3,time@3,other@3	3	no	-
strongestarmy	0x00466750	reads-state	complete	61	198	-	0,1	1	1	yes	no	no	0	0	1	1	3	0x4070a0,0x4d4550,0x5394a0	0	0	-	1	0	0	-	0x5ae958	-	0	file-io@5,archive@5,memory@6,thread@4,window-input@3,time@3,other@3	3	yes	-
sub	0x004cab10	floating-point	complete	184	562	-	0,1,2	2	2	yes	no	no	0	3	2	0	3	0x41d1d0,0x4d4550,0x5394a0	0	0	-	0	2	0	-	-	0x54dd10,0x54dd18	0	file-io@5,archive@5,memory@6,thread@4,window-input@3,time@3,other@3	3	no	-
subdue	0x00467f00	reads-state	complete	120	348	-	0,1,2	2	2	yes	no	no	0	0	2	0	5	0x4026a0,0x404ab0,0x4051f0,0x482ac0,0x4d4550	0	0	-	3	0	0	-	0x5aa12c,0x5cd2f0,0x5cd2f4	-	0	file-io@5,archive@5,memory@6,thread@4,window-input@3,time@3,other@3	3	yes	-
sunlight	0x0051bc30	stub	complete	1	1	0	0	0	0	yes	no	no	0	0	0	0	0	-	0	0	-	0	0	0	-	-	-	0	-	-	no	-
suppressnetworkmessages	0x0048cf50	mutates-state	complete	57	174	-	0,1	1	1	yes	no	no	0	0	1	0	2	0x4d4550,0x5394a0	0	0	-	0	0	1	-	0x5835dc	-	0	file-io@5,archive@5,memory@6,thread@4,window-input@3,time@3,other@3	0	no	-
surrender	0x00467e40	reads-state	complete	63	192	-	0,1	1	1	yes	no	no	0	0	1	0	3	0x4078c0,0x4d4550,0x5394a0	0	0	-	1	0	0	-	0x5aa12c	-	0	file-io@5,archive@5,memory@6,thread@4,window-input@3,time@3,other@3	3	yes	-
swapcontainerspots	0x0046eb30	reads-state	complete	148	454	-	0,1,2,3	3	3	yes	no	no	0	0	3	0	7	0x4026a0,0x404ab0,0x46ea30,0x4927f0,0x4d41c0,0x4d4550,0x5394a0	0	0	-	1	2	0	-	0x5a7b50	0x557a30,0x557a44	2	file-io@5,archive@4,memory@5,thread@4,window-input@2,time@2,other@2	2	yes	-
switchcommanders	0x00423cb0	reads-state	complete	131	408	-	0,1,2,3	3	3	yes	no	no	0	0	3	0	5	0x4026a0,0x404ab0,0x47ffc0,0x4d4550,0x5394a0	0	0	-	1	0	0	-	0x5aa12c	-	0	file-io@5,archive@5,memory@6,thread@4,window-input@3,time@3,other@3	2	yes	-
switchunits	0x00423b10	reads-state	complete	131	408	-	0,1,2,3	3	3	yes	no	no	0	0	3	0	5	0x4026a0,0x404ab0,0x47ff70,0x4d4550,0x5394a0	0	0	-	1	0	0	-	0x5aa12c	-	0	file-io@5,archive@5,memory@6,thread@4,window-input@3,time@3,other@3	2	yes	-
systemdict	0x004c9c10	operand-only	complete	23	82	0	0	0	0	yes	no	no	0	0	0	1	1	0x4d4550	0	0	-	0	0	0	-	-	-	0	file-io@5,archive@5,memory@6,thread@4,window-input@3,time@3,other@3	3	no	-
systemmode	0x004da3c0	reads-state	complete	4	13	0	0	0	0	yes	no	no	0	0	0	0	1	0x5000f0	0	0	-	1	0	0	-	0x584ae8	-	0	archive@3,memory@5,thread@2,window-input@4,time@2,other@5	1	yes	-
tan	0x004cc0d0	floating-point	complete	67	8129	-	0,1	1	1	yes	no	no	0	0	1	1	1	0x4d4550	0	0	-	0	1	0	-	-	0x54dd18	0	file-io@5,archive@5,memory@6,thread@4,window-input@3,time@3,other@3	3	no	-
tcopydoodad	0x004dcb20	reads-state	complete	251	682	-	0,1,2,3,4,5	5	5	yes	no	no	0	0	5	0	8	0x4026a0,0x404ab0,0x491ec0,0x492760,0x495a40,0x496340,0x4d41c0,0x4d4550	0	0	-	1	3	0	-	0x5a7b50	0x57281c,0x57282c,0x572840	3	file-io@5,archive@4,memory@5,thread@4,window-input@2,time@2,other@2	1	yes	-
teleportarmy	0x00423710	unknown	complete	61	185	-	0,1,2	2	2	yes	no	no	1	0	1	0	4	0x41be40,0x4237d0,0x4d4550,0x5394a0	0	0	-	0	0	0	-	-	-	0	file-io@5,archive@5,memory@6,thread@2,window-input@3,time@3,other@3	2	no	-
teleportunits	0x00424810	unknown	complete	118	375	-	0,1,2,3	3	3	yes	no	no	1	0	2	1	6	0x4026a0,0x404ab0,0x41be40,0x424750,0x4d4550,0x5394a0	0	0	-	0	0	0	-	-	-	0	file-io@5,archive@2,memory@6,thread@3,window-input@3,time@3,other@3	3	no	-
templecanbuildthistype	0x00510560	reads-state	complete	195	539	-	0,1,2	2	2	yes	no	no	1	0	1	3	9	0x4026a0,0x404ab0,0x40adb0,0x452a50,0x482ac0,0x4d41c0,0x4d4550,0x4fbe60,0x50f7b0	0	2	-	2	1	0	-	0x5aa12c,0x5ae974	0x5567d8	1	file-io@5,archive@4,memory@5,thread@4,window-input@2,time@2,other@2	2	yes	-
templegetcity	0x00510780	reads-state	complete	134	366	-	0,1	1	1	yes	no	no	0	0	1	2	7	0x4026a0,0x404ab0,0x452a50,0x482ac0,0x4d41c0,0x4d4550,0x50f7b0	0	2	-	2	1	0	-	0x5aa12c,0x5ae974	0x5567d8	1	file-io@5,archive@4,memory@5,thread@4,window-input@2,time@2,other@2	2	yes	-
terrainspriteat	0x00484720	reads-state	complete	103	318	-	0,1,2	2	2	yes	no	no	0	0	2	1	5	0x4026a0,0x404ab0,0x4a51c0,0x4a8300,0x4d4550	0	0	-	1	0	0	-	0x5ae958	-	0	file-io@5,archive@5,memory@6,thread@4,window-input@3,time@3,other@3	3	yes	-
terrainspritebartervalue	0x0050ff80	reads-state	complete	86	254	-	0,1,2	2	2	yes	no	no	0	0	1	2	6	0x4026a0,0x404ab0,0x482ac0,0x4d41c0,0x4d4550,0x50fe80	0	0	-	1	1	0	-	0x5aa12c	0x573af4	1	file-io@5,archive@4,memory@5,thread@4,window-input@2,time@2,other@2	1	yes	-
test	0x0051bc30	stub	complete	1	1	0	0	0	0	yes	no	no	0	0	0	0	0	-	0	0	-	0	0	0	-	-	-	0	-	-	no	-
testalpha	0x0043b280	reads-state	complete	222	637	-	1,2,3,4,5,6	6	1	NO	no	no	6	2	0	0	9	0x4026a0,0x40adb0,0x41d1d0,0x43abd0,0x4754c0,0x4755a0,0x492760,0x4d41c0,0x4d4550	0	1	0x58516c+0x1c	4	2	0	-	0x584ae8,0x58516c,0x585170,0x5a7b50	0x556150,0x55615c	2	file-io@5,archive@4,memory@4,thread@4,window-input@2,time@0,other@2	1	yes	KERNEL32.dll!GetTickCount
testarmyimp	0x004d8e20	unknown	complete	129	398	-	0,1,2,3	3	3	yes	no	no	1	0	2	0	10	0x4026a0,0x404ab0,0x411b50,0x41be40,0x47d680,0x49dcc0,0x4b02c0,0x4b0310,0x4d4550,0x4f5b70	0	1	-	0	0	0	-	-	-	0	file-io@5,archive@5,memory@6,thread@4,window-input@3,time@3,other@3	3	no	-
testautocalc	0x00430410	reads-state	complete	27	66	-	1,2	2	1	NO	no	no	2	0	0	0	2	0x41be40,0x42f120	0	0	-	1	0	0	-	0x5adc50	-	0	file-io@6,archive@5,memory@6,thread@5,window-input@3,time@3,other@3	3	yes	-
testvisit	0x00533540	mutates-state	complete	235	757	1	1	1	1	yes	no	no	1	0	0	0	9	0x41be40,0x4c6660,0x531b20,0x531c70,0x531fb0,0x5394d0,0x539580,0x539610,0x53a090	0	3	-	19	1	0	0x5d3834	0x556168,0x55e438,0x57442c,0x574440,0x574458,0x574470,0x574474,0x574478,0x5ae958,0x5ae9c4,0x5ae9c8,0x5aef04,0x5aef04,0x5aef10,0x5af0bc,0x5d3830,0x5d3830,0x5d3834,0x5d3838	0x57447c	1	file-io@4,archive@1,memory@3,thread@1,window-input@3,time@0,other@3	0	yes	KERNEL32.dll!GetTickCount
thiefnotificationeproc	0x004e2d50	mutates-state	complete	29	100	-	0,1	1	1	yes	no	no	0	0	1	0	1	0x4d4550	0	0	-	0	0	2	-	0x5a7ce4,0x5a7ce8	-	0	file-io@5,archive@5,memory@6,thread@4,window-input@3,time@3,other@3	0	no	-
thiefproc	0x004e2c70	mutates-state	complete	29	100	-	0,1	1	1	yes	no	no	0	0	1	0	1	0x4d4550	0	0	-	0	0	2	-	0x5a7cd4,0x5a7cd8	-	0	file-io@5,archive@5,memory@6,thread@4,window-input@3,time@3,other@3	0	no	-
thiefresolveproc	0x004e2ce0	mutates-state	complete	29	100	-	0,1	1	1	yes	no	no	0	0	1	0	1	0x4d4550	0	0	-	0	0	2	-	0x5a7cdc,0x5a7ce0	-	0	file-io@5,archive@5,memory@6,thread@4,window-input@3,time@3,other@3	0	no	-
this_is_demo	0x004b4380	mutates-state	complete	2	11	0	0	0	0	yes	no	no	0	0	0	0	0	-	0	0	-	0	0	1	-	0x5863b8	-	0	-	0	no	-
thiscomputer	0x004b8ab0	reads-state	complete	26	94	0	0	0	0	yes	no	no	0	0	0	1	2	0x4b7dd0,0x4d4550	0	0	-	1	0	0	-	0x5d1e84	-	0	file-io@5,archive@5,memory@6,thread@4,window-input@3,time@3,other@3	3	no	-
tick	0x004e0800	reads-state	complete	64	185	-	0,1	1	1	yes	no	no	0	0	1	0	3	0x482230,0x4d4550,0x5394a0	0	0	-	1	0	0	-	0x5aa12c	-	0	file-io@5,archive@2,memory@5,thread@3,graphics@5,window-input@2,time@2,other@2	1	yes	-
tickalarm	0x0040b850	reads-state	complete	193	662	-	1,2,3,4,5,6,7,8,9,10,11,12,13,14,15,16	-	2	yes	yes	yes	4	0	1	1	7	0x4026a0,0x40adb0,0x40b0b0,0x40b0d0,0x40b460,0x4d41c0,0x4d4550	0	0	-	1	2	0	-	0x5aee78	0x555738,0x555744	2	file-io@5,archive@2,memory@5,thread@4,window-input@2,time@2,other@2	1	yes	-
toggle_gman_hotkey	0x00478300	mutates-state	complete	5	19	0	0	0	0	yes	no	no	0	0	0	0	0	-	0	0	-	1	0	1	-	0x586798,0x586798	-	0	-	0	no	-
togglehelpcheck	0x00487090	reads-state	complete	63	192	-	0,1	1	1	yes	no	no	0	0	1	0	3	0x486d30,0x4d4550,0x5394a0	0	0	-	1	0	0	-	0x5aa1f0	-	0	file-io@5,archive@5,memory@6,thread@4,window-input@3,time@3,other@3	3	yes	-
togglescrollmusic	0x004b41e0	reads-state	complete	5	17	0	0	0	0	yes	no	no	0	0	0	0	1	0x4b40b0	0	0	-	2	0	0	-	0x585408,0x5a7d8c	-	0	file-io@6,memory@6,thread@3,other@6	1	no	-
tooltip	0x00474000	reads-state	complete	136	435	-	0,1,2,3	3	3	yes	no	no	0	0	3	0	5	0x4026a0,0x404ab0,0x473790,0x4d4550,0x5394a0	0	0	-	1	0	0	-	0x5a9e04	-	0	file-io@5,archive@3,memory@6,thread@4,window-input@3,time@1,other@3	1	yes	-
tooltip_quick	0x00473c80	reads-state	complete	138	446	-	0,1,2,3	3	3	yes	no	no	0	0	3	0	6	0x4026a0,0x404ab0,0x473790,0x473930,0x4d4550,0x5394a0	0	0	-	1	0	0	-	0x5a9e04	-	0	file-io@5,archive@3,memory@6,thread@4,window-input@3,time@1,other@3	1	yes	-
tooltiptransoff	0x004747c0	mutates-state	complete	2	11	0	0	0	0	yes	no	no	0	0	0	0	0	-	0	0	-	0	0	1	-	0x5a9ed0	-	0	-	0	no	-
tooltiptranson	0x004747b0	mutates-state	complete	2	11	0	0	0	0	yes	no	no	0	0	0	0	0	-	0	0	-	0	0	1	-	0x5a9ed0	-	0	-	0	no	-
topdialog	0x0048fd70	reads-state	complete	22	82	0	0	0	0	yes	no	no	0	0	0	1	2	0x4d4550,0x4ffdd0	0	0	-	1	0	0	-	0x584ae8	-	0	file-io@5,archive@5,memory@6,thread@4,window-input@3,time@3,other@3	3	yes	-
toptriangle	0x00511e30	mutates-state	complete	309	1026	-	1,2,3,4,5,6,7,8,9,10,11	11	3	NO	no	no	7	0	1	1	13	0x4026a0,0x404ab0,0x40adb0,0x43da90,0x4753d0,0x4754c0,0x4755a0,0x492760,0x495260,0x495590,0x495db0,0x4d41c0,0x4d4550	0	2	-	4	0	1	-	0x573b54,0x583648,0x583648,0x584ae8,0x5a7b50	-	0	file-io@5,archive@1,memory@4,thread@4,window-input@2,time@2,other@2	0	yes	-
tortureprisonerproc	0x004e2b90	mutates-state	complete	29	100	-	0,1	1	1	yes	no	no	0	0	1	0	1	0x4d4550	0	0	-	0	0	2	-	0x5a7cc4,0x5a7cc8	-	0	file-io@5,archive@5,memory@6,thread@4,window-input@3,time@3,other@3	0	no	-
tortureprisoners	0x004c3700	unknown	complete	31	86	1	1	1	1	yes	no	no	1	0	0	0	3	0x41be40,0x4c1c50,0x4c2330	0	0	-	0	0	0	-	-	-	0	file-io@6,archive@5,memory@6,thread@5,window-input@3,time@3,other@3	3	no	-
totalcitymods	0x004538e0	unknown	complete	112	361	1	1	1	1	yes	no	no	0	0	0	5	3	0x451a70,0x453190,0x4d4550	0	0	-	0	0	0	-	-	-	0	file-io@5,archive@5,memory@6,thread@4,window-input@3,time@3,other@3	3	no	-
trace	0x004ccec0	reads-state	complete	20	37604	0	0	0	0	yes	no	no	0	0	0	0	3	0x5394d0,0x539580,0x539610	0	0	-	2	0	0	-	0x55c020,0x55e7d0	-	0	file-io@4,memory@3,thread@2,other@4	2	no	-
train_hire_multiple_getresourcesinfo	0x00442880	reads-state	complete	339	931	-	1,2,3,4	4	2	NO	no	no	4	0	0	6	7	0x4026a0,0x404ab0,0x40adb0,0x4409e0,0x4414a0,0x482ac0,0x4bfdf0	0	1	-	1	0	0	-	0x5aa12c	-	0	file-io@6,archive@5,memory@6,thread@5,window-input@3,time@3,other@3	2	yes	-
trainunit	0x00443610	reads-state	complete	115	356	-	0,1,2	2	2	yes	no	no	0	0	2	0	7	0x4026a0,0x404ab0,0x4435c0,0x482ac0,0x4d41c0,0x4d4550,0x5394a0	0	0	-	1	1	0	-	0x5aa12c	0x55676c	1	file-io@5,archive@4,memory@5,thread@4,window-input@2,time@2,other@2	2	yes	-
trainunitat	0x00443780	reads-state	complete	134	403	-	0,1,2,3	3	3	yes	no	no	0	0	3	0	6	0x4026a0,0x404ab0,0x4435c0,0x482ac0,0x4d41c0,0x4d4550	0	0	-	1	1	0	-	0x5aa12c	0x55676c	1	file-io@5,archive@4,memory@5,thread@4,window-input@2,time@2,other@2	2	yes	-
transferartifact	0x0042b290	reads-state	complete	192	577	-	0,1,2,3,4,5	5	4	NO	no	no	2	0	3	0	8	0x4026a0,0x404ab0,0x41be40,0x428840,0x429090,0x4d41c0,0x4d4550,0x5394a0	0	0	-	1	2	0	-	0x5aa12c	0x555da0,0x555df8	2	file-io@5,archive@4,memory@5,thread@4,window-input@2,time@2,other@2	2	yes	-
transferartifactandwield	0x0042b4e0	reads-state	complete	192	578	-	0,1,2,3,4,5	5	4	NO	no	no	2	0	3	0	8	0x4026a0,0x404ab0,0x41be40,0x428840,0x429090,0x4d41c0,0x4d4550,0x5394a0	0	0	-	1	2	0	-	0x5aa12c	0x555da0,0x555df8	2	file-io@5,archive@4,memory@5,thread@4,window-input@2,time@2,other@2	2	yes	-
transformtouniqueunit	0x00427650	reads-state	complete	69	201	-	0,1,2	2	2	yes	no	no	1	0	1	0	4	0x41be40,0x4275c0,0x4d4550,0x5394a0	0	0	-	1	0	0	-	0x5aa12c	-	0	file-io@5,archive@5,memory@6,thread@4,window-input@3,time@3,other@3	2	yes	-
translucent	0x0048ff40	reads-state	complete	60	186	-	0,1	1	1	yes	no	no	0	0	1	0	4	0x4d41c0,0x4d4550,0x5005f0,0x5394a0	0	0	-	1	1	0	-	0x584ae8	0x55c39c	1	file-io@5,archive@4,memory@5,thread@4,window-input@2,time@2,other@2	2	yes	-
transparent	0x0048fe80	reads-state	complete	60	186	-	0,1	1	1	yes	no	no	0	0	1	0	4	0x4d41c0,0x4d4550,0x5005f0,0x5394a0	0	0	-	1	1	0	-	0x584ae8	0x55c39c	1	file-io@5,archive@4,memory@5,thread@4,window-input@2,time@2,other@2	2	yes	-
true	0x004cb4e0	operand-only	complete	21	75	0	0	0	0	yes	no	no	0	0	0	1	1	0x4d4550	0	0	-	0	0	0	-	-	-	0	file-io@5,archive@5,memory@6,thread@4,window-input@3,time@3,other@3	3	no	-
turnalarm	0x0040c2b0	reads-state	complete	207	711	-	1,2,3,4,5,6,7,8,9,10,11,12,13,14,15,16	-	2	yes	yes	yes	5	0	1	1	7	0x4026a0,0x40adb0,0x40bb10,0x40bb30,0x40bec0,0x4d41c0,0x4d4550	0	0	-	1	2	0	-	0x5aee8c	0x555738,0x555744	2	file-io@5,archive@2,memory@5,thread@4,window-input@2,time@2,other@2	1	yes	-
turnchangeproc	0x004e3580	mutates-state	complete	29	100	-	0,1	1	1	yes	no	no	0	0	1	0	1	0x4d4550	0	0	-	0	0	2	-	0x5a7d44,0x5a7d48	-	0	file-io@5,archive@5,memory@6,thread@4,window-input@3,time@3,other@3	0	no	-
turnstoheal	0x0052a570	unknown	complete	127	413	1	1	1	1	yes	no	no	1	0	0	1	4	0x41bf10,0x4d4550,0x522000,0x527e90	0	0	-	0	0	0	-	-	-	0	file-io@5,archive@5,memory@6,thread@4,window-input@3,time@3,other@3	3	no	-
type	0x004cbee0	file-or-resource-io	complete	164	10768	-	0,1	1	1	yes	no	no	0	0	1	1	4	0x4ce660,0x4d4550,0x53385e,0x533864	0	0	-	0	1	0	-	-	0x555130	1	file-io@5,archive@0,memory@6,thread@4,window-input@3,time@3,other@3	3	yes	STORM.dll!#401,STORM.dll!#403
ui2gp	0x004e8910	unknown	complete	98	298	1	1	1	1	yes	no	no	1	0	0	4	3	0x41bf10,0x4d4550,0x4e7400	0	0	-	0	0	0	-	-	-	0	file-io@5,archive@5,memory@6,thread@4,window-input@3,time@3,other@3	2	no	-
uncheckallhelppanels	0x00486fc0	reads-state	complete	21	10	0	0	0	0	yes	no	no	0	0	0	0	0	-	0	0	-	1	0	0	-	0x5aa1f0	-	0	-	-	no	-
undef	0x004ca340	operand-only	complete	155	29274	-	0,1	1	1	yes	no	no	0	0	1	0	1	0x4d4550	0	0	-	0	0	0	-	-	-	0	file-io@5,archive@5,memory@6,thread@4,window-input@3,time@3,other@3	3	no	-
unitbits2unitnum	0x00425e00	reads-state	complete	170	455	-	0,1,2	2	2	yes	no	no	0	0	2	3	4	0x4026a0,0x404ab0,0x482ac0,0x4d4550	0	0	-	1	0	0	-	0x5aa12c	-	0	file-io@5,archive@5,memory@6,thread@4,window-input@3,time@3,other@3	3	yes	-
unitcodegettype	0x004447c0	reads-state	complete	163	455	-	0,1,2	2	2	yes	no	no	0	0	2	2	4	0x4026a0,0x404ab0,0x4d41c0,0x4d4550	0	0	-	2	2	0	-	0x5cd2f0,0x5cd2f4	0x5567b0,0x5567c4	2	file-io@5,archive@4,memory@5,thread@4,window-input@2,time@2,other@2	2	yes	-
unitdex	0x005076f0	unknown	complete	42	141	1	1	1	1	yes	no	no	1	0	0	1	3	0x41bf10,0x4d4550,0x527e90	0	0	-	0	0	0	-	-	-	0	file-io@5,archive@5,memory@6,thread@4,window-input@3,time@3,other@3	3	no	-
unitexpense	0x004d7b40	unknown	complete	107	333	-	1,6	6	2	NO	no	no	1	0	0	3	5	0x41bf10,0x4c1cf0,0x4d4550,0x522350,0x525f10	0	0	-	0	0	0	-	-	-	0	file-io@5,archive@4,memory@6,thread@4,window-input@3,time@2,other@3	1	no	-
unithirecost	0x00441d80	unknown	complete	154	476	-	0,1,2	2	2	yes	no	no	1	0	1	5	5	0x4026a0,0x404ab0,0x4409e0,0x441350,0x4d4550	0	0	-	0	0	0	-	-	-	0	file-io@5,archive@5,memory@6,thread@4,window-input@3,time@3,other@3	2	no	-
unithiremaintenance	0x00442140	unknown	complete	153	474	-	0,1,2	2	2	yes	no	no	1	0	1	5	5	0x4026a0,0x404ab0,0x4409e0,0x441570,0x4d4550	0	0	-	0	0	0	-	-	-	0	file-io@5,archive@3,memory@6,thread@4,window-input@3,time@3,other@3	1	no	-
uniticonimp	0x0049b880	file-or-resource-io	complete	84	271	-	0,1	1	1	yes	no	no	0	0	1	1	5	0x4923e0,0x492850,0x49ab90,0x49dd20,0x4d4550	0	0	-	2	0	0	-	0x574068,0x5a7b50	-	0	file-io@5,archive@1,memory@6,thread@4,window-input@3,time@3,other@3	2	yes	-
unitimp	0x0049b770	file-or-resource-io	complete	84	271	-	0,1	1	1	yes	no	no	0	0	1	1	5	0x4923e0,0x492850,0x49ab90,0x49dd20,0x4d4550	0	0	-	2	0	0	-	0x574008,0x5a7b50	-	0	file-io@5,archive@1,memory@6,thread@4,window-input@3,time@3,other@3	2	yes	-
unitindex2realarmy	0x004e9b10	reads-state	complete	144	401	-	0,1,2	2	2	yes	no	no	0	0	2	2	4	0x4026a0,0x404ab0,0x4d4550,0x4f6000	0	0	-	3	0	0	-	0x5ae974,0x5ae98c,0x5ae998	-	0	file-io@5,archive@5,memory@6,thread@4,window-input@3,time@3,other@3	3	yes	-
unitsnapshot	0x004220f0	reads-state	complete	247	697	-	0,1,2,3,4,5	5	5	yes	no	no	0	0	5	0	6	0x4026a0,0x404ab0,0x4219e0,0x492760,0x4d41c0,0x4d4550	0	0	-	5	0	0	-	0x555cf8,0x555d14,0x5a7b50,0x5cd2f0,0x5cd2f4	-	0	file-io@5,archive@2,memory@5,thread@4,window-input@2,time@2,other@2	2	yes	-
unittraincost	0x00441ba0	unknown	complete	154	475	-	0,1,2	2	2	yes	no	no	1	0	1	5	5	0x4026a0,0x404ab0,0x4409e0,0x441350,0x4d4550	0	0	-	0	0	0	-	-	-	0	file-io@5,archive@5,memory@6,thread@4,window-input@3,time@3,other@3	2	no	-
unittrainmaintenance	0x00441f60	unknown	complete	153	473	-	0,1,2	2	2	yes	no	no	1	0	1	5	5	0x4026a0,0x404ab0,0x4409e0,0x441570,0x4d4550	0	0	-	0	0	0	-	-	-	0	file-io@5,archive@3,memory@6,thread@4,window-input@3,time@3,other@3	1	no	-
unittype	0x00524b60	mutates-state	complete	46	192	0	0	0	0	yes	no	no	0	0	0	1	4	0x4d41c0,0x4d4550,0x522a60,0x5241e0	0	0	-	2	1	1	-	0x5cd2ec,0x5d3348,0x5d3348	0x57417c	1	file-io@5,archive@4,memory@5,thread@4,window-input@2,time@2,other@2	0	yes	-
unknowndarken	0x004ab3b0	mutates-state	complete	59	183	-	0,1	1	1	yes	no	no	0	0	1	0	3	0x4d41c0,0x4d4550,0x5394a0	0	0	-	0	1	1	-	0x5ae9a0	0x55cbe0	1	file-io@5,archive@4,memory@5,thread@4,window-input@2,time@2,other@2	0	yes	-
unloadboat	0x00521130	reads-state	complete	159	489	-	0,1,2,3,4	4	4	yes	no	no	1	0	1	0	11	0x41be40,0x4207b0,0x420b80,0x4a4c70,0x4c6fc0,0x4d41c0,0x4d4550,0x521e30,0x521e50,0x5394a0,0x53a090	0	0	-	3	2	0	-	0x573c38,0x573fc8,0x5ae9c0	0x573c58,0x573ee8	2	file-io@4,archive@4,memory@5,thread@3,window-input@2,time@2,other@0	1	yes	KERNEL32.dll!OutputDebugStringA
unpauseallarmies	0x00530520	reads-state	complete	12	20	0	0	0	0	yes	no	no	0	0	0	0	1	0x5304c0	0	0	-	4	0	0	-	0x5a7d8c,0x5a7d90,0x5a7d90,0x5aa12c	-	0	time@6	2	no	-
unpolymorph	0x00527b70	reads-state	complete	45	150	1	1	1	1	yes	no	no	1	0	0	1	4	0x41bf10,0x4d4550,0x527860,0x5278d0	0	0	-	1	0	0	-	0x5aa12c	-	0	file-io@5,archive@5,memory@6,thread@4,window-input@3,time@3,other@3	2	yes	-
unprotectdictstack	0x004ca170	operand-only	complete	5	29767	0	0	0	0	yes	no	no	0	0	0	0	0	-	0	0	-	0	0	0	-	-	-	0	-	-	no	-
unseendarken	0x004ab470	mutates-state	complete	59	183	-	0,1	1	1	yes	no	no	0	0	1	0	3	0x4d41c0,0x4d4550,0x5394a0	0	0	-	0	1	1	-	0x5ae9a4	0x55cbe0	1	file-io@5,archive@4,memory@5,thread@4,window-input@2,time@2,other@2	0	yes	-
unsettranslucency	0x004982c0	reads-state	complete	60	186	-	0,1	1	1	yes	no	no	0	0	1	0	4	0x491ec0,0x4d41c0,0x4d4550,0x5394a0	0	0	-	1	1	0	-	0x5a7b50	0x55c700	1	file-io@5,archive@4,memory@5,thread@4,window-input@2,time@2,other@2	2	yes	-
unwieldartifact	0x0042b8c0	reads-state	complete	133	394	-	0,1,2,3	3	3	yes	no	no	1	0	2	0	6	0x41be40,0x428840,0x4297b0,0x4d41c0,0x4d4550,0x5394a0	0	0	-	1	2	0	-	0x5aa12c	0x555da0,0x555df8	2	file-io@5,archive@4,memory@5,thread@4,window-input@2,time@2,other@2	2	yes	-
updatebargraphs	0x004310b0	mutates-state	complete	57	174	-	0,1	1	1	yes	no	no	0	0	1	0	2	0x4d4550,0x5394a0	0	0	-	0	0	1	-	0x555f34	-	0	file-io@5,archive@5,memory@6,thread@4,window-input@3,time@3,other@3	0	no	-
updateinteleffects	0x004a0d80	reads-state	complete	197	607	-	0,1,2,3,4	4	4	yes	no	no	0	0	4	0	8	0x4026a0,0x404ab0,0x4a0a00,0x4a0a90,0x4a0b20,0x4a0b70,0x4a0ca0,0x4d4550	0	0	-	2	0	0	-	0x5aa12c,0x5ae958	-	0	file-io@5,archive@5,memory@6,thread@4,window-input@3,time@3,other@3	3	yes	-
updatescriptwindow	0x004e3de0	reads-state	complete	2	10	0	0	0	0	yes	no	no	0	0	0	0	0	0x4c97d0	1	0	-	1	0	0	-	0x584d60	-	0	window-input@1	-	no	-
updatespellsusedincombat	0x004a1c70	reads-state	complete	40	10	0	0	0	0	yes	no	no	0	0	0	0	1	0x4a1a30	0	0	-	1	0	0	-	0x5aa12c	-	0	time@6	2	no	-
upgradebuilding	0x004400e0	reads-state	complete	126	347	-	0,1,2	2	2	yes	no	no	0	0	2	0	6	0x4026a0,0x404ab0,0x44f1c0,0x482ac0,0x4d41c0,0x4d4550	0	2	-	1	1	0	-	0x5aa12c	0x5566b8	1	file-io@5,archive@4,memory@5,thread@4,window-input@2,time@2,other@2	2	yes	-
upgradebuildingcost	0x00443020	reads-state	complete	212	603	-	0,1	1	1	yes	no	no	0	0	1	6	7	0x4026a0,0x404ab0,0x43e820,0x44ede0,0x482ac0,0x4d41c0,0x4d4550	0	2	-	1	1	0	-	0x5aa12c	0x556710	1	file-io@5,archive@4,memory@5,thread@4,window-input@2,time@2,other@2	2	yes	-
upkeepbuildingcost	0x00444b40	reads-state	complete	183	562	-	0,1	1	1	yes	no	no	0	0	1	5	5	0x4026a0,0x404ab0,0x482ac0,0x4d41c0,0x4d4550	0	2	-	1	1	0	-	0x5aa12c	0x556710	1	file-io@5,archive@4,memory@5,thread@4,window-input@2,time@2,other@2	2	yes	-
validcurrentartifact?	0x0042a3a0	reads-state	complete	59	173	0	0	0	0	yes	no	no	0	0	0	2	3	0x428840,0x485080,0x4d4550	0	0	-	4	0	0	-	0x555d6c,0x555d70,0x555d74,0x5aa12c	-	0	file-io@5,archive@5,memory@6,thread@4,window-input@3,time@3,other@3	3	yes	-
video_shutdown_callback	0x004d7f50	mutates-state	complete	29	100	-	0,1	1	1	yes	no	no	0	0	1	0	1	0x4d4550	0	0	-	0	0	2	-	0x5869e8,0x5869ec	-	0	file-io@5,archive@5,memory@6,thread@4,window-input@3,time@3,other@3	0	no	-
virtualunitselectspeak	0x0044df90	mutates-state	complete	72	269	-	0,1	1	1	yes	no	no	0	0	1	0	6	0x41ecf0,0x478920,0x478c00,0x4d4550,0x521e00,0x5394a0	0	0	-	3	0	5	-	0x585408,0x586778,0x5867a0,0x5867a4,0x5867a8,0x5867b0,0x5867b4,0x5869f4	-	0	file-io@5,archive@2,memory@5,thread@3,window-input@3,time@3,other@2	0	yes	-
waseventaccepted?	0x005214b0	reads-state	complete	23	81	0	0	0	0	yes	no	no	0	0	0	1	1	0x4d4550	0	0	-	1	0	0	-	0x5d2efc	-	0	file-io@5,archive@5,memory@6,thread@4,window-input@3,time@3,other@3	3	no	-
waseventdeclined?	0x00521510	reads-state	complete	23	81	0	0	0	0	yes	no	no	0	0	0	1	1	0x4d4550	0	0	-	1	0	0	-	0x5d2f00	-	0	file-io@5,archive@5,memory@6,thread@4,window-input@3,time@3,other@3	3	no	-
waterstrengthinregion	0x0051ed00	unknown	complete	126	379	-	0,1,2	2	2	yes	no	no	0	0	2	2	6	0x4026a0,0x404ab0,0x4d41c0,0x4d4550,0x51ca10,0x51d8e0	0	0	-	0	1	0	-	-	0x573e7c	1	file-io@5,archive@4,memory@5,thread@4,window-input@2,time@2,other@2	2	yes	-
waypointsattack	0x00463930	reads-state	complete	236	687	-	0,1,2,3,4,5,6,7,8,9,10,11,12,13,14,15	-	5	yes	yes	yes	0	0	5	0	5	0x4026a0,0x404ab0,0x4077b0,0x45a620,0x4d4550	0	0	-	2	0	0	-	0x579458,0x5aa12c	-	0	file-io@5,archive@5,memory@6,thread@4,window-input@3,time@3,other@3	2	yes	-
whathappenedtoattackerunit	0x00461630	reads-state	complete	117	394	-	0,1	1	1	yes	no	no	0	0	1	3	4	0x4026a0,0x404ab0,0x4d41c0,0x4d4550	0	0	-	3	1	0	-	0x5ccd70,0x5ccd74,0x5ccd78	0x555968	1	file-io@5,archive@4,memory@5,thread@4,window-input@2,time@2,other@2	2	yes	-
whathappenedtodefenderunit	0x004617c0	reads-state	complete	117	394	-	0,1	1	1	yes	no	no	0	0	1	3	4	0x4026a0,0x404ab0,0x4d41c0,0x4d4550	0	0	-	3	1	0	-	0x5cce24,0x5cce28,0x5cce2c	0x555968	1	file-io@5,archive@4,memory@5,thread@4,window-input@2,time@2,other@2	2	yes	-
wieldartifact	0x0042b730	reads-state	complete	133	395	-	0,1,2,3	3	3	yes	no	no	1	0	2	0	6	0x41be40,0x428840,0x4297b0,0x4d41c0,0x4d4550,0x5394a0	0	0	-	1	2	0	-	0x5aa12c	0x555da0,0x555df8	2	file-io@5,archive@4,memory@5,thread@4,window-input@2,time@2,other@2	2	yes	-
wieldartifactifroom	0x0042ab20	unknown	complete	145	438	-	0,1,2,3	3	3	yes	no	no	1	0	2	0	7	0x41be40,0x428210,0x4282a0,0x428840,0x4d41c0,0x4d4550,0x5394a0	0	0	-	0	2	0	-	-	0x555da0,0x555df8	2	file-io@5,archive@4,memory@5,thread@4,window-input@2,time@2,other@2	2	yes	-
windowswaitcursorsleep	0x00474b20	reads-state	complete	78	238	-	0,1	1	1	yes	no	no	0	0	1	0	6	0x474a60,0x474a90,0x474af0,0x4d41c0,0x4d4550,0x5394a0	0	0	-	1	1	0	-	0x5a9e04	0x5586a4	1	file-io@5,archive@4,memory@5,thread@0,window-input@1,time@2,other@2	2	yes	KERNEL32.dll!Sleep
wonisenabled?	0x004b6660	reads-state	complete	25	84	0	0	0	0	yes	no	no	0	0	0	1	1	0x4d4550	0	0	-	1	0	0	-	0x5d1e88	-	0	file-io@5,archive@5,memory@6,thread@4,window-input@3,time@3,other@3	3	no	-
worldmodeproc	0x004e20e0	mutates-state	complete	29	100	-	0,1	1	1	yes	no	no	0	0	1	0	1	0x4d4550	0	0	-	0	0	2	-	0x5a7bac,0x5a7bb0	-	0	file-io@5,archive@5,memory@6,thread@4,window-input@3,time@3,other@3	0	no	-
worldview	0x00483b80	reads-state	complete	9	31	0	0	0	0	yes	no	no	0	0	0	0	2	0x483ba0,0x4d41c0	0	0	-	1	1	0	-	0x5aa12c	0x55b458	1	file-io@6,archive@4,memory@5,thread@3,window-input@2,time@2,other@2	2	yes	-
wrappingoff	0x0051af80	reads-state	complete	4	13	0	0	0	0	yes	no	no	0	0	0	0	1	0x518580	0	0	-	1	0	0	-	0x5876d0	-	0	-	-	yes	-
wrappingon	0x0051af70	reads-state	complete	4	13	0	0	0	0	yes	no	no	0	0	0	0	1	0x518580	0	0	-	1	0	0	-	0x5876d0	-	0	-	-	yes	-
write	0x004cc120	unknown	complete	73	5832	-	0,1,2	2	2	yes	no	no	0	0	2	0	2	0x4d4550,0x53b530	0	0	-	0	0	0	-	-	-	0	file-io@4,archive@5,memory@4,thread@2,window-input@3,time@3,other@3	3	no	-
x_y_to_xy	0x004e4790	reads-state	complete	111	358	-	0,1,2	2	2	yes	no	no	0	0	2	1	5	0x4026a0,0x404ab0,0x4a51c0,0x4d4550,0x5394a0	0	0	-	1	0	0	-	0x5ae958	-	0	file-io@5,archive@5,memory@6,thread@4,window-input@3,time@3,other@3	3	yes	-
xcheck	0x004cbf60	operand-only	complete	58	13238	-	0,1	1	1	yes	no	no	0	0	1	1	1	0x4d4550	0	0	-	0	0	0	-	-	-	0	file-io@5,archive@5,memory@6,thread@4,window-input@3,time@3,other@3	3	no	-
xor	0x004cbed0	unknown	complete	110	10122	-	0,1,2	2	2	yes	no	no	0	0	2	1	4	0x4026a0,0x404ab0,0x4d4550,0x5394a0	0	0	-	0	0	0	-	-	-	0	file-io@5,archive@5,memory@6,thread@4,window-input@3,time@3,other@3	3	no	-
xprod	0x004e0fa0	unknown	complete	191	554	-	0,1,2,3,4,5,6	6	2	NO	no	no	5	2	1	1	5	0x4026a0,0x404ab0,0x40adb0,0x41d1d0,0x4d4550	0	0	-	0	0	0	-	-	-	0	file-io@5,archive@5,memory@6,thread@4,window-input@3,time@3,other@3	3	no	-
xy_to_x_y	0x004e4900	reads-state	complete	84	263	-	0,1	1	1	yes	no	no	0	0	1	2	3	0x4026a0,0x404ab0,0x4d4550	0	0	-	1	0	0	-	0x5ae9c4	-	0	file-io@5,archive@5,memory@6,thread@4,window-input@3,time@3,other@3	3	no	-
xywh	0x004ddc40	file-or-resource-io	complete	174	528	-	0,1,2,3,4	4	4	yes	no	no	0	0	4	1	4	0x4026a0,0x404ab0,0x493390,0x4d4550	0	0	-	1	0	0	-	0x5a7b50	-	0	file-io@5,archive@1,memory@6,thread@4,window-input@3,time@3,other@3	1	yes	-
zerovisibility	0x004a9210	reads-state	complete	23	10	0	0	0	0	yes	no	no	0	0	0	0	1	0x4a90b0	0	0	-	3	0	0	-	0x5a7d8c,0x5a7d90,0x5ae958	-	0	-	2	yes	-
