name	uses	class	broad-candidate	operator-entry-point
%	12	heuristic-false-positive	no	-
ACTION_HAS_MOVEPATH	2	constant-or-data	yes	-
ACTION_NOTHING	2	constant-or-data	yes	-
ACTION_NO_ACTION	2	constant-or-data	yes	-
ACTION_RESEARCH	2	constant-or-data	yes	-
ACTION_REST_INSIDE	2	constant-or-data	yes	-
ACTION_TRAINNING	2	constant-or-data	yes	-
ACTIVE_DOORWAY	68	constant-or-data	yes	-
AIR	565	constant-or-data	yes	-
AIR_ENC_CAV	1	script-definition	no	-
AIR_ENC_CHAMP	1	script-definition	no	-
AIR_ENC_CR1	1	script-definition	no	-
AIR_ENC_CR2	1	script-definition	no	-
AIR_ENC_CR3	1	script-definition	no	-
AIR_ENC_CR4	1	script-definition	no	-
AIR_ENC_CR5	1	script-definition	no	-
AIR_ENC_FIT	2	script-definition	no	-
AIR_ENC_INF	1	script-definition	no	-
AIR_ENC_MIS	1	script-definition	no	-
AIR_ENC_THF	2	script-definition	no	-
AIR_ENC_WIZ	2	script-definition	no	-
AI_Melee	1	script-definition	no	-
AI_Melee_Total	98	script-definition	no	-
AI_Missile_Total	98	script-definition	no	-
AI_Missle	1	script-definition	no	-
AI_PLAYERS	9	constant-or-data	yes	-
AI_Special	1	script-definition	no	-
AI_Surv	1	script-definition	no	-
AI_player_id	2	script-definition	no	-
AMAZON	19	constant-or-data	yes	-
ANY_SPOT	112	constant-or-data	yes	-
ARMY_DESTINATION	15	constant-or-data	yes	-
ARMY_DESTINATION_ARMY	11	constant-or-data	yes	-
ARMY_DESTINATION_EVENT	3	constant-or-data	yes	-
ARMY_DRAWN_UNIT	25	constant-or-data	yes	-
ARMY_FACING	7	script-definition	no	-
ARMY_FLAGS	35	script-definition	no	-
ARMY_FLAG_BIT_DEATH_FLAG	6	constant-or-data	yes	-
ARMY_FLAG_BIT_ENTER_COMBAT_AT_DESTINATION	6	constant-or-data	yes	-
ARMY_FLAG_BIT_IN_RALLY	6	constant-or-data	yes	-
ARMY_FLAG_BIT_MERGE_AT_DESTINATION	1	constant-or-data	yes	-
ARMY_FLAG_BIT_MOVING_STEALTHILY	1	constant-or-data	yes	-
ARMY_FLAG_BIT_PRISONER	4	constant-or-data	yes	-
ARMY_FLAG_BIT_RETREATED	5	constant-or-data	yes	-
ARMY_FLAG_BIT_THROUGH_DOORWAY	2	constant-or-data	yes	-
ARMY_LOCATION	278	script-definition	no	-
ARMY_MEETS_PLAYER_STRINGS	2	script-definition	no	-
ARMY_MPS	4	constant-or-data	yes	-
ARMY_NUM_UNITS	379	constant-or-data	yes	-
ARMY_OWNER	1022	script-definition	no	-
ARTIFACT_ATTACK_MOD_PROC	1	constant-or-data	yes	-
ARTIFACT_AUTOCALC_END_COMBAT_PROC	1	constant-or-data	yes	-
ARTIFACT_BARTER_PROC	17	constant-or-data	yes	-
ARTIFACT_BEGIN_TURN_PROC	2	constant-or-data	yes	-
ARTIFACT_CAN_BE_USED	4	constant-or-data	yes	-
ARTIFACT_CATEGORY	4	constant-or-data	yes	-
ARTIFACT_CHARGES	154	constant-or-data	yes	-
ARTIFACT_DEFEND_MOD_PROC	1	constant-or-data	yes	-
ARTIFACT_DICTIONARY	512	constant-or-data	yes	-
ARTIFACT_DOODAD_ID	72	script-definition	no	-
ARTIFACT_END_COMBAT_PROC	1	constant-or-data	yes	-
ARTIFACT_END_TURN_PROC	1	constant-or-data	yes	-
ARTIFACT_FLAG	168	script-definition	no	-
ARTIFACT_HAND_FLAG	22	script-definition	no	-
ARTIFACT_MANA	42	constant-or-data	yes	-
ARTIFACT_MAX_CHARGES	65	constant-or-data	yes	-
ARTIFACT_MAX_MANA	17	constant-or-data	yes	-
ARTIFACT_MOD_PROC	6	constant-or-data	yes	-
ARTIFACT_NAME	74	script-definition	no	-
ARTIFACT_OVERRIDE_FLAG	1	constant-or-data	yes	-
ARTIFACT_SPELL_ID	89	script-definition	no	-
ARTIFACT_START_COMBAT_PROC	1	constant-or-data	yes	-
ARTIFACT_TYPE	227	script-definition	no	-
ARTIFACT_TYPE_FLAGS	5	constant-or-data	yes	-
ARTIFACT_UNIQUE_ID	63	constant-or-data	yes	-
ARTIFACT_UNMOD_PROC	1	constant-or-data	yes	-
ARTIFACT_USES_ARTIFACT_MANA	1	constant-or-data	yes	-
ARTIFACT_USES_CHARGES	2	constant-or-data	yes	-
ARTIFACT_USES_WIZARD_MANA	3	constant-or-data	yes	-
ARTIFACT_WIELD_BITS	2	constant-or-data	yes	-
ARTIFACT_WIELD_BOTH	7	constant-or-data	yes	-
ARTIFACT_WIELD_CHAMPION_BITS	8	constant-or-data	yes	-
ARTIFACT_WIELD_EITHER	169	constant-or-data	yes	-
ARTIFACT_WIELD_FAITH_BITS	4	constant-or-data	yes	-
ARTIFACT_WIELD_INVISIBLE	39	constant-or-data	yes	-
ARTIFACT_WIELD_LEFT	30	constant-or-data	yes	-
ARTIFACT_WIELD_RIGHT	58	constant-or-data	yes	-
ASCII_VAL	81	constant-or-data	yes	-
ATTACKER_ARMY	196	constant-or-data	yes	-
ATTACK_ACKNOWLEDGE	393	constant-or-data	yes	-
ATTACK_SPELL_TYPE	3	constant-or-data	yes	-
AT_WAR	42	constant-or-data	yes	-
AUTOCALC_ATTACKER	1	constant-or-data	yes	-
AUTOCALC_DEFENDER	1	constant-or-data	yes	-
A_off	3	heuristic-false-positive	no	-
A_on	3	heuristic-false-positive	no	-
AttackerString	2	script-definition	no	-
Ave_Melee_bv_per_hitpoint_p0	40	script-definition	no	-
Ave_Melee_bv_per_hitpoint_p1	14	script-definition	no	-
Ave_Melee_bv_per_unit_p0	4	script-definition	no	-
Ave_Melee_bv_per_unit_p1	1	script-definition	no	-
Ave_Missile_bv_per_hitpoint_p0	40	script-definition	no	-
Ave_Missile_bv_per_hitpoint_p1	14	script-definition	no	-
Ave_Missile_bv_per_unit_p0	6	script-definition	no	-
Ave_Missile_bv_per_unit_p1	1	script-definition	no	-
Ave_attack_value_p0	2	script-definition	no	-
Ave_defense_value_p1	2	script-definition	no	-
Ave_hitpoints_p1	2	script-definition	no	-
Ave_level_p1	1	script-definition	no	-
BARBARIAN	30	constant-or-data	yes	-
BARGRAPH_BAR_AMOUNT	11	constant-or-data	yes	-
BARGRAPH_BAR_ID	5	constant-or-data	yes	-
BARRACKS	98	constant-or-data	yes	-
BARTER_ACCEPTED	2	constant-or-data	yes	-
BARTER_ARMY	9	constant-or-data	yes	-
BARTER_ARTIFACT	8	constant-or-data	yes	-
BARTER_BUILDING	8	constant-or-data	yes	-
BARTER_CANCEL_CHANGING	4	constant-or-data	yes	-
BARTER_CHANGING	2	constant-or-data	yes	-
BARTER_CITY	8	constant-or-data	yes	-
BARTER_DEMAND	76	constant-or-data	yes	-
BARTER_ENDED_IN_FIGHT	2	constant-or-data	yes	-
BARTER_FOOD	80	constant-or-data	yes	-
BARTER_GIFT	142	constant-or-data	yes	-
BARTER_GOLD	81	constant-or-data	yes	-
BARTER_INACTIVE	2	constant-or-data	yes	-
BARTER_INITIATES	5	constant-or-data	yes	-
BARTER_MAGIC_CRYSTALS	78	constant-or-data	yes	-
BARTER_NOT_INTERESTED	2	constant-or-data	yes	-
BARTER_NUM_TONES	8	constant-or-data	yes	-
BARTER_PLEA	58	constant-or-data	yes	-
BARTER_PROPOSED	4	constant-or-data	yes	-
BARTER_REQUEST	122	constant-or-data	yes	-
BARTER_SLOT_EMPTY	2	constant-or-data	yes	-
BARTER_SPELL	8	constant-or-data	yes	-
BARTER_STARTUP	4	constant-or-data	yes	-
BARTER_THREAT	80	constant-or-data	yes	-
BARTER_TRADE	180	constant-or-data	yes	-
BARTER_TREE	8	constant-or-data	yes	-
BARTER_UNIT	19	script-definition	no	-
BESTETA_ALL_OUT_ATTACK	1	constant-or-data	yes	-
BESTETA_ATTACK_WITHOUT_FULL_STRENGTH	1	constant-or-data	yes	-
BESTETA_INVOLVE_BODYGUARDS	2	constant-or-data	yes	-
BESTETA_INVOLVE_LEADER	2	constant-or-data	yes	-
BESTETA_USE_ARMIES_INSIDE	1	constant-or-data	yes	-
BESTETA_USE_ARMIES_IN_DUNGEONS	1	constant-or-data	yes	-
BIG1	1	script-definition	no	-
BIG2	1	script-definition	no	-
BIG3	1	script-definition	no	-
BI_BEGIN_TURN_PROC	1	constant-or-data	yes	-
BI_COMBAT_PROC	1	constant-or-data	yes	-
BI_IMPFILE_PROC	7	constant-or-data	yes	-
BI_NAME	5	constant-or-data	yes	-
BI_SIGHT_RADIUS	1	constant-or-data	yes	-
BOLT_ATTACKER_UNIT_NUM	2	constant-or-data	yes	-
BOLT_DEFENDER_UNIT_NUM	2	constant-or-data	yes	-
BOLT_SPELLDEF_ID	4	constant-or-data	yes	-
BRAIN_BALANCE_RESOURCES	3	constant-or-data	yes	-
BRAIN_BUILD_SOMETHING	3	constant-or-data	yes	-
BRAIN_CONSOLIDATE_HOLD_ON_REGIONS	3	constant-or-data	yes	-
BRAIN_END_TURN_CLEANUP	3	constant-or-data	yes	-
BRAIN_EVENT_RESPONSE	3	constant-or-data	yes	-
BRAIN_HANDLE_LEADER	3	constant-or-data	yes	-
BRAIN_HANDLE_MERCENARIES	3	constant-or-data	yes	-
BRAIN_HANDLE_THREATS	1	constant-or-data	yes	-
BRAIN_INITIATE_BARTER	3	constant-or-data	yes	-
BRAIN_INVASION_SETUP	3	constant-or-data	yes	-
BRAIN_INVASION_STATUS	3	constant-or-data	yes	-
BRAIN_MAINTAIN_CITY	3	constant-or-data	yes	-
BRAIN_POSITION_DEFENDERS	3	constant-or-data	yes	-
BRAIN_PREPARE_INVADERS	3	constant-or-data	yes	-
BRAIN_RERUN	1	constant-or-data	yes	-
BRAIN_RESEARCH	3	constant-or-data	yes	-
BRAIN_REVIEW_RELATIONSHIPS	3	constant-or-data	yes	-
BRAIN_SET_REGION_TO_INVADE	3	constant-or-data	yes	-
BRAIN_SHOULD_INVASION_BEGIN	3	constant-or-data	yes	-
BUILDING_ACCUMULATED_RESEARCH	11	constant-or-data	yes	-
BUILDING_EXPERIENCE	19	constant-or-data	yes	-
BUILDING_FAITH	124	script-definition	no	-
BUILDING_INITIATES	1	constant-or-data	yes	-
BUILDING_LEVEL	89	script-definition	no	-
BUILDING_LINE_OF_RESEARCH	13	constant-or-data	yes	-
BUILDING_LOCATION	26	script-definition	no	-
BUILDING_OWNER	195	constant-or-data	yes	-
BUILDING_PARENT	12	constant-or-data	yes	-
BUILDING_TYPE	177	constant-or-data	yes	-
B_off	3	heuristic-false-positive	no	-
B_on	3	heuristic-false-positive	no	-
CANNOT_RESEARCH	65	constant-or-data	yes	-
CANT_COMBINE	3	constant-or-data	yes	-
CAN_AIMED	54	constant-or-data	yes	-
CAN_ATTACK	133	constant-or-data	yes	-
CAN_BERSERK	64	constant-or-data	yes	-
CAN_CAST_BREATH	3	constant-or-data	yes	-
CAN_DEFEND	131	constant-or-data	yes	-
CAN_DETECT_THIEF	18	constant-or-data	yes	-
CAN_RALLY	28	constant-or-data	yes	-
CAN_SPELLS	26	constant-or-data	yes	-
CAN_SPIT_WEB	3	constant-or-data	yes	-
CAN_STEALTH	22	constant-or-data	yes	-
CAN_SUBDUE	18	constant-or-data	yes	-
CAN_SURRENDER	61	constant-or-data	yes	-
CAN_TRANSFER_ARTIFACT	20	constant-or-data	yes	-
CAN_USE_LEFT_ARTIFACT	69	constant-or-data	yes	-
CAN_USE_RIGHT_ARTIFACT	69	constant-or-data	yes	-
CAPTURED_ATTACKER	7	constant-or-data	yes	-
CAPTURED_DEFENDER	7	constant-or-data	yes	-
CAV	38	script-definition	no	-
CAV1	2	script-definition	no	-
CAV2	2	script-definition	no	-
CAVALRY_CLASS	8	constant-or-data	yes	-
CAVS	12	script-definition	no	-
CAV_GEN	27	script-definition	no	-
CBIG1	2	script-definition	no	-
CBIG2	2	script-definition	no	-
CBIGS	2	script-definition	no	-
CEASE_FIRE	9	constant-or-data	yes	-
CHAMP1	3	script-definition	no	-
CHAMP2	3	script-definition	no	-
CHAMP3	3	script-definition	no	-
CHAMPION_CLASS	15	constant-or-data	yes	-
CHAMPION_NAME	15	script-definition	no	-
CHAMPS	105	script-definition	no	-
CHAOS	658	constant-or-data	yes	-
CHAOS_ENC_CAV	1	script-definition	no	-
CHAOS_ENC_CHAMP	1	script-definition	no	-
CHAOS_ENC_CR1	1	script-definition	no	-
CHAOS_ENC_CR2	1	script-definition	no	-
CHAOS_ENC_CR3	1	script-definition	no	-
CHAOS_ENC_CR4	1	script-definition	no	-
CHAOS_ENC_CR5	1	script-definition	no	-
CHAOS_ENC_FIT	2	script-definition	no	-
CHAOS_ENC_INF	1	script-definition	no	-
CHAOS_ENC_MIS	1	script-definition	no	-
CHAOS_ENC_THF	2	script-definition	no	-
CHAOS_ENC_WIZ	2	script-definition	no	-
CHI	8	constant-or-data	yes	-
CITYMOD_LEVEL	3	constant-or-data	yes	-
CITYMOD_SPELLDEF_ID	22	constant-or-data	yes	-
CITY_FAITH	58	script-definition	no	-
CITY_LEVEL	23	script-definition	no	-
CITY_LOCATION	43	constant-or-data	yes	-
CITY_NAME	24	script-definition	no	-
CITY_OWNER	117	script-definition	no	-
CITY_SIGHT_RADIUS	4	constant-or-data	yes	-
CI_ARMY_ID	53	constant-or-data	yes	-
CI_ARTIFACT_UNIQUE_ID	34	constant-or-data	yes	-
CI_CASTING_ARMY	49	constant-or-data	yes	-
CI_CASTING_UNIT	47	constant-or-data	yes	-
CI_CITY_ID	12	constant-or-data	yes	-
CI_LOCATION	14	constant-or-data	yes	-
CI_TYPE	45	constant-or-data	yes	-
CI_UNIT_NUM	51	constant-or-data	yes	-
CI_UNIT_UNIQUE_ID	6	constant-or-data	yes	-
CMID1	2	script-definition	no	-
CMID2	2	script-definition	no	-
CMIDS	4	script-definition	no	-
COMBAT_MODE	8	constant-or-data	yes	-
COMBAT_ORDERS	8	constant-or-data	yes	-
COMBAT_SCREEN	42	constant-or-data	yes	-
COMBAT_SPELL	261	constant-or-data	yes	-
CONTAINER_CONSOLIDATE_IDENTICAL_ITEMS	19	constant-or-data	yes	-
CONTAINER_DOODAD_ID	8	constant-or-data	yes	-
CONTAINER_DOUBLE_CLICK	18	constant-or-data	yes	-
CONTAINER_NO_EMPTY_SPOTS	15	constant-or-data	yes	-
CONTAINER_RIGHT_CLICK	12	constant-or-data	yes	-
CONTAINER_SELECTED_BITS	11	constant-or-data	yes	-
CONTAINER_SELECTED_X	16	constant-or-data	yes	-
CONTAINER_SELECTED_Y	16	constant-or-data	yes	-
COW	8	constant-or-data	yes	-
CR1	50	script-definition	no	-
CR1_GEN	27	script-definition	no	-
CR2	56	script-definition	no	-
CR2_GEN	27	script-definition	no	-
CR3	65	script-definition	no	-
CR3_GEN	18	script-definition	no	-
CR4	58	script-definition	no	-
CR4_ANI	11	script-definition	no	-
CR4_FLY	17	script-definition	no	-
CR4_WEP	14	script-definition	no	-
CR5	56	constant-or-data	yes	-
CR5_GEN	10	script-definition	no	-
CRYSTALS	282	script-definition	no	-
CSMALL1	2	script-definition	no	-
CSMALL2	2	script-definition	no	-
CSMALLS	6	script-definition	no	-
CURRENT	692	constant-or-data	yes	-
CURSORS_AIR_SPELL_VALID	2	constant-or-data	yes	-
CURSORS_ATTACK_MODE	21	constant-or-data	yes	-
CURSORS_ATTACK_VALID	1	constant-or-data	yes	-
CURSORS_CHAOS_SPELL_VALID	2	constant-or-data	yes	-
CURSORS_DEATH_SPELL_VALID	2	constant-or-data	yes	-
CURSORS_EARTH_SPELL_VALID	2	constant-or-data	yes	-
CURSORS_FIRE_SPELL_VALID	2	constant-or-data	yes	-
CURSORS_LIFE_SPELL_VALID	3	constant-or-data	yes	-
CURSORS_ORDER_SPELL_VALID	2	constant-or-data	yes	-
CURSORS_POINTER	128	constant-or-data	yes	-
CURSORS_POINTER_INVALID	95	constant-or-data	yes	-
CURSORS_SUBDUE_ATTACK_VALID	1	constant-or-data	yes	-
CURSORS_WATER_SPELL_VALID	2	constant-or-data	yes	-
Caster_mod	108	script-definition	no	-
DARK_ELF	28	constant-or-data	yes	-
DEATH	768	constant-or-data	yes	-
DEATH_ENC_CAV	1	script-definition	no	-
DEATH_ENC_CHAMP	1	script-definition	no	-
DEATH_ENC_CR1	1	script-definition	no	-
DEATH_ENC_CR2	1	script-definition	no	-
DEATH_ENC_CR3	1	script-definition	no	-
DEATH_ENC_CR4	1	script-definition	no	-
DEATH_ENC_CR5	1	script-definition	no	-
DEATH_ENC_FIT	2	script-definition	no	-
DEATH_ENC_INF	1	script-definition	no	-
DEATH_ENC_MIS	1	script-definition	no	-
DEATH_ENC_THF	2	script-definition	no	-
DEATH_ENC_WIZ	2	script-definition	no	-
DEFEND	2	constant-or-data	yes	-
DEFENDER_ARMY	134	constant-or-data	yes	-
DEFEND_SPELL_TYPE	3	constant-or-data	yes	-
DIE	165	constant-or-data	yes	-
DIPLO_BARTER_EFFECT	2	constant-or-data	yes	-
DIPLO_COMBAT_EFFECT	2	constant-or-data	yes	-
DIPLO_ME	6	constant-or-data	yes	-
DIPLO_PLAYER1	6	constant-or-data	yes	-
DIPLO_PLAYER1_VALUE	2	constant-or-data	yes	-
DIPLO_PLAYER2	6	constant-or-data	yes	-
DIPLO_PLAYER2_VALUE	2	constant-or-data	yes	-
DIPLO_TIME_EFFECT	2	constant-or-data	yes	-
DISPLAYING_BUILDING_INFO	5	script-definition	no	-
DISPLAYING_BUILD_BUILDING	5	script-definition	no	-
DISPLAYING_BUY_POTION	10	script-definition	no	-
DISPLAYING_SELECTION_MODE	4	constant-or-data	yes	-
DISPLAYING_TRADE	10	script-definition	no	-
DISPLAYING_UNITINFO_MODE	7	constant-or-data	yes	-
DISPLAYING_UNIT_INFO	5	script-definition	no	-
DISPLAYING_UPGRADEBUILDING	5	script-definition	no	-
DISP_ALE	14	constant-or-data	yes	-
DISP_CRYSTAL	14	constant-or-data	yes	-
DISP_FAME	6	constant-or-data	yes	-
DISP_GOLD	14	constant-or-data	yes	-
DISP_INIT	6	constant-or-data	yes	-
DISP_POWER	4	constant-or-data	yes	-
DISP_POWER_LOWER	4	constant-or-data	yes	-
DISP_POWER_MAX	4	constant-or-data	yes	-
DISP_POWER_UPPER	4	constant-or-data	yes	-
DISP_PROD_ALE	6	constant-or-data	yes	-
DISP_PROD_CRYSTAL	6	constant-or-data	yes	-
DISP_PROD_FAME	6	constant-or-data	yes	-
DISP_PROD_GOLD	6	constant-or-data	yes	-
DROP_CLICK	13	constant-or-data	yes	-
DROP_DIFFERENT_CONTAINERS	22	constant-or-data	yes	-
DROP_SAME_SPOT	2	constant-or-data	yes	-
DROP_SWAP_SPOT	11	constant-or-data	yes	-
DUNGEON_COMBAT	2	constant-or-data	yes	-
DWARF_UNITS	1	script-definition	no	-
DefenderString	2	script-definition	no	-
EARTH	654	constant-or-data	yes	-
EARTH_ENC_CAV	1	script-definition	no	-
EARTH_ENC_CHAMP	1	script-definition	no	-
EARTH_ENC_CR1	1	script-definition	no	-
EARTH_ENC_CR2	1	script-definition	no	-
EARTH_ENC_CR3	1	script-definition	no	-
EARTH_ENC_CR4	1	script-definition	no	-
EARTH_ENC_CR5	1	script-definition	no	-
EARTH_ENC_FIT	2	script-definition	no	-
EARTH_ENC_INF	1	script-definition	no	-
EARTH_ENC_MIS	1	script-definition	no	-
EARTH_ENC_THF	2	script-definition	no	-
EARTH_ENC_WIZ	2	script-definition	no	-
EASY_LEVEL	45	constant-or-data	yes	-
EDITBOX_AUTO_SCROLL	1	constant-or-data	yes	-
EDITBOX_NOSCROLL	5	constant-or-data	yes	-
EDITBOX_SCROLL	1919	constant-or-data	yes	-
EDITBOX_VCENTER	218	constant-or-data	yes	-
EDITBOX_WANTS_ARROWS	1	constant-or-data	yes	-
EDITMODE_DOWN_TX	9	constant-or-data	yes	-
EDITMODE_DOWN_TY	9	constant-or-data	yes	-
EDITMODE_EVENT_TYPE	3	constant-or-data	yes	-
EDITMODE_LEFT_CLICK	3	constant-or-data	yes	-
EDITMODE_MOVE_WHILE_UP	3	constant-or-data	yes	-
EDITMODE_RIGHT_CLICK	3	constant-or-data	yes	-
ELE	9	constant-or-data	yes	-
ELF	21	constant-or-data	yes	-
ENC_CAV	2	script-definition	no	-
ENC_CHAMP	66	script-definition	no	-
ENC_CR1	1	script-definition	no	-
ENC_CR4	129	script-definition	no	-
ENC_INF	2	script-definition	no	-
ENC_MIS	313	script-definition	no	-
ENC_RANDOM_MELEE	120	script-definition	no	-
FAITHSELECT_SCREEN	3	constant-or-data	yes	-
FAME	112	script-definition	no	-
FATE_UNKNOWN	5	constant-or-data	yes	-
FIRE	597	constant-or-data	yes	-
FIRE_ENC_CAV	1	script-definition	no	-
FIRE_ENC_CHAMP	1	script-definition	no	-
FIRE_ENC_CR1	1	script-definition	no	-
FIRE_ENC_CR2	1	script-definition	no	-
FIRE_ENC_CR3	1	script-definition	no	-
FIRE_ENC_CR4	1	script-definition	no	-
FIRE_ENC_CR5	1	script-definition	no	-
FIRE_ENC_FIT	2	script-definition	no	-
FIRE_ENC_INF	1	script-definition	no	-
FIRE_ENC_MIS	1	script-definition	no	-
FIRE_ENC_THF	2	script-definition	no	-
FIRE_ENC_WIZ	2	script-definition	no	-
FIT	43	script-definition	no	-
FIT1	2	script-definition	no	-
FIT2	2	script-definition	no	-
FITS	2	script-definition	no	-
FIT_GEN	22	script-definition	no	-
FLAG_ACTION_CITY_SELECTED	12	constant-or-data	yes	-
FLAG_ACTION_CITY_UNSELECTED	42	constant-or-data	yes	-
FLAG_ACTION_UNIT_UNSELECTED	4	constant-or-data	yes	-
FOOD	284	script-definition	no	-
FT2	46	constant-or-data	yes	-
FYI_TEXT_ARRAY	1	script-definition	no	-
GAT	21	constant-or-data	yes	-
GENERAL_SPELL_TYPE	3	constant-or-data	yes	-
GENERIC_PROC_CANT_INTERROGATE_MESSAGE	1	constant-or-data	yes	-
GENERIC_PROC_CANT_TORTURE_MESSAGE	1	constant-or-data	yes	-
GENERIC_PROC_CAST_BREATH_GET_SPELL_ID	1	constant-or-data	yes	-
GENERIC_PROC_GET_SIR_TEXT	1	constant-or-data	yes	-
GENERIC_PROC_HYDRA_DAMAGE	1	constant-or-data	yes	-
GENERIC_PROC_HYDRA_GET_AURA2	1	constant-or-data	yes	-
GENERIC_PROC_HYDRA_GET_AURA2B	1	constant-or-data	yes	-
GENERIC_PROC_HYDRA_GET_AURA3	1	constant-or-data	yes	-
GENERIC_PROC_HYDRA_GET_AURA3B	1	constant-or-data	yes	-
GENERIC_PROC_MINIMUM_KNOWLEDGE_POL	1	constant-or-data	yes	-
GENERIC_PROC_OPEN_CITY_GATE	1	constant-or-data	yes	-
GENERIC_PROC_SET_UNIT_LEVEL_MODIFICATION	1	constant-or-data	yes	-
GENERIC_PROC_SPIT_WEB_GET_SPELL_ID	1	constant-or-data	yes	-
GENERIC_PROC_TELEPORT_ARTIFACTS	1	constant-or-data	yes	-
GET	21	native-host-call	yes	0x004ca590
GET_ARMY_IN_BUILDING	1	constant-or-data	yes	-
GET_HIT	6	constant-or-data	yes	-
GHOST_DRAW_AS_SHADOW	4	constant-or-data	yes	-
GHOST_NEEDS_SAME_FACING	4	constant-or-data	yes	-
GIVE	25	constant-or-data	yes	-
GOA	8	constant-or-data	yes	-
GOLD	288	script-definition	no	-
GRAPHIC_TYPES	3	constant-or-data	yes	-
GREAT_TEMPLE	90	script-definition	no	-
HARD_LEVEL	57	constant-or-data	yes	-
HIGHLIGHT_INVALID	2	constant-or-data	yes	-
HIGHLIGHT_OTHER	2	constant-or-data	yes	-
HIGHLIGHT_SELF	2	constant-or-data	yes	-
HIST_ALL_DIED	1	constant-or-data	yes	-
HIST_ATTACKED	2	constant-or-data	yes	-
HIST_BARTER	3	constant-or-data	yes	-
HIST_BROKE_PROMISE	2	constant-or-data	yes	-
HIST_BROKE_TREATY	2	constant-or-data	yes	-
HIST_CHANGED_RANKING	2	constant-or-data	yes	-
HIST_CONQUERED_REGION	2	constant-or-data	yes	-
HIST_DEFENDED	2	constant-or-data	yes	-
HIST_KEPT_PROMISE	2	constant-or-data	yes	-
HIST_KILLED_LEADER	2	constant-or-data	yes	-
HIST_LAST_TIME	1	constant-or-data	yes	-
HIST_LOST	1	constant-or-data	yes	-
HIST_LOST_REGION	2	constant-or-data	yes	-
HIST_MADE_PROMISE	2	constant-or-data	yes	-
HIST_MADE_TREATY	2	constant-or-data	yes	-
HIST_TIED	1	constant-or-data	yes	-
HIST_TYPE	3	constant-or-data	yes	-
HIST_WHAT	2	constant-or-data	yes	-
HIST_WHO	2	constant-or-data	yes	-
HIST_WON	1	constant-or-data	yes	-
HUMAN	25	constant-or-data	yes	-
HUT	74	constant-or-data	yes	-
Human_Melee	1	script-definition	no	-
Human_Melee_Total	95	script-definition	no	-
Human_Missile_Total	95	script-definition	no	-
Human_Missle	1	script-definition	no	-
Human_Surv	1	script-definition	no	-
Human_player_id	2	script-definition	no	-
Human_special	1	script-definition	no	-
INACTIVE_DOORWAY	2	constant-or-data	yes	-
INF1	2	script-definition	no	-
INF2	2	script-definition	no	-
INFANTRY_CLASS	9	constant-or-data	yes	-
INFO_ARTIFACTS	6	constant-or-data	yes	-
INFO_BUILDINGS_LEVEL	2	constant-or-data	yes	-
INFO_GCAF	8	constant-or-data	yes	-
INFO_LEADER_LOCATION	2	constant-or-data	yes	-
INFO_MAP_EXPLORATION	2	constant-or-data	yes	-
INFO_MILITARY_ARTIFACTS	6	constant-or-data	yes	-
INFO_MILITARY_LOCATIONS	2	constant-or-data	yes	-
INFO_MILITARY_SPELLS	6	constant-or-data	yes	-
INFO_PRODUCTION	6	constant-or-data	yes	-
INFO_UNIT_LEVEL	4	constant-or-data	yes	-
INFS	14	script-definition	no	-
INF_GEN	27	script-definition	no	-
INITIATES	6	script-definition	no	-
INTEL_MESSAGE_BARTER	14	constant-or-data	yes	-
INTEL_MESSAGE_COMBAT	18	constant-or-data	yes	-
INTRO_SCREEN	2	constant-or-data	yes	-
ITEM_CATEGORY	20	constant-or-data	yes	-
ITEM_DOODAD_ID	12	constant-or-data	no	-
ITEM_GRAPHIC_ID	125	constant-or-data	yes	-
ITEM_QTY	107	constant-or-data	yes	-
ITEM_UNIQUE_ID	189	constant-or-data	yes	-
Introstrings	1	script-definition	no	-
JUST_CENTER	753	constant-or-data	yes	-
JUST_LEFT	471	constant-or-data	yes	-
JUST_RIGHT	700	constant-or-data	yes	-
KEEP	181	constant-or-data	yes	-
KILLED_ATTACKER	14	constant-or-data	yes	-
KILLED_DEFENDER	14	constant-or-data	yes	-
LD1	20	constant-or-data	yes	-
LD2	19	constant-or-data	yes	-
LD3	11	constant-or-data	yes	-
LDF	47	constant-or-data	yes	-
LDR	18	script-definition	no	-
LDT	37	constant-or-data	yes	-
LDW	41	constant-or-data	yes	-
LESSER_FIRE_GIANT	13	constant-or-data	yes	-
LESSER_STONE_GIANT	18	constant-or-data	yes	-
LESSER_STORM_GIANT	18	constant-or-data	yes	-
LIBRARY	36	constant-or-data	yes	-
LIFE	577	constant-or-data	yes	-
LIFE_ENC_CAV	1	script-definition	no	-
LIFE_ENC_CHAMP	1	script-definition	no	-
LIFE_ENC_CR1	1	script-definition	no	-
LIFE_ENC_CR2	1	script-definition	no	-
LIFE_ENC_CR3	1	script-definition	no	-
LIFE_ENC_CR4	1	script-definition	no	-
LIFE_ENC_CR5	1	script-definition	no	-
LIFE_ENC_FIT	2	script-definition	no	-
LIFE_ENC_INF	1	script-definition	no	-
LIFE_ENC_MIS	1	script-definition	no	-
LIFE_ENC_THF	2	script-definition	no	-
LIFE_ENC_WIZ	2	script-definition	no	-
LIMIT_DRAGGING	4	constant-or-data	yes	-
LOADING_GAME	2	constant-or-data	yes	-
LOADING_GAME_AFTER_COMBAT	1	constant-or-data	yes	-
LOADING_MAP	1	constant-or-data	yes	-
LOADING_SCENARIO_MAP	1	constant-or-data	yes	-
LOADING_SPECIAL_MAP	1	constant-or-data	yes	-
LOADING_UNIT_GRAPHICS	2	constant-or-data	yes	-
LOCATION_SCREEN	19	constant-or-data	yes	-
LOMSTART_TEXT_ARRAY	1	script-definition	no	-
LOU_SPEECH_DESC_ARRAY	5	script-definition	no	-
LOU_SPEECH_INTRO_ARRAY	3	script-definition	no	-
LOU_TEXT_ARRAY	3	script-definition	no	-
L_arrow_down	1	heuristic-false-positive	no	-
L_arrow_up	1	heuristic-false-positive	no	-
Lead_type_wav	13	script-definition	no	-
M1_GEN	35	script-definition	no	-
M2_GEN	19	script-definition	no	-
M3_GEN	8	script-definition	no	-
MAGISTRATE	68	script-definition	no	-
MAJOR_SPELL	12	constant-or-data	yes	-
MARAUDER_STRONG_MEETS_PLAYER	3	script-definition	no	-
MARAUDER_WEAK_MEETS_PLAYER	3	script-definition	no	-
MARKETPLACE	65	script-definition	no	-
MAX_PLAYERS	2	constant-or-data	yes	-
MAX_SPELL_CATEGORIES	6	constant-or-data	yes	-
MAX_UNITS_PER_ARMY	1	constant-or-data	no	-
MED1	1	script-definition	no	-
MED2	1	script-definition	no	-
MED3	1	script-definition	no	-
MEDIUM_LEVEL	34	constant-or-data	yes	-
MELEE_ATTACK	163	constant-or-data	yes	-
MELEE_GEN	8	script-definition	no	-
MESSAGE_POLITICAL_EFFECT	4	constant-or-data	yes	-
MESSAGE_STEAL_VALUE	4	constant-or-data	yes	-
MIL1	3	script-definition	no	-
MIL2	3	script-definition	no	-
MIL3	3	script-definition	no	-
MILS	229	script-definition	no	-
MINOR_SPELL	7	constant-or-data	yes	-
MIS	37	script-definition	no	-
MIS1	2	script-definition	no	-
MIS2	2	script-definition	no	-
MISS	14	script-definition	no	-
MISSILE_CLASS	13	constant-or-data	yes	-
MISSILE_DESTINATION_SPRITE_ID	4	constant-or-data	yes	-
MISSILE_DESTINATION_UNIT_NUM	4	constant-or-data	yes	-
MISSILE_FLAG_DESTROY_AT_DESTINATION	8	constant-or-data	yes	-
MISSILE_FLAG_GUIDED	24	constant-or-data	yes	-
MISSILE_FLAG_HITS_ANY_ARMY	8	constant-or-data	yes	-
MISSILE_FLAG_TERRAIN_FOLLOWING	30	constant-or-data	yes	-
MISSILE_FLAG_USE_START_ELEVATION	2	constant-or-data	yes	-
MISSILE_FLAG_VORTEX	6	constant-or-data	yes	-
MISSILE_ORIGIN_HOTSPOT	3	constant-or-data	yes	-
MISSILE_SOURCE_SPRITE_ID	4	constant-or-data	yes	-
MISSILE_SOURCE_UNIT_NUM	4	constant-or-data	yes	-
MISSILE_SPELLDEF_ID	12	constant-or-data	yes	-
MIS_GEN	120	script-definition	no	-
MODAL	3	native-host-call	yes	0x0048f8b0
MODELESS	12	native-host-call	yes	0x0048f7f0
MODIFIER_FLAG_FROM_ARTIFACT	392	constant-or-data	yes	-
MODIFIER_FLAG_FROM_ARTIFACTS	1	constant-or-data	no	-
MODIFIER_FLAG_FROM_LEVEL	20	constant-or-data	yes	-
MODIFIER_FLAG_FROM_SPELL	128	constant-or-data	yes	-
MODIFIER_FLAG_GOOD	4	constant-or-data	yes	-
MODIFIER_FLAG_INFECT	4	constant-or-data	yes	-
MODIFIER_FLAG_PALETTE_EFFECT	22	constant-or-data	yes	-
MODIFIER_FLAG_TEMPORARY_COMBAT	79	constant-or-data	yes	-
MOVE	163	script-definition	no	-
MOVE_ACKNOWLEDGE	357	constant-or-data	yes	-
NA	16	script-definition	no	-
NOTIFCATION_PRISONER_ESCAPE	4	constant-or-data	yes	-
NOTIFCATION_PRISONER_PREE	2	constant-or-data	yes	-
NOTIFCATION_PRISONER_RESCUE	2	constant-or-data	yes	-
NOT_DOORWAY	3	constant-or-data	yes	-
NO_DEFEND_ANIM	38	constant-or-data	yes	-
NO_DROP	2	constant-or-data	yes	-
NO_HOTSPOT	12	constant-or-data	yes	-
NUM_SPOTS	15	script-definition	no	-
New_AI_Melee_Total	56	script-definition	no	-
New_AI_Missile_Total	36	script-definition	no	-
New_Human_Melee_Total	52	script-definition	no	-
New_Human_Missile_Total	47	script-definition	no	-
OPTION_HEALTH_BAR_WHEN_SELECTED	1	constant-or-data	yes	-
OPTION_PLAYER_HALO_WHEN_SELECTED	1	constant-or-data	yes	-
OPTION_SMALL_HEALTH_BAR_WHEN_ENEMY	1	constant-or-data	yes	-
ORDER	825	constant-or-data	yes	-
ORDER_AIMED_ATTACK	2	constant-or-data	yes	-
ORDER_BERSERK	6	constant-or-data	yes	-
ORDER_CAST_ATTACK_SPELL	6	constant-or-data	yes	-
ORDER_CAST_BREATH	1	constant-or-data	yes	-
ORDER_CAST_DEFEND_SPELL	6	constant-or-data	yes	-
ORDER_CAST_GENERAL_SPELL	6	constant-or-data	yes	-
ORDER_CAST_TERRA_SPELL	6	constant-or-data	yes	-
ORDER_DEFEND	1	constant-or-data	yes	-
ORDER_DETECT_THIEF	2	constant-or-data	yes	-
ORDER_ENC_CAV	1	script-definition	no	-
ORDER_ENC_CHAMP	1	script-definition	no	-
ORDER_ENC_CR1	1	script-definition	no	-
ORDER_ENC_CR2	1	script-definition	no	-
ORDER_ENC_CR3	1	script-definition	no	-
ORDER_ENC_CR4	1	script-definition	no	-
ORDER_ENC_CR5	1	script-definition	no	-
ORDER_ENC_FIT	2	script-definition	no	-
ORDER_ENC_INF	1	script-definition	no	-
ORDER_ENC_MIS	1	script-definition	no	-
ORDER_ENC_THF	2	script-definition	no	-
ORDER_ENC_WIZ	2	script-definition	no	-
ORDER_EXECUTE_PRISONERS	2	constant-or-data	yes	-
ORDER_FLAG_ATTACK_IN_RANGE	1	constant-or-data	yes	-
ORDER_FLAG_ATTACK_ON_CONTACT	3	constant-or-data	yes	-
ORDER_FLAG_DETECT_TARGET_FOR_CASTING_SPELL	1	constant-or-data	yes	-
ORDER_FLAG_GUARD_GETIN_MISSILE_ATTACK_POS	1	constant-or-data	yes	-
ORDER_FLAG_IS_WIZARD_DONT_MOVE	2	constant-or-data	yes	-
ORDER_FLAG_STAY_AWAY_FROM_ENEMIES	1	constant-or-data	yes	-
ORDER_FLEE	1	constant-or-data	yes	-
ORDER_FREE_PRISONERS	2	constant-or-data	yes	-
ORDER_GROUP_ATTACK	2	constant-or-data	yes	-
ORDER_GROUP_DEFEND	2	constant-or-data	yes	-
ORDER_GROUP_FLEE	1	constant-or-data	yes	-
ORDER_GROUP_MISSILE	1	constant-or-data	yes	-
ORDER_GROUP_SUBDUE	1	constant-or-data	yes	-
ORDER_INTERROGATE_PRISONERS	2	constant-or-data	yes	-
ORDER_KNOCKOUT_PRISONERS	2	constant-or-data	yes	-
ORDER_MAGIC_ATTACK	6	constant-or-data	yes	-
ORDER_MOVETO_GUARDLOCATION	2	constant-or-data	yes	-
ORDER_MOVE_TO	2	constant-or-data	yes	-
ORDER_NORMAL_ATTACK	1	constant-or-data	yes	-
ORDER_PARRY	4	constant-or-data	yes	-
ORDER_RALLY	1	constant-or-data	yes	-
ORDER_SPIT_WEB	1	constant-or-data	yes	-
ORDER_STAY_PUT	1	constant-or-data	yes	-
ORDER_STEALTH	3	constant-or-data	yes	-
ORDER_SUBDUE_ATTACK	1	constant-or-data	yes	-
ORDER_SURRENDER	1	constant-or-data	yes	-
ORDER_TELEPORT	3	constant-or-data	yes	-
ORDER_TELEPORT_ARTIFACTS	2	constant-or-data	yes	-
ORDER_TORTURE_PRISONERS	2	constant-or-data	yes	-
ORDER_USE_LEFT_ARTIFACT	7	constant-or-data	yes	-
ORDER_USE_RIGHT_ARTIFACT	6	constant-or-data	yes	-
ORDER_VIEW_BUILDING	4	constant-or-data	yes	-
ORDER_WAYPOINTS_ATTACK	2	constant-or-data	yes	-
OUTSIDE_CITY_HOR	4	constant-or-data	yes	-
OUTSIDE_CITY_VER	4	constant-or-data	yes	-
PEACE	16	constant-or-data	yes	-
PLAYER_MEETS_ARMY_STRINGS	2	script-definition	no	-
PLAYER_MEETS_MARAUDER_STRONG	3	script-definition	no	-
PLAYER_MEETS_MARAUDER_WEAK	3	script-definition	no	-
PORTRAIT_FLAG	8	script-definition	no	-
PREDICTED	43	constant-or-data	yes	-
PROC_CLOSE_UNIT_PANELS	1	constant-or-data	yes	-
PROC_EDIT	10	constant-or-data	yes	-
PROC_ENTER_BUILDING	1	constant-or-data	yes	-
PROC_ENTER_DUNGEON	1	constant-or-data	yes	-
PROC_ENTER_VILLAGE	1	constant-or-data	yes	-
PROC_LEADER_DEATH	1	constant-or-data	yes	-
PROC_MEET_ARMY	1	constant-or-data	yes	-
PROC_MEET_BUILDING	1	constant-or-data	yes	-
PROC_MEET_CITY	1	constant-or-data	yes	-
PROC_MEET_DUNGEON	1	constant-or-data	yes	-
PROC_NEW_INITIATES	1	constant-or-data	yes	-
PROC_SELECT_BUILDING	1	constant-or-data	yes	-
PROC_SELECT_DUNGEON	2	constant-or-data	yes	-
QUEST_COMPLETED	121	constant-or-data	yes	-
QUEST_ENCOUNTERED	100	constant-or-data	yes	-
QUEST_UNKNOWN	71	constant-or-data	yes	-
RALLY	25	native-host-call	yes	0x00467d80
RAND_CHAMP	21	script-definition	no	-
RAND_MELEE1	98	script-definition	no	-
RANGED_ATTACK	62	script-definition	no	-
REGION_SCREEN	106	constant-or-data	yes	-
RESULT_A	6	constant-or-data	yes	-
RESULT_D	6	constant-or-data	yes	-
RESULT_KA	4	constant-or-data	yes	-
RESULT_KD	4	constant-or-data	yes	-
RESULT_PA	4	constant-or-data	yes	-
RESULT_PD	4	constant-or-data	yes	-
RESULT_RA	4	constant-or-data	yes	-
RESULT_RD	4	constant-or-data	yes	-
RETREATED_ATTACKER	9	constant-or-data	yes	-
RETREATED_DEFENDER	10	constant-or-data	yes	-
R_arrow_down	1	heuristic-false-positive	no	-
R_arrow_up	1	heuristic-false-positive	no	-
SAVING_GAME_BEFORE_COMBAT	1	constant-or-data	yes	-
SAVING_MAP	1	constant-or-data	yes	-
SBLDMessages_AIR	9	script-definition	no	-
SBLDMessages_CHAOS	1	script-definition	no	-
SBLDMessages_DEATH	3	script-definition	no	-
SBLDMessages_EARTH	6	script-definition	no	-
SBLDMessages_FIRE	3	script-definition	no	-
SBLDMessages_LIFE	3	script-definition	no	-
SBLDMessages_ORDER	1	script-definition	no	-
SBLDMessages_WATER	3	script-definition	no	-
SC1	11	constant-or-data	yes	-
SCENARIO	12	script-definition	no	-
SCENARIO_MODE	34	constant-or-data	yes	-
SCOUT_GEN	36	script-definition	no	-
SCROLLINGMAP_SCREEN	65	constant-or-data	yes	-
SCROLLING_SPELL	108	constant-or-data	yes	-
SD_ACTIVE_DOODAD_ID	3	constant-or-data	yes	-
SD_BARTER_PROC	12	constant-or-data	yes	-
SD_CASTER_ACTION	2	constant-or-data	yes	-
SD_CASTER_AURA_TYPE	2	constant-or-data	yes	-
SD_CAST_TICKS	2	constant-or-data	yes	-
SD_CATEGORY	43	constant-or-data	yes	-
SD_CONJURE_SOUND	2	constant-or-data	yes	-
SD_DICTIONARY	106	constant-or-data	yes	-
SD_FAITH	30	constant-or-data	yes	-
SD_GHOST_HIT_PROC	2	constant-or-data	yes	-
SD_GREYED_OUT_DOODAD_ID	5	constant-or-data	yes	-
SD_ICON_DOODAD_ID	15	constant-or-data	yes	-
SD_INVOKE_PROC	31	constant-or-data	yes	-
SD_LEVEL	7	constant-or-data	yes	-
SD_MANA	1160	constant-or-data	yes	-
SD_MISSILE_HIT_PROC	4	constant-or-data	yes	-
SD_NAME	592	constant-or-data	yes	-
SD_RANGE	4	constant-or-data	yes	-
SD_RECOVER_TICKS	2	constant-or-data	yes	-
SD_RESEARCH_COST	17	constant-or-data	yes	-
SD_TARGET_TYPE	3	constant-or-data	yes	-
SD_VALID_TARGET_PROC	2	constant-or-data	yes	-
SELECT	373	constant-or-data	yes	-
SELECTION_MODE_NORMAL	1	constant-or-data	yes	-
SETUP_SCREEN	2	constant-or-data	yes	-
SHP	35	script-definition	no	-
SHROUD	5	constant-or-data	yes	-
SI_ARMY_ID	207	constant-or-data	yes	-
SI_ARTIFACT_UNIQUE_ID	79	constant-or-data	yes	-
SI_CASTING_ARMY	195	constant-or-data	yes	-
SI_CASTING_UNIT	174	constant-or-data	yes	-
SI_CITY_ID	6	constant-or-data	yes	-
SI_LOCATION	105	constant-or-data	yes	-
SI_PLAYER	2	constant-or-data	yes	-
SI_SPRITE_ID	62	constant-or-data	yes	-
SI_TYPE	125	constant-or-data	yes	-
SI_UNIT_NUM	115	constant-or-data	yes	-
SPECIAL_BUILDING	105	script-definition	no	-
SPELLS_KNOWN	4	constant-or-data	yes	-
SPELL_BEING_CAST	1070	constant-or-data	yes	-
SPELL_CATEGORY_ATTACK	73	constant-or-data	yes	-
SPELL_CATEGORY_DEFEND	64	constant-or-data	yes	-
SPELL_CATEGORY_GENERAL	45	constant-or-data	yes	-
SPELL_CATEGORY_TERRAFORM	44	constant-or-data	yes	-
SPELL_FLAG	8	script-definition	no	-
SPELL_ORIGIN1_HOTSPOT	8	constant-or-data	yes	-
SPELL_ORIGIN2_HOTSPOT	2	constant-or-data	yes	-
SPELL_TARGET_HOTSPOT	56	constant-or-data	yes	-
SPOT_ALLOWED	8	constant-or-data	yes	-
SPOT_ARTIFACT	48	constant-or-data	yes	-
SPOT_CHAMPION	35	constant-or-data	yes	-
SPOT_CONSUMABLE	16	constant-or-data	yes	-
SPOT_DOUBLECLICK_ITEM	29	constant-or-data	yes	-
SPOT_GRAB_ALL	18	constant-or-data	yes	-
SPOT_H	6	constant-or-data	yes	-
SPOT_NORMAL	91	constant-or-data	yes	-
SPOT_RIGHTCLICK_ITEM	9	constant-or-data	yes	-
SPOT_SELECTED	4	constant-or-data	yes	-
SPOT_SELECTONLY	97	constant-or-data	yes	-
SPOT_SEL_UNSEL	10	constant-or-data	yes	-
SPOT_SET_FLAG_BIT	8	constant-or-data	yes	-
SPOT_SHIP	23	constant-or-data	yes	-
SPOT_SWAP	16	constant-or-data	yes	-
SPOT_UNSELECTED	13	constant-or-data	yes	-
SPOT_UNSET_FLAG_BIT	4	constant-or-data	yes	-
SPOT_X	35	constant-or-data	yes	-
SPOT_Y	22	constant-or-data	yes	-
SPRITE_ARMY	11	script-definition	no	-
SPRITE_BUILDING	4	script-definition	no	-
SPRITE_CITY	8	script-definition	no	-
SPRITE_TREE	2	constant-or-data	yes	-
SP_RANDOM_DUNGEONS	15	constant-or-data	yes	-
SP_VARIED_ROTATION	7	constant-or-data	yes	-
SQUAD_HIGH	26	script-definition	no	-
SQUAD_LOW	98	script-definition	no	-
SQUAD_MED	30	script-definition	no	-
STAND	1	constant-or-data	yes	-
STARTING_ALE	4	script-definition	no	-
STARTING_CRYSTALS	4	script-definition	no	-
STARTING_GOLD	4	script-definition	no	-
STRONGHOLD	4	script-definition	no	-
SUMMONED_CLASS	15	constant-or-data	yes	-
SWAP_ITEMS	7	constant-or-data	yes	-
SpecialBuildingButtons	3	script-definition	no	-
SpecialBuildingNames	13	script-definition	no	-
Stufftobuy	1	script-definition	no	-
TARGET_ARMY	217	script-definition	no	-
TARGET_CUSTOM	27	constant-or-data	yes	-
TARGET_LOCATION	33	constant-or-data	yes	-
TARGET_NOTHING	89	constant-or-data	yes	-
TAVERN	67	script-definition	no	-
TEMPLE	69	script-definition	no	-
TERRAIN_MODS	1	script-definition	no	-
TERRA_SPELL_TYPE	3	constant-or-data	yes	-
TF1	11	constant-or-data	yes	-
THF	38	script-definition	no	-
THF1	2	script-definition	no	-
THF2	2	script-definition	no	-
THFS	2	script-definition	no	-
THF_GEN	22	script-definition	no	-
THIEF	339	constant-or-data	yes	-
THIEF_MESSAGE_EXECUTE	14	constant-or-data	yes	-
THIEF_MESSAGE_FREE	14	constant-or-data	yes	-
THIEF_MESSAGE_FREEPOW	13	constant-or-data	yes	-
THIEF_MESSAGE_INTERROGATE	37	constant-or-data	yes	-
THIEF_MESSAGE_KNOCKOUT	24	constant-or-data	yes	-
THIEF_MESSAGE_SPY	45	constant-or-data	yes	-
THIEF_MESSAGE_STEAL	26	constant-or-data	yes	-
THIEF_MESSAGE_TORTURE	47	constant-or-data	yes	-
THIEVES_GUILD	96	constant-or-data	yes	-
TICKALARM_END_OF_COMBAT	101	constant-or-data	yes	-
TICKALARM_GAME_TICK	31	constant-or-data	yes	-
TICKALARM_REPEAT_COUNT	3	constant-or-data	yes	-
TICKALARM_RETURN_TO_WORLD	3	constant-or-data	yes	-
TT_BOTTOM	4	constant-or-data	yes	-
TT_FAITH	33	constant-or-data	yes	-
TT_FLAGS	4	constant-or-data	yes	-
TT_FOOTPRINT_H	2	constant-or-data	yes	-
TT_FOOTPRINT_W	2	constant-or-data	yes	-
TT_FOOTPRINT_X	2	constant-or-data	yes	-
TT_FOOTPRINT_Y	2	constant-or-data	yes	-
TT_GREAT_TEMPLE	2	constant-or-data	yes	-
TT_IMPFILE_PROC	86	constant-or-data	yes	-
TT_JUST_BOTTOM	1	constant-or-data	yes	-
TT_JUST_CENTER	8	constant-or-data	yes	-
TT_MOUSE	2	constant-or-data	yes	-
TT_SIGHT_RADIUS	1	constant-or-data	yes	-
TT_TOP	4	constant-or-data	yes	-
TURNAI_ARMY_ATTACKED_EVENT	1	constant-or-data	yes	-
TURNAI_BUILDING_ATTACKED_EVENT	1	constant-or-data	yes	-
TURNAI_CANCEL_EVENT	1	constant-or-data	yes	-
TURNAI_CITY_ATTACKED_EVENT	1	constant-or-data	yes	-
TURNAI_EVENT_AT_DESTINATION	1	constant-or-data	yes	-
TURNAI_GIFT_EVENT	1	constant-or-data	yes	-
TURNAI_LEADER_KILLED_EVENT	1	constant-or-data	yes	-
TURNAI_MERGE_EVENT	1	constant-or-data	yes	-
TURNAI_PRODUCTION_EVENT	1	constant-or-data	yes	-
TURNAI_PROPOSAL_ACCEPTED	10	constant-or-data	yes	-
TURNAI_PROPOSAL_BEING_CHANGED	10	constant-or-data	yes	-
TURNAI_PROPOSAL_CHANGES_CANCELLED	10	constant-or-data	yes	-
TURNAI_PROPOSAL_DECLINED	10	constant-or-data	yes	-
TURNAI_PROPOSAL_ENDED_IN_FIGHT	10	constant-or-data	yes	-
TURNAI_PROPOSAL_RECEIVED	10	constant-or-data	yes	-
TURNAI_SPELL_CAST_EVENT	1	constant-or-data	yes	-
TURNAI_SPLIT_EVENT	1	constant-or-data	yes	-
TURNAI_THREAT_EVENT	1	constant-or-data	yes	-
TURNAI_TRADE_COMPLETED_EVENT	1	constant-or-data	yes	-
TURNAI_TREATY_BROKEN	1	constant-or-data	yes	-
TURNAI_TREATY_MADE_EVENT	1	constant-or-data	yes	-
TURNALARM_REPEAT_COUNT	2	constant-or-data	yes	-
TURN_ARMY	2	constant-or-data	yes	-
TURN_CITY	1	constant-or-data	yes	-
TURN_LIMIT	3	constant-or-data	yes	-
T_Accept	1	script-definition	no	-
T_Adjust	2	script-definition	no	-
T_Agilityhelptext	2	script-definition	no	-
T_Air	3	script-definition	no	-
T_Air_Encounter_placed	4	script-definition	no	-
T_Airlibrary	2	script-definition	no	-
T_Ale	1	script-definition	no	-
T_Ale_Mill	1	script-definition	no	-
T_Amazon	2	script-definition	no	-
T_Answer	1	script-definition	no	-
T_ArachnidLimit1helptext	2	script-definition	no	-
T_Archon	2	script-definition	no	-
T_ArmyRoster	1	script-definition	no	-
T_Artifact0helptext	5	script-definition	no	-
T_Artifact10helptext	3	script-definition	no	-
T_Artifact11helptext	5	script-definition	no	-
T_Artifact12helptext	1	script-definition	no	-
T_Artifact17helptext	1	script-definition	no	-
T_Artifact18helptext	4	script-definition	no	-
T_Artifact19helptext	3	script-definition	no	-
T_Artifact1helptext	5	script-definition	no	-
T_Artifact20helptext	1	script-definition	no	-
T_Artifact23helptext	1	script-definition	no	-
T_Artifact24helptext	1	script-definition	no	-
T_Artifact25helptext	1	script-definition	no	-
T_Artifact26helptext	1	script-definition	no	-
T_Artifact27helptext	1	script-definition	no	-
T_Artifact2helptext	5	script-definition	no	-
T_Artifact31helptext	1	script-definition	no	-
T_Artifact32helptext	1	script-definition	no	-
T_Artifact33helptext	1	script-definition	no	-
T_Artifact35helptext	1	script-definition	no	-
T_Artifact36helptext	4	script-definition	no	-
T_Artifact3helptext	5	script-definition	no	-
T_Artifact4helptext	5	script-definition	no	-
T_Artifact5helptext	5	script-definition	no	-
T_Artifact9helptext	1	script-definition	no	-
T_Attack	29	script-definition	no	-
T_Attackhelptext	2	script-definition	no	-
T_Autocalc	9	script-definition	no	-
T_Back	1	script-definition	no	-
T_Barbarian	2	script-definition	no	-
T_Barrow	3	script-definition	no	-
T_Break	1	script-definition	no	-
T_Brewery	7	script-definition	no	-
T_Brewery_air	1	script-definition	no	-
T_Brewery_death	1	script-definition	no	-
T_Build	4	script-definition	no	-
T_Building	2	script-definition	no	-
T_Buy_Potion	12	script-definition	no	-
T_Cancel	19	script-definition	no	-
T_Cancel_Research	2	script-definition	no	-
T_Cancel_research_help	2	script-definition	no	-
T_Capital	2	script-definition	no	-
T_Cave	15	script-definition	no	-
T_Cave2	4	script-definition	no	-
T_Cave_orc	3	script-definition	no	-
T_Champion	1	script-definition	no	-
T_Chaos	3	script-definition	no	-
T_Chaos_Encounter_placed	7	script-definition	no	-
T_Chaoslibrary	2	script-definition	no	-
T_Choose	1	script-definition	no	-
T_Close	6	script-definition	no	-
T_Closepanelhelptext	3	script-definition	no	-
T_Combat	3	script-definition	no	-
T_Combat_View	3	script-definition	no	-
T_Combats	3	script-definition	no	-
T_Continue	198	script-definition	no	-
T_Cost	6	script-definition	no	-
T_Create	2	script-definition	no	-
T_CreatingWorld	1	script-definition	no	-
T_Crystal_Mine	10	script-definition	no	-
T_Crystals	1	script-definition	no	-
T_Current_Health	1	script-definition	no	-
T_Cyclops_cave	1	script-definition	no	-
T_Cyclops_cave_placed	1	script-definition	no	-
T_Damosel	2	script-definition	no	-
T_Date	4	script-definition	no	-
T_Death	3	script-definition	no	-
T_Death_Encounter_placed	5	script-definition	no	-
T_Deathlibrary	2	script-definition	no	-
T_Defensehelptext	2	script-definition	no	-
T_Demand	1	script-definition	no	-
T_Demolishtext	15	script-definition	no	-
T_Dial	2	script-definition	no	-
T_DirectXBlit	4	script-definition	no	-
T_Dispelled	2	script-definition	no	-
T_Dragon_cave	1	script-definition	no	-
T_Dragon_cave_placed	1	script-definition	no	-
T_Draw	1	script-definition	no	-
T_Drink	1	script-definition	no	-
T_Dungeon	2	script-definition	no	-
T_Dwarven	2	script-definition	no	-
T_EXPENSE	1	script-definition	no	-
T_Earth	3	script-definition	no	-
T_Earth_Encounter_placed	4	script-definition	no	-
T_Earthlibrary	2	script-definition	no	-
T_Edit	1	script-definition	no	-
T_Elevation	1	script-definition	no	-
T_Elven	2	script-definition	no	-
T_Encounter	2	script-definition	no	-
T_Enter	30	script-definition	no	-
T_Enter_new_name	1	script-definition	no	-
T_Exit	56	script-definition	no	-
T_Exit_Game	2	script-definition	no	-
T_Expense_Ale	1	script-definition	no	-
T_Expense_Crystals	1	script-definition	no	-
T_Expense_Gold	1	script-definition	no	-
T_Expenses	1	script-definition	no	-
T_Experiencehelptext	19	script-definition	no	-
T_Fame	1	script-definition	no	-
T_Fight	61	script-definition	no	-
T_Fire	3	script-definition	no	-
T_Fire_Encounter_placed	4	script-definition	no	-
T_Fire_Giant	2	script-definition	no	-
T_Fire_King_Cindrar	1	script-definition	no	-
T_Firelibrary	2	script-definition	no	-
T_Frost_Dragon_cave	1	heuristic-false-positive	no	-
T_Frost_Dragon_cave_placed	1	heuristic-false-positive	no	-
T_Gift	1	script-definition	no	-
T_Give	5	script-definition	no	-
T_Gold	1	script-definition	no	-
T_Gold_Mine	8	script-definition	no	-
T_Golgothan	2	script-definition	no	-
T_Goto	8	script-definition	no	-
T_GreatTemple	21	script-definition	no	-
T_Great_Temple	2	script-definition	no	-
T_Hamlet	3	script-definition	no	-
T_Hitpointshelptext	3	script-definition	no	-
T_Hut	1	script-definition	no	-
T_INCOME	1	script-definition	no	-
T_Income	1	script-definition	no	-
T_Income_Ale	1	script-definition	no	-
T_Income_Crystals	1	script-definition	no	-
T_Income_Fame	1	script-definition	no	-
T_Income_Gold	1	script-definition	no	-
T_Index	2	script-definition	no	-
T_InitializingDungeons	1	script-definition	no	-
T_Join	2	script-definition	no	-
T_LOADING_GAME	1	script-definition	no	-
T_LOADING_GAME_AFTER_COMBAT	1	script-definition	no	-
T_LOADING_MAP	1	script-definition	no	-
T_LOADING_SCENARIO_MAP	1	script-definition	no	-
T_LOADING_SPECIAL_MAP	1	script-definition	no	-
T_LOADING_UNIT_GRAPHICS	1	script-definition	no	-
T_Last_Save	2	script-definition	no	-
T_LdLgd	5	script-definition	no	-
T_Leave	121	script-definition	no	-
T_LegendLimit0helptext	2	script-definition	no	-
T_LegendLimit1helptext	6	script-definition	no	-
T_LegendLimit2helptext	8	script-definition	no	-
T_Legends_of_Urak	2	script-definition	no	-
T_Level	5	script-definition	no	-
T_Life	3	script-definition	no	-
T_Life_Encounter_placed	4	script-definition	no	-
T_Lifelibrary	2	script-definition	no	-
T_Lionel	1	script-definition	no	-
T_Load	3	script-definition	no	-
T_LoadSavedGame	1	script-definition	no	-
T_Load_Game	2	script-definition	no	-
T_Lord	1	script-definition	no	-
T_MageLevel3helptext	4	script-definition	no	-
T_Maintaincosthelptext	9	script-definition	no	-
T_Manahelptext	3	script-definition	no	-
T_Map_Editor	2	script-definition	no	-
T_MaraudingParty_Attack0	4	script-definition	no	-
T_MaraudingParty_Attack1	4	script-definition	no	-
T_MaraudingParty_Attack10	4	script-definition	no	-
T_MaraudingParty_Attack11	4	script-definition	no	-
T_MaraudingParty_Attack12	4	script-definition	no	-
T_MaraudingParty_Attack13	4	script-definition	no	-
T_MaraudingParty_Attack14	4	script-definition	no	-
T_MaraudingParty_Attack15	4	script-definition	no	-
T_MaraudingParty_Attack16	4	script-definition	no	-
T_MaraudingParty_Attack17	4	script-definition	no	-
T_MaraudingParty_Attack18	4	script-definition	no	-
T_MaraudingParty_Attack19	4	script-definition	no	-
T_MaraudingParty_Attack2	4	script-definition	no	-
T_MaraudingParty_Attack3	4	script-definition	no	-
T_MaraudingParty_Attack4	4	script-definition	no	-
T_MaraudingParty_Attack5	4	script-definition	no	-
T_MaraudingParty_Attack6	4	script-definition	no	-
T_MaraudingParty_Attack7	4	script-definition	no	-
T_MaraudingParty_Attack8	4	script-definition	no	-
T_MaraudingParty_Attack9	4	script-definition	no	-
T_MaraudingParty_Defend0	4	script-definition	no	-
T_MaraudingParty_Defend1	4	script-definition	no	-
T_MaraudingParty_Defend10	4	script-definition	no	-
T_MaraudingParty_Defend11	4	script-definition	no	-
T_MaraudingParty_Defend12	4	script-definition	no	-
T_MaraudingParty_Defend13	4	script-definition	no	-
T_MaraudingParty_Defend14	4	script-definition	no	-
T_MaraudingParty_Defend15	4	script-definition	no	-
T_MaraudingParty_Defend16	4	script-definition	no	-
T_MaraudingParty_Defend17	4	script-definition	no	-
T_MaraudingParty_Defend18	4	script-definition	no	-
T_MaraudingParty_Defend19	4	script-definition	no	-
T_MaraudingParty_Defend2	4	script-definition	no	-
T_MaraudingParty_Defend3	4	script-definition	no	-
T_MaraudingParty_Defend4	4	script-definition	no	-
T_MaraudingParty_Defend5	4	script-definition	no	-
T_MaraudingParty_Defend6	4	script-definition	no	-
T_MaraudingParty_Defend7	4	script-definition	no	-
T_MaraudingParty_Defend8	4	script-definition	no	-
T_MaraudingParty_Defend9	4	script-definition	no	-
T_Menu	2	script-definition	no	-
T_Mine	2	script-definition	no	-
T_Movementpointshelptext	3	script-definition	no	-
T_Multi_hermit	3	script-definition	no	-
T_Multiplayer	2	script-definition	no	-
T_Mundane_Ask	1	script-definition	no	-
T_Mundane_No	1	script-definition	no	-
T_Mundane_Yes	1	script-definition	no	-
T_Mushroom_Patch	1	script-definition	no	-
T_NEWGAME	1	script-definition	no	-
T_NeedSpecialbuildinghelptext	3	script-definition	no	-
T_NeedUpgradeSBLDhelptext	3	script-definition	no	-
T_Needdewizhelptext	6	script-definition	no	-
T_New	1	script-definition	no	-
T_New_LOM_Game	2	script-definition	no	-
T_NextArtifacthelptext	6	script-definition	no	-
T_Nextparty	1	script-definition	no	-
T_No	27	script-definition	no	-
T_Nocityforvillage	3	script-definition	no	-
T_Nocontact	2	script-definition	no	-
T_Normal_View	3	script-definition	no	-
T_Notenoughresourcestext	22	script-definition	no	-
T_Nothing	1	script-definition	no	-
T_Notknown	2	script-definition	no	-
T_OK	24	script-definition	no	-
T_OncePerGamehelptext	4	script-definition	no	-
T_Orc_Encounter_placed	1	script-definition	no	-
T_Order	3	script-definition	no	-
T_Order_Encounter_placed	4	script-definition	no	-
T_Orderlibrary	2	script-definition	no	-
T_PHRASE_army_balloonhelp_champion	1	script-definition	no	-
T_PHRASE_army_balloonhelp_champion_escorting_heir	1	script-definition	no	-
T_PHRASE_army_balloonhelp_champion_escorting_leader	1	script-definition	no	-
T_PHRASE_army_balloonhelp_champion_prisoner	4	script-definition	no	-
T_PHRASE_army_balloonhelp_champion_prisoners	4	script-definition	no	-
T_PHRASE_army_balloonhelp_combat_champion	2	script-definition	no	-
T_PHRASE_army_balloonhelp_combat_leader	2	script-definition	no	-
T_PHRASE_army_balloonhelp_combat_military	2	script-definition	no	-
T_PHRASE_army_balloonhelp_combat_non_military	2	script-definition	no	-
T_PHRASE_army_balloonhelp_heir	1	script-definition	no	-
T_PHRASE_army_balloonhelp_heir_escorting_leader	1	script-definition	no	-
T_PHRASE_army_balloonhelp_lord	1	script-definition	no	-
T_PHRASE_army_balloonhelp_party	2	script-definition	no	-
T_PHRASE_army_balloonhelp_renegade_champion	2	script-definition	no	-
T_PHRASE_army_balloonhelp_renegade_party	2	script-definition	no	-
T_PHRASE_barracks_balloonhelp	2	script-definition	no	-
T_PHRASE_bart_dlg_terrainsprite_description	2	script-definition	no	-
T_PHRASE_brain_DPWsuicide_attack_1	1	script-definition	no	-
T_PHRASE_brain_DPWsuicide_attack_2	1	script-definition	no	-
T_PHRASE_brain_DPWsuicide_attack_3	1	script-definition	no	-
T_PHRASE_brain_DPWsuicide_attack_4	1	script-definition	no	-
T_PHRASE_brain_DPWsuicide_attack_5	1	script-definition	no	-
T_PHRASE_brain_DPWsuicide_defend_1	1	script-definition	no	-
T_PHRASE_brain_DPWsuicide_defend_2	1	script-definition	no	-
T_PHRASE_brain_DPWsuicide_defend_3	1	script-definition	no	-
T_PHRASE_brain_DPWsuicide_defend_4	1	script-definition	no	-
T_PHRASE_brain_DPWsuicide_defend_5	1	script-definition	no	-
T_PHRASE_brain_antispy_airegion_attack_1	1	script-definition	no	-
T_PHRASE_brain_antispy_airegion_attack_2	1	script-definition	no	-
T_PHRASE_brain_antispy_airegion_attack_3	1	script-definition	no	-
T_PHRASE_brain_antispy_airegion_attack_4	1	script-definition	no	-
T_PHRASE_brain_antispy_airegion_attack_5	1	script-definition	no	-
T_PHRASE_brain_antispy_airegion_defend_1	1	script-definition	no	-
T_PHRASE_brain_antispy_airegion_defend_2	1	script-definition	no	-
T_PHRASE_brain_antispy_airegion_defend_3	1	script-definition	no	-
T_PHRASE_brain_antispy_airegion_defend_4	1	script-definition	no	-
T_PHRASE_brain_antispy_airegion_defend_5	1	script-definition	no	-
T_PHRASE_brain_antispy_huregion_attack_1	1	script-definition	no	-
T_PHRASE_brain_antispy_huregion_attack_2	1	script-definition	no	-
T_PHRASE_brain_antispy_huregion_attack_3	1	script-definition	no	-
T_PHRASE_brain_antispy_huregion_attack_4	1	script-definition	no	-
T_PHRASE_brain_antispy_huregion_attack_5	1	script-definition	no	-
T_PHRASE_brain_antispy_huregion_defend_1	1	script-definition	no	-
T_PHRASE_brain_antispy_huregion_defend_2	1	script-definition	no	-
T_PHRASE_brain_antispy_huregion_defend_3	1	script-definition	no	-
T_PHRASE_brain_antispy_huregion_defend_4	1	script-definition	no	-
T_PHRASE_brain_antispy_huregion_defend_5	1	script-definition	no	-
T_PHRASE_brain_antispy_noregion_attack_1	1	script-definition	no	-
T_PHRASE_brain_antispy_noregion_attack_2	1	script-definition	no	-
T_PHRASE_brain_antispy_noregion_attack_3	1	script-definition	no	-
T_PHRASE_brain_antispy_noregion_attack_4	1	script-definition	no	-
T_PHRASE_brain_antispy_noregion_attack_5	1	script-definition	no	-
T_PHRASE_brain_antispy_noregion_defend_1	1	script-definition	no	-
T_PHRASE_brain_antispy_noregion_defend_2	1	script-definition	no	-
T_PHRASE_brain_antispy_noregion_defend_3	1	script-definition	no	-
T_PHRASE_brain_antispy_noregion_defend_4	1	script-definition	no	-
T_PHRASE_brain_antispy_noregion_defend_5	1	script-definition	no	-
T_PHRASE_brain_barter_airegion_attack_1	1	script-definition	no	-
T_PHRASE_brain_barter_airegion_attack_2	1	script-definition	no	-
T_PHRASE_brain_barter_airegion_attack_3	1	script-definition	no	-
T_PHRASE_brain_barter_airegion_attack_4	1	script-definition	no	-
T_PHRASE_brain_barter_airegion_attack_5	1	script-definition	no	-
T_PHRASE_brain_barter_airegion_defend_1	1	script-definition	no	-
T_PHRASE_brain_barter_airegion_defend_2	1	script-definition	no	-
T_PHRASE_brain_barter_airegion_defend_3	1	script-definition	no	-
T_PHRASE_brain_barter_airegion_defend_4	1	script-definition	no	-
T_PHRASE_brain_barter_airegion_defend_5	1	script-definition	no	-
T_PHRASE_brain_barter_huregion_attack_1	1	script-definition	no	-
T_PHRASE_brain_barter_huregion_attack_2	1	script-definition	no	-
T_PHRASE_brain_barter_huregion_attack_3	1	script-definition	no	-
T_PHRASE_brain_barter_huregion_attack_4	1	script-definition	no	-
T_PHRASE_brain_barter_huregion_attack_5	1	script-definition	no	-
T_PHRASE_brain_barter_huregion_defend_1	1	script-definition	no	-
T_PHRASE_brain_barter_huregion_defend_2	1	script-definition	no	-
T_PHRASE_brain_barter_huregion_defend_3	1	script-definition	no	-
T_PHRASE_brain_barter_huregion_defend_4	1	script-definition	no	-
T_PHRASE_brain_barter_huregion_defend_5	1	script-definition	no	-
T_PHRASE_brain_barter_noregion_attack_1	1	script-definition	no	-
T_PHRASE_brain_barter_noregion_attack_2	1	script-definition	no	-
T_PHRASE_brain_barter_noregion_attack_3	1	script-definition	no	-
T_PHRASE_brain_barter_noregion_attack_4	1	script-definition	no	-
T_PHRASE_brain_barter_noregion_attack_5	1	script-definition	no	-
T_PHRASE_brain_barter_noregion_defend_1	1	script-definition	no	-
T_PHRASE_brain_barter_noregion_defend_2	1	script-definition	no	-
T_PHRASE_brain_barter_noregion_defend_3	1	script-definition	no	-
T_PHRASE_brain_barter_noregion_defend_4	1	script-definition	no	-
T_PHRASE_brain_barter_noregion_defend_5	1	script-definition	no	-
T_PHRASE_brain_explore_attack_1	1	script-definition	no	-
T_PHRASE_brain_explore_attack_2	1	script-definition	no	-
T_PHRASE_brain_explore_attack_3	1	script-definition	no	-
T_PHRASE_brain_explore_attack_4	1	script-definition	no	-
T_PHRASE_brain_explore_attack_5	1	script-definition	no	-
T_PHRASE_brain_explore_defend_1	1	script-definition	no	-
T_PHRASE_brain_explore_defend_2	1	script-definition	no	-
T_PHRASE_brain_explore_defend_3	1	script-definition	no	-
T_PHRASE_brain_explore_defend_4	1	script-definition	no	-
T_PHRASE_brain_explore_defend_5	1	script-definition	no	-
T_PHRASE_brain_mercdefense_airegion_attack_1	1	script-definition	no	-
T_PHRASE_brain_mercdefense_airegion_attack_2	1	script-definition	no	-
T_PHRASE_brain_mercdefense_airegion_attack_3	1	script-definition	no	-
T_PHRASE_brain_mercdefense_airegion_attack_4	1	script-definition	no	-
T_PHRASE_brain_mercdefense_airegion_attack_5	1	script-definition	no	-
T_PHRASE_brain_mercdefense_airegion_defend_1	1	script-definition	no	-
T_PHRASE_brain_mercdefense_airegion_defend_2	1	script-definition	no	-
T_PHRASE_brain_mercdefense_airegion_defend_3	1	script-definition	no	-
T_PHRASE_brain_mercdefense_airegion_defend_4	1	script-definition	no	-
T_PHRASE_brain_mercdefense_airegion_defend_5	1	script-definition	no	-
T_PHRASE_brain_mercdefense_huregion_1	1	script-definition	no	-
T_PHRASE_brain_mercdefense_huregion_2	1	script-definition	no	-
T_PHRASE_brain_mercdefense_huregion_3	1	script-definition	no	-
T_PHRASE_brain_mercdefense_huregion_4	1	script-definition	no	-
T_PHRASE_brain_mercdefense_huregion_5	1	script-definition	no	-
T_PHRASE_brain_mercdefense_noregion_1	1	script-definition	no	-
T_PHRASE_brain_mercdefense_noregion_2	1	script-definition	no	-
T_PHRASE_brain_mercdefense_noregion_3	1	script-definition	no	-
T_PHRASE_brain_mercdefense_noregion_4	1	script-definition	no	-
T_PHRASE_brain_mercdefense_noregion_5	1	script-definition	no	-
T_PHRASE_brain_mercinvasion_airegion_attack_1	1	script-definition	no	-
T_PHRASE_brain_mercinvasion_airegion_attack_2	1	script-definition	no	-
T_PHRASE_brain_mercinvasion_airegion_attack_3	1	script-definition	no	-
T_PHRASE_brain_mercinvasion_airegion_attack_4	1	script-definition	no	-
T_PHRASE_brain_mercinvasion_airegion_attack_5	1	script-definition	no	-
T_PHRASE_brain_mercinvasion_defend_1	1	script-definition	no	-
T_PHRASE_brain_mercinvasion_defend_2	1	script-definition	no	-
T_PHRASE_brain_mercinvasion_defend_3	1	script-definition	no	-
T_PHRASE_brain_mercinvasion_defend_4	1	script-definition	no	-
T_PHRASE_brain_mercinvasion_defend_5	1	script-definition	no	-
T_PHRASE_brain_mercinvasion_huregion_attack_1	1	script-definition	no	-
T_PHRASE_brain_mercinvasion_huregion_attack_2	1	script-definition	no	-
T_PHRASE_brain_mercinvasion_huregion_attack_3	1	script-definition	no	-
T_PHRASE_brain_mercinvasion_huregion_attack_4	1	script-definition	no	-
T_PHRASE_brain_mercinvasion_huregion_attack_5	1	script-definition	no	-
T_PHRASE_brain_mercinvasion_noregion_attack_1	1	script-definition	no	-
T_PHRASE_brain_mercinvasion_noregion_attack_2	1	script-definition	no	-
T_PHRASE_brain_mercinvasion_noregion_attack_3	1	script-definition	no	-
T_PHRASE_brain_mercinvasion_noregion_attack_4	1	script-definition	no	-
T_PHRASE_brain_mercinvasion_noregion_attack_5	1	script-definition	no	-
T_PHRASE_brain_no_1	1	script-definition	no	-
T_PHRASE_brain_no_2	1	script-definition	no	-
T_PHRASE_brain_no_3	1	script-definition	no	-
T_PHRASE_brain_no_4	1	script-definition	no	-
T_PHRASE_brain_no_5	1	script-definition	no	-
T_PHRASE_brain_pirate_1	1	script-definition	no	-
T_PHRASE_brain_pirate_2	1	script-definition	no	-
T_PHRASE_brain_pirate_3	1	script-definition	no	-
T_PHRASE_brain_pirate_4	1	script-definition	no	-
T_PHRASE_brain_pirate_5	1	script-definition	no	-
T_PHRASE_brain_primary_airegion_attack_1	1	script-definition	no	-
T_PHRASE_brain_primary_airegion_attack_2	1	script-definition	no	-
T_PHRASE_brain_primary_airegion_attack_3	1	script-definition	no	-
T_PHRASE_brain_primary_airegion_attack_4	1	script-definition	no	-
T_PHRASE_brain_primary_airegion_attack_5	1	script-definition	no	-
T_PHRASE_brain_primary_airegion_defend_1	1	script-definition	no	-
T_PHRASE_brain_primary_airegion_defend_2	1	script-definition	no	-
T_PHRASE_brain_primary_airegion_defend_3	1	script-definition	no	-
T_PHRASE_brain_primary_airegion_defend_4	1	script-definition	no	-
T_PHRASE_brain_primary_airegion_defend_5	1	script-definition	no	-
T_PHRASE_brain_primary_huregion_attack_1	1	script-definition	no	-
T_PHRASE_brain_primary_huregion_attack_2	1	script-definition	no	-
T_PHRASE_brain_primary_huregion_attack_3	1	script-definition	no	-
T_PHRASE_brain_primary_huregion_attack_4	1	script-definition	no	-
T_PHRASE_brain_primary_huregion_attack_5	1	script-definition	no	-
T_PHRASE_brain_primary_huregion_defend_1	1	script-definition	no	-
T_PHRASE_brain_primary_huregion_defend_2	1	script-definition	no	-
T_PHRASE_brain_primary_huregion_defend_3	1	script-definition	no	-
T_PHRASE_brain_primary_huregion_defend_4	1	script-definition	no	-
T_PHRASE_brain_primary_huregion_defend_5	1	script-definition	no	-
T_PHRASE_brain_primary_noregion_attack_1	1	script-definition	no	-
T_PHRASE_brain_primary_noregion_attack_2	1	script-definition	no	-
T_PHRASE_brain_primary_noregion_attack_3	1	script-definition	no	-
T_PHRASE_brain_primary_noregion_attack_4	1	script-definition	no	-
T_PHRASE_brain_primary_noregion_attack_5	1	script-definition	no	-
T_PHRASE_brain_primary_noregion_defend_1	1	script-definition	no	-
T_PHRASE_brain_primary_noregion_defend_2	1	script-definition	no	-
T_PHRASE_brain_primary_noregion_defend_3	1	script-definition	no	-
T_PHRASE_brain_primary_noregion_defend_4	1	script-definition	no	-
T_PHRASE_brain_primary_noregion_defend_5	1	script-definition	no	-
T_PHRASE_brain_research_defend_1	1	script-definition	no	-
T_PHRASE_brain_research_defend_2	1	script-definition	no	-
T_PHRASE_brain_research_defend_3	1	script-definition	no	-
T_PHRASE_brain_research_defend_4	1	script-definition	no	-
T_PHRASE_brain_research_defend_5	1	script-definition	no	-
T_PHRASE_brain_revenge_attack_a	1	script-definition	no	-
T_PHRASE_brain_revenge_attack_b	1	script-definition	no	-
T_PHRASE_brain_revenge_defend_a	1	script-definition	no	-
T_PHRASE_brain_revenge_defend_b	1	script-definition	no	-
T_PHRASE_brain_security_anyregion_1	1	script-definition	no	-
T_PHRASE_brain_security_anyregion_2	1	script-definition	no	-
T_PHRASE_brain_security_anyregion_3	1	script-definition	no	-
T_PHRASE_brain_security_anyregion_4	1	script-definition	no	-
T_PHRASE_brain_security_anyregion_5	1	script-definition	no	-
T_PHRASE_brain_solodragon_attack_1	1	script-definition	no	-
T_PHRASE_brain_solodragon_attack_2	1	script-definition	no	-
T_PHRASE_brain_solodragon_attack_3	1	script-definition	no	-
T_PHRASE_brain_solodragon_attack_4	1	script-definition	no	-
T_PHRASE_brain_solodragon_attack_5	1	script-definition	no	-
T_PHRASE_brain_solodragon_defend_1	1	script-definition	no	-
T_PHRASE_brain_solodragon_defend_2	1	script-definition	no	-
T_PHRASE_brain_solodragon_defend_3	1	script-definition	no	-
T_PHRASE_brain_solodragon_defend_4	1	script-definition	no	-
T_PHRASE_brain_solodragon_defend_5	1	script-definition	no	-
T_PHRASE_brain_spy_airegion_defend_1	1	script-definition	no	-
T_PHRASE_brain_spy_airegion_defend_2	1	script-definition	no	-
T_PHRASE_brain_spy_airegion_defend_3	1	script-definition	no	-
T_PHRASE_brain_spy_airegion_defend_4	1	script-definition	no	-
T_PHRASE_brain_spy_airegion_defend_5	1	script-definition	no	-
T_PHRASE_brain_spy_huregion_defend_1	1	script-definition	no	-
T_PHRASE_brain_spy_huregion_defend_2	1	script-definition	no	-
T_PHRASE_brain_spy_huregion_defend_3	1	script-definition	no	-
T_PHRASE_brain_spy_huregion_defend_4	1	script-definition	no	-
T_PHRASE_brain_spy_huregion_defend_5	1	script-definition	no	-
T_PHRASE_brain_spy_noregion_defend_1	1	script-definition	no	-
T_PHRASE_brain_spy_noregion_defend_2	1	script-definition	no	-
T_PHRASE_brain_spy_noregion_defend_3	1	script-definition	no	-
T_PHRASE_brain_spy_noregion_defend_4	1	script-definition	no	-
T_PHRASE_brain_spy_noregion_defend_5	1	script-definition	no	-
T_PHRASE_brain_train_defend_1	1	script-definition	no	-
T_PHRASE_brain_train_defend_2	1	script-definition	no	-
T_PHRASE_brain_train_defend_3	1	script-definition	no	-
T_PHRASE_brain_train_defend_4	1	script-definition	no	-
T_PHRASE_brain_train_defend_5	1	script-definition	no	-
T_PHRASE_brain_transport_attack_1	1	script-definition	no	-
T_PHRASE_brain_transport_attack_2	1	script-definition	no	-
T_PHRASE_brain_transport_attack_3	1	script-definition	no	-
T_PHRASE_brain_transport_attack_4	1	script-definition	no	-
T_PHRASE_brain_transport_attack_5	1	script-definition	no	-
T_PHRASE_brain_transport_defend_1	1	script-definition	no	-
T_PHRASE_brain_transport_defend_2	1	script-definition	no	-
T_PHRASE_brain_transport_defend_3	1	script-definition	no	-
T_PHRASE_brain_transport_defend_4	1	script-definition	no	-
T_PHRASE_brain_transport_defend_5	1	script-definition	no	-
T_PHRASE_city_balloonhelp	2	script-definition	no	-
T_PHRASE_dungeon_balloonhelp	4	script-definition	no	-
T_PHRASE_dungeon_produces_resources	2	script-definition	no	-
T_PHRASE_dungeon_visited_balloonhelp	4	script-definition	no	-
T_PHRASE_editmode_city_balloonhelp	2	script-definition	no	-
T_PHRASE_editmode_dungeon_balloonhelp	2	script-definition	no	-
T_PHRASE_editmode_great_temple_balloonhelp	2	script-definition	no	-
T_PHRASE_editmode_leader_balloonhelp	2	script-definition	no	-
T_PHRASE_editmode_village_balloonhelp	2	script-definition	no	-
T_PHRASE_empty_seat	1	script-definition	no	-
T_PHRASE_empty_seats	1	script-definition	no	-
T_PHRASE_failed_to_load_map	12	script-definition	no	-
T_PHRASE_failed_to_save_map	12	script-definition	no	-
T_PHRASE_followers_arrive	1	script-definition	no	-
T_PHRASE_heir_died	1	script-definition	no	-
T_PHRASE_idle_mage	1	script-definition	no	-
T_PHRASE_idle_mages	1	script-definition	no	-
T_PHRASE_initiate_arrival_part1	1	script-definition	no	-
T_PHRASE_initiate_arrival_part2	1	script-definition	no	-
T_PHRASE_library_balloonhelp	2	script-definition	no	-
T_PHRASE_meet_champion_army	5	script-definition	no	-
T_PHRASE_meet_leader_army	5	script-definition	no	-
T_PHRASE_meet_multiple_units	5	script-definition	no	-
T_PHRASE_meet_one_unit	5	script-definition	no	-
T_PHRASE_neutral_player_death	1	script-definition	no	-
T_PHRASE_no_initiates_arrived	1	script-definition	no	-
T_PHRASE_original_leader_died	1	script-definition	no	-
T_PHRASE_out_of_resources_1_merc	3	script-definition	no	-
T_PHRASE_out_of_resources_1_train	1	script-definition	no	-
T_PHRASE_out_of_resources_2_train	1	script-definition	no	-
T_PHRASE_out_of_resources_3_train	1	script-definition	no	-
T_PHRASE_out_of_resources_4	1	script-definition	no	-
T_PHRASE_player_left_message	1	script-definition	no	-
T_PHRASE_political_effect_barter_accept0	2	script-definition	no	-
T_PHRASE_political_effect_barter_accept1	2	script-definition	no	-
T_PHRASE_political_effect_barter_accept2	2	script-definition	no	-
T_PHRASE_political_effect_barter_accept3	2	script-definition	no	-
T_PHRASE_political_effect_barter_accept4	2	script-definition	no	-
T_PHRASE_political_effect_barter_accept5	2	script-definition	no	-
T_PHRASE_political_effect_barter_accept6	2	script-definition	no	-
T_PHRASE_political_effect_barter_accept_result	2	script-definition	no	-
T_PHRASE_political_effect_barter_propose0	2	script-definition	no	-
T_PHRASE_political_effect_barter_propose1	2	script-definition	no	-
T_PHRASE_political_effect_barter_propose2	2	script-definition	no	-
T_PHRASE_political_effect_barter_propose3	2	script-definition	no	-
T_PHRASE_political_effect_barter_propose4	2	script-definition	no	-
T_PHRASE_political_effect_barter_propose5	2	script-definition	no	-
T_PHRASE_political_effect_barter_propose6	2	script-definition	no	-
T_PHRASE_political_effect_barter_propose_result	2	script-definition	no	-
T_PHRASE_random_dungeon_text	2	script-definition	no	-
T_PHRASE_receive_great_temple_ai	1	script-definition	no	-
T_PHRASE_receive_great_temple_human	1	script-definition	no	-
T_PHRASE_receive_great_temple_human_change_status	1	script-definition	no	-
T_PHRASE_relinquish_great_temple	3	script-definition	no	-
T_PHRASE_relinquish_great_temple_human_change_status	3	script-definition	no	-
T_PHRASE_thieves_guild_balloonhelp	2	script-definition	no	-
T_PHRASE_watch_tower_balloonhelp	2	script-definition	no	-
T_PHRASE_wizards_tower_balloonhelp	2	script-definition	no	-
T_PHRASE_your_building_destroyed	1	script-definition	no	-
T_PHRASE_your_capital_conquered_by_lord	1	script-definition	no	-
T_PHRASE_your_capital_conquered_by_marauders	1	script-definition	no	-
T_PHRASE_your_city_conquered_by_lord	1	script-definition	no	-
T_PHRASE_your_city_conquered_by_marauders	1	script-definition	no	-
T_PHRASE_your_village_conquered_by_lord	1	script-definition	no	-
T_PHRASE_your_village_conquered_by_marauders	1	script-definition	no	-
T_Parley	21	script-definition	no	-
T_Play	1	script-definition	no	-
T_Plea	1	script-definition	no	-
T_PleaseWait	1	script-definition	no	-
T_Please_insert_CD	1	script-definition	no	-
T_Pray	1	script-definition	no	-
T_Prevparty	1	script-definition	no	-
T_Properties	1	script-definition	no	-
T_Properties_help	3	script-definition	no	-
T_Props	2	script-definition	no	-
T_QuestItemhelptext	1	script-definition	no	-
T_QuestRostertext	1	script-definition	no	-
T_RMG	2	script-definition	no	-
T_Random_Dungeons_off	1	script-definition	no	-
T_Random_Dungeons_on	1	script-definition	no	-
T_Rangehelptext	3	script-definition	no	-
T_RelocateArmyMessage0	1	script-definition	no	-
T_RelocateArmyMessage1	1	script-definition	no	-
T_RelocateArmyMessage2	1	script-definition	no	-
T_RelocateArmyMessage3	1	script-definition	no	-
T_RelocateArmyMessage4	1	script-definition	no	-
T_Request	1	script-definition	no	-
T_Rescue	1	script-definition	no	-
T_Restore_Health	3	script-definition	no	-
T_Restore_Mana	3	script-definition	no	-
T_Resync	1	script-definition	no	-
T_Retreat	80	script-definition	no	-
T_SAVING_GAME_BEFORE_COMBAT	1	script-definition	no	-
T_SAVING_MAP	1	script-definition	no	-
T_SBLDEffect_DEATH1	3	script-definition	no	-
T_SBLDEffect_DEATH2	3	script-definition	no	-
T_SBLDEffect_FIRE1	1	script-definition	no	-
T_SBLDEffect_FIRE2	1	script-definition	no	-
T_SBLDEffect_LIFE	6	script-definition	no	-
T_SBLDEffect_ORDER1	1	script-definition	no	-
T_SBLDEffect_ORDER2	1	script-definition	no	-
T_SBLDRequirement_B2	3	script-definition	no	-
T_SBLDRequirement_M2	12	script-definition	no	-
T_SBLDRequirement_Stronghold	3	script-definition	no	-
T_SBLDRequirements	3	script-definition	no	-
T_SBLGMessage0text_AIR	3	script-definition	no	-
T_SBLGMessage0text_CHAOS	5	script-definition	no	-
T_SBLGMessage0text_DEATH	3	script-definition	no	-
T_SBLGMessage0text_EARTH	3	script-definition	no	-
T_SBLGMessage0text_FIRE	3	script-definition	no	-
T_SBLGMessage0text_LIFE	3	script-definition	no	-
T_SBLGMessage0text_ORDER	5	script-definition	no	-
T_SBLGMessage0text_WATER	3	script-definition	no	-
T_SBLGMessage1text_AIR	3	script-definition	no	-
T_SBLGMessage1text_CHAOS	5	script-definition	no	-
T_SBLGMessage1text_DEATH	3	script-definition	no	-
T_SBLGMessage1text_EARTH	3	script-definition	no	-
T_SBLGMessage1text_FIRE	3	script-definition	no	-
T_SBLGMessage1text_LIFE	3	script-definition	no	-
T_SBLGMessage1text_ORDER	5	script-definition	no	-
T_SBLGMessage1text_WATER	3	script-definition	no	-
T_SBLGMessage2text_AIR	3	script-definition	no	-
T_SBLGMessage2text_CHAOS	5	script-definition	no	-
T_SBLGMessage2text_DEATH	3	script-definition	no	-
T_SBLGMessage2text_EARTH	3	script-definition	no	-
T_SBLGMessage2text_FIRE	3	script-definition	no	-
T_SBLGMessage2text_LIFE	3	script-definition	no	-
T_SBLGMessage2text_ORDER	5	script-definition	no	-
T_SBLGMessage2text_WATER	3	script-definition	no	-
T_SBLGMessage3text_AIR	3	script-definition	no	-
T_SBLGMessage3text_CHAOS	3	script-definition	no	-
T_SBLGMessage3text_DEATH	6	script-definition	no	-
T_SBLGMessage3text_EARTH	3	script-definition	no	-
T_SBLGMessage3text_FIRE	3	script-definition	no	-
T_SBLGMessage3text_LIFE	3	script-definition	no	-
T_SBLGMessage3text_ORDER	3	script-definition	no	-
T_SBLGMessage3text_WATER	3	script-definition	no	-
T_SBLGMessage4text_AIR	3	script-definition	no	-
T_SBLGMessage4text_CHAOS	3	script-definition	no	-
T_SBLGMessage4text_DEATH	3	script-definition	no	-
T_SBLGMessage4text_EARTH	3	script-definition	no	-
T_SBLGMessage4text_FIRE	3	script-definition	no	-
T_SBLGMessage4text_LIFE	6	script-definition	no	-
T_SBLGMessage4text_ORDER	3	script-definition	no	-
T_SBLGMessage4text_WATER	3	script-definition	no	-
T_SBLGMessage5text_AIR	3	script-definition	no	-
T_SBLGMessage5text_CHAOS	5	script-definition	no	-
T_SBLGMessage5text_EARTH	3	script-definition	no	-
T_SBLGMessage5text_FIRE	3	script-definition	no	-
T_SBLGMessage5text_LIFE	3	script-definition	no	-
T_SBLGMessage5text_ORDER	3	script-definition	no	-
T_SBLGMessage5text_WATER	3	script-definition	no	-
T_SBLGMessage6text_CHAOS	3	script-definition	no	-
T_SBLGMessage6text_EARTH	3	script-definition	no	-
T_SBLGMessage6text_FIRE	3	script-definition	no	-
T_SBLGMessage6text_ORDER	3	script-definition	no	-
T_SBLGMessage7text_ORDER	3	script-definition	no	-
T_SBLGMessage8text_ORDER	3	script-definition	no	-
T_SBLGUnit_CHAOS	1	script-definition	no	-
T_SBLGUnit_DEATH	3	script-definition	no	-
T_SBLGUnit_FIRE	1	script-definition	no	-
T_SBLGUnit_LIFE	5	script-definition	no	-
T_SBLGUnit_ORDER	3	script-definition	no	-
T_SBLGUnit_WATER	3	script-definition	no	-
T_Sacrifice	1	script-definition	no	-
T_Save	3	script-definition	no	-
T_Scen	6	script-definition	no	-
T_Selectpartyupkeep	1	script-definition	no	-
T_Selectpartyupkeep_Ale	1	script-definition	no	-
T_Selectpartyupkeep_Crystals	1	script-definition	no	-
T_Selectpartyupkeep_Gold	1	script-definition	no	-
T_Showquestrosterhelptext	2	script-definition	no	-
T_Showspecialninfohelptext	3	script-definition	no	-
T_Sir	1	script-definition	no	-
T_SoftwareBlit	4	script-definition	no	-
T_Special	2	script-definition	no	-
T_SpecialBuildingButtontext_AIR	3	script-definition	no	-
T_SpecialBuildingButtontext_CHAOS	3	script-definition	no	-
T_SpecialBuildingButtontext_DEATH	3	script-definition	no	-
T_SpecialBuildingButtontext_FIRE	3	script-definition	no	-
T_SpecialBuildingButtontext_LIFE	3	script-definition	no	-
T_SpecialBuildingButtontext_ORDER	3	script-definition	no	-
T_SpecialBuildingButtontext_WATER	3	script-definition	no	-
T_SpecialBuildingtext_AIR	5	script-definition	no	-
T_SpecialBuildingtext_CHAOS	5	script-definition	no	-
T_SpecialBuildingtext_DEATH	5	script-definition	no	-
T_SpecialBuildingtext_EARTH	5	script-definition	no	-
T_SpecialBuildingtext_FIRE	5	script-definition	no	-
T_SpecialBuildingtext_LIFE	5	script-definition	no	-
T_SpecialBuildingtext_ORDER	5	script-definition	no	-
T_SpecialBuildingtext_WATER	5	script-definition	no	-
T_Spell	2	script-definition	no	-
T_Spider_web	1	script-definition	no	-
T_Spider_web_placed	1	script-definition	no	-
T_Sprites	2	script-definition	no	-
T_Statue	8	script-definition	no	-
T_Storm_Giant	2	script-definition	no	-
T_Strengthhelptext	3	script-definition	no	-
T_Stronghold	1	script-definition	no	-
T_Strongholds	1	script-definition	no	-
T_SvLgd	5	script-definition	no	-
T_Terrain	2	script-definition	no	-
T_This_party_expenses	1	script-definition	no	-
T_Threat	1	script-definition	no	-
T_Tiles	2	script-definition	no	-
T_Tileset	2	script-definition	no	-
T_Total_Followers	1	script-definition	no	-
T_Total_Parties	1	script-definition	no	-
T_Total_Units	1	script-definition	no	-
T_Totalunits	1	script-definition	no	-
T_Totalunitshelptext	1	script-definition	no	-
T_Tower	12	script-definition	no	-
T_Trade	1	script-definition	no	-
T_Treasure	1	script-definition	no	-
T_Troll_Bridge	1	script-definition	no	-
T_UpgradeNowtext	6	script-definition	no	-
T_Upgradetext	15	script-definition	no	-
T_Version	4	script-definition	no	-
T_Village_balloonhelp	2	script-definition	no	-
T_WatchTowerhelptext	1	script-definition	no	-
T_WatchTowertext	5	script-definition	no	-
T_Water	3	script-definition	no	-
T_Water_Encounter_placed	5	script-definition	no	-
T_Water_Tower	1	script-definition	no	-
T_Water_vil	2	script-definition	no	-
T_Waterlibrary	2	script-definition	no	-
T_Wild_Beasts_placed	1	script-definition	no	-
T_Wilderness_Land_placed	1	script-definition	no	-
T_Wilderness_Sea_placed	1	script-definition	no	-
T_Wisdomhelptext	3	script-definition	no	-
T_Witch_tower	1	script-definition	no	-
T_Witch_tower_placed	1	script-definition	no	-
T_XFER_SCENARIO	1	script-definition	no	-
T_Yes	28	script-definition	no	-
T_You_must_first_choose_a_champion_type	1	script-definition	no	-
T_adjust	5	script-definition	no	-
T_alereportthelptext	6	script-definition	no	-
T_arthur	8	script-definition	no	-
T_artifact_fafnir_choice	3	script-definition	no	-
T_artifact_messy_name	3	script-definition	no	-
T_artifact_name_amiensbld	2	script-definition	no	-
T_artifact_name_dragonban	1	script-definition	no	-
T_artifact_name_dreamscrl	2	script-definition	no	-
T_artifact_name_ebelsletter	2	script-definition	no	-
T_artifact_name_gilbertclo	3	script-definition	no	-
T_artifact_name_greenscrf	1	script-definition	no	-
T_artifact_name_holygrail	3	script-definition	no	-
T_artifact_name_kingryonswd	1	script-definition	no	-
T_artifact_name_lionbelt	1	script-definition	no	-
T_artifact_name_longsper	1	script-definition	no	-
T_artifact_name_lovepot	2	script-definition	no	-
T_artifact_name_parzring	2	script-definition	no	-
T_artifact_name_ragnlsans	2	script-definition	no	-
T_artifact_name_shieldofval	1	script-definition	no	-
T_artifact_name_writofcamd	2	script-definition	no	-
T_artifact_sceptlich_name	1	script-definition	no	-
T_attackspells	2	script-definition	no	-
T_autocalcbuttontext	2	script-definition	no	-
T_avelion	5	script-definition	no	-
T_balin	5	script-definition	no	-
T_barters_earth_Accoust_Attack	2	script-definition	no	-
T_barters_earth_Accoust_Attacking	1	script-definition	no	-
T_barters_earth_Accoust_CombatExit	1	script-definition	no	-
T_barters_earth_Accoust_Exit	1	script-definition	no	-
T_barters_earth_Accoust_Lord	4	script-definition	no	-
T_barters_earth_Accoust_NonLord	1	script-definition	no	-
T_barters_earth_Ally	2	script-definition	no	-
T_barters_earth_Comeback	2	script-definition	no	-
T_barters_earth_Conquer	2	script-definition	no	-
T_barters_earth_ElvenCity	4	script-definition	no	-
T_barters_earth_ElvenCity_Attack	4	script-definition	no	-
T_barters_earth_ElvenCity_Attack_Exit	4	script-definition	no	-
T_barters_earth_ElvenCity_Exit	4	script-definition	no	-
T_barters_earth_ElvenParties	2	script-definition	no	-
T_barters_earth_ElvenParties_Attack	3	script-definition	no	-
T_barters_earth_ElvenParties_Attack_Exit	1	script-definition	no	-
T_barters_earth_ElvenParties_Exit	1	script-definition	no	-
T_barters_earth_Evillage	3	script-definition	no	-
T_barters_earth_Evillage_Attack	3	script-definition	no	-
T_barters_earth_Evillage_Attack_Exit	2	script-definition	no	-
T_barters_earth_Evillage_Exit	2	script-definition	no	-
T_barters_earth_KingRetinue	2	script-definition	no	-
T_barters_earth_KingRetinueA	2	script-definition	no	-
T_barters_earth_KingRetinueB	2	script-definition	no	-
T_barters_earth_KingRetinueC	2	script-definition	no	-
T_barters_earth_KingRetinueD	2	script-definition	no	-
T_barters_earth_MercA	1	script-definition	no	-
T_barters_earth_MercB	1	script-definition	no	-
T_barters_earth_Merc_Flee	1	script-definition	no	-
T_barters_earth_NoneBusiness	2	script-definition	no	-
T_barters_earth_Nvillage	3	script-definition	no	-
T_barters_earth_Nvillage_Attack	3	script-definition	no	-
T_barters_earth_Nvillage_Attack_Exit	2	script-definition	no	-
T_barters_earth_Nvillage_Exit	2	script-definition	no	-
T_barters_earth_Orc_Spawn1	1	script-definition	no	-
T_barters_earth_Orc_Spawn2	1	script-definition	no	-
T_barters_earth_Orc_Spawn231	2	script-definition	no	-
T_barters_earth_Orc_Spawn232	2	script-definition	no	-
T_barters_earth_Orc_Spawn233	2	script-definition	no	-
T_barters_earth_Orc_Spawn3	1	script-definition	no	-
T_barters_earth_OrderCity	1	script-definition	no	-
T_barters_earth_OrderCity_Attack	1	script-definition	no	-
T_barters_earth_OrderCity_Exit	2	script-definition	no	-
T_barters_earth_Plainmen	2	script-definition	no	-
T_barters_earth_Plainmen_Attack	2	script-definition	no	-
T_barters_earth_Plainmen_Attacking	2	script-definition	no	-
T_barters_earth_Plainmen_Cancel	1	script-definition	no	-
T_barters_earth_Plainmen_Exit	2	script-definition	no	-
T_barters_earth_Roving	1	script-definition	no	-
T_barters_earth_Roving_Attack	1	script-definition	no	-
T_barters_earth_Roving_Attack_Exit	1	script-definition	no	-
T_barters_earth_Roving_Exit	1	script-definition	no	-
T_barters_earth_SeekTreasure	2	script-definition	no	-
T_barters_earth_Shipmessage	1	script-definition	no	-
T_barters_earth_Ships_Attack	3	script-definition	no	-
T_barters_earth_Ships_AttackExit	1	script-definition	no	-
T_barters_earth_Ships_ComebackOffer	1	script-definition	no	-
T_barters_earth_Ships_Exit	1	script-definition	no	-
T_barters_earth_Ships_LifeDead	1	script-definition	no	-
T_barters_earth_Ships_Lord	2	script-definition	no	-
T_barters_earth_Ships_NonLord	2	script-definition	no	-
T_barters_earth_Spider_Spawn1	1	script-definition	no	-
T_barters_earth_Spider_Spawn2	1	script-definition	no	-
T_barters_earth_Svillage	3	script-definition	no	-
T_barters_earth_Svillage_Attack	3	script-definition	no	-
T_barters_earth_Svillage_Attack_Exit	2	script-definition	no	-
T_barters_earth_Svillage_Exit	2	script-definition	no	-
T_barters_earth_Teleport_Army	1	script-definition	no	-
T_barters_earth_Troll_Spawn1	1	script-definition	no	-
T_barters_earth_Troll_Spawn2	1	script-definition	no	-
T_barters_earth_Vyrm_Destroy1	3	script-definition	no	-
T_barters_earth_Vyrm_Destroy2	3	script-definition	no	-
T_barters_earth_Vyrm_Destroy_Barrack	1	script-definition	no	-
T_barters_earth_Vyrm_Destroy_City	1	script-definition	no	-
T_barters_earth_Vyrm_Destroy_Thieves	1	script-definition	no	-
T_barters_earth_Vyrm_Destroy_Wizard	1	script-definition	no	-
T_barters_earth_Wvillage	3	script-definition	no	-
T_barters_earth_Wvillage_Attack	3	script-definition	no	-
T_barters_earth_Wvillage_Attack_Exit	2	script-definition	no	-
T_barters_earth_Wvillage_Exit	2	script-definition	no	-
T_barters_forge_other_declines	3	script-definition	no	-
T_barters_forge_success	2	script-definition	no	-
T_barters_forge_when_approached	6	script-definition	no	-
T_barters_ladylake_when_approached	1	script-definition	no	-
T_bors	1	script-definition	no	-
T_building	5	script-definition	no	-
T_camelot	2	script-definition	no	-
T_cancel	3	script-definition	no	-
T_cannot_combine_0	1	script-definition	no	-
T_cannot_combine_1	1	script-definition	no	-
T_cannot_combine_10	1	script-definition	no	-
T_cannot_combine_2	1	script-definition	no	-
T_cannot_combine_3	1	script-definition	no	-
T_cannot_combine_4	1	script-definition	no	-
T_cannot_combine_5	1	script-definition	no	-
T_cannot_combine_6	1	script-definition	no	-
T_cannot_combine_7	1	script-definition	no	-
T_cannot_combine_8	1	script-definition	no	-
T_cannot_combine_9	1	script-definition	no	-
T_cannot_combine_strs	1	script-definition	no	-
T_cantmovehelptext	1	script-definition	no	-
T_chalet	1	script-definition	no	-
T_champion	17	script-definition	no	-
T_charedit_but1	2	script-definition	no	-
T_charedit_but2	2	script-definition	no	-
T_charedit_but3	2	script-definition	no	-
T_charedit_but4	2	script-definition	no	-
T_charedit_but5	2	script-definition	no	-
T_charedit_but6	2	script-definition	no	-
T_charedit_but7	4	script-definition	no	-
T_charedit_but8	2	script-definition	no	-
T_charedit_spells	2	script-definition	no	-
T_charedit_str1	2	script-definition	no	-
T_charedit_str2	2	script-definition	no	-
T_charedit_str3	2	script-definition	no	-
T_charedit_str4	2	script-definition	no	-
T_charedit_str5	2	script-definition	no	-
T_charedit_str6	2	script-definition	no	-
T_charedit_str7	2	script-definition	no	-
T_charedit_units	2	script-definition	no	-
T_chooseair	2	script-definition	no	-
T_choosechaos	2	script-definition	no	-
T_choosedeath	2	script-definition	no	-
T_choosedeath2	2	script-definition	no	-
T_chooseearth	2	script-definition	no	-
T_chooseearth2	2	script-definition	no	-
T_choosefire	2	script-definition	no	-
T_choosefire2	2	script-definition	no	-
T_chooselife	2	script-definition	no	-
T_chooseorder	2	script-definition	no	-
T_chooseorder2	2	script-definition	no	-
T_choosewater	2	script-definition	no	-
T_cityalehelptext	1	script-definition	no	-
T_citycrystalshelptext	1	script-definition	no	-
T_cityfamehelptext	1	script-definition	no	-
T_citygoldhelptext	1	script-definition	no	-
T_cityinitiateshelptext	1	script-definition	no	-
T_citymagistratehelptext	1	script-definition	no	-
T_citymarketplacehelptext	1	script-definition	no	-
T_citystrongholdhelptext	1	script-definition	no	-
T_citytavernhelptext	1	script-definition	no	-
T_citytemplehelptext	1	script-definition	no	-
T_cityzoomouthelptext	1	script-definition	no	-
T_combat_paused	4	script-definition	no	-
T_combat_paused_artifact_manipulation_allowed	2	script-definition	no	-
T_confirm_exit_question	6	script-definition	no	-
T_continue	2	script-definition	no	-
T_cost_charedit	4	script-definition	no	-
T_creature	24	script-definition	no	-
T_crystalreportthelptext	6	script-definition	no	-
T_current_attack_spell	1	script-definition	no	-
T_current_defend_spell	1	script-definition	no	-
T_current_general_spell	1	script-definition	no	-
T_current_terraform_spell	1	script-definition	no	-
T_currentturnhelptext	3	script-definition	no	-
T_death_fyi	1	script-definition	no	-
T_debrief_FAME	2	script-definition	no	-
T_debrief_Intellegence_report	2	script-definition	no	-
T_debrief_adversely	4	script-definition	no	-
T_debrief_all_prisoners_killed	2	script-definition	no	-
T_debrief_effect_action	4	script-definition	no	-
T_debrief_effect_action_allies	2	script-definition	no	-
T_debrief_effect_action_enemies	2	script-definition	no	-
T_debrief_effected_allies	2	script-definition	no	-
T_debrief_effected_enemies	2	script-definition	no	-
T_debrief_execute	2	script-definition	no	-
T_debrief_execute_question	2	script-definition	no	-
T_debrief_freepow	2	script-definition	no	-
T_debrief_freepow_question	2	script-definition	no	-
T_debrief_freeprisoner	2	script-definition	no	-
T_debrief_interrogate	2	script-definition	no	-
T_debrief_interrogate_info	2	script-definition	no	-
T_debrief_interrogate_unsucessful	2	script-definition	no	-
T_debrief_knockout	2	script-definition	no	-
T_debrief_knockout_kill	2	script-definition	no	-
T_debrief_knockout_noeffect	2	script-definition	no	-
T_debrief_knockout_question	2	script-definition	no	-
T_debrief_knockout_unconscious	2	script-definition	no	-
T_debrief_noinfo	2	script-definition	no	-
T_debrief_slightly	4	script-definition	no	-
T_debrief_some_prisoners_killed	2	script-definition	no	-
T_debrief_spy	2	script-definition	no	-
T_debrief_spy_combat	2	script-definition	no	-
T_debrief_spy_prisoner	2	script-definition	no	-
T_debrief_spy_successful	2	script-definition	no	-
T_debrief_spy_unsuccessful	2	script-definition	no	-
T_debrief_steal	2	script-definition	no	-
T_debrief_stealing_combat	2	script-definition	no	-
T_debrief_stealing_prisoner	2	script-definition	no	-
T_debrief_stealing_successful	2	script-definition	no	-
T_debrief_torture	2	script-definition	no	-
T_debrief_torture_info	2	script-definition	no	-
T_debrief_torture_unsucessful	2	script-definition	no	-
T_defensespells	2	script-definition	no	-
T_demand	3	script-definition	no	-
T_disbandhelptext	3	script-definition	no	-
T_dontshowtext	23	script-definition	no	-
T_dungeon	5	script-definition	no	-
T_earth_fyi	1	script-definition	no	-
T_economicreporthelptext	2	script-definition	no	-
T_editor_new_button_help	3	script-definition	no	-
T_elaine	2	script-definition	no	-
T_elevation	3	script-definition	no	-
T_encounter	5	script-definition	no	-
T_end_of_combat_question	2	script-definition	no	-
T_end_of_level_text	2	script-definition	no	-
T_endturnhelptext	5	script-definition	no	-
T_exit	13	script-definition	no	-
T_exit_button_help	3	script-definition	no	-
T_exitlibrary	2	script-definition	no	-
T_explain_lucky_survivor	2	script-definition	no	-
T_famereportthelptext	6	script-definition	no	-
T_filter	1	script-definition	no	-
T_fire_fyi	1	script-definition	no	-
T_flee_area	2	script-definition	no	-
T_fleetext	2	script-definition	no	-
T_fyi_buttonhelp	1	script-definition	no	-
T_fyi_title	1	script-definition	no	-
T_gaidon	1	script-definition	no	-
T_galahad	1	script-definition	no	-
T_gawain	2	script-definition	no	-
T_gen_cavern	8	script-definition	no	-
T_generalspells	2	script-definition	no	-
T_german_fyi	1	script-definition	no	-
T_gettherehelptext	1	script-definition	no	-
T_gift	3	script-definition	no	-
T_givescept	1	script-definition	no	-
T_globalalehelptext	2	script-definition	no	-
T_globalcrystalshelptext	2	script-definition	no	-
T_globalfamehelptext	2	script-definition	no	-
T_globalgoldhelptext	2	script-definition	no	-
T_globalinitshelptext	1	script-definition	no	-
T_goldreportthelptext	6	script-definition	no	-
T_gotohelptext	1	script-definition	no	-
T_grand_estate	6	script-definition	no	-
T_guenever_statue	1	script-definition	no	-
T_guenever_statue_unknown_name	1	script-definition	no	-
T_gunther	2	script-definition	no	-
T_hbarrow	2	script-definition	no	-
T_health	2	script-definition	no	-
T_hotkey_title	1	script-definition	no	-
T_index	5	script-definition	no	-
T_initiates_with_multiple_cities	1	script-definition	no	-
T_initiates_with_one_city	1	script-definition	no	-
T_initsreportthelptext	4	script-definition	no	-
T_intelreporthelptext	2	script-definition	no	-
T_keepscept	1	script-definition	no	-
T_lancelot	4	script-definition	no	-
T_large_estate	5	script-definition	no	-
T_last_save	3	script-definition	no	-
T_leaderdesctext	1	script-definition	no	-
T_leave	1	script-definition	no	-
T_leavecombat	2	script-definition	no	-
T_leperous_lady	1	script-definition	no	-
T_level	5	script-definition	no	-
T_life_estate	1	script-definition	no	-
T_load	5	script-definition	no	-
T_load_map	12	script-definition	no	-
T_load_map_help	3	script-definition	no	-
T_longmovehelptext	3	script-definition	no	-
T_lou_air_easy	1	script-definition	no	-
T_lou_air_hard	1	script-definition	no	-
T_lou_air_medium	1	script-definition	no	-
T_lou_air_new	1	script-definition	no	-
T_lou_chaos_easy	1	script-definition	no	-
T_lou_chaos_hard	1	script-definition	no	-
T_lou_chaos_medium	1	script-definition	no	-
T_lou_chaos_new	1	script-definition	no	-
T_lou_death	1	script-definition	no	-
T_lou_death_easy	1	script-definition	no	-
T_lou_death_hard	1	script-definition	no	-
T_lou_death_medium	1	script-definition	no	-
T_lou_death_new	1	script-definition	no	-
T_lou_earth	1	script-definition	no	-
T_lou_earth_easy	1	script-definition	no	-
T_lou_earth_hard	1	script-definition	no	-
T_lou_earth_medium	1	script-definition	no	-
T_lou_earth_new	1	script-definition	no	-
T_lou_fire	1	script-definition	no	-
T_lou_fire_easy	1	script-definition	no	-
T_lou_fire_hard	1	script-definition	no	-
T_lou_fire_medium	1	script-definition	no	-
T_lou_fire_new	1	script-definition	no	-
T_lou_german	1	script-definition	no	-
T_lou_life_easy	1	script-definition	no	-
T_lou_life_hard	1	script-definition	no	-
T_lou_life_medium	1	script-definition	no	-
T_lou_life_new	1	script-definition	no	-
T_lou_order	1	script-definition	no	-
T_lou_order_easy	1	script-definition	no	-
T_lou_order_hard	1	script-definition	no	-
T_lou_order_medium	1	script-definition	no	-
T_lou_order_new	1	script-definition	no	-
T_lou_water_easy	1	script-definition	no	-
T_lou_water_hard	1	script-definition	no	-
T_lou_water_medium	1	script-definition	no	-
T_lou_water_new	1	script-definition	no	-
T_lvl	7	script-definition	no	-
T_mage_text	1	script-definition	no	-
T_mages_dependent_on_level	1	script-definition	no	-
T_mageselecttext	1	script-definition	no	-
T_magistratehelptext	2	script-definition	no	-
T_markethelptext	2	script-definition	no	-
T_maxlvl	1	script-definition	no	-
T_memwarningstr1	1	script-definition	no	-
T_memwarningstr2	1	script-definition	no	-
T_memwarningtitle	1	script-definition	no	-
T_menu	5	script-definition	no	-
T_merlin	4	script-definition	no	-
T_military	18	script-definition	no	-
T_modem_game_name	1	script-definition	no	-
T_modem_title	1	script-definition	no	-
T_nascien	1	script-definition	no	-
T_netgmdlg_title	1	script-definition	no	-
T_new	6	script-definition	no	-
T_new_game	5	script-definition	no	-
T_new_scenario	3	script-definition	no	-
T_nexthelptext	1	script-definition	no	-
T_nimue	1	script-definition	no	-
T_no_spawn_monsters	1	script-definition	no	-
T_order_aimed_attack	1	script-definition	no	-
T_order_berserk	1	script-definition	no	-
T_order_cast_breath	1	script-definition	no	-
T_order_cave	2	script-definition	no	-
T_order_defend	1	script-definition	no	-
T_order_detect_thief	1	script-definition	no	-
T_order_execute	1	script-definition	no	-
T_order_free_prisoner	1	script-definition	no	-
T_order_fyi	1	script-definition	no	-
T_order_group_attack	1	script-definition	no	-
T_order_group_defend	1	script-definition	no	-
T_order_group_missile	1	script-definition	no	-
T_order_group_subdue	1	script-definition	no	-
T_order_interrogate	1	script-definition	no	-
T_order_knockout	1	script-definition	no	-
T_order_legend_champion_Balin	1	script-definition	no	-
T_order_normal_attack	1	script-definition	no	-
T_order_rally	1	script-definition	no	-
T_order_spit_web	1	script-definition	no	-
T_order_stealth	1	script-definition	no	-
T_order_subdue_attack	1	script-definition	no	-
T_order_surrender	1	script-definition	no	-
T_order_torture	1	script-definition	no	-
T_order_transfer_artifacts	1	script-definition	no	-
T_order_use_left_artifact	1	script-definition	no	-
T_order_use_right_artifact	1	script-definition	no	-
T_order_view_building	1	script-definition	no	-
T_outinworld2helptext	1	script-definition	no	-
T_outinworldhelptext	1	script-definition	no	-
T_overlandspells	2	script-definition	no	-
T_pagedownhelptext	3	script-definition	no	-
T_pageuphelptext	3	script-definition	no	-
T_panel10atext	1	script-definition	no	-
T_panel10text	1	script-definition	no	-
T_panel11text	1	script-definition	no	-
T_panel12text	1	script-definition	no	-
T_panel13text	1	script-definition	no	-
T_panel14text	1	script-definition	no	-
T_panel15text	1	script-definition	no	-
T_panel16text	1	script-definition	no	-
T_panel4text	1	script-definition	no	-
T_panel5text	1	script-definition	no	-
T_panel6text	1	script-definition	no	-
T_panel7atext	1	script-definition	no	-
T_panel7btext	1	script-definition	no	-
T_panel7ctext	1	script-definition	no	-
T_panel8text	1	script-definition	no	-
T_panel9text	1	script-definition	no	-
T_panelSH11text	1	script-definition	no	-
T_panelSH6text	1	script-definition	no	-
T_panelSH7atext	1	script-definition	no	-
T_panelSH7btext	1	script-definition	no	-
T_panelSH7ctext	1	script-definition	no	-
T_panelSH8text	1	script-definition	no	-
T_parziful	1	script-definition	no	-
T_pauseresumetext	2	script-definition	no	-
T_pellinor	1	script-definition	no	-
T_place	1	script-definition	no	-
T_plea	3	script-definition	no	-
T_points	6	script-definition	no	-
T_politicalreportthelptext	2	script-definition	no	-
T_prevhelptext	1	script-definition	no	-
T_prisoner_cant_interrogate_message	1	script-definition	no	-
T_prisoner_cant_torture_message	1	script-definition	no	-
T_props	5	script-definition	no	-
T_quest_buffer_buttonhelp	1	script-definition	no	-
T_reforge	1	script-definition	no	-
T_regin	3	script-definition	no	-
T_request	3	script-definition	no	-
T_researchhelptext	1	script-definition	no	-
T_restart	4	script-definition	no	-
T_resthelptext	1	script-definition	no	-
T_resync_not_possible_message	2	script-definition	no	-
T_rmg	5	script-definition	no	-
T_robbed_message	2	script-definition	no	-
T_save	5	script-definition	no	-
T_save_map_help	3	script-definition	no	-
T_scenario_air_description	1	script-definition	no	-
T_scenario_air_name	1	script-definition	no	-
T_scenario_chaos_description	1	script-definition	no	-
T_scenario_chaos_name	1	script-definition	no	-
T_scenario_death_altarofsacrifice_cantuse1	1	script-definition	no	-
T_scenario_death_altarofsacrifice_cantuse2	1	script-definition	no	-
T_scenario_death_altarofsacrifice_enter	1	script-definition	no	-
T_scenario_death_altarofsacrifice_used	1	script-definition	no	-
T_scenario_death_caves_enter1	1	script-definition	no	-
T_scenario_death_caves_enter2	1	script-definition	no	-
T_scenario_death_caves_enter3	1	script-definition	no	-
T_scenario_death_caves_enter4	1	script-definition	no	-
T_scenario_death_caves_enter5	1	script-definition	no	-
T_scenario_death_caves_enter6	1	script-definition	no	-
T_scenario_death_caves_name	1	script-definition	no	-
T_scenario_death_description	1	script-definition	no	-
T_scenario_death_easystatue_enter	1	script-definition	no	-
T_scenario_death_easystatue_win	1	script-definition	no	-
T_scenario_death_encounter2_name	1	script-definition	no	-
T_scenario_death_encounter2_unknown_name	1	script-definition	no	-
T_scenario_death_encounter3_name	1	script-definition	no	-
T_scenario_death_encounter3_unknown_name	1	script-definition	no	-
T_scenario_death_encounter4a_name	1	script-definition	no	-
T_scenario_death_encounter4a_unknown_name	1	script-definition	no	-
T_scenario_death_encounter4bc_name	2	script-definition	no	-
T_scenario_death_encounter4bc_unknown_name	2	script-definition	no	-
T_scenario_death_encounter5_name	1	script-definition	no	-
T_scenario_death_encounter5_unknown_name	1	script-definition	no	-
T_scenario_death_gendeath_name	1	script-definition	no	-
T_scenario_death_gendeath_unknown_name	1	script-definition	no	-
T_scenario_death_golgotgha_dream	1	script-definition	no	-
T_scenario_death_greattemple_name	1	script-definition	no	-
T_scenario_death_hardstatue_enter	1	script-definition	no	-
T_scenario_death_hardstatue_win	1	script-definition	no	-
T_scenario_death_king_comeback	1	script-definition	no	-
T_scenario_death_king_enter	1	script-definition	no	-
T_scenario_death_king_give	1	script-definition	no	-
T_scenario_death_king_keep	1	script-definition	no	-
T_scenario_death_king_noleader	1	script-definition	no	-
T_scenario_death_king_noscept	1	script-definition	no	-
T_scenario_death_lichcave_enter	1	script-definition	no	-
T_scenario_death_lichcave_noleader	1	script-definition	no	-
T_scenario_death_lichcave_win	1	script-definition	no	-
T_scenario_death_liqueen_enter	2	script-definition	no	-
T_scenario_death_name	1	script-definition	no	-
T_scenario_earth_Accoust_ThiefName	2	script-definition	no	-
T_scenario_earth_Aegir	1	script-definition	no	-
T_scenario_earth_Animal	2	script-definition	no	-
T_scenario_earth_Animal_Exit	2	script-definition	no	-
T_scenario_earth_Barracks	1	script-definition	no	-
T_scenario_earth_Barracks_Win	1	script-definition	no	-
T_scenario_earth_Barrows1	1	script-definition	no	-
T_scenario_earth_Barrows2	1	script-definition	no	-
T_scenario_earth_Barrows_Passage	1	script-definition	no	-
T_scenario_earth_Barrows_Win1	1	script-definition	no	-
T_scenario_earth_Barrows_Win2	1	script-definition	no	-
T_scenario_earth_ElvenFortress	1	script-definition	no	-
T_scenario_earth_ElvenFortress_Win	1	script-definition	no	-
T_scenario_earth_ElvenGolMine	1	script-definition	no	-
T_scenario_earth_ElvenGolMine_Win	1	script-definition	no	-
T_scenario_earth_GrendelLair	1	script-definition	no	-
T_scenario_earth_GrendelLair_Win	1	script-definition	no	-
T_scenario_earth_Hermod_Exit1	3	script-definition	no	-
T_scenario_earth_Hermod_Exit2	3	script-definition	no	-
T_scenario_earth_Hermod_Flee	2	script-definition	no	-
T_scenario_earth_Hermod_Lock	1	script-definition	no	-
T_scenario_earth_Hermod_Open1	1	script-definition	no	-
T_scenario_earth_Hermod_Open2	2	script-definition	no	-
T_scenario_earth_Hermod_Open3	2	script-definition	no	-
T_scenario_earth_Home	1	script-definition	no	-
T_scenario_earth_Home_name	1	script-definition	no	-
T_scenario_earth_Hrothgar	1	script-definition	no	-
T_scenario_earth_Hrothgar_Win	1	script-definition	no	-
T_scenario_earth_OrcCaves11	1	script-definition	no	-
T_scenario_earth_OrcCaves12	1	script-definition	no	-
T_scenario_earth_OrcCaves13	1	script-definition	no	-
T_scenario_earth_OrcCaves2	1	script-definition	no	-
T_scenario_earth_OrcCaves2_CombatExit	1	script-definition	no	-
T_scenario_earth_OrcCaves31	1	script-definition	no	-
T_scenario_earth_OrcCaves32	1	script-definition	no	-
T_scenario_earth_OrcCaves33	1	script-definition	no	-
T_scenario_earth_OrcCaves3_CombatExit	1	script-definition	no	-
T_scenario_earth_OrcCity1	1	script-definition	no	-
T_scenario_earth_OrcCity1Exit	1	script-definition	no	-
T_scenario_earth_OrcCity2	1	script-definition	no	-
T_scenario_earth_OrcCity2Exit	1	script-definition	no	-
T_scenario_earth_OrcWarrior	1	script-definition	no	-
T_scenario_earth_OrcWarriorName	1	script-definition	no	-
T_scenario_earth_OrcWarrior_Win	1	script-definition	no	-
T_scenario_earth_OrderTemple	1	script-definition	no	-
T_scenario_earth_OrderTempleB	1	script-definition	no	-
T_scenario_earth_OrderTempleB_Attack_Exit	1	script-definition	no	-
T_scenario_earth_OrderTemple_Attack	1	script-definition	no	-
T_scenario_earth_OrderTemple_Attack_Exit	1	script-definition	no	-
T_scenario_earth_OrderTemple_Exit	1	script-definition	no	-
T_scenario_earth_Pantry	1	script-definition	no	-
T_scenario_earth_Pantry_Win	1	script-definition	no	-
T_scenario_earth_Plainmen_FighterName	1	script-definition	no	-
T_scenario_earth_Recluse1	1	script-definition	no	-
T_scenario_earth_Recluse2	1	script-definition	no	-
T_scenario_earth_Recluse_Win	1	script-definition	no	-
T_scenario_earth_RuinedFort	1	script-definition	no	-
T_scenario_earth_RuinedFort_Win	1	script-definition	no	-
T_scenario_earth_Ships_FighterName	2	script-definition	no	-
T_scenario_earth_Ships_ThiefName	2	script-definition	no	-
T_scenario_earth_Ships_WizardName	2	script-definition	no	-
T_scenario_earth_SpiderWebs0	1	script-definition	no	-
T_scenario_earth_SpiderWebs1	1	script-definition	no	-
T_scenario_earth_SpiderWebs2	1	script-definition	no	-
T_scenario_earth_SwampCaves0	1	script-definition	no	-
T_scenario_earth_SwampCaves1	1	script-definition	no	-
T_scenario_earth_SwampCaves2	1	script-definition	no	-
T_scenario_earth_Thieves	1	script-definition	no	-
T_scenario_earth_Thieves_Win	1	script-definition	no	-
T_scenario_earth_TrollCave11	5	script-definition	no	-
T_scenario_earth_TrollCave12	5	script-definition	no	-
T_scenario_earth_TrollCave13	5	script-definition	no	-
T_scenario_earth_TrollCave2	1	script-definition	no	-
T_scenario_earth_TrollCave3	1	script-definition	no	-
T_scenario_earth_TrollCave_Win2	1	script-definition	no	-
T_scenario_earth_TrollCave_Win4	1	script-definition	no	-
T_scenario_earth_Vyrm	1	script-definition	no	-
T_scenario_earth_VyrmAttack	2	script-definition	no	-
T_scenario_earth_WizardTower	1	script-definition	no	-
T_scenario_earth_WizardTower_Win	1	script-definition	no	-
T_scenario_earth_accosted_elves_name	1	script-definition	no	-
T_scenario_earth_accosted_elves_unknown_name	1	script-definition	no	-
T_scenario_earth_animal_den1_name	1	script-definition	no	-
T_scenario_earth_animal_den1_unknown_name	1	script-definition	no	-
T_scenario_earth_animal_den2_name	1	script-definition	no	-
T_scenario_earth_animal_den2_unknown_name	1	script-definition	no	-
T_scenario_earth_barrows_name	2	script-definition	no	-
T_scenario_earth_description	1	script-definition	no	-
T_scenario_earth_earth_encounter_name	1	script-definition	no	-
T_scenario_earth_earth_encounter_unknown_name	1	script-definition	no	-
T_scenario_earth_east_village_name	2	script-definition	no	-
T_scenario_earth_elven_city_name	1	script-definition	no	-
T_scenario_earth_elven_fortress_name	1	script-definition	no	-
T_scenario_earth_elven_gold_mine	1	script-definition	no	-
T_scenario_earth_elven_gold_mine_unknown_name	1	script-definition	no	-
T_scenario_earth_elven_parties_name	1	script-definition	no	-
T_scenario_earth_gentroll_name	1	script-definition	no	-
T_scenario_earth_gentroll_unknown_name	1	script-definition	no	-
T_scenario_earth_grendels_lair_name	1	script-definition	no	-
T_scenario_earth_grendels_lair_unknown_name	1	script-definition	no	-
T_scenario_earth_hermods_barrow_name	2	script-definition	no	-
T_scenario_earth_hermods_barrow_unknown_name	2	script-definition	no	-
T_scenario_earth_hrothgars_greathall_name	1	script-definition	no	-
T_scenario_earth_hrothgars_greathall_unknown_name	1	script-definition	no	-
T_scenario_earth_ivalds_web_name	1	script-definition	no	-
T_scenario_earth_ivalds_web_unknown_name	1	script-definition	no	-
T_scenario_earth_kings_retinue_name	1	script-definition	no	-
T_scenario_earth_merc_guild_name	1	script-definition	no	-
T_scenario_earth_merc_guild_unknown_name	1	script-definition	no	-
T_scenario_earth_name	1	script-definition	no	-
T_scenario_earth_north_village_name	2	script-definition	no	-
T_scenario_earth_orc_barrack_name	1	script-definition	no	-
T_scenario_earth_orc_caves_name	3	script-definition	no	-
T_scenario_earth_orc_city_name	2	script-definition	no	-
T_scenario_earth_orc_thieves_guild_name	1	script-definition	no	-
T_scenario_earth_orc_warrior_name	1	script-definition	no	-
T_scenario_earth_orc_warrior_unknown_name	1	script-definition	no	-
T_scenario_earth_orc_wizard_tower_name	1	script-definition	no	-
T_scenario_earth_order_city_name	1	script-definition	no	-
T_scenario_earth_order_gta_name	1	script-definition	no	-
T_scenario_earth_order_gtb_name	1	script-definition	no	-
T_scenario_earth_reclusive_mage_name	1	script-definition	no	-
T_scenario_earth_reclusive_mage_unknown_name	1	script-definition	no	-
T_scenario_earth_roving_order_name	1	script-definition	no	-
T_scenario_earth_ruined_elvenfortress_name	1	script-definition	no	-
T_scenario_earth_ships_forsale_name	1	script-definition	no	-
T_scenario_earth_ships_forsale_unknown_name	1	script-definition	no	-
T_scenario_earth_south_village_name	2	script-definition	no	-
T_scenario_earth_spider_webs_name	1	script-definition	no	-
T_scenario_earth_swamp_caves_name	1	script-definition	no	-
T_scenario_earth_troll_caves_name	1	script-definition	no	-
T_scenario_earth_troll_caves_unknown_name	1	script-definition	no	-
T_scenario_earth_village_plainsmen_name	1	script-definition	no	-
T_scenario_earth_village_plainsmen_unknown_name	1	script-definition	no	-
T_scenario_earth_vyrm_attacks_name	1	script-definition	no	-
T_scenario_earth_vyrm_attacks_unknown_name	1	script-definition	no	-
T_scenario_earth_west_village_name	2	script-definition	no	-
T_scenario_fire_audience_king_attack	1	script-definition	no	-
T_scenario_fire_audience_king_enter_1	1	script-definition	no	-
T_scenario_fire_audience_king_enter_2	1	script-definition	no	-
T_scenario_fire_audience_king_exit_1	1	script-definition	no	-
T_scenario_fire_audience_king_exit_2	1	script-definition	no	-
T_scenario_fire_audience_king_flee	1	script-definition	no	-
T_scenario_fire_audience_king_name	1	script-definition	no	-
T_scenario_fire_audience_king_no_leader	1	script-definition	no	-
T_scenario_fire_audience_king_revist	1	script-definition	no	-
T_scenario_fire_audience_king_win	1	script-definition	no	-
T_scenario_fire_barter_kraken_attack	1	script-definition	no	-
T_scenario_fire_barter_kraken_exit	1	script-definition	no	-
T_scenario_fire_cave2_enter	1	script-definition	no	-
T_scenario_fire_cave2_exit	1	script-definition	no	-
T_scenario_fire_cave2_name	1	script-definition	no	-
T_scenario_fire_cave_enter	1	script-definition	no	-
T_scenario_fire_cave_name	1	script-definition	no	-
T_scenario_fire_description	1	script-definition	no	-
T_scenario_fire_devillage_attack	1	script-definition	no	-
T_scenario_fire_devillage_name	1	script-definition	no	-
T_scenario_fire_devillage_unknown_name	1	script-definition	no	-
T_scenario_fire_devillage_win	1	script-definition	no	-
T_scenario_fire_dragon_enter	1	script-definition	no	-
T_scenario_fire_dragon_lose	1	script-definition	no	-
T_scenario_fire_dragon_name	1	script-definition	no	-
T_scenario_fire_dragon_win	1	script-definition	no	-
T_scenario_fire_eavillage_attack_1	1	script-definition	no	-
T_scenario_fire_eavillage_attack_2	1	script-definition	no	-
T_scenario_fire_eavillage_enter_1	1	script-definition	no	-
T_scenario_fire_eavillage_enter_2	1	script-definition	no	-
T_scenario_fire_eavillage_exit_1	1	script-definition	no	-
T_scenario_fire_eavillage_exit_2	1	script-definition	no	-
T_scenario_fire_eavillage_name	1	script-definition	no	-
T_scenario_fire_eavillage_unknown_name	1	script-definition	no	-
T_scenario_fire_eavillage_win_1	1	script-definition	no	-
T_scenario_fire_eavillage_win_2	1	script-definition	no	-
T_scenario_fire_fire_encounter_name	1	script-definition	no	-
T_scenario_fire_forge_alt_name	1	script-definition	no	-
T_scenario_fire_forge_attack	2	script-definition	no	-
T_scenario_fire_forge_enter	1	script-definition	no	-
T_scenario_fire_forge_lose	1	script-definition	no	-
T_scenario_fire_forge_name	1	script-definition	no	-
T_scenario_fire_forge_no_leader	1	script-definition	no	-
T_scenario_fire_forge_use_forge	2	script-definition	no	-
T_scenario_fire_forge_win	1	script-definition	no	-
T_scenario_fire_forgealt_enter1	1	script-definition	no	-
T_scenario_fire_forgealt_enter2	1	script-definition	no	-
T_scenario_fire_gateway_enter_1	2	script-definition	no	-
T_scenario_fire_gateway_enter_2	2	script-definition	no	-
T_scenario_fire_gateway_enter_3	2	script-definition	no	-
T_scenario_fire_gateway_name	4	script-definition	no	-
T_scenario_fire_gateway_unknown_name	4	script-definition	no	-
T_scenario_fire_gateway_win	2	script-definition	no	-
T_scenario_fire_kraken_enter	3	script-definition	no	-
T_scenario_fire_kraken_name	1	script-definition	no	-
T_scenario_fire_name	1	script-definition	no	-
T_scenario_fire_temple_enter	1	script-definition	no	-
T_scenario_fire_temple_name	1	script-definition	no	-
T_scenario_fire_temple_win	1	script-definition	no	-
T_scenario_hidden_atilla_enter	6	script-definition	no	-
T_scenario_hidden_atilla_flee	2	script-definition	no	-
T_scenario_hidden_atilla_name	1	script-definition	no	-
T_scenario_hidden_axecave_enter	1	script-definition	no	-
T_scenario_hidden_axecave_name	1	script-definition	no	-
T_scenario_hidden_axecave_unknown_name	1	script-definition	no	-
T_scenario_hidden_axecave_win	1	script-definition	no	-
T_scenario_hidden_brunhilde_enter	1	script-definition	no	-
T_scenario_hidden_brunhilde_name	1	script-definition	no	-
T_scenario_hidden_brunhilde_unknown_name	1	script-definition	no	-
T_scenario_hidden_brunhilde_win	1	script-definition	no	-
T_scenario_hidden_cave1	1	script-definition	no	-
T_scenario_hidden_cave1_unknown_name	1	script-definition	no	-
T_scenario_hidden_description	1	script-definition	no	-
T_scenario_hidden_fafnir_choicea	1	script-definition	no	-
T_scenario_hidden_fafnir_choicea_enter	1	script-definition	no	-
T_scenario_hidden_fafnir_choicea_win	1	script-definition	no	-
T_scenario_hidden_fafnir_choiceb	1	script-definition	no	-
T_scenario_hidden_fafnir_choiceb_enter	1	script-definition	no	-
T_scenario_hidden_fafnir_choiceb_win	1	script-definition	no	-
T_scenario_hidden_fafnir_enter	1	script-definition	no	-
T_scenario_hidden_fafnir_enter2	1	script-definition	no	-
T_scenario_hidden_fafnir_leaderdies	1	script-definition	no	-
T_scenario_hidden_fafnir_name	1	script-definition	no	-
T_scenario_hidden_fafnir_name2	1	script-definition	no	-
T_scenario_hidden_fafnir_unknown_name	1	script-definition	no	-
T_scenario_hidden_fafnir_win	1	script-definition	no	-
T_scenario_hidden_grimhilde_enter	1	script-definition	no	-
T_scenario_hidden_grimhilde_name	1	script-definition	no	-
T_scenario_hidden_grimhilde_unknown_name	1	script-definition	no	-
T_scenario_hidden_grimhilde_win	1	script-definition	no	-
T_scenario_hidden_hagan_enter	5	script-definition	no	-
T_scenario_hidden_hagan_flee	2	script-definition	no	-
T_scenario_hidden_hagan_lose	2	script-definition	no	-
T_scenario_hidden_hagan_name	1	script-definition	no	-
T_scenario_hidden_hagan_unknown_name	1	script-definition	no	-
T_scenario_hidden_hagan_win	2	script-definition	no	-
T_scenario_hidden_hildebrand_enter	1	script-definition	no	-
T_scenario_hidden_hildebrand_name	1	script-definition	no	-
T_scenario_hidden_hildebrand_win	2	script-definition	no	-
T_scenario_hidden_hiordishouse_enter1	1	script-definition	no	-
T_scenario_hidden_hiordishouse_enter2	1	script-definition	no	-
T_scenario_hidden_hiordishouse_enter3	1	script-definition	no	-
T_scenario_hidden_hiordishouse_enter4	1	script-definition	no	-
T_scenario_hidden_hiordishouse_forged	1	script-definition	no	-
T_scenario_hidden_hiordishouse_name	1	script-definition	no	-
T_scenario_hidden_hiordishouse_noleader	1	script-definition	no	-
T_scenario_hidden_hiordishouse_unknown_name	1	script-definition	no	-
T_scenario_hidden_hiordishouse_win	1	script-definition	no	-
T_scenario_hidden_hirodis_attack	2	script-definition	no	-
T_scenario_hidden_lyngvi_enter	1	script-definition	no	-
T_scenario_hidden_lyngvi_name	1	script-definition	no	-
T_scenario_hidden_lyngvi_unknown_name	1	script-definition	no	-
T_scenario_hidden_lyngvi_win	1	script-definition	no	-
T_scenario_hidden_name	1	script-definition	no	-
T_scenario_hidden_noregin	1	script-definition	no	-
T_scenario_hidden_regin_fled	1	script-definition	no	-
T_scenario_hidden_woden_enter	1	script-definition	no	-
T_scenario_hidden_woden_name	1	script-definition	no	-
T_scenario_hidden_woden_noleader	1	script-definition	no	-
T_scenario_hidden_woden_win	1	script-definition	no	-
T_scenario_hidden_wolves_enter	1	script-definition	no	-
T_scenario_hidden_wolves_name	1	script-definition	no	-
T_scenario_hidden_wolves_unknown_name	1	script-definition	no	-
T_scenario_hidden_wolves_win	1	script-definition	no	-
T_scenario_life_description	1	script-definition	no	-
T_scenario_life_name	1	script-definition	no	-
T_scenario_oder_encounter8_barter_decline	1	heuristic-false-positive	no	-
T_scenario_order_barter_wolf_attack	1	heuristic-false-positive	no	-
T_scenario_order_centaur_lair_name	1	script-definition	no	-
T_scenario_order_centaur_lair_unknown_name	1	script-definition	no	-
T_scenario_order_description	1	script-definition	no	-
T_scenario_order_encounter100_enter	1	script-definition	no	-
T_scenario_order_encounter100_enter2	1	script-definition	no	-
T_scenario_order_encounter100_exit	1	script-definition	no	-
T_scenario_order_encounter100_lovpot	1	script-definition	no	-
T_scenario_order_encounter100_name	1	script-definition	no	-
T_scenario_order_encounter100_unknown_name	1	script-definition	no	-
T_scenario_order_encounter101_enter	1	script-definition	no	-
T_scenario_order_encounter101_exit	1	script-definition	no	-
T_scenario_order_encounter101_name	1	script-definition	no	-
T_scenario_order_encounter101_unknown_name	1	script-definition	no	-
T_scenario_order_encounter102_enter	1	script-definition	no	-
T_scenario_order_encounter102_exit	1	script-definition	no	-
T_scenario_order_encounter102_name	1	script-definition	no	-
T_scenario_order_encounter102_unknown_name	1	script-definition	no	-
T_scenario_order_encounter103_enter	1	script-definition	no	-
T_scenario_order_encounter103_exit	1	script-definition	no	-
T_scenario_order_encounter103_name	1	script-definition	no	-
T_scenario_order_encounter103_unknown_name	1	script-definition	no	-
T_scenario_order_encounter104_enter	1	script-definition	no	-
T_scenario_order_encounter104_exit	1	script-definition	no	-
T_scenario_order_encounter104_name	1	script-definition	no	-
T_scenario_order_encounter104_unknown_name	1	script-definition	no	-
T_scenario_order_encounter105_enter	1	script-definition	no	-
T_scenario_order_encounter105_exit	1	script-definition	no	-
T_scenario_order_encounter105_name	1	script-definition	no	-
T_scenario_order_encounter105_unknown_name	1	script-definition	no	-
T_scenario_order_encounter106_attack	1	script-definition	no	-
T_scenario_order_encounter106_break	1	script-definition	no	-
T_scenario_order_encounter106_enter	1	script-definition	no	-
T_scenario_order_encounter106_exit	1	script-definition	no	-
T_scenario_order_encounter106_name	1	script-definition	no	-
T_scenario_order_encounter106_unknown_name	1	script-definition	no	-
T_scenario_order_encounter107_enter	1	script-definition	no	-
T_scenario_order_encounter107_enter2	1	script-definition	no	-
T_scenario_order_encounter107_exit	1	script-definition	no	-
T_scenario_order_encounter107_name	1	script-definition	no	-
T_scenario_order_encounter107_unknown_name	1	script-definition	no	-
T_scenario_order_encounter108_enter	1	script-definition	no	-
T_scenario_order_encounter108_exit	1	script-definition	no	-
T_scenario_order_encounter108_name	1	script-definition	no	-
T_scenario_order_encounter108_unknown_name	1	script-definition	no	-
T_scenario_order_encounter109_enter	1	script-definition	no	-
T_scenario_order_encounter109_exit	1	script-definition	no	-
T_scenario_order_encounter109_name	1	script-definition	no	-
T_scenario_order_encounter109_unknown_name	1	script-definition	no	-
T_scenario_order_encounter10_enter	1	script-definition	no	-
T_scenario_order_encounter10_exit	1	script-definition	no	-
T_scenario_order_encounter10_name	1	script-definition	no	-
T_scenario_order_encounter10_unknown_name	1	script-definition	no	-
T_scenario_order_encounter110_enter	2	script-definition	no	-
T_scenario_order_encounter110_exit	1	script-definition	no	-
T_scenario_order_encounter110_name	1	script-definition	no	-
T_scenario_order_encounter110_unknown_name	1	script-definition	no	-
T_scenario_order_encounter111_enter	2	script-definition	no	-
T_scenario_order_encounter111_exit	1	script-definition	no	-
T_scenario_order_encounter111_name	1	script-definition	no	-
T_scenario_order_encounter111_unknown_name	1	script-definition	no	-
T_scenario_order_encounter112_attack	1	script-definition	no	-
T_scenario_order_encounter112_enter	1	script-definition	no	-
T_scenario_order_encounter112_enter2	1	script-definition	no	-
T_scenario_order_encounter112_exit	1	script-definition	no	-
T_scenario_order_encounter112_name	1	script-definition	no	-
T_scenario_order_encounter112_unknown_name	1	script-definition	no	-
T_scenario_order_encounter113_enter	1	script-definition	no	-
T_scenario_order_encounter113_exit	1	script-definition	no	-
T_scenario_order_encounter113_name	1	script-definition	no	-
T_scenario_order_encounter113_unknown_name	1	script-definition	no	-
T_scenario_order_encounter114_enter	1	script-definition	no	-
T_scenario_order_encounter114_enter2	1	script-definition	no	-
T_scenario_order_encounter114_exit	1	script-definition	no	-
T_scenario_order_encounter114_name	1	script-definition	no	-
T_scenario_order_encounter114_unknown_name	1	script-definition	no	-
T_scenario_order_encounter115_enter	1	script-definition	no	-
T_scenario_order_encounter115_exit	1	script-definition	no	-
T_scenario_order_encounter115_name	1	script-definition	no	-
T_scenario_order_encounter115_unknown_name	1	script-definition	no	-
T_scenario_order_encounter116_enter	1	script-definition	no	-
T_scenario_order_encounter116_exit	1	script-definition	no	-
T_scenario_order_encounter116_name	1	script-definition	no	-
T_scenario_order_encounter116_unknown_name	1	script-definition	no	-
T_scenario_order_encounter117_enter	1	script-definition	no	-
T_scenario_order_encounter117_exit	1	script-definition	no	-
T_scenario_order_encounter117_name	1	script-definition	no	-
T_scenario_order_encounter117_unknown_name	1	script-definition	no	-
T_scenario_order_encounter118_enter	1	script-definition	no	-
T_scenario_order_encounter118_exit	1	script-definition	no	-
T_scenario_order_encounter118_name	1	script-definition	no	-
T_scenario_order_encounter118_unknown_name	1	script-definition	no	-
T_scenario_order_encounter11_enter	1	script-definition	no	-
T_scenario_order_encounter11_enter2	1	script-definition	no	-
T_scenario_order_encounter11_exit	1	script-definition	no	-
T_scenario_order_encounter11_name	1	script-definition	no	-
T_scenario_order_encounter11_unknown_name	1	script-definition	no	-
T_scenario_order_encounter12_enter	1	script-definition	no	-
T_scenario_order_encounter12_exit	1	script-definition	no	-
T_scenario_order_encounter12_name	1	script-definition	no	-
T_scenario_order_encounter12_unknown_name	1	script-definition	no	-
T_scenario_order_encounter13_enter	1	script-definition	no	-
T_scenario_order_encounter13_exit	1	script-definition	no	-
T_scenario_order_encounter13_name	1	script-definition	no	-
T_scenario_order_encounter13_unknown_name	1	script-definition	no	-
T_scenario_order_encounter14_enter	1	script-definition	no	-
T_scenario_order_encounter14_exit	1	script-definition	no	-
T_scenario_order_encounter14_name	1	script-definition	no	-
T_scenario_order_encounter14_unknown_name	1	script-definition	no	-
T_scenario_order_encounter16_enter	1	script-definition	no	-
T_scenario_order_encounter16_exit	1	script-definition	no	-
T_scenario_order_encounter16_name	1	script-definition	no	-
T_scenario_order_encounter16_unknown_name	1	script-definition	no	-
T_scenario_order_encounter17_enter	1	script-definition	no	-
T_scenario_order_encounter17_enter2	1	script-definition	no	-
T_scenario_order_encounter17_enter3	1	script-definition	no	-
T_scenario_order_encounter17_exit	1	script-definition	no	-
T_scenario_order_encounter17_name	1	script-definition	no	-
T_scenario_order_encounter17_unknown_name	1	script-definition	no	-
T_scenario_order_encounter18_enter	5	script-definition	no	-
T_scenario_order_encounter18_exit	3	script-definition	no	-
T_scenario_order_encounter18_name	1	script-definition	no	-
T_scenario_order_encounter18_unknown_name	1	script-definition	no	-
T_scenario_order_encounter19_enter	1	script-definition	no	-
T_scenario_order_encounter19_exit	1	script-definition	no	-
T_scenario_order_encounter19_name	1	script-definition	no	-
T_scenario_order_encounter19_unknown_name	1	script-definition	no	-
T_scenario_order_encounter1_enter1	1	script-definition	no	-
T_scenario_order_encounter1_enter2	1	script-definition	no	-
T_scenario_order_encounter1_exit	2	script-definition	no	-
T_scenario_order_encounter1_exit2	1	script-definition	no	-
T_scenario_order_encounter1_name	1	script-definition	no	-
T_scenario_order_encounter1_unknown_name	1	script-definition	no	-
T_scenario_order_encounter20_enter	1	script-definition	no	-
T_scenario_order_encounter20_exit	1	script-definition	no	-
T_scenario_order_encounter20_name	1	script-definition	no	-
T_scenario_order_encounter20_unknown_name	1	script-definition	no	-
T_scenario_order_encounter20b_enter	1	script-definition	no	-
T_scenario_order_encounter20b_exit	2	script-definition	no	-
T_scenario_order_encounter20b_name	1	script-definition	no	-
T_scenario_order_encounter20b_unknown_name	1	script-definition	no	-
T_scenario_order_encounter21_enter	4	script-definition	no	-
T_scenario_order_encounter21_exit	1	script-definition	no	-
T_scenario_order_encounter21_name	1	script-definition	no	-
T_scenario_order_encounter21_noarthur	2	script-definition	no	-
T_scenario_order_encounter21_unknown_name	1	script-definition	no	-
T_scenario_order_encounter22_enter	1	script-definition	no	-
T_scenario_order_encounter22_enter2	1	script-definition	no	-
T_scenario_order_encounter22_exit	1	script-definition	no	-
T_scenario_order_encounter22_name	1	script-definition	no	-
T_scenario_order_encounter22_unknown_name	1	script-definition	no	-
T_scenario_order_encounter23_barter_exit	1	script-definition	no	-
T_scenario_order_encounter23_enter	1	script-definition	no	-
T_scenario_order_encounter23_enter2	1	script-definition	no	-
T_scenario_order_encounter23_enter3	1	script-definition	no	-
T_scenario_order_encounter23_enter4	1	script-definition	no	-
T_scenario_order_encounter23_exit	1	script-definition	no	-
T_scenario_order_encounter23_name	1	script-definition	no	-
T_scenario_order_encounter23_unknown_name	1	script-definition	no	-
T_scenario_order_encounter24_enter	1	script-definition	no	-
T_scenario_order_encounter24_exit	1	script-definition	no	-
T_scenario_order_encounter24_name	1	script-definition	no	-
T_scenario_order_encounter24_unknown_name	1	script-definition	no	-
T_scenario_order_encounter25_enter	1	script-definition	no	-
T_scenario_order_encounter25_exit	1	script-definition	no	-
T_scenario_order_encounter25_name	1	script-definition	no	-
T_scenario_order_encounter25_unknown_name	1	script-definition	no	-
T_scenario_order_encounter26_enter	1	script-definition	no	-
T_scenario_order_encounter26_exit	1	script-definition	no	-
T_scenario_order_encounter26_name	1	script-definition	no	-
T_scenario_order_encounter26_unknown_name	1	script-definition	no	-
T_scenario_order_encounter27_attack	1	script-definition	no	-
T_scenario_order_encounter27_declines	2	script-definition	no	-
T_scenario_order_encounter27_enter	3	script-definition	no	-
T_scenario_order_encounter27_exit	2	script-definition	no	-
T_scenario_order_encounter27_name	1	script-definition	no	-
T_scenario_order_encounter27_unknown_name	1	script-definition	no	-
T_scenario_order_encounter28_enter	1	script-definition	no	-
T_scenario_order_encounter28_exit	1	script-definition	no	-
T_scenario_order_encounter28_name	1	script-definition	no	-
T_scenario_order_encounter28_unknown_name	1	script-definition	no	-
T_scenario_order_encounter29_enter	1	script-definition	no	-
T_scenario_order_encounter29_exit	1	script-definition	no	-
T_scenario_order_encounter29_name	1	script-definition	no	-
T_scenario_order_encounter29_unknown_name	1	script-definition	no	-
T_scenario_order_encounter2_enter	1	script-definition	no	-
T_scenario_order_encounter2_exit	1	script-definition	no	-
T_scenario_order_encounter2_name	1	script-definition	no	-
T_scenario_order_encounter2_unknown_name	1	script-definition	no	-
T_scenario_order_encounter30_enter	1	script-definition	no	-
T_scenario_order_encounter30_exit	1	script-definition	no	-
T_scenario_order_encounter30_name	1	script-definition	no	-
T_scenario_order_encounter30_unknown_name	1	script-definition	no	-
T_scenario_order_encounter31_attack	2	script-definition	no	-
T_scenario_order_encounter31_declines	4	script-definition	no	-
T_scenario_order_encounter31_enter	2	script-definition	no	-
T_scenario_order_encounter31_exit	3	script-definition	no	-
T_scenario_order_encounter31_name	1	script-definition	no	-
T_scenario_order_encounter31_unknown_name	1	script-definition	no	-
T_scenario_order_encounter31_win	1	script-definition	no	-
T_scenario_order_encounter32_enter	1	script-definition	no	-
T_scenario_order_encounter32_enter2	1	script-definition	no	-
T_scenario_order_encounter32_exit	1	script-definition	no	-
T_scenario_order_encounter32_name	1	script-definition	no	-
T_scenario_order_encounter32_unknown_name	1	script-definition	no	-
T_scenario_order_encounter33_enter	1	script-definition	no	-
T_scenario_order_encounter33_exit	1	script-definition	no	-
T_scenario_order_encounter33_name	1	script-definition	no	-
T_scenario_order_encounter33_unknown_name	1	script-definition	no	-
T_scenario_order_encounter34_enter	1	script-definition	no	-
T_scenario_order_encounter34_exit	1	script-definition	no	-
T_scenario_order_encounter34_name	1	script-definition	no	-
T_scenario_order_encounter34_unknown_name	1	script-definition	no	-
T_scenario_order_encounter35_enter	1	script-definition	no	-
T_scenario_order_encounter35_exit	1	script-definition	no	-
T_scenario_order_encounter35_name	1	script-definition	no	-
T_scenario_order_encounter35_unknown_name	1	script-definition	no	-
T_scenario_order_encounter36_enter	1	script-definition	no	-
T_scenario_order_encounter36_exit	1	script-definition	no	-
T_scenario_order_encounter36_name	1	script-definition	no	-
T_scenario_order_encounter36_unknown_name	1	script-definition	no	-
T_scenario_order_encounter37_enter	1	script-definition	no	-
T_scenario_order_encounter37_enter2	1	script-definition	no	-
T_scenario_order_encounter37_enter3	1	script-definition	no	-
T_scenario_order_encounter37_enter4	1	script-definition	no	-
T_scenario_order_encounter37_exit	1	script-definition	no	-
T_scenario_order_encounter37_exit2	2	script-definition	no	-
T_scenario_order_encounter37_name	1	script-definition	no	-
T_scenario_order_encounter37_unknown_name	1	script-definition	no	-
T_scenario_order_encounter38_attack	1	script-definition	no	-
T_scenario_order_encounter38_enter	2	script-definition	no	-
T_scenario_order_encounter38_enter2	1	script-definition	no	-
T_scenario_order_encounter38_enter3	1	script-definition	no	-
T_scenario_order_encounter38_exit	1	script-definition	no	-
T_scenario_order_encounter38_name	1	script-definition	no	-
T_scenario_order_encounter38_unknown_name	1	script-definition	no	-
T_scenario_order_encounter39_enter	1	script-definition	no	-
T_scenario_order_encounter39_exit	1	script-definition	no	-
T_scenario_order_encounter39_name	1	script-definition	no	-
T_scenario_order_encounter39_unknown_name	1	script-definition	no	-
T_scenario_order_encounter3_arthur	2	script-definition	no	-
T_scenario_order_encounter3_enter1	1	script-definition	no	-
T_scenario_order_encounter3_exit	1	script-definition	no	-
T_scenario_order_encounter3_name	1	script-definition	no	-
T_scenario_order_encounter3_noarthur	2	script-definition	no	-
T_scenario_order_encounter3_unknown_name	1	script-definition	no	-
T_scenario_order_encounter40_enter	1	script-definition	no	-
T_scenario_order_encounter40_exit	1	script-definition	no	-
T_scenario_order_encounter40_name	1	script-definition	no	-
T_scenario_order_encounter40_unknown_name	1	script-definition	no	-
T_scenario_order_encounter41_enter	1	script-definition	no	-
T_scenario_order_encounter41_exit	1	script-definition	no	-
T_scenario_order_encounter41_name	1	script-definition	no	-
T_scenario_order_encounter41_unknown_name	1	script-definition	no	-
T_scenario_order_encounter42_enter	1	script-definition	no	-
T_scenario_order_encounter42_exit	1	script-definition	no	-
T_scenario_order_encounter42_name	1	script-definition	no	-
T_scenario_order_encounter42_unknown_name	1	script-definition	no	-
T_scenario_order_encounter43_enter	1	script-definition	no	-
T_scenario_order_encounter43_enter2	1	script-definition	no	-
T_scenario_order_encounter43_enter3	1	script-definition	no	-
T_scenario_order_encounter43_exit	1	script-definition	no	-
T_scenario_order_encounter43_name	1	script-definition	no	-
T_scenario_order_encounter43_unknown_name	1	script-definition	no	-
T_scenario_order_encounter44_barter_decline	1	script-definition	no	-
T_scenario_order_encounter44_barter_exit	1	script-definition	no	-
T_scenario_order_encounter44_enter	1	script-definition	no	-
T_scenario_order_encounter44_enter2	1	script-definition	no	-
T_scenario_order_encounter44_exit	1	script-definition	no	-
T_scenario_order_encounter44_name	1	script-definition	no	-
T_scenario_order_encounter44_unknown_name	1	script-definition	no	-
T_scenario_order_encounter45_enter	1	script-definition	no	-
T_scenario_order_encounter45_exit	1	script-definition	no	-
T_scenario_order_encounter45_name	1	script-definition	no	-
T_scenario_order_encounter45_unknown_name	1	script-definition	no	-
T_scenario_order_encounter46_enter	1	script-definition	no	-
T_scenario_order_encounter46_enter2	1	script-definition	no	-
T_scenario_order_encounter46_exit	1	script-definition	no	-
T_scenario_order_encounter46_name	1	script-definition	no	-
T_scenario_order_encounter46_unknown_name	1	script-definition	no	-
T_scenario_order_encounter47_enter	1	script-definition	no	-
T_scenario_order_encounter47_exit	1	script-definition	no	-
T_scenario_order_encounter47_name	1	script-definition	no	-
T_scenario_order_encounter47_unknown_name	1	script-definition	no	-
T_scenario_order_encounter48_barter_decline	1	script-definition	no	-
T_scenario_order_encounter48_barter_exit	1	script-definition	no	-
T_scenario_order_encounter48_enter	1	script-definition	no	-
T_scenario_order_encounter48_enter2	1	script-definition	no	-
T_scenario_order_encounter48_exit	1	script-definition	no	-
T_scenario_order_encounter48_name	1	script-definition	no	-
T_scenario_order_encounter48_unknown_name	1	script-definition	no	-
T_scenario_order_encounter49_enter	1	script-definition	no	-
T_scenario_order_encounter49_enter2	1	script-definition	no	-
T_scenario_order_encounter49_exit	1	script-definition	no	-
T_scenario_order_encounter49_galahad	1	script-definition	no	-
T_scenario_order_encounter49_name	1	script-definition	no	-
T_scenario_order_encounter49_unknown_name	1	script-definition	no	-
T_scenario_order_encounter4_enter	1	script-definition	no	-
T_scenario_order_encounter4_exit	1	script-definition	no	-
T_scenario_order_encounter4_name	1	script-definition	no	-
T_scenario_order_encounter4_unknown_name	1	script-definition	no	-
T_scenario_order_encounter50_enter	1	script-definition	no	-
T_scenario_order_encounter50_enter2	1	script-definition	no	-
T_scenario_order_encounter50_enter3	1	script-definition	no	-
T_scenario_order_encounter50_exit	1	script-definition	no	-
T_scenario_order_encounter50_name	1	script-definition	no	-
T_scenario_order_encounter50_unknown_name	1	script-definition	no	-
T_scenario_order_encounter51_enter	1	script-definition	no	-
T_scenario_order_encounter51_exit	1	script-definition	no	-
T_scenario_order_encounter51_name	1	script-definition	no	-
T_scenario_order_encounter51_unknown_name	1	script-definition	no	-
T_scenario_order_encounter52_enter	1	script-definition	no	-
T_scenario_order_encounter52_enter2	1	script-definition	no	-
T_scenario_order_encounter52_enter3	1	script-definition	no	-
T_scenario_order_encounter52_exit	1	script-definition	no	-
T_scenario_order_encounter52_name	1	script-definition	no	-
T_scenario_order_encounter52_unknown_name	1	script-definition	no	-
T_scenario_order_encounter53_enter	1	script-definition	no	-
T_scenario_order_encounter53_exit	1	script-definition	no	-
T_scenario_order_encounter53_name	1	script-definition	no	-
T_scenario_order_encounter53_unknown_name	1	script-definition	no	-
T_scenario_order_encounter54_enter	1	script-definition	no	-
T_scenario_order_encounter54_exit	1	script-definition	no	-
T_scenario_order_encounter54_name	1	script-definition	no	-
T_scenario_order_encounter54_unknown_name	1	script-definition	no	-
T_scenario_order_encounter55_enter	1	script-definition	no	-
T_scenario_order_encounter55_exit	1	script-definition	no	-
T_scenario_order_encounter55_name	1	script-definition	no	-
T_scenario_order_encounter55_unknown_name	1	script-definition	no	-
T_scenario_order_encounter56_enter	1	script-definition	no	-
T_scenario_order_encounter56_exit	1	script-definition	no	-
T_scenario_order_encounter56_name	1	script-definition	no	-
T_scenario_order_encounter56_unknown_name	1	script-definition	no	-
T_scenario_order_encounter57_enter	1	script-definition	no	-
T_scenario_order_encounter57_enter2	1	script-definition	no	-
T_scenario_order_encounter57_enter3	2	script-definition	no	-
T_scenario_order_encounter57_exit	1	script-definition	no	-
T_scenario_order_encounter57_name	1	script-definition	no	-
T_scenario_order_encounter57_unknown_name	1	script-definition	no	-
T_scenario_order_encounter58_enter	1	script-definition	no	-
T_scenario_order_encounter58_exit	1	script-definition	no	-
T_scenario_order_encounter58_name	1	script-definition	no	-
T_scenario_order_encounter58_unknown_name	1	script-definition	no	-
T_scenario_order_encounter59_enter	1	script-definition	no	-
T_scenario_order_encounter59_exit	1	script-definition	no	-
T_scenario_order_encounter59_name	1	script-definition	no	-
T_scenario_order_encounter59_unknown_name	1	script-definition	no	-
T_scenario_order_encounter5_attack	1	script-definition	no	-
T_scenario_order_encounter5_barter_decline	1	script-definition	no	-
T_scenario_order_encounter5_barter_exit	1	script-definition	no	-
T_scenario_order_encounter5_enter	2	script-definition	no	-
T_scenario_order_encounter5_enter1	1	script-definition	no	-
T_scenario_order_encounter5_enter1b	1	script-definition	no	-
T_scenario_order_encounter5_enter2	1	script-definition	no	-
T_scenario_order_encounter5_enter3	1	script-definition	no	-
T_scenario_order_encounter5_enter5	1	script-definition	no	-
T_scenario_order_encounter5_exit	1	script-definition	no	-
T_scenario_order_encounter5_name	1	script-definition	no	-
T_scenario_order_encounter5_unknown_name	1	script-definition	no	-
T_scenario_order_encounter60_enter	1	script-definition	no	-
T_scenario_order_encounter60_exit	1	script-definition	no	-
T_scenario_order_encounter60_name	1	script-definition	no	-
T_scenario_order_encounter60_unknown_name	1	script-definition	no	-
T_scenario_order_encounter61_enter	1	script-definition	no	-
T_scenario_order_encounter61_exit	1	script-definition	no	-
T_scenario_order_encounter61_name	1	script-definition	no	-
T_scenario_order_encounter61_unknown_name	1	script-definition	no	-
T_scenario_order_encounter62_enter	1	script-definition	no	-
T_scenario_order_encounter62_exit	1	script-definition	no	-
T_scenario_order_encounter62_name	1	script-definition	no	-
T_scenario_order_encounter62_unknown_name	1	script-definition	no	-
T_scenario_order_encounter63_enter	1	script-definition	no	-
T_scenario_order_encounter63_exit	1	script-definition	no	-
T_scenario_order_encounter63_name	1	script-definition	no	-
T_scenario_order_encounter63_unknown_name	1	script-definition	no	-
T_scenario_order_encounter64_attack	1	script-definition	no	-
T_scenario_order_encounter64_enter	1	script-definition	no	-
T_scenario_order_encounter64_enter2	1	script-definition	no	-
T_scenario_order_encounter64_exit	2	script-definition	no	-
T_scenario_order_encounter64_name	1	script-definition	no	-
T_scenario_order_encounter64_unknown_name	1	script-definition	no	-
T_scenario_order_encounter65_enter	1	script-definition	no	-
T_scenario_order_encounter65_enter2	1	script-definition	no	-
T_scenario_order_encounter65_exit	1	script-definition	no	-
T_scenario_order_encounter65_name	1	script-definition	no	-
T_scenario_order_encounter65_unknown_name	1	script-definition	no	-
T_scenario_order_encounter66_enter	1	script-definition	no	-
T_scenario_order_encounter66_exit	1	script-definition	no	-
T_scenario_order_encounter66_name	1	script-definition	no	-
T_scenario_order_encounter66_unknown_name	1	script-definition	no	-
T_scenario_order_encounter67_enter	1	script-definition	no	-
T_scenario_order_encounter67_exit	1	script-definition	no	-
T_scenario_order_encounter67_name	1	script-definition	no	-
T_scenario_order_encounter67_unknown_name	1	script-definition	no	-
T_scenario_order_encounter68_enter	5	script-definition	no	-
T_scenario_order_encounter68_exit	3	script-definition	no	-
T_scenario_order_encounter68_name	1	script-definition	no	-
T_scenario_order_encounter68_unknown_name	1	script-definition	no	-
T_scenario_order_encounter69_enter	1	script-definition	no	-
T_scenario_order_encounter69_exit	1	script-definition	no	-
T_scenario_order_encounter69_name	1	script-definition	no	-
T_scenario_order_encounter69_unknown_name	1	script-definition	no	-
T_scenario_order_encounter6_enter	1	script-definition	no	-
T_scenario_order_encounter6_exit	1	script-definition	no	-
T_scenario_order_encounter6_name	1	script-definition	no	-
T_scenario_order_encounter6_unknown_name	1	script-definition	no	-
T_scenario_order_encounter70_enter	1	script-definition	no	-
T_scenario_order_encounter70_exit	1	script-definition	no	-
T_scenario_order_encounter70_name	1	script-definition	no	-
T_scenario_order_encounter70_unknown_name	1	script-definition	no	-
T_scenario_order_encounter71_enter	1	script-definition	no	-
T_scenario_order_encounter71_exit	1	script-definition	no	-
T_scenario_order_encounter71_name	1	script-definition	no	-
T_scenario_order_encounter71_unknown_name	1	script-definition	no	-
T_scenario_order_encounter72_enter	1	script-definition	no	-
T_scenario_order_encounter72_exit	1	script-definition	no	-
T_scenario_order_encounter72_name	1	script-definition	no	-
T_scenario_order_encounter72_unknown_name	1	script-definition	no	-
T_scenario_order_encounter73_enter	1	script-definition	no	-
T_scenario_order_encounter73_exit	1	script-definition	no	-
T_scenario_order_encounter73_name	1	script-definition	no	-
T_scenario_order_encounter73_unknown_name	1	script-definition	no	-
T_scenario_order_encounter74_enter	1	script-definition	no	-
T_scenario_order_encounter74_exit	1	script-definition	no	-
T_scenario_order_encounter74_name	1	script-definition	no	-
T_scenario_order_encounter74_unknown_name	1	script-definition	no	-
T_scenario_order_encounter75_enter	1	script-definition	no	-
T_scenario_order_encounter75_enter2	1	script-definition	no	-
T_scenario_order_encounter75_exit	1	script-definition	no	-
T_scenario_order_encounter75_name	1	script-definition	no	-
T_scenario_order_encounter75_unknown_name	1	script-definition	no	-
T_scenario_order_encounter76_enter	1	script-definition	no	-
T_scenario_order_encounter76_exit	1	script-definition	no	-
T_scenario_order_encounter76_name	1	script-definition	no	-
T_scenario_order_encounter76_unknown_name	1	script-definition	no	-
T_scenario_order_encounter77_enter	1	script-definition	no	-
T_scenario_order_encounter77_exit	1	script-definition	no	-
T_scenario_order_encounter77_name	1	script-definition	no	-
T_scenario_order_encounter77_unknown_name	1	script-definition	no	-
T_scenario_order_encounter78_enter	1	script-definition	no	-
T_scenario_order_encounter78_exit	1	script-definition	no	-
T_scenario_order_encounter78_name	1	script-definition	no	-
T_scenario_order_encounter78_unknown_name	1	script-definition	no	-
T_scenario_order_encounter79_enter	1	script-definition	no	-
T_scenario_order_encounter79_exit	1	script-definition	no	-
T_scenario_order_encounter79_name	1	script-definition	no	-
T_scenario_order_encounter79_unknown_name	1	script-definition	no	-
T_scenario_order_encounter7_enter	1	script-definition	no	-
T_scenario_order_encounter7_exit	1	script-definition	no	-
T_scenario_order_encounter7_name	1	script-definition	no	-
T_scenario_order_encounter7_unknown_name	1	script-definition	no	-
T_scenario_order_encounter80_enter	1	script-definition	no	-
T_scenario_order_encounter80_exit	1	script-definition	no	-
T_scenario_order_encounter80_name	1	script-definition	no	-
T_scenario_order_encounter80_unknown_name	1	script-definition	no	-
T_scenario_order_encounter81_enter	1	script-definition	no	-
T_scenario_order_encounter81_exit	1	script-definition	no	-
T_scenario_order_encounter81_name	1	script-definition	no	-
T_scenario_order_encounter81_unknown_name	1	script-definition	no	-
T_scenario_order_encounter82_enter	1	script-definition	no	-
T_scenario_order_encounter82_exit	1	script-definition	no	-
T_scenario_order_encounter82_name	1	script-definition	no	-
T_scenario_order_encounter82_unknown_name	1	script-definition	no	-
T_scenario_order_encounter83_attack	1	script-definition	no	-
T_scenario_order_encounter83_enter	1	script-definition	no	-
T_scenario_order_encounter83_exit	1	script-definition	no	-
T_scenario_order_encounter83_name	1	script-definition	no	-
T_scenario_order_encounter83_unknown_name	1	script-definition	no	-
T_scenario_order_encounter84A_enter	1	script-definition	no	-
T_scenario_order_encounter84A_enter2	1	script-definition	no	-
T_scenario_order_encounter84A_exit	1	script-definition	no	-
T_scenario_order_encounter84A_name	1	script-definition	no	-
T_scenario_order_encounter84A_unknown_name	1	script-definition	no	-
T_scenario_order_encounter84B_enter	1	script-definition	no	-
T_scenario_order_encounter84B_exit	1	script-definition	no	-
T_scenario_order_encounter84B_name	1	script-definition	no	-
T_scenario_order_encounter84B_unknown_name	1	script-definition	no	-
T_scenario_order_encounter85_enter	1	script-definition	no	-
T_scenario_order_encounter85_exit	1	script-definition	no	-
T_scenario_order_encounter85_name	1	script-definition	no	-
T_scenario_order_encounter85_unknown_name	1	script-definition	no	-
T_scenario_order_encounter86_enter	1	script-definition	no	-
T_scenario_order_encounter86_exit	1	script-definition	no	-
T_scenario_order_encounter86_name	1	script-definition	no	-
T_scenario_order_encounter86_unknown_name	1	script-definition	no	-
T_scenario_order_encounter87_enter	1	script-definition	no	-
T_scenario_order_encounter87_exit	1	script-definition	no	-
T_scenario_order_encounter87_name	1	script-definition	no	-
T_scenario_order_encounter87_unknown_name	1	script-definition	no	-
T_scenario_order_encounter88_enter	1	script-definition	no	-
T_scenario_order_encounter88_exit	1	script-definition	no	-
T_scenario_order_encounter88_name	1	script-definition	no	-
T_scenario_order_encounter88_unknown_name	1	script-definition	no	-
T_scenario_order_encounter89_enter	1	script-definition	no	-
T_scenario_order_encounter89_exit	1	script-definition	no	-
T_scenario_order_encounter89_name	1	script-definition	no	-
T_scenario_order_encounter89_unknown_name	1	script-definition	no	-
T_scenario_order_encounter8_enter	1	script-definition	no	-
T_scenario_order_encounter8_exit	1	script-definition	no	-
T_scenario_order_encounter8_name	1	script-definition	no	-
T_scenario_order_encounter8_unknown_name	1	script-definition	no	-
T_scenario_order_encounter90_enter	1	script-definition	no	-
T_scenario_order_encounter90_exit	1	script-definition	no	-
T_scenario_order_encounter90_name	1	script-definition	no	-
T_scenario_order_encounter90_unknown_name	1	script-definition	no	-
T_scenario_order_encounter91A_enter	1	script-definition	no	-
T_scenario_order_encounter91A_exit	1	script-definition	no	-
T_scenario_order_encounter91A_name	1	script-definition	no	-
T_scenario_order_encounter91A_unknown_name	1	script-definition	no	-
T_scenario_order_encounter91B_enter	1	script-definition	no	-
T_scenario_order_encounter91B_exit	1	script-definition	no	-
T_scenario_order_encounter91B_name	1	script-definition	no	-
T_scenario_order_encounter91B_unknown_name	1	script-definition	no	-
T_scenario_order_encounter92_barter_decline	1	script-definition	no	-
T_scenario_order_encounter92_barter_exit	1	script-definition	no	-
T_scenario_order_encounter92_enter	1	script-definition	no	-
T_scenario_order_encounter92_enter_barter	2	script-definition	no	-
T_scenario_order_encounter92_exit	1	script-definition	no	-
T_scenario_order_encounter92_name	1	script-definition	no	-
T_scenario_order_encounter92_unknown_name	1	script-definition	no	-
T_scenario_order_encounter93_enter	1	script-definition	no	-
T_scenario_order_encounter93_exit	1	script-definition	no	-
T_scenario_order_encounter93_name	1	script-definition	no	-
T_scenario_order_encounter93_unknown_name	1	script-definition	no	-
T_scenario_order_encounter94_enter	1	script-definition	no	-
T_scenario_order_encounter94_enter2	1	script-definition	no	-
T_scenario_order_encounter94_exit	1	script-definition	no	-
T_scenario_order_encounter94_name	1	script-definition	no	-
T_scenario_order_encounter94_unknown_name	1	script-definition	no	-
T_scenario_order_encounter94a_enter	1	script-definition	no	-
T_scenario_order_encounter94a_exit	1	script-definition	no	-
T_scenario_order_encounter94b_enter	1	script-definition	no	-
T_scenario_order_encounter94b_exit	1	script-definition	no	-
T_scenario_order_encounter97_enter	1	script-definition	no	-
T_scenario_order_encounter97_exit	1	script-definition	no	-
T_scenario_order_encounter97_exit2	1	script-definition	no	-
T_scenario_order_encounter97_name	1	script-definition	no	-
T_scenario_order_encounter97_unknown_name	1	script-definition	no	-
T_scenario_order_encounter98_enter	1	script-definition	no	-
T_scenario_order_encounter98_exit	1	script-definition	no	-
T_scenario_order_encounter98_exit2	1	script-definition	no	-
T_scenario_order_encounter98_name	1	script-definition	no	-
T_scenario_order_encounter98_unknown_name	1	script-definition	no	-
T_scenario_order_encounter99_enter	1	script-definition	no	-
T_scenario_order_encounter99_exit	1	script-definition	no	-
T_scenario_order_encounter99_exit2	1	script-definition	no	-
T_scenario_order_encounter99_name	1	script-definition	no	-
T_scenario_order_encounter99_unknown_name	1	script-definition	no	-
T_scenario_order_name	1	script-definition	no	-
T_scenario_order_noarthur	1	script-definition	no	-
T_scenario_order_order_encounter_name	1	script-definition	no	-
T_scenario_order_order_encounter_unknown_name	1	script-definition	no	-
T_scenario_template_description	1	script-definition	no	-
T_scenario_template_name	1	script-definition	no	-
T_scenario_water_description	1	script-definition	no	-
T_scenario_water_name	1	script-definition	no	-
T_scrolldownhelptext	2	script-definition	no	-
T_scrolluphelptext	2	script-definition	no	-
T_selectreporthelptext	2	script-definition	no	-
T_ship	3	script-definition	no	-
T_small_estate	3	script-definition	no	-
T_special	5	script-definition	no	-
T_special_teleport_artifact_fail	1	script-definition	no	-
T_special_teleport_artifact_no_artifacts	1	script-definition	no	-
T_spriteedit_button_help	3	script-definition	no	-
T_sprites	5	script-definition	no	-
T_strengthreporthelptext	2	script-definition	no	-
T_strengthreporthelptext2	2	script-definition	no	-
T_strongholdreportthelptext	2	script-definition	no	-
T_surrendertext	2	script-definition	no	-
T_takeover_question_dynamic	1	script-definition	no	-
T_tavernhelptext	2	script-definition	no	-
T_templehelptext	2	script-definition	no	-
T_terrain	5	script-definition	no	-
T_terredit_button_help	3	script-definition	no	-
T_thief_message	2	script-definition	no	-
T_thief_text	1	script-definition	no	-
T_thiefselecttext	1	script-definition	no	-
T_threat	3	script-definition	no	-
T_tiles	5	script-definition	no	-
T_tileset	5	script-definition	no	-
T_trade	3	script-definition	no	-
T_trainninghelptext	1	script-definition	no	-
T_troll_bridge_placed	2	script-definition	no	-
T_tt_desert	3	script-definition	no	-
T_tt_ice	3	script-definition	no	-
T_tt_impassable	3	script-definition	no	-
T_tt_lava	3	script-definition	no	-
T_tt_meadow	3	script-definition	no	-
T_tt_mountain	3	script-definition	no	-
T_tt_plains	3	script-definition	no	-
T_tt_road	3	script-definition	no	-
T_tt_rough	3	script-definition	no	-
T_tt_swamp	3	script-definition	no	-
T_tt_unknown	3	script-definition	no	-
T_tt_water	3	script-definition	no	-
T_turnpage	16	script-definition	no	-
T_turnsgettherehelptext	2	script-definition	no	-
T_unaffiliated	1	script-definition	no	-
T_unitrosterhelptext	1	script-definition	no	-
T_useforge	2	script-definition	no	-
T_warrior_text	1	script-definition	no	-
T_warriorselecttext	1	script-definition	no	-
T_water_cave	2	script-definition	no	-
T_water_estate	1	script-definition	no	-
T_water_fountain	1	script-definition	no	-
T_water_house	1	script-definition	no	-
T_wilgaf	5	script-definition	no	-
T_wilgaf_leave_combat	1	script-definition	no	-
T_wilgaf_leave_game	2	script-definition	no	-
T_yes_no_hotkey_hint	1	script-definition	no	-
T_you_are_being_attacked	5	script-definition	no	-
T_you_must_destroy_before	1	script-definition	no	-
T_zoombhelptext	1	script-definition	no	-
T_zoomchelptext	1	script-definition	no	-
T_zoomdhelptext	1	script-definition	no	-
Tmultiscenario_buffer	5	script-definition	no	-
Type_Animation	2	heuristic-false-positive	yes	-
Type_BarGraph	2	heuristic-false-positive	yes	-
Type_Button	2	heuristic-false-positive	yes	-
Type_ButtonFrame	3	heuristic-false-positive	yes	-
Type_Container	2	heuristic-false-positive	yes	-
Type_Crop	2	heuristic-false-positive	yes	-
Type_Doodad	3	heuristic-false-positive	yes	-
Type_EditBox	3	heuristic-false-positive	yes	-
Type_Font	3	heuristic-false-positive	yes	-
Type_GraphicPage	5	heuristic-false-positive	yes	-
Type_Imp	3	heuristic-false-positive	yes	-
Type_ImpPlayer	2	heuristic-false-positive	yes	-
Type_Nothing	1	heuristic-false-positive	yes	-
Type_Remap	2	heuristic-false-positive	yes	-
Type_SelectionBox	2	heuristic-false-positive	yes	-
Type_Slider	2	heuristic-false-positive	yes	-
Type_XYWH	3	heuristic-false-positive	yes	-
UNITFLAG_FROZEN	50	constant-or-data	yes	-
UNITFLAG_MERCENARY	15	constant-or-data	yes	-
UNITFLAG_VOLUNTEER	45	constant-or-data	yes	-
UNITTYPEAIR	49	constant-or-data	yes	-
UNITTYPEGATE	14	constant-or-data	yes	-
UNITTYPELAND	258	constant-or-data	yes	-
UNITTYPEMISSILE	70	constant-or-data	yes	-
UNITTYPEWATER	39	constant-or-data	yes	-
UNITTYPE_ATTACK	25	constant-or-data	yes	-
UNITTYPE_ATTACK_RECOVERY_TICKS	8	constant-or-data	yes	-
UNITTYPE_BARRACKS_REQUIRED	24	constant-or-data	yes	-
UNITTYPE_CARRYING_CAPACITY	1	constant-or-data	yes	-
UNITTYPE_CODE	228	constant-or-data	yes	-
UNITTYPE_DEFENSE	28	constant-or-data	yes	-
UNITTYPE_DEXTERITY	20	constant-or-data	yes	-
UNITTYPE_FAITH	173	constant-or-data	yes	-
UNITTYPE_FAME_TO_BUILD	12	constant-or-data	yes	-
UNITTYPE_FAME_USED_PER_TURN	6	constant-or-data	yes	-
UNITTYPE_FLAGS	31	constant-or-data	yes	-
UNITTYPE_FOOD_TO_BUILD	8	constant-or-data	yes	-
UNITTYPE_FOOD_USED_PER_TURN	12	constant-or-data	yes	-
UNITTYPE_FRAMES_PER_GRID	11	constant-or-data	yes	-
UNITTYPE_GET_HIT_RECOVERY_TICKS	6	constant-or-data	yes	-
UNITTYPE_GOLD_TO_BUILD	8	constant-or-data	yes	-
UNITTYPE_GOLD_USED_PER_TURN	11	constant-or-data	yes	-
UNITTYPE_INITIATES_TO_BUILD	2	constant-or-data	yes	-
UNITTYPE_INITIATES_USED_PER_TURN	6	constant-or-data	yes	-
UNITTYPE_LEVEL_PROCEDURE	15	constant-or-data	yes	-
UNITTYPE_LUCK	20	constant-or-data	yes	-
UNITTYPE_MAGIC_CRYSTALS_TO_BUILD	7	constant-or-data	yes	-
UNITTYPE_MAGIC_CRYSTALS_USED_PER_TURN	11	constant-or-data	yes	-
UNITTYPE_MAXIMUM_MANA	34	constant-or-data	yes	-
UNITTYPE_MAX_HIT_POINTS	131	constant-or-data	yes	-
UNITTYPE_MAX_MPS	37	constant-or-data	yes	-
UNITTYPE_MELEE_ATTACK_RESISTANCE	20	constant-or-data	yes	-
UNITTYPE_MILITARY_UNITS	63	constant-or-data	yes	-
UNITTYPE_MISSILE_ATTACK_RESISTANCE	20	constant-or-data	yes	-
UNITTYPE_MISSILE_RANGE	19	constant-or-data	yes	-
UNITTYPE_MISSILE_SPEED	8	constant-or-data	yes	-
UNITTYPE_MISSILE_TYPE	6	constant-or-data	yes	-
UNITTYPE_NAME	15	script-definition	no	-
UNITTYPE_PORTRAIT_DOODAD	8	constant-or-data	yes	-
UNITTYPE_RACE	4	constant-or-data	yes	-
UNITTYPE_RANGED_ATTACK	23	constant-or-data	yes	-
UNITTYPE_RECOVER_HITPOINTS	9	constant-or-data	yes	-
UNITTYPE_RECOVER_HITPOINTS_INSIDE	9	constant-or-data	yes	-
UNITTYPE_RECOVER_HITPOINTS_MOVED	9	constant-or-data	yes	-
UNITTYPE_RESISTANCE_0	109	constant-or-data	yes	-
UNITTYPE_SIGHT_RADIUS	25	constant-or-data	yes	-
UNITTYPE_SPECIAL_UNIT_TYPE	37	constant-or-data	yes	-
UNITTYPE_STEALTH_NOISE_FACTOR	11	constant-or-data	yes	-
UNITTYPE_STRENGTH	20	constant-or-data	yes	-
UNITTYPE_THIEVES_GUILD_REQUIRED	12	constant-or-data	yes	-
UNITTYPE_WISDOM	37	constant-or-data	yes	-
UNITTYPE_WIZARDS_TOWER_REQUIRED	11	constant-or-data	yes	-
UNITTYPLAND	1	constant-or-data	no	-
UNIT_CHAMPION_PORTRAIT	10	script-definition	no	-
UNIT_CHAMPION_TYPE	33	script-definition	no	-
UNIT_EXPERIENCE_POINTS	182	script-definition	no	-
UNIT_FLAG	48	script-definition	no	-
UNIT_FLAGS	83	script-definition	no	-
UNIT_HEALTH	13	script-definition	no	-
UNIT_HIT_POINTS	339	script-definition	no	-
UNIT_MPS	85	script-definition	no	-
UNIT_PROD	1	constant-or-data	no	-
UNIT_TYPE	904	script-definition	no	-
UNIT_UNIQUE_ID	176	script-definition	no	-
UNIT_WIZARD_MANA	151	script-definition	no	-
VK_VAL	19	constant-or-data	yes	-
WANDERING_MONSTER_PLAYER	1035	constant-or-data	yes	-
WARRIOR	382	constant-or-data	yes	-
WATCH_TOWER	57	script-definition	no	-
WATER	596	constant-or-data	yes	-
WATER_ENC_CAV	1	script-definition	no	-
WATER_ENC_CHAMP	1	script-definition	no	-
WATER_ENC_CR1	1	script-definition	no	-
WATER_ENC_CR2	1	script-definition	no	-
WATER_ENC_CR3	1	script-definition	no	-
WATER_ENC_CR4	1	script-definition	no	-
WATER_ENC_CR5	1	script-definition	no	-
WATER_ENC_FIT	2	script-definition	no	-
WATER_ENC_INF	1	script-definition	no	-
WATER_ENC_MIS	1	script-definition	no	-
WATER_ENC_THF	2	script-definition	no	-
WATER_ENC_WIZ	2	script-definition	no	-
WILL_BE_KILLED	3	constant-or-data	yes	-
WILL_RETREAT	3	constant-or-data	yes	-
WILL_SURVIVE	5	constant-or-data	yes	-
WIZ	43	script-definition	no	-
WIZ1	2	script-definition	no	-
WIZ2	2	script-definition	no	-
WIZARD	339	constant-or-data	yes	-
WIZARDS_TOWER	111	constant-or-data	yes	-
WIZS	2	script-definition	no	-
WIZ_GEN	25	script-definition	no	-
WM1	35	constant-or-data	yes	-
WM2	34	constant-or-data	yes	-
WM3	24	constant-or-data	yes	-
WMC	27	constant-or-data	yes	-
WMF	25	constant-or-data	yes	-
WMI	29	constant-or-data	yes	-
WMM	30	constant-or-data	yes	-
WMT	2	constant-or-data	yes	-
WMW	5	constant-or-data	yes	-
WORLD_SCREEN	35	constant-or-data	yes	-
WZ2	76	constant-or-data	yes	-
Welcome_wav	1	script-definition	no	-
XFER_SCENARIO	1	constant-or-data	yes	-
a	2030	script-definition	no	-
a1	163	script-definition	no	-
a1_str	6	script-definition	no	-
a1atk	1	script-definition	no	-
a1atkack_1	1	script-definition	no	-
a1die	1	script-definition	no	-
a1mov	1	script-definition	no	-
a1movack_1	1	script-definition	no	-
a1selack_1	1	script-definition	no	-
a2	67	script-definition	no	-
a2atk	1	script-definition	no	-
a2atkack_1	1	script-definition	no	-
a2die	1	script-definition	no	-
a2mov	1	script-definition	no	-
a2movack_1	2	script-definition	no	-
a2selack_1	2	script-definition	no	-
a3atk	1	script-definition	no	-
a3atkack_1	1	script-definition	no	-
a3die	1	script-definition	no	-
a3mov	1	script-definition	no	-
a3movack_1	1	script-definition	no	-
a3rng	1	script-definition	no	-
a3selack_1	1	script-definition	no	-
a4atk	1	script-definition	no	-
a4atkack_1	1	script-definition	no	-
a4die	1	script-definition	no	-
a4mov	1	script-definition	no	-
a4movack_1	1	script-definition	no	-
a4selack_1	1	script-definition	no	-
a5atk	1	script-definition	no	-
a5atkack_1	2	script-definition	no	-
a5atkack_2	1	script-definition	no	-
a5die	1	script-definition	no	-
a5mov	1	script-definition	no	-
a5movack_1	2	script-definition	no	-
a5movack_2	1	script-definition	no	-
a5rng	1	script-definition	no	-
a5selack_1	2	script-definition	no	-
a5selack_2	1	script-definition	no	-
a_ai?	1	heuristic-false-positive	no	-
a_crystals	12	script-definition	no	-
a_delta_exp	9	script-definition	no	-
a_delta_level	9	script-definition	no	-
a_door_proc	3	script-definition	no	-
a_experience_box	2	script-definition	no	-
a_faith	2	script-definition	no	-
a_foods	12	script-definition	no	-
a_golds	12	script-definition	no	-
a_level	8	script-definition	no	-
a_loc	35	script-definition	no	-
a_net_experience	4	script-definition	no	-
a_owner	3	script-definition	no	-
a_p	2	script-definition	no	-
a_player	2	script-definition	no	-
a_rally	2	script-definition	no	-
a_str	1	script-definition	no	-
a_todo	9	script-definition	no	-
a_u_to_au	10	native-host-call	yes	0x004e5c40
aa_id	7	script-definition	no	-
aarock1	2	heuristic-false-positive	no	-
aarock2	2	heuristic-false-positive	no	-
aarock3	2	heuristic-false-positive	no	-
able_to_build	9	script-definition	no	-
able_to_cast_special_spell	5	script-definition	no	-
abracadabra	13	native-host-call	yes	0x004ac0b0
abs	18	language-primitive	yes	0x004cbfa0
acatk	1	script-definition	no	-
acatkack_1	2	script-definition	no	-
acatkack_2	1	script-definition	no	-
accept_button	2	heuristic-false-positive	no	-
accept_trade_button	2	script-definition	no	-
accounted_for_dict	4	script-definition	no	-
acdie	1	script-definition	no	-
acmov	1	script-definition	no	-
acmovack_1	3	script-definition	no	-
acmovack_2	1	script-definition	no	-
acnt	26	script-definition	no	-
acselack_1	2	script-definition	no	-
acselack_2	1	script-definition	no	-
action	4	script-definition	no	-
action_cando_array	3	script-definition	no	-
action_canmove_dd	2	script-definition	no	-
action_cantdo_array	4	script-definition	no	-
action_cantmove_dd	2	script-definition	no	-
action_dd	1	script-definition	no	-
action_doing_array	3	script-definition	no	-
action_doodad_array	2	script-definition	no	-
action_hotkeys	1	script-definition	no	-
action_id	32	script-definition	no	-
action_image	23	script-definition	no	-
action_page1	1	script-definition	no	-
action_page2	2	script-definition	no	-
action_research_dd	1	script-definition	no	-
action_rest_dd	1	script-definition	no	-
action_result_unsucess	6	script-definition	no	-
action_train_dd	1	script-definition	no	-
actionb_dict	9	script-definition	no	-
actionbuttonhelpprocs	1	script-definition	no	-
actionbuttonhelpstrings	1	script-definition	no	-
actionbuttonpanel	25	script-definition	no	-
actionbuttonposition	1	script-definition	no	-
actionbuttonprocs	2	script-definition	no	-
active_ai_gets_legendary_creature?	3	script-definition	no	-
active_cities	2	script-definition	no	-
active_doodad	2	script-definition	no	-
active_level_total	4	script-definition	no	-
active_order	8	script-definition	no	-
activeterrainsprite	24	script-definition	no	-
activeterrainspritetype	15	script-definition	no	-
actual	5	script-definition	no	-
add	9831	language-primitive	yes	0x004ca900
add_artifact_stuff	2	script-definition	no	-
add_artifact_title	2	script-definition	no	-
add_attack_after_casting_request	2	script-definition	no	-
add_category_buttons	2	script-definition	no	-
add_champion_items	1	script-definition	no	-
add_cost	2	script-definition	no	-
add_dynamic_object	22	script-definition	no	-
add_extra_military_to_combat_map	3	heuristic-false-positive	no	-
add_get_inside_request	1	script-definition	no	-
add_go_to_temple_request	1	script-definition	no	-
add_heal_request	1	script-definition	no	-
add_items	22	script-definition	no	-
add_items_to_dlg	2	script-definition	no	-
add_level_arrows	2	script-definition	no	-
add_music_items	1	script-definition	no	-
add_overland_offensive_spell_request	2	script-definition	no	-
add_production_snapshot	1	script-definition	no	-
add_quest_desc_items_to_dlg	1	script-definition	no	-
add_quest_fyi_items_to_dlg	1	script-definition	no	-
add_quest_roster_items_to_dlg	1	script-definition	no	-
add_record_items	1	script-definition	no	-
add_resource_arrows	2	script-definition	no	-
add_resource_editbox	2	script-definition	no	-
add_scroll_arrows	2	script-definition	no	-
add_send_home_request	1	script-definition	no	-
add_sound_items	1	script-definition	no	-
add_speed_items	1	script-definition	no	-
add_spells_faith	6	script-definition	no	-
add_stats_editbox	2	script-definition	no	-
add_tone_buttons	2	heuristic-false-positive	no	-
add_unit_names	5	script-definition	no	-
add_unit_to_location	79	script-definition	no	-
add_unit_to_sprite	215	script-definition	no	-
add_units_faith	14	script-definition	no	-
add_units_to_location	12	script-definition	no	-
add_units_to_map	2	script-definition	no	-
add_units_to_sprite	264	script-definition	no	-
addambientsound	47	native-host-call	yes	0x0047ad80
addartifacttowonlist	2	native-host-call	yes	0x00428920
addauratype	70	native-host-call	yes	0x0042e290
addbestetaattackrequest	2	native-host-call	yes	0x00521660
addblankitem	326	native-host-call	yes	0x00490b60
addbuildinginfo	1	native-host-call	yes	0x0043c6a0
addcapitol	3	native-host-call	yes	0x0044f550
addcitymod	11	native-host-call	yes	0x00453360
addclosestarmyrequest	1	native-host-call	yes	0x00521870
addcombatbuttons	1	heuristic-false-positive	no	-
addcommandbutton	17	script-definition	no	-
addelement	4	script-definition	no	-
addelementtypedict	1	script-definition	no	-
addextramilitaryunitnow	11	native-host-call	yes	0x004866e0
addfaithselection	138	native-host-call	yes	0x00454800
addhelppanel	26	native-host-call	yes	0x00486f00
addhotkey	100	native-host-call	yes	0x0049a5d0
additem	2999	native-host-call	yes	0x00490be0
addmissiletype	37	native-host-call	yes	0x004af640
addmounttype	30	native-host-call	yes	0x004b0ff0
addplayitem	3	native-host-call	yes	0x00464b40
addquest	85	native-host-call	yes	0x004c43e0
addquestdefinition	90	native-host-call	yes	0x004c4150
addrect	2	script-definition	no	-
addreferencepalette	30	native-host-call	yes	0x004b9f60
addsatellite	4	native-host-call	yes	0x0043fa10
addscrollingarrowbuttons	1	heuristic-false-positive	no	-
addscrollingmapbuttons	1	heuristic-false-positive	no	-
addsoundfx	3587	native-host-call	yes	0x00479140
addspelldef	2	native-host-call	yes	0x004f01b0
addspriteunit	4	native-host-call	yes	0x004ed4f0
addspriteunitnow	2	native-host-call	yes	0x004ed8d0
addspyunitbargraphs	2	script-definition	no	-
addterrainbonustype	1	heuristic-false-positive	no	-
addterrainsprite	30	native-host-call	yes	0x0050d430
addterrainspritetype	532	native-host-call	yes	0x0050d2a0
addtobarter	62	native-host-call	yes	0x00435f80
addtogroup	17	native-host-call	yes	0x00498d10
addunit	32	native-host-call	yes	0x00486170
addunitbargraphs	8	script-definition	no	-
addunitmodifier	301	native-host-call	yes	0x005287f0
addunitnow	70	native-host-call	yes	0x00486440
addvirtualunit	2	native-host-call	yes	0x0044d3a0
adj	2	script-definition	no	-
adj_vulnerability_factor	70	script-definition	no	-
adjust_button	1	heuristic-false-positive	no	-
adjust_dbf	1	script-definition	no	-
adjust_fame	8	script-definition	no	-
adjust_sbf	1	heuristic-false-positive	no	-
adjust_starting_experience?	4	script-definition	no	-
adjust_starting_resources?	4	script-definition	no	-
adjust_tbf	1	heuristic-false-positive	no	-
adjustbartertoratio	2	native-host-call	yes	0x004352d0
adjusted_building_experience	5	script-definition	no	-
adood	31	heuristic-false-positive	no	-
advanced?	3	heuristic-false-positive	no	-
adventsword	3	script-definition	no	-
afatk	1	script-definition	no	-
afatkack_1	3	script-definition	no	-
afatkack_2	1	script-definition	no	-
afatkack_3	1	script-definition	no	-
afdie	1	script-definition	no	-
aff	12	script-definition	no	-
affectingspellstrings	3	script-definition	no	-
afmov	2	script-definition	no	-
afmovack_1	3	script-definition	no	-
afmovack_2	1	script-definition	no	-
afmovack_3	1	script-definition	no	-
afselack_1	2	script-definition	no	-
afselack_2	1	script-definition	no	-
after_art_count	5	script-definition	no	-
after_close_story_dialog	15	script-definition	no	-
after_combat	1	script-definition	no	-
after_combat_special_barter_check	1	heuristic-false-positive	no	-
after_count	11	script-definition	no	-
aftershock	6	script-definition	no	-
agilitystring1	3	script-definition	no	-
agx06	6	heuristic-false-positive	no	-
ai_approach	1	script-definition	no	-
ai_army	9	script-definition	no	-
ai_army_id	30	script-definition	no	-
ai_attacker_play_retreat	7	script-definition	no	-
ai_can_destroy_villages?	2	script-definition	no	-
ai_cast_combat	4	script-definition	no	-
ai_cast_post_combat_spells	2	script-definition	no	-
ai_champ_count	10	script-definition	no	-
ai_faith	160	script-definition	no	-
ai_fatih	3	heuristic-false-positive	no	-
ai_id	17	script-definition	no	-
ai_leave_alone	1	script-definition	no	-
ai_leave_sprite_alone	1	script-definition	no	-
ai_melee_total	27	script-definition	no	-
ai_melee_v	21	script-definition	no	-
ai_missile_total	23	script-definition	no	-
ai_missile_v	21	script-definition	no	-
ai_name	114	script-definition	no	-
ai_player	14	script-definition	no	-
ai_players_edit	1	heuristic-false-positive	no	-
ai_players_str	2	script-definition	no	-
ai_players_val	1	script-definition	no	-
ai_region	51	script-definition	no	-
ai_special_v	21	script-definition	no	-
ai_spell_research_dict	2	script-definition	no	-
ai_spell_research_order	2	script-definition	no	-
ai_structure_name	8	script-definition	no	-
ai_survival_v	21	script-definition	no	-
ai_target_army	8	script-definition	no	-
ai_target_faith	28	script-definition	no	-
ai_target_player	2	script-definition	no	-
ai_total_barter_value	5	script-definition	no	-
ai_turn	81	script-definition	no	-
ai_unit_count	8	script-definition	no	-
ai_v1	10	script-definition	no	-
ai_v2	12	script-definition	no	-
aiatk	1	script-definition	no	-
aiatkack_1	1	script-definition	no	-
aibrk1	3	script-definition	no	-
aibrk2	6	script-definition	no	-
aibrk3	3	script-definition	no	-
aibrk4	3	script-definition	no	-
aicav	14	script-definition	no	-
aicave	8	script-definition	no	-
aicavm	1	heuristic-false-positive	no	-
aicr1	16	script-definition	no	-
aicr2	19	script-definition	no	-
aicr3	19	script-definition	no	-
aicr4	14	script-definition	no	-
aicr5	28	script-definition	no	-
aidie	1	script-definition	no	-
aidung	1	script-definition	no	-
aifit	34	script-definition	no	-
aiinf	13	script-definition	no	-
ail_amt	14	script-definition	no	-
ail_amt_box	2	heuristic-false-positive	no	-
ail_amt_str	4	script-definition	no	-
ail_bitmap	4	heuristic-false-positive	no	-
ail_cost	6	script-definition	no	-
ail_edit	2	heuristic-false-positive	no	-
ail_item	4	script-definition	no	-
ail_received	4	script-definition	no	-
ail_str	4	script-definition	no	-
aildf	24	script-definition	no	-
aildt	26	script-definition	no	-
aildw	35	script-definition	no	-
ailh_bitmap	2	heuristic-false-positive	no	-
ailib1	3	script-definition	no	-
ailib2	10	script-definition	no	-
aimag1	3	script-definition	no	-
aimag2	6	script-definition	no	-
aimag3	3	script-definition	no	-
aimag4	3	script-definition	no	-
aimgt1	5	script-definition	no	-
aimgt2	2	script-definition	no	-
aimgt3	2	script-definition	no	-
aimgt4	2	script-definition	no	-
aimina	1	script-definition	no	-
aiminc	4	script-definition	no	-
aiming	2	script-definition	no	-
aimis	17	script-definition	no	-
aimkt1	5	script-definition	no	-
aimkt2	2	script-definition	no	-
aimkt3	2	script-definition	no	-
aimkt4	2	script-definition	no	-
aimov	1	script-definition	no	-
aimovack_1	1	script-definition	no	-
aimult	3	script-definition	no	-
air_indicator_aura	1	script-definition	no	-
air_landscape	2	script-definition	no	-
air_pal	11	script-definition	no	-
air_sbld_button0	1	script-definition	no	-
air_sbld_button1	1	script-definition	no	-
air_sbld_button2	1	script-definition	no	-
air_sbld_button_frame	3	heuristic-false-positive	no	-
air_sbld_info_dd	1	heuristic-false-positive	no	-
air_sbld_info_in_dd	1	heuristic-false-positive	no	-
air_surnames	1	script-definition	no	-
airspcr1	2	script-definition	no	-
aisbld	12	script-definition	no	-
aisblda	10	script-definition	no	-
aisbldn	3	script-definition	no	-
aiselack_1	1	script-definition	no	-
aishp	8	script-definition	no	-
aispelldict	99	script-definition	no	-
aistat	3	script-definition	no	-
aithf	17	script-definition	no	-
aithg1	3	script-definition	no	-
aithg2	6	script-definition	no	-
aithg3	3	script-definition	no	-
aithg4	3	script-definition	no	-
aitowe	1	script-definition	no	-
aitpl1	5	script-definition	no	-
aitpl2	2	script-definition	no	-
aitpl3	2	script-definition	no	-
aitpl4	2	script-definition	no	-
aitvn1	5	script-definition	no	-
aitvn2	2	script-definition	no	-
aitvn3	2	script-definition	no	-
aitvn4	2	script-definition	no	-
aiwiz	41	script-definition	no	-
aiwm1	18	script-definition	no	-
aiwm2	20	script-definition	no	-
aiwm3	4	script-definition	no	-
alchemy	5	script-definition	no	-
ale0_edit	1	script-definition	no	-
ale0_str	3	script-definition	no	-
ale1_edit	1	script-definition	no	-
ale1_str	3	script-definition	no	-
ale2_edit	1	script-definition	no	-
ale2_str	3	script-definition	no	-
ale_decreasing_table	1	heuristic-false-positive	no	-
ale_delta	4	script-definition	no	-
ale_edit	2	script-definition	no	-
ale_for_crystals	52	script-definition	no	-
ale_for_crystals1_str	5	script-definition	no	-
ale_for_crystals2_str	5	script-definition	no	-
ale_for_crystals_text_box	5	heuristic-false-positive	no	-
ale_for_fame	34	script-definition	no	-
ale_for_fame1_str	5	script-definition	no	-
ale_for_fame2_str	5	script-definition	no	-
ale_for_fame_text_box	5	heuristic-false-positive	no	-
ale_for_gold	43	script-definition	no	-
ale_for_gold1_str	5	script-definition	no	-
ale_for_gold2_str	5	script-definition	no	-
ale_for_gold_text_box	5	heuristic-false-positive	no	-
ale_for_initiates_text_box	4	heuristic-false-positive	no	-
ale_increasing_table	1	heuristic-false-positive	no	-
ale_text	6	script-definition	no	-
aledelta	3	script-definition	no	-
alevaluestring	1	script-definition	no	-
alive_overlay_dd	2	script-definition	no	-
all_bits	10	script-definition	no	-
all_magic_resistances	8	script-definition	no	-
all_water	1	script-definition	no	-
allocate_objects	2	script-definition	no	-
allow_changes?	24	script-definition	no	-
allow_evolution?	2	script-definition	no	-
allow_rename_units?	5	script-definition	no	-
ally_warning	15	script-definition	no	-
allywarningcallback	1	native-host-call	yes	0x004d8730
aload	4	native-host-call	yes	0x004cbfb0
already_cast	6	script-definition	no	-
already_training?	1	script-definition	no	-
alreadymorphed?	6	script-definition	no	-
alt_terraform_type	8	script-definition	no	-
alt_ut_stack	5	script-definition	no	-
altar	5	script-definition	no	-
amatk	1	script-definition	no	-
amatkack_1	3	script-definition	no	-
amatkack_2	1	script-definition	no	-
ambient_string	4	script-definition	no	-
ambientlight	1	native-host-call	yes	0x0046b310
amdie	1	script-definition	no	-
amfireprot	1	script-definition	no	-
amiensbld	2	script-definition	no	-
ammov	1	script-definition	no	-
ammovack_1	2	script-definition	no	-
ammovack_2	1	script-definition	no	-
amount	15	script-definition	no	-
amounts	18	script-definition	no	-
amrng	1	script-definition	no	-
amselack_1	3	script-definition	no	-
amselack_2	1	script-definition	no	-
amselack_3	1	script-definition	no	-
amt	44	script-definition	no	-
amt0	16	script-definition	no	-
amt_ally_pol	26	script-definition	no	-
amt_enemy_pol	24	script-definition	no	-
amt_fame	10	script-definition	no	-
amt_index	8	script-definition	no	-
amulet_chance	2	script-definition	no	-
amulet_crystal	6	script-definition	no	-
amulet_defense	2	script-definition	no	-
amulet_demon	5	script-definition	no	-
amulet_fate	6	script-definition	no	-
amulet_ghost	1	script-definition	no	-
amulet_indecision	5	script-definition	no	-
amulet_infestation	6	script-definition	no	-
amulet_poison	5	script-definition	no	-
amulet_revelation	5	script-definition	no	-
amulet_serpent	8	script-definition	no	-
amulet_wisp	6	script-definition	no	-
analyze_combat	1	script-definition	no	-
analyze_days	2	script-definition	no	-
and	2355	language-primitive	yes	0x004cbea0
angle	2	script-definition	no	-
animate_dead	4	script-definition	no	-
answer	2	script-definition	no	-
antispy_dict	1	script-definition	no	-
antispy_find_partner	1	script-definition	no	-
antispy_find_target	1	script-definition	no	-
antispy_str_ratio	1	script-definition	no	-
antispy_strength_test	1	script-definition	no	-
any_en_route?	1	native-host-call	yes	0x004d6740
any_info_gain	3	script-definition	no	-
any_legends_exist?	2	heuristic-false-positive	no	-
any_region	72	script-definition	no	-
any_state	2	script-definition	no	-
any_turn	35	script-definition	no	-
any_unit_panel_open?	5	script-definition	no	-
anyartifactplayerdontknow?	4	native-host-call	yes	0x004a1c80
anything	5	script-definition	no	-
anythingat	26	native-host-call	yes	0x004e6520
anythingat?	4	script-definition	no	-
anythinglocation	316	native-host-call	yes	0x004e6890
anythingowner	288	native-host-call	yes	0x004e6780
ao	3	script-definition	no	-
aolevel	1	script-definition	no	-
approach_action	1	script-definition	no	-
approach_user_radius	3	script-definition	no	-
approached_brain_says_something?	5	script-definition	no	-
arg	3	script-definition	no	-
arg_offset	3	script-definition	no	-
arg_stack	4	script-definition	no	-
arg_top	4	script-definition	no	-
arm_fac_str	2	script-definition	no	-
armiesaveragespeed	6	native-host-call	yes	0x00466430
armiesstrengthgreaterthan	1	native-host-call	yes	0x00467290
armiesstrengthlessthan	1	native-host-call	yes	0x00467170
armor_archon	9	script-definition	no	-
armor_bonus	2	script-definition	no	-
armor_dragonscale	4	script-definition	no	-
armor_ebony_plate	5	script-definition	no	-
armor_elven	2	heuristic-false-positive	no	-
armor_elven_chain	4	script-definition	no	-
armor_feather_chain	3	script-definition	no	-
armor_obsidian	5	script-definition	no	-
armor_sound	15	script-definition	no	-
armor_spell_d3	2	script-definition	no	-
armor_urak	9	script-definition	no	-
armor_value	6	script-definition	no	-
arms	2	heuristic-false-positive	no	-
army	27	script-definition	no	-
army1_id	45	script-definition	no	-
army2_id	49	script-definition	no	-
army_a	70	script-definition	no	-
army_a_owner	10	script-definition	no	-
army_armor_factor	3	script-definition	no	-
army_armor_factor_a	3	script-definition	no	-
army_armor_factor_d	3	script-definition	no	-
army_attack_factor	3	script-definition	no	-
army_attack_factor_a	3	script-definition	no	-
army_attack_factor_d	3	script-definition	no	-
army_avg_armor	1	script-definition	no	-
army_avg_attack	1	script-definition	no	-
army_avg_level	1	script-definition	no	-
army_avg_ranged_attack	1	script-definition	no	-
army_barter_value_str	2	script-definition	no	-
army_benefits_from_air_building	1	script-definition	no	-
army_benefits_from_building	2	script-definition	no	-
army_benefits_from_chaos_building	1	script-definition	no	-
army_benefits_from_death_building	1	script-definition	no	-
army_benefits_from_earth_building	1	script-definition	no	-
army_benefits_from_fire_building	1	script-definition	no	-
army_benefits_from_life_building	1	script-definition	no	-
army_benefits_from_order_building	1	script-definition	no	-
army_benefits_from_water_building	1	script-definition	no	-
army_best_armor	2	script-definition	no	-
army_best_attack	2	script-definition	no	-
army_best_level	2	script-definition	no	-
army_best_ranged_attack	2	script-definition	no	-
army_can_cast_spell?	27	script-definition	no	-
army_cavalry_factor	2	script-definition	no	-
army_cavalry_factor_a	8	script-definition	no	-
army_cavalry_factor_d	8	script-definition	no	-
army_count_array	2	script-definition	no	-
army_d	67	script-definition	no	-
army_d_owner	10	script-definition	no	-
army_die_proc	2	script-definition	no	-
army_en_route?	11	native-host-call	yes	0x004d6880
army_factor	8	script-definition	no	-
army_flags	4	script-definition	no	-
army_for_dialog	103	script-definition	no	-
army_id	3027	script-definition	no	-
army_id2	3	script-definition	no	-
army_id_	2	script-definition	no	-
army_infantry_factor	2	script-definition	no	-
army_infantry_factor_a	8	script-definition	no	-
army_infantry_factor_d	8	script-definition	no	-
army_is_serpent_fodder?	1	script-definition	no	-
army_level_factor	3	script-definition	no	-
army_level_factor_a	3	script-definition	no	-
army_level_factor_d	3	script-definition	no	-
army_location	3	script-definition	no	-
army_missile_class_factor	2	script-definition	no	-
army_missile_factor_a	8	script-definition	no	-
army_missile_factor_d	8	script-definition	no	-
army_moveout?	1	script-definition	no	-
army_name_string	8	script-definition	no	-
army_ok	2	script-definition	no	-
army_owner	29	script-definition	no	-
army_ranged_attack_factor	3	script-definition	no	-
army_ranged_attack_factor_a	3	script-definition	no	-
army_ranged_attack_factor_d	3	script-definition	no	-
army_ranged_factor	3	script-definition	no	-
army_ranged_factor_a	3	script-definition	no	-
army_ranged_factor_d	3	script-definition	no	-
army_roster_change_proc	1	script-definition	no	-
army_roster_container_flag	1	heuristic-false-positive	no	-
army_roster_help_proc	1	script-definition	no	-
army_roster_help_procs	3	script-definition	no	-
army_roster_procs	2	script-definition	no	-
army_roster_spot_flag	15	script-definition	no	-
army_roster_spot_on_boat	5	script-definition	no	-
army_says?	7	heuristic-false-positive	no	-
army_set	4	script-definition	no	-
army_size_a	13	script-definition	no	-
army_size_d	13	script-definition	no	-
army_specification	3	script-definition	no	-
army_spoils	39	script-definition	no	-
army_spoils_list	1	script-definition	no	-
army_statistics_dlg	8	script-definition	no	-
army_supply_stack	5	script-definition	no	-
army_to_dungeon_range	1	script-definition	no	-
army_to_dungeon_weight	1	script-definition	no	-
army_total_barter_value	2	script-definition	no	-
army_value	16	script-definition	no	-
army_x	9	script-definition	no	-
army_y	9	script-definition	no	-
armyaattack	1	heuristic-false-positive	no	-
armyaddunittype	2	native-host-call	yes	0x0044d1b0
armyaindividualdamage	2	heuristic-false-positive	no	-
armyanumunits	3	script-definition	no	-
armyaratio2	2	script-definition	no	-
armyat	70	native-host-call	yes	0x004845e0
armyaunitsaffected	2	heuristic-false-positive	no	-
armyaunitstack	5	script-definition	no	-
armyavalue	8	script-definition	no	-
armybatervalue	37	native-host-call	yes	0x004246e0
armybattack	1	heuristic-false-positive	no	-
armybeginturnproc	2	native-host-call	yes	0x004e3510
armybindividualdamage	2	heuristic-false-positive	no	-
armybnumunits	3	script-definition	no	-
armybratio2	2	script-definition	no	-
armybunitsaffected	2	heuristic-false-positive	no	-
armybunitstack	5	script-definition	no	-
armybvalue	8	script-definition	no	-
armycanmove?	4	native-host-call	yes	0x00426e10
armycanrally?	1	native-host-call	yes	0x004e2690
armycanspitweb?	5	native-host-call	yes	0x004e28f0
armycantransferartifacts?	2	native-host-call	yes	0x004e2850
armycastbreath?	9	native-host-call	yes	0x004e2700
armychangedproc	1	native-host-call	yes	0x004e2620
armycouldbenefitfromspecialbuilding?	2	native-host-call	yes	0x00449990
armydex	6	native-host-call	yes	0x00507540
armydieproc	2	native-host-call	yes	0x004e2f10
armyexpense	1	native-host-call	yes	0x004d7c90
armyflee	15	native-host-call	yes	0x00466a00
armyhasbrain?	36	native-host-call	yes	0x00410340
armyhasthief?	33	script-definition	no	-
armyid	4	script-definition	no	-
armyindex	2	script-definition	no	-
armyispaused?	1	native-host-call	yes	0x0041bd40
armylevel	22	native-host-call	yes	0x005074d0
armypercent	3	script-definition	no	-
armypercenttogrid	2	native-host-call	yes	0x004e1c60
armysaysdict	1	script-definition	no	-
armyspeed	6	native-host-call	yes	0x004664a0
armystackindex	8	script-definition	no	-
armystopmovingcallback	2	native-host-call	yes	0x004e5e20
armystrength	37	native-host-call	yes	0x0051f000
armythiefdex	60	native-host-call	yes	0x00507630
armythieflevel	61	native-host-call	yes	0x005075c0
armyturnstodestination	2	native-host-call	yes	0x00426ad0
arr	27	script-definition	no	-
array	152	language-primitive	yes	0x004ca7b0
array_index	3	script-definition	no	-
arrow	7	heuristic-false-positive	no	-
arrow_down_x	2	script-definition	no	-
arrow_down_y	2	heuristic-false-positive	no	-
arrow_scroll	4	native-host-call	yes	0x00505b10
arrow_up_x	2	script-definition	no	-
arrow_up_y	2	heuristic-false-positive	no	-
arrow_xywh	74	script-definition	no	-
art0	8	script-definition	no	-
art0_doodad	1	heuristic-false-positive	no	-
art0_item	2	script-definition	no	-
art1	8	heuristic-false-positive	no	-
art1_doodad	1	heuristic-false-positive	no	-
art1_item	2	script-definition	no	-
art2	8	heuristic-false-positive	no	-
art2_doodad	1	heuristic-false-positive	no	-
art2_item	2	script-definition	no	-
art3	8	heuristic-false-positive	no	-
art3_doodad	1	heuristic-false-positive	no	-
art3_item	2	script-definition	no	-
art4	8	heuristic-false-positive	no	-
art4_doodad	1	heuristic-false-positive	no	-
art4_item	2	script-definition	no	-
art5	8	heuristic-false-positive	no	-
art5_doodad	1	heuristic-false-positive	no	-
art5_item	2	script-definition	no	-
art6	8	heuristic-false-positive	no	-
art6_doodad	1	heuristic-false-positive	no	-
art6_item	2	script-definition	no	-
art7_doodad	1	heuristic-false-positive	no	-
art8_doodad	1	heuristic-false-positive	no	-
art9_doodad	1	heuristic-false-positive	no	-
art_charges	3	script-definition	no	-
art_count	2	script-definition	no	-
art_dis_edit0	1	heuristic-false-positive	no	-
art_dis_edit1	1	heuristic-false-positive	no	-
art_dis_edit10	1	heuristic-false-positive	no	-
art_dis_edit11	1	heuristic-false-positive	no	-
art_dis_edit12	1	heuristic-false-positive	no	-
art_dis_edit13	1	heuristic-false-positive	no	-
art_dis_edit14	1	heuristic-false-positive	no	-
art_dis_edit2	1	heuristic-false-positive	no	-
art_dis_edit3	1	heuristic-false-positive	no	-
art_dis_edit4	1	heuristic-false-positive	no	-
art_dis_edit5	1	heuristic-false-positive	no	-
art_dis_edit6	1	heuristic-false-positive	no	-
art_dis_edit7	1	heuristic-false-positive	no	-
art_dis_edit8	1	heuristic-false-positive	no	-
art_dis_edit9	1	heuristic-false-positive	no	-
art_dis_edits	3	script-definition	no	-
art_dis_text0	2	script-definition	no	-
art_dis_text1	2	script-definition	no	-
art_dis_text10	2	script-definition	no	-
art_dis_text11	2	script-definition	no	-
art_dis_text12	2	script-definition	no	-
art_dis_text13	2	script-definition	no	-
art_dis_text14	2	script-definition	no	-
art_dis_text2	2	script-definition	no	-
art_dis_text3	2	script-definition	no	-
art_dis_text4	2	script-definition	no	-
art_dis_text5	2	script-definition	no	-
art_dis_text6	2	script-definition	no	-
art_dis_text7	2	script-definition	no	-
art_dis_text8	2	script-definition	no	-
art_dis_text9	2	script-definition	no	-
art_dis_texts	12	script-definition	no	-
art_doodad_id	6	script-definition	no	-
art_doodad_ids	1	script-definition	no	-
art_doodads	4	script-definition	no	-
art_faith	2	heuristic-false-positive	no	-
art_id	4	script-definition	no	-
art_item	14	script-definition	no	-
art_limit	2	heuristic-false-positive	no	-
art_log_str	4	script-definition	no	-
art_max_charges	4	script-definition	no	-
art_name	6	script-definition	no	-
art_number	5	script-definition	no	-
art_owner_name	1	script-definition	no	-
art_owner_utype_name	1	script-definition	no	-
art_spot	24	script-definition	no	-
art_str_box	2	heuristic-false-positive	no	-
art_type	20	script-definition	no	-
art_type_dict	16	script-definition	no	-
arta	3	script-definition	no	-
artbutton	3	script-definition	no	-
artbutton2	1	script-definition	no	-
artbutton2_dd	1	heuristic-false-positive	no	-
artbutton2_frame	1	heuristic-false-positive	no	-
artbutton2_in_dd	1	heuristic-false-positive	no	-
artbutton2_xywh	4	heuristic-false-positive	no	-
artbutton_dd	3	heuristic-false-positive	no	-
artbutton_frame	3	heuristic-false-positive	no	-
artbutton_in_dd	3	heuristic-false-positive	no	-
artbutton_xywh	14	heuristic-false-positive	no	-
artbuttond	2	script-definition	no	-
artbuttond_dd	2	heuristic-false-positive	no	-
artbuttond_frame	2	heuristic-false-positive	no	-
artbuttond_in_dd	2	heuristic-false-positive	no	-
artbuttond_xywh	6	heuristic-false-positive	no	-
artifact	155	script-definition	no	-
artifact_array	10	script-definition	no	-
artifact_backdrop_dd	2	heuristic-false-positive	no	-
artifact_backdrop_page	6	script-definition	no	-
artifact_boxes	26	script-definition	no	-
artifact_callback_done	7	script-definition	no	-
artifact_cando?	4	script-definition	no	-
artifact_change_proc0	3	script-definition	no	-
artifact_change_proc1	3	script-definition	no	-
artifact_change_proc2	1	script-definition	no	-
artifact_change_proc3	1	script-definition	no	-
artifact_change_proc4	1	script-definition	no	-
artifact_change_proc5	1	script-definition	no	-
artifact_change_proc6	1	script-definition	no	-
artifact_charge	2	script-definition	no	-
artifact_container0	33	heuristic-false-positive	no	-
artifact_container1	61	heuristic-false-positive	no	-
artifact_container2	1	heuristic-false-positive	no	-
artifact_container3	1	heuristic-false-positive	no	-
artifact_container4	1	heuristic-false-positive	no	-
artifact_container5	1	heuristic-false-positive	no	-
artifact_container6	1	heuristic-false-positive	no	-
artifact_container_flag	11	script-definition	no	-
artifact_count	16	script-definition	no	-
artifact_counter	8	script-definition	no	-
artifact_description	2	script-definition	no	-
artifact_description_box	1	script-definition	no	-
artifact_description_table	1	script-definition	no	-
artifact_dlg	50	script-definition	no	-
artifact_dlg_dict	231	script-definition	no	-
artifact_dlg_list	4	script-definition	no	-
artifact_dlg_y	2	script-definition	no	-
artifact_doodad	1	script-definition	no	-
artifact_doodad0	4	script-definition	no	-
artifact_doodad1	4	script-definition	no	-
artifact_doodad2	4	script-definition	no	-
artifact_doodad3	4	script-definition	no	-
artifact_doodad4	4	script-definition	no	-
artifact_doodad5	4	script-definition	no	-
artifact_doodad6	3	script-definition	no	-
artifact_doodad_id	4	script-definition	no	-
artifact_downarrow_button	2	script-definition	no	-
artifact_dynamic	42	script-definition	no	-
artifact_dynamic_stack	2	script-definition	no	-
artifact_faith	1	script-definition	no	-
artifact_id	83	script-definition	no	-
artifact_image	2	script-definition	no	-
artifact_index	10	script-definition	no	-
artifact_lbm_page	1	script-definition	no	-
artifact_lbm_page0	4	script-definition	no	-
artifact_lbm_page1	4	script-definition	no	-
artifact_lbm_page2	4	script-definition	no	-
artifact_lbm_page3	4	script-definition	no	-
artifact_lbm_page4	4	script-definition	no	-
artifact_lbm_page5	4	script-definition	no	-
artifact_lbm_page6	3	script-definition	no	-
artifact_log_on?	6	script-definition	no	-
artifact_manipulation_allowed?	3	heuristic-false-positive	no	-
artifact_mode	28	script-definition	no	-
artifact_mousemove_proc0	3	script-definition	no	-
artifact_mousemove_proc1	3	script-definition	no	-
artifact_mousemove_proc2	1	script-definition	no	-
artifact_mousemove_proc3	1	script-definition	no	-
artifact_mousemove_proc4	1	script-definition	no	-
artifact_mousemove_proc5	1	script-definition	no	-
artifact_mousemove_proc6	1	script-definition	no	-
artifact_name	4	script-definition	no	-
artifact_name0	9	script-definition	no	-
artifact_name1	9	script-definition	no	-
artifact_name2	9	script-definition	no	-
artifact_name3	9	script-definition	no	-
artifact_name4	9	script-definition	no	-
artifact_name5	9	script-definition	no	-
artifact_name6	9	script-definition	no	-
artifact_name_box	2	script-definition	no	-
artifact_name_help	18	script-definition	no	-
artifact_name_id	2	script-definition	no	-
artifact_name_text	2	script-definition	no	-
artifact_order_dict	2	script-definition	no	-
artifact_page	1	script-definition	no	-
artifact_page1	2	script-definition	no	-
artifact_page2	1	script-definition	no	-
artifact_panel_doodad	1	script-definition	no	-
artifact_portrait_filename	15	script-definition	no	-
artifact_portrait_name	2	script-definition	no	-
artifact_portrait_name0	4	script-definition	no	-
artifact_portrait_name1	4	script-definition	no	-
artifact_portrait_name2	4	script-definition	no	-
artifact_portrait_name3	4	script-definition	no	-
artifact_portrait_name4	4	script-definition	no	-
artifact_portrait_name5	4	script-definition	no	-
artifact_portrait_name6	4	script-definition	no	-
artifact_sounds	4	script-definition	no	-
artifact_spell_id	28	script-definition	no	-
artifact_spoils	73	script-definition	no	-
artifact_spoils_dict	4	script-definition	no	-
artifact_spoils_list	1	script-definition	no	-
artifact_stone_page	3	script-definition	no	-
artifact_table	5	script-definition	no	-
artifact_text	2	script-definition	no	-
artifact_type	42	script-definition	no	-
artifact_unique_to_type	14	script-definition	no	-
artifact_uparrow_button	2	script-definition	no	-
artifact_value	11	script-definition	no	-
artifactarmy	2033	script-definition	no	0x0042bd30
artifactattackmodifications	4	native-host-call	yes	0x0042c2c0
artifactaura	1	script-definition	no	-
artifactaurachannel	1	script-definition	no	-
artifactb_container_flag	2	script-definition	no	-
artifactb_spot_flag	2	heuristic-false-positive	no	-
artifactc_bg	2	heuristic-false-positive	no	-
artifactclassdict	465	script-definition	no	-
artifactdefendmodifications	4	native-host-call	yes	0x0042c2e0
artifactdict	804	script-definition	no	-
artifacthelpid	2	script-definition	no	-
artifacthelpid_strings	2	script-definition	no	-
artifacthelpprocs	10	script-definition	no	-
artifacthelpstrings	6	script-definition	no	-
artifactinhand?	2	script-definition	no	-
artifactp_bg	2	heuristic-false-positive	no	-
artifactr_spot_flag	61	heuristic-false-positive	no	-
artifacts_button	2	heuristic-false-positive	no	-
artifacts_for_dead	1	script-definition	no	-
artifacts_helptexts	2	script-definition	no	-
artifacts_won_array	18	script-definition	no	-
artifactself	835	native-host-call	yes	0x0042bdd0
artifacttitle_box	2	heuristic-false-positive	no	-
artifacttitle_buffer	4	script-definition	no	-
artifacttitle_item	4	script-definition	no	-
artifacttype	2	native-host-call	yes	0x00429a10
artifacttypegetuniqueid	22	native-host-call	yes	0x0042aef0
artifactunit	1876	script-definition	no	0x0042bd80
artu	2	script-definition	no	-
asatk	1	script-definition	no	-
asatkack_1	1	script-definition	no	-
asdie	1	script-definition	no	-
ask_ok_modal	5	script-definition	no	-
ask_ok_modal_bigger	2	script-definition	no	-
ask_yes_no_modal	25	script-definition	no	-
asmov	1	script-definition	no	-
asmovack_1	1	script-definition	no	-
asphyx_aura	2	heuristic-false-positive	no	-
asrng	1	script-definition	no	-
assault_play	1	script-definition	no	-
assault_play_special_spells	4	script-definition	no	-
asselack_1	1	script-definition	no	-
assign_ai_leader_types	1	heuristic-false-positive	no	-
assign_leader_type	2	heuristic-false-positive	no	-
astore	9	native-host-call	yes	0x004cbfc0
at	23	script-definition	no	-
at_bv	2	heuristic-false-positive	no	-
at_faith	3	heuristic-false-positive	no	-
at_war_count	1	script-definition	no	-
atatk	1	script-definition	no	-
atatkack_1	2	script-definition	no	-
atatkack_2	1	script-definition	no	-
atdie	1	script-definition	no	-
atk_fac_str	2	script-definition	no	-
atk_str	12	script-definition	no	-
atk_str_box	2	heuristic-false-positive	no	-
atk_str_text	2	heuristic-false-positive	no	-
atka	5	script-definition	no	-
atkcmp1	4	heuristic-false-positive	no	-
atkcmp2	4	heuristic-false-positive	no	-
atkcmp3	4	heuristic-false-positive	no	-
atkinf	4	heuristic-false-positive	no	-
atkmis	4	heuristic-false-positive	no	-
atmov	2	script-definition	no	-
atmovack_1	2	script-definition	no	-
atmovack_2	1	script-definition	no	-
atrng	1	script-definition	no	-
atselack_1	2	script-definition	no	-
atselack_2	1	script-definition	no	-
att	12	script-definition	no	-
att12	20	heuristic-false-positive	no	-
att_dict	4	script-definition	no	-
att_index	10	script-definition	no	-
att_level	10	script-definition	no	-
attach_playbook	1	script-definition	no	-
attach_turnai_brain	1	script-definition	no	-
attack?	5	script-definition	no	-
attack_again?	2	script-definition	no	-
attack_armor	2	script-definition	no	-
attack_bonus	2	script-definition	no	-
attack_button	6	heuristic-false-positive	no	-
attack_counter	2	script-definition	no	-
attack_for_experience	1	script-definition	no	-
attack_hit_recovery	2	script-definition	no	-
attack_ranged_enemy_play	2	script-definition	no	-
attack_reaction_dict	1	script-definition	no	-
attack_spell_d3	2	script-definition	no	-
attack_temple?	1	script-definition	no	-
attack_terraform_spells	1	script-definition	no	-
attack_turnai_dict	8	script-definition	no	-
attack_type	6	script-definition	no	-
attack_unit	53	script-definition	no	-
attack_value	4	script-definition	no	-
attack_with_ranged_play	1	script-definition	no	-
attacker	837	script-definition	no	-
attacker?	2	heuristic-false-positive	no	-
attacker_air_resistance	1	script-definition	no	-
attacker_already_modified?	7	script-definition	no	-
attacker_armor	2	script-definition	no	-
attacker_army_bv	4	script-definition	no	-
attacker_attack	57	script-definition	no	-
attacker_bv_box	2	script-definition	no	-
attacker_champion1	11	script-definition	no	-
attacker_champion2	11	script-definition	no	-
attacker_champion3	9	script-definition	no	-
attacker_death_resistance	4	script-definition	no	-
attacker_desperation_bonus	5	script-definition	no	-
attacker_dexterity	4	script-definition	no	-
attacker_faith	120	script-definition	no	-
attacker_fame_adjustment	2	heuristic-false-positive	no	-
attacker_fame_diff	9	script-definition	no	-
attacker_fire_resistance	2	script-definition	no	-
attacker_health	1	script-definition	no	-
attacker_health_factor	2	script-definition	no	-
attacker_hit_points	48	script-definition	no	-
attacker_level	113	script-definition	no	-
attacker_luck	103	script-definition	no	-
attacker_max_health	1	script-definition	no	-
attacker_max_hp	56	script-definition	no	-
attacker_name	63	script-definition	no	-
attacker_name_box	4	script-definition	no	-
attacker_percent_health	55	script-definition	no	-
attacker_ranged_attack	33	script-definition	no	-
attacker_stack	5	script-definition	no	-
attacker_strength	4	script-definition	no	-
attacker_wisdom	10	script-definition	no	-
attackercity_default_play	5	script-definition	no	-
attackerdict	12	script-definition	no	-
attackerfacing	1	native-host-call	yes	0x00468d00
attackfacingvalue	15	native-host-call	yes	0x00401420
attacking_army_speaks?	5	script-definition	no	-
attackismissile?	161	script-definition	no	-
attackorder	20	native-host-call	yes	0x00463be0
attackproc	1	native-host-call	yes	0x004e3430
attackstring	3	script-definition	no	-
attackstring1	3	script-definition	no	-
attitude	20	script-definition	no	-
attitude_index	4	script-definition	no	-
attitude_table	26	script-definition	no	-
attitude_y	1	script-definition	no	-
attitudetowardtempledude	4	heuristic-false-positive	no	-
au	2	script-definition	no	-
au_num	5	script-definition	no	-
au_stack	7	script-definition	no	-
au_to_a_u	30	native-host-call	yes	0x004e5b20
aura_alpha_filename	8	script-definition	no	-
aura_dict	3	script-definition	no	-
aura_imp_filename	8	script-definition	no	-
aut	1	script-definition	no	-
auto_fight	1	heuristic-false-positive	no	-
auto_retreat	1	heuristic-false-positive	no	-
autocalc_allowed?	3	script-definition	no	-
autocalc_button	31	script-definition	no	-
autocalc_button_t	6	heuristic-false-positive	no	-
autocalcsethitpoints	5	native-host-call	yes	0x00529070
autoregions	1	native-host-call	yes	0x004c7860
available?	11	native-host-call	yes	0x0051f2b0
average_speed	4	script-definition	no	-
avg	3	heuristic-false-positive	no	-
avg_arm_str	2	script-definition	no	-
avg_armies	1	script-definition	no	-
avg_armor_a	4	script-definition	no	-
avg_armor_d	4	script-definition	no	-
avg_atk_str	2	script-definition	no	-
avg_attack_a	8	script-definition	no	-
avg_attack_d	8	script-definition	no	-
avg_level_a	5	script-definition	no	-
avg_level_d	5	script-definition	no	-
avg_lvl_str	2	script-definition	no	-
avg_mana	1	heuristic-false-positive	no	-
avg_ranged_attack_a	8	script-definition	no	-
avg_ranged_attack_d	8	script-definition	no	-
avg_ratk_str	2	script-definition	no	-
avg_spell	2	heuristic-false-positive	no	-
awatk	1	script-definition	no	-
awatkack_1	4	script-definition	no	-
awatkack_2	1	script-definition	no	-
awatkack_3	1	script-definition	no	-
awatkack_4	1	script-definition	no	-
awdie	1	script-definition	no	-
awm1atk	1	script-definition	no	-
awm1atkack_1	1	script-definition	no	-
awm1die	1	script-definition	no	-
awm1mov	1	script-definition	no	-
awm1movack_1	1	script-definition	no	-
awm1selack_1	1	script-definition	no	-
awm2atk	1	script-definition	no	-
awm2atkack_1	1	script-definition	no	-
awm2die	1	script-definition	no	-
awm2mov	1	script-definition	no	-
awm2movack_1	1	script-definition	no	-
awm2selack_1	1	script-definition	no	-
awm3atk	1	script-definition	no	-
awm3die	1	script-definition	no	-
awm3mov	1	script-definition	no	-
awmov	2	script-definition	no	-
awmovack_1	2	script-definition	no	-
awmovack_2	1	script-definition	no	-
awselack_1	2	script-definition	no	-
awselack_2	1	script-definition	no	-
axe_annihilation	6	script-definition	no	-
axe_great	2	script-definition	no	-
axe_lode	5	script-definition	no	-
axe_swift	2	script-definition	no	-
b	277	script-definition	no	-
b_1	1	heuristic-false-positive	no	-
b_b	1	script-definition	no	-
b_can_train_hire	4	script-definition	no	-
b_crytals	21	script-definition	no	-
b_exp	3	script-definition	no	-
b_fame	21	script-definition	no	-
b_followers	10	script-definition	no	-
b_food	21	script-definition	no	-
b_gold	21	script-definition	no	-
b_initive	11	script-definition	no	-
b_is_p_ally	12	script-definition	no	-
b_is_ship_for_sale	1	script-definition	no	-
b_lvl	3	script-definition	no	-
b_move_around	1	script-definition	no	-
b_r	2	heuristic-false-positive	no	-
b_refuse	23	script-definition	no	-
b_result	1	script-definition	no	-
b_ret	4	script-definition	no	-
b_ret_val	1	script-definition	no	-
b_t	1	script-definition	no	-
b_unit_type	18	script-definition	no	-
b_value	3	heuristic-false-positive	no	-
b_w	1	script-definition	no	-
b_yes	6	script-definition	no	-
ba	22	script-definition	no	-
back_button	7	heuristic-false-positive	no	-
back_wing_imp_filename	4	script-definition	no	-
backbutton_item	2	script-definition	no	-
backdraft	5	script-definition	no	-
backdrop_dd	39	script-definition	no	-
backdrop_doodad	12	script-definition	no	-
backdrop_page	71	script-definition	no	-
background	1	heuristic-false-positive	no	-
background_panel_dlg	20	script-definition	no	-
backgroundpage	6	script-definition	no	-
backlash	7	script-definition	no	-
backstab	2	script-definition	no	-
bad_bits	21	script-definition	no	-
bad_champ	1	script-definition	no	-
bad_u	2	script-definition	no	-
badbits	1	script-definition	no	-
balkoth_aura	2	heuristic-false-positive	no	-
balkoth_dlg	9	script-definition	no	-
balkoth_in_combat	2	script-definition	no	-
balkoth_word_type	1	script-definition	no	-
balkothdeathcounter	2	native-host-call	yes	0x00487bc0
balkoths_word	23	script-definition	no	-
balloon10	279	script-definition	no	-
balloon1_page	45	script-definition	no	-
balloonhelp	682	script-definition	no	-
balloonhelp_quick	163	script-definition	no	-
balloonhelpprocarray	1	script-definition	no	-
ballsocold_aura	4	heuristic-false-positive	no	-
ballsocold_type	5	heuristic-false-positive	no	-
bar_backdrop_dd	1	heuristic-false-positive	no	-
bar_h	2	script-definition	no	-
bar_mark	8	heuristic-false-positive	no	-
bar_w	2	script-definition	no	-
bargraph	77	native-host-call	yes	0x00430a80
barracks0_array	2	script-definition	no	-
barracks1_array	2	script-definition	no	-
barracks1_ttype	6	script-definition	no	-
barracks2_array	2	script-definition	no	-
barracks2_ttype	6	script-definition	no	-
barracks3_array	2	script-definition	no	-
barracks3_ttype	6	script-definition	no	-
barracks_stack	16	script-definition	no	-
barracks_village?	7	script-definition	no	-
barrow	4	heuristic-false-positive	no	-
barrow_number	8	script-definition	no	-
barter_add_dict	2	script-definition	no	-
barter_bf	9	heuristic-false-positive	no	-
barter_box	2	heuristic-false-positive	no	-
barter_buffer	4	script-definition	no	-
barter_compare_dict	2	script-definition	no	-
barter_count	2	script-definition	no	-
barter_dialog_list	2	script-definition	no	-
barter_effect	2	script-definition	no	-
barter_id	9	script-definition	no	-
barter_item_max_visible_items	26	script-definition	no	-
barter_page	14	script-definition	no	-
barter_points	86	script-definition	no	-
barter_popups	4	script-definition	no	-
barter_reaction_dict	1	script-definition	no	-
barter_satisfactory?	40	script-definition	no	-
barter_type	2	script-definition	no	-
barter_type_dict	2	script-definition	no	-
barter_type_to_commodity	2	script-definition	no	-
barter_unit	1	script-definition	no	-
barter_value_a	5	script-definition	no	-
barter_value_d	5	script-definition	no	-
barter_with_destination	1	script-definition	no	-
barteraccept	2	native-host-call	yes	0x004324f0
barteraidict	4	script-definition	no	-
barterattack	2	native-host-call	yes	0x00432720
barterattackautocalc	2	native-host-call	yes	0x00432790
barterautocalcattackspecified?	2	native-host-call	yes	0x00432800
bartercancelrenegotiate	2	native-host-call	yes	0x004326b0
barterdefdict	2	script-definition	no	-
bartering_army_speaks?	1	script-definition	no	-
barternotinterested	4	native-host-call	yes	0x00432560
barterpropose	2	native-host-call	yes	0x004325d0
barterrenegotiate	2	native-host-call	yes	0x00432640
base	10	script-definition	no	-
baseline_array	2	script-definition	no	-
batwing_wav	1	heuristic-false-positive	no	-
bcombatlist	1	script-definition	no	-
bdict	2	script-definition	no	-
bdood	46	script-definition	no	-
before_art_count	5	script-definition	no	-
before_barter_text	5	script-definition	no	-
before_count	11	script-definition	no	-
begin	14810	language-primitive	yes	0x004ca070
begin_research	2	script-definition	no	-
begin_sb_context	19	script-definition	no	-
begin_unit_definition	167	script-definition	no	-
belt_trollhide	1	script-definition	no	-
best_a	27	script-definition	no	-
best_ai_melee_total	2	script-definition	no	-
best_ai_missile_total	2	script-definition	no	-
best_arm_str	2	script-definition	no	-
best_army	3	script-definition	no	-
best_atk_str	2	script-definition	no	-
best_b	19	script-definition	no	-
best_c	9	script-definition	no	-
best_city	2	script-definition	no	-
best_code	1	script-definition	no	-
best_d	1	script-definition	no	-
best_dist_rat	4	script-definition	no	-
best_dx	4	script-definition	no	-
best_dy	4	script-definition	no	-
best_e	1	script-definition	no	-
best_enemy_id	2	script-definition	no	-
best_eta	28	script-definition	no	-
best_exp	1	script-definition	no	-
best_fit	5	script-definition	no	-
best_fit_lvl	1	script-definition	no	-
best_id	5	script-definition	no	-
best_level	4	script-definition	no	-
best_level_thief_in_army?	2	script-definition	no	-
best_location	3	script-definition	no	-
best_lvl_str	2	script-definition	no	-
best_n	4	script-definition	no	-
best_num	1	script-definition	no	-
best_p_melee_total	2	script-definition	no	-
best_p_missile_total	2	script-definition	no	-
best_pri	5	script-definition	no	-
best_rat	3	script-definition	no	-
best_rating	6	script-definition	no	-
best_ratk_str	2	script-definition	no	-
best_spell	33	script-definition	no	-
best_spell_to_research	2	script-definition	no	-
best_spell_var	18	script-definition	no	-
best_sprite_id	4	script-definition	no	-
best_str	2	script-definition	no	-
best_target	37	script-definition	no	-
best_thf	5	script-definition	no	-
best_thf_lvl	1	script-definition	no	-
best_u	4	script-definition	no	-
best_unit	1	script-definition	no	-
best_val	3	script-definition	no	-
best_value	7	script-definition	no	-
best_viability	1	script-definition	no	-
best_wiz	5	script-definition	no	-
best_wiz_lvl	1	script-definition	no	-
between	255	script-definition	no	-
bf	5	script-definition	no	-
bgrounddood	4	script-definition	no	-
bgroundpage	2	script-definition	no	-
big_bolt_spell_d1	3	script-definition	no	-
big_bolt_spell_d2	1	script-definition	no	-
big_bolt_spell_d4	3	script-definition	no	-
big_dn_doodad	2	heuristic-false-positive	no	-
big_dn_xywh	2	heuristic-false-positive	no	-
big_full_xywh	4	heuristic-false-positive	no	-
big_map_parameters	2	script-definition	no	-
big_up_doodad	2	heuristic-false-positive	no	-
big_up_xywh	2	heuristic-false-positive	no	-
bigasstempstringarray	28	script-definition	no	-
bigasstempstringarrayindex	30	script-definition	no	-
bigblue_numbers	32	heuristic-false-positive	no	-
bigdood	1	heuristic-false-positive	no	-
biggray_numbers	1	heuristic-false-positive	no	-
biggreen_numbers	12	heuristic-false-positive	no	-
biglightblue_numbers	2	heuristic-false-positive	no	-
bigpurple_numbers	2	heuristic-false-positive	no	-
bigred_numbers	11	heuristic-false-positive	no	-
bigwhite_numbers	30	heuristic-false-positive	no	-
bigyellow_numbers	292	heuristic-false-positive	no	-
bind	8689	language-primitive	yes	0x004cc8f0
bit	4	script-definition	no	-
bite	6	script-definition	no	-
bite_attack	1	script-definition	no	-
bits	48	script-definition	no	-
bits_todo	5	script-definition	no	-
bitshift	104	language-primitive	yes	0x004cc090
bl	2	script-definition	no	-
black_page	6	script-definition	no	-
blackbackbuffer	6	native-host-call	yes	0x00504cd0
blackrenderbuffer	4	native-host-call	yes	0x00504c20
blades_aura	4	heuristic-false-positive	no	-
blades_of_fury	4	script-definition	no	-
blades_type	6	heuristic-false-positive	no	-
blah_item	2	script-definition	no	-
blanked?	3	script-definition	no	-
blankimpplayer	11	native-host-call	yes	0x0049ef60
blanking_box	1	script-definition	no	-
bldg	3	script-definition	no	-
bleeding	3	script-definition	no	-
bleeding?	2	script-definition	no	-
bleeding_ref	5	script-definition	no	-
bless	21	script-definition	no	-
blessed_armor	18	script-definition	no	-
blessed_armor_type	1	script-definition	no	-
blessing	4	heuristic-false-positive	no	-
blevel	1	script-definition	no	-
blind_rage	19	script-definition	no	-
blind_ref	3	heuristic-false-positive	no	-
blindness	4	script-definition	no	-
blink	12	script-definition	no	-
blist	2	script-definition	no	-
blizzard	11	script-definition	no	-
blobs	2	heuristic-false-positive	no	-
block	16	script-definition	no	-
blood_lust	18	script-definition	no	-
blowgun_waterspitter	5	script-definition	no	-
blue_numbers	31	heuristic-false-positive	no	-
bminus_bf	2	heuristic-false-positive	no	-
bminus_dn_doodad	2	heuristic-false-positive	no	-
bminus_dn_xywh	1	heuristic-false-positive	no	-
bminus_full_xywh	2	heuristic-false-positive	no	-
bminus_up_doodad	2	heuristic-false-positive	no	-
bminus_up_xywh	1	heuristic-false-positive	no	-
boat_count	2	script-definition	no	-
boat_is_not_redundant	1	script-definition	no	-
boat_stack	62	script-definition	no	-
boats	8	script-definition	no	-
body_and_spirit	4	script-definition	no	-
body_guard?	3	script-definition	no	-
bodyguards_in_barter?	8	script-definition	no	-
boffset	40	script-definition	no	-
bolt_air	24	script-definition	no	-
bolt_air2	5	script-definition	no	-
bolt_aura	2	script-definition	no	-
bolt_aura_channel	2	script-definition	no	-
bolt_death	25	script-definition	no	-
bolt_earth	25	script-definition	no	-
bolt_fire	25	script-definition	no	-
bolt_fury	4	script-definition	no	-
bolt_life	25	script-definition	no	-
bolt_order	27	script-definition	no	-
bolt_origin_hotspot	2	script-definition	no	-
bolt_palette	2	script-definition	no	-
bolt_spell_d1	1	heuristic-false-positive	no	-
bolt_spell_d2	2	script-definition	no	-
bolt_spell_d3	3	script-definition	no	-
bolt_spell_d4	3	script-definition	no	-
bolt_spell_d5	2	script-definition	no	-
bolt_step	2	script-definition	no	-
bolt_target_hotspot	2	script-definition	no	-
bolt_thickness	2	script-definition	no	-
bolt_ticks	2	script-definition	no	-
bolt_water	26	script-definition	no	-
bonus	3	heuristic-false-positive	no	-
bonus_page	1	heuristic-false-positive	no	-
book_help_proc	4	script-definition	no	-
book_list	10	script-definition	no	-
book_page	12	script-definition	no	-
book_placement	4	script-definition	no	-
book_proc	2	script-definition	no	-
book_side	4	heuristic-false-positive	no	-
bool	17	script-definition	no	-
boots_stealth	1	script-definition	no	-
both_ai?	2	heuristic-false-positive	no	-
bottom_barter_sbf	7	heuristic-false-positive	no	-
bottom_barter_tbf	7	heuristic-false-positive	no	-
bottom_box	3	heuristic-false-positive	no	-
bottom_page	1	heuristic-false-positive	no	-
bould	5	heuristic-false-positive	no	-
bow_earthshaker	5	script-definition	no	-
bow_reed	2	script-definition	no	-
bow_spirit	4	script-definition	no	-
bow_tornado	4	script-definition	no	-
box	8	script-definition	no	-
box1	22	heuristic-false-positive	no	-
box2	2	heuristic-false-positive	no	-
box3	4	heuristic-false-positive	no	-
box_columns	12	script-definition	no	-
box_dialog_items	4	heuristic-false-positive	no	-
box_item_height	8	script-definition	no	-
box_item_max_dynamic_items	2	script-definition	no	-
box_item_width	4	script-definition	no	-
box_item_x_offset	4	script-definition	no	-
box_item_y_offset	4	script-definition	no	-
box_page_height	9	script-definition	no	-
box_page_width	9	script-definition	no	-
box_rows	12	script-definition	no	-
boxw_page	4	heuristic-false-positive	no	-
boxwpanel	2	script-definition	no	-
bp1	1	script-definition	no	-
bp2	1	script-definition	no	-
bp3	1	script-definition	no	-
bp4	1	script-definition	no	-
bp_str_box	2	heuristic-false-positive	no	-
bpc	12	script-definition	no	-
bplus_bf	2	heuristic-false-positive	no	-
bplus_dn_doodad	2	heuristic-false-positive	no	-
bplus_dn_xywh	1	heuristic-false-positive	no	-
bplus_full_xywh	2	heuristic-false-positive	no	-
bplus_up_doodad	2	heuristic-false-positive	no	-
bplus_up_xywh	1	heuristic-false-positive	no	-
bpo	5	script-definition	no	-
brain_found?	1	script-definition	no	-
brain_id	1	script-definition	no	-
brain_name	8	script-definition	no	-
brain_ok	1	script-definition	no	-
brain_stack	4	script-definition	no	-
brain_tone_count	4	script-definition	no	-
brains_needed	3	script-definition	no	-
brat	1	heuristic-false-positive	no	-
brew	13	heuristic-false-positive	no	-
brewery_delta	8	script-definition	no	-
brewery_win	11	script-definition	no	-
bribe_rate	3	script-definition	no	-
bribe_total	2	script-definition	no	-
bridge1	5	heuristic-false-positive	no	-
bridge2	4	heuristic-false-positive	no	-
brks	21	script-definition	no	-
browse_button	1	heuristic-false-positive	no	-
browse_dlg	8	script-definition	no	-
browse_doodad	4	script-definition	no	-
browse_next_backdrop	3	script-definition	no	-
bstack	9	script-definition	no	-
bt	54	script-definition	no	-
bt1	2	script-definition	no	-
bt2	2	script-definition	no	-
bt3	2	script-definition	no	-
bt4	2	script-definition	no	-
bt_dict	9	script-definition	no	-
btype	14	script-definition	no	-
buff_found	1	script-definition	no	-
buffsfound?	3	script-definition	no	-
build_barracks_building	6	script-definition	no	-
build_building	3	script-definition	no	-
build_building_boxes	3	script-definition	no	-
build_building_level	44	script-definition	no	-
build_legendary_creature?	1	script-definition	no	-
build_one_building	1	script-definition	no	-
build_panels	2	script-definition	no	-
build_relinquish_effect_phrase	3	script-definition	no	-
build_right_page_cost_text	2	script-definition	no	-
build_special_building	3	script-definition	no	-
build_spell_list	4	script-definition	no	-
build_statement	3832	heuristic-false-positive	no	-
build_statement_ns	1276	heuristic-false-positive	no	-
build_thief_building	6	script-definition	no	-
build_unit_list	2	script-definition	no	-
build_watch_tower	1	script-definition	no	-
build_watch_tower_building	4	script-definition	no	-
build_wizard_building	6	script-definition	no	-
builddialog	2	heuristic-false-positive	no	-
buildeditdialog	54	script-definition	no	-
building_button	1	heuristic-false-positive	no	-
building_button_thin_bf	4	script-definition	no	-
building_button_wide_bf	13	script-definition	no	-
building_combat_setup	1	script-definition	no	-
building_combat_win	1	script-definition	no	-
building_counter	6	script-definition	no	-
building_dbf	1	script-definition	no	-
building_destroyed	12	script-definition	no	-
building_dialog_counter	4	script-definition	no	-
building_dialog_panel	1263	script-definition	no	-
building_dict	426	script-definition	no	-
building_diplo_effect_exchangeownership	1	script-definition	no	-
building_diplo_effect_raze	3	script-definition	no	-
building_doodad	16	script-definition	no	-
building_faith	364	script-definition	no	-
building_id	92	script-definition	no	-
building_imp_filename	4	script-definition	no	-
building_lbm_name	84	script-definition	no	-
building_lbm_page	48	script-definition	no	-
building_level	131	script-definition	no	-
building_location	2	script-definition	no	-
building_name	25	script-definition	no	-
building_names	2	script-definition	no	-
building_panel_doodad	19	script-definition	no	-
building_race	5	script-definition	no	-
building_sbf	1	heuristic-false-positive	no	-
building_speech_button	1	heuristic-false-positive	no	-
building_speech_str	5	script-definition	no	-
building_stone_page	4	script-definition	no	-
building_tbf	1	heuristic-false-positive	no	-
building_text	19	script-definition	no	-
building_text_edit	25	script-definition	no	-
building_text_name	63	script-definition	no	-
building_to_commodity_xref_dict	3	script-definition	no	-
building_type	9	heuristic-false-positive	yes	-
building_upgrade_str	18	script-definition	no	-
building_zoom_letter	3	script-definition	no	-
buildingat	4	native-host-call	yes	0x004e6b50
buildingbartervalue	5	native-host-call	yes	0x00445b50
buildingdestroyedcallback	1	native-host-call	yes	0x004d85e0
buildingdict	32	script-definition	no	-
buildingdiplocallback	1	native-host-call	yes	0x004d8810
buildingmaxlevel	7	native-host-call	yes	0x00444990
buildingsprites?	6	script-definition	no	-
buildingtype	46	script-definition	no	-
buildingupgradecallback	3	native-host-call	yes	0x004d8650
buildscrollpanel	1	script-definition	no	-
buildspriteeditdialog	1	heuristic-false-positive	no	-
buildstructure	1	heuristic-false-positive	no	-
buildswatchdisplay	3	script-definition	no	-
built_unit?	1	script-definition	no	-
burn	11	script-definition	no	-
burn_attack	2	script-definition	no	-
burning_skin	15	script-definition	no	-
button	921	native-host-call	yes	0x004dd470
button00	6	heuristic-false-positive	no	-
button00_s	10	heuristic-false-positive	no	-
button00_t	10	heuristic-false-positive	no	-
button01	6	heuristic-false-positive	no	-
button01_s	12	heuristic-false-positive	no	-
button01_t	12	heuristic-false-positive	no	-
button02	5	heuristic-false-positive	no	-
button02_s	10	heuristic-false-positive	no	-
button02_t	10	heuristic-false-positive	no	-
button03	5	heuristic-false-positive	no	-
button03_s	10	heuristic-false-positive	no	-
button03_t	10	heuristic-false-positive	no	-
button04	6	heuristic-false-positive	no	-
button04_s	8	heuristic-false-positive	no	-
button04_t	8	heuristic-false-positive	no	-
button05	3	heuristic-false-positive	no	-
button05_s	6	heuristic-false-positive	no	-
button05_t	6	heuristic-false-positive	no	-
button06	6	heuristic-false-positive	no	-
button06_s	6	heuristic-false-positive	no	-
button06_t	6	heuristic-false-positive	no	-
button07	5	heuristic-false-positive	no	-
button07_s	4	heuristic-false-positive	no	-
button07_t	4	heuristic-false-positive	no	-
button08	2	heuristic-false-positive	no	-
button08_s	10	heuristic-false-positive	no	-
button08_t	10	heuristic-false-positive	no	-
button09	6	heuristic-false-positive	no	-
button09_s	10	heuristic-false-positive	no	-
button09_t	10	heuristic-false-positive	no	-
button1	15	script-definition	no	-
button10	6	heuristic-false-positive	no	-
button10_s	8	heuristic-false-positive	no	-
button10_t	8	heuristic-false-positive	no	-
button11	8	heuristic-false-positive	no	-
button11_s	2	heuristic-false-positive	no	-
button11_t	2	heuristic-false-positive	no	-
button12	4	heuristic-false-positive	no	-
button12_s	2	heuristic-false-positive	no	-
button12_t	2	heuristic-false-positive	no	-
button13_s	6	heuristic-false-positive	no	-
button13_t	6	heuristic-false-positive	no	-
button14_s	6	heuristic-false-positive	no	-
button14_t	6	heuristic-false-positive	no	-
button15_s	10	heuristic-false-positive	no	-
button15_t	10	heuristic-false-positive	no	-
button16_s	4	heuristic-false-positive	no	-
button16_t	4	heuristic-false-positive	no	-
button17_s	16	heuristic-false-positive	no	-
button17_t	16	heuristic-false-positive	no	-
button18_s	16	heuristic-false-positive	no	-
button18_t	16	heuristic-false-positive	no	-
button19_s	8	heuristic-false-positive	no	-
button19_t	8	heuristic-false-positive	no	-
button1_fn	10	script-definition	no	-
button1_t	2	script-definition	no	-
button1_y	20	script-definition	no	-
button2	15	script-definition	no	-
button2_fn	5	script-definition	no	-
button2_t	2	script-definition	no	-
button3	15	script-definition	no	-
button3_t	2	script-definition	no	-
button4	15	script-definition	no	-
button4_t	2	script-definition	no	-
button7	1	script-definition	no	-
button7_x	1	script-definition	no	-
button7_y	1	script-definition	no	-
button8	1	script-definition	no	-
button8_x	1	script-definition	no	-
button8_y	1	script-definition	no	-
button_dynamic	224	script-definition	no	-
button_dynamic_stack	2	script-definition	no	-
button_id	218	script-definition	no	-
button_index	8	script-definition	no	-
button_item	4	script-definition	no	-
button_item1	6	script-definition	no	-
button_item2	2	script-definition	no	-
button_loc_x	13	script-definition	no	-
button_loc_y	13	script-definition	no	-
button_name00	21	script-definition	no	-
button_name01	23	script-definition	no	-
button_name02	20	script-definition	no	-
button_name03	20	script-definition	no	-
button_name04	19	script-definition	no	-
button_name05	14	script-definition	no	-
button_name06	15	script-definition	no	-
button_name07	12	script-definition	no	-
button_name08	11	script-definition	no	-
button_name09	15	script-definition	no	-
button_name10	15	script-definition	no	-
button_name11	15	script-definition	no	-
button_name12	11	script-definition	no	-
button_name13	10	script-definition	no	-
button_name14	10	script-definition	no	-
button_name15	14	script-definition	no	-
button_name16	8	script-definition	no	-
button_name17	20	script-definition	no	-
button_name18	20	script-definition	no	-
button_name19	12	script-definition	no	-
button_names	36	script-definition	no	-
button_number	15	script-definition	no	-
button_sound	8	script-definition	no	-
button_stack	4	script-definition	no	-
button_value_code	75	script-definition	no	-
buttonframe	157	native-host-call	yes	0x004dcdd0
buttonframeautofree	5	native-host-call	yes	0x004dd240
buttons	6	script-definition	no	-
buttons_per_row	1	script-definition	no	-
buttons_s	12	script-definition	no	-
buttons_t	12	script-definition	no	-
buttonstring	5	script-definition	no	-
buy_artifact_change_proc	2	script-definition	no	-
buy_artifact_container	40	script-definition	no	-
buy_artifact_mousemove_proc	2	script-definition	no	-
buy_building_priority	3	script-definition	no	-
buy_offset	29	script-definition	no	-
buy_potion_button	1	script-definition	no	-
buy_potion_callback	1	heuristic-false-positive	no	-
buy_potions	1	script-definition	no	-
buy_section_bg	6	heuristic-false-positive	no	-
buy_section_item	6	script-definition	no	-
buy_spell_change_proc	2	script-definition	no	-
buy_spell_container	14	script-definition	no	-
buy_spell_mousemove_proc	2	script-definition	no	-
buy_unit_change_proc	2	script-definition	no	-
buy_unit_container	26	script-definition	no	-
buy_unit_mousemove_proc	2	script-definition	no	-
buybuilding	3	native-host-call	yes	0x00445db0
buybuildingoffaith	10	native-host-call	yes	0x00445ff0
buybuttonframe	2	script-definition	no	-
buystuff_dlg	6	script-definition	no	-
buystuff_error_dlg	7	script-definition	no	-
buystuff_error_page	1	script-definition	no	-
buystuff_page	1	script-definition	no	-
buystuffdict	1	script-definition	no	-
buyunit	6	native-host-call	yes	0x00443c30
bv_air_res	2	script-definition	no	-
bv_armor	3	script-definition	no	-
bv_attack	3	script-definition	no	-
bv_attack_recovery	6	script-definition	no	-
bv_chaos_res	2	script-definition	no	-
bv_death_res	2	script-definition	no	-
bv_dexterity	2	script-definition	no	-
bv_earth_res	2	script-definition	no	-
bv_fire_res	2	script-definition	no	-
bv_fpg	3	script-definition	no	-
bv_health	6	script-definition	no	-
bv_hit_recovery	4	script-definition	no	-
bv_hp_rec_inside	2	script-definition	no	-
bv_hp_rec_moved	2	script-definition	no	-
bv_hp_rec_outside	2	script-definition	no	-
bv_level	8	script-definition	no	-
bv_life_res	2	script-definition	no	-
bv_mana	4	script-definition	no	-
bv_max_health	4	script-definition	no	-
bv_max_mana	3	script-definition	no	-
bv_max_military_units	3	script-definition	no	-
bv_max_mps	4	script-definition	no	-
bv_melee_res	5	script-definition	no	-
bv_military_units	1	script-definition	no	-
bv_missile_range	8	script-definition	no	-
bv_missile_res	5	script-definition	no	-
bv_mps	4	script-definition	no	-
bv_order_res	2	script-definition	no	-
bv_ranged_attack	3	script-definition	no	-
bv_sight	5	script-definition	no	-
bv_stealth	3	script-definition	no	-
bv_strength	2	script-definition	no	-
bv_water_res	2	script-definition	no	-
bv_wisdom	4	script-definition	no	-
bva	78	script-definition	no	-
bva_string	15	script-definition	no	-
bvar	1	script-definition	no	-
bvarmor	1	heuristic-false-positive	no	-
bvattack	1	heuristic-false-positive	no	-
bvattrec	2	heuristic-false-positive	no	-
bvcr	1	script-definition	no	-
bvd	60	script-definition	no	-
bvd_string	15	script-definition	no	-
bvdr	1	script-definition	no	-
bve	18	script-definition	no	-
bve_string	3	script-definition	no	-
bver	1	script-definition	no	-
bvfr	1	script-definition	no	-
bvframes	1	heuristic-false-positive	no	-
bvhitpoints	1	heuristic-false-positive	no	-
bvlevel	4	script-definition	no	-
bvlr	1	script-definition	no	-
bvmovement	2	heuristic-false-positive	no	-
bvmrange	2	heuristic-false-positive	no	-
bvmspeed	1	heuristic-false-positive	no	-
bvor	1	script-definition	no	-
bvrattack	1	heuristic-false-positive	no	-
bvsight	3	heuristic-false-positive	no	-
bvunits	9	script-definition	no	-
bvwr	1	script-definition	no	-
c	168	script-definition	no	-
c1	1	heuristic-false-positive	yes	-
c1atk	1	script-definition	no	-
c1atkack_1	4	script-definition	no	-
c1atkack_2	1	script-definition	no	-
c1atkack_3	1	script-definition	no	-
c1atkack_4	1	script-definition	no	-
c1die	1	script-definition	no	-
c1mov	1	script-definition	no	-
c1movack_1	4	script-definition	no	-
c1movack_2	1	script-definition	no	-
c1movack_3	1	script-definition	no	-
c1movack_4	1	script-definition	no	-
c1selack_1	3	script-definition	no	-
c1selack_2	1	script-definition	no	-
c1selack_3	1	script-definition	no	-
c2	2	heuristic-false-positive	no	-
c2atk	1	script-definition	no	-
c2atkack_1	5	script-definition	no	-
c2atkack_2	1	script-definition	no	-
c2atkack_3	1	script-definition	no	-
c2atkack_4	2	script-definition	no	-
c2atkack_5	1	script-definition	no	-
c2die	1	script-definition	no	-
c2mm2atkack_1	1	heuristic-false-positive	no	-
c2mov	1	script-definition	no	-
c2movack_1	4	script-definition	no	-
c2movack_2	2	script-definition	no	-
c2movack_3	1	script-definition	no	-
c2movack_4	1	script-definition	no	-
c2selack_1	5	script-definition	no	-
c2selack_2	1	script-definition	no	-
c2selack_3	1	script-definition	no	-
c2selack_4	2	script-definition	no	-
c2selack_5	1	script-definition	no	-
c3atk	1	script-definition	no	-
c3atkack_1	4	script-definition	no	-
c3atkack_2	1	script-definition	no	-
c3atkack_3	1	script-definition	no	-
c3atkack_4	1	script-definition	no	-
c3die	1	script-definition	no	-
c3mov	1	script-definition	no	-
c3movack_1	5	script-definition	no	-
c3movack_2	1	script-definition	no	-
c3movack_3	2	script-definition	no	-
c3movack_4	1	script-definition	no	-
c3movack_5	1	script-definition	no	-
c3rng	1	script-definition	no	-
c3selack_1	5	script-definition	no	-
c3selack_2	1	script-definition	no	-
c3selack_3	2	script-definition	no	-
c3selack_4	1	script-definition	no	-
c3selack_5	1	script-definition	no	-
c4atk	1	script-definition	no	-
c4atkack_1	1	script-definition	no	-
c4die	1	script-definition	no	-
c4mov	1	script-definition	no	-
c4movack_1	1	script-definition	no	-
c4selack_1	1	script-definition	no	-
c5atk	1	script-definition	no	-
c5atkack_1	2	script-definition	no	-
c5atkack_2	1	script-definition	no	-
c5die	1	script-definition	no	-
c5mov	1	script-definition	no	-
c5movack_1	2	script-definition	no	-
c5movack_2	1	script-definition	no	-
c5selack_1	2	script-definition	no	-
c5selack_2	1	script-definition	no	-
c_1	1	heuristic-false-positive	no	-
c_city_mod	1	heuristic-false-positive	no	-
c_cost	4	script-definition	no	-
c_dict	8	script-definition	no	-
c_diff	25	script-definition	no	-
c_exp	3	heuristic-false-positive	no	-
c_level	4	script-definition	no	-
c_loc	1	heuristic-false-positive	no	-
c_rally	2	script-definition	no	-
c_spoils	2	script-definition	no	-
c_upkeep	2	script-definition	no	-
ca	1	script-definition	no	-
calc_desired	1	script-definition	no	-
calc_rating	1	script-definition	no	-
calc_researchers	6	script-definition	no	-
calculate_ai_spell_values	1	script-definition	no	-
calculate_army_value	7	script-definition	no	-
calculate_custom_level	121	script-definition	no	-
calculate_diplomatic_effect_of_barter	4	script-definition	no	-
calculate_in_combat_results	1	script-definition	no	-
calculate_multiplier_value	3	script-definition	no	-
calculate_resource_days_left	2	script-definition	no	-
calculate_resource_left	4	script-definition	no	-
calculatebigsplit	1	script-definition	no	-
calculatecombatspoils	1	script-definition	no	-
call_off_attack	2	script-definition	no	-
cameraposition	1	native-host-call	yes	0x0046a400
can_accumulate?	33	script-definition	no	-
can_afford?	4	script-definition	no	-
can_be_used	1	script-definition	no	-
can_build?	2	script-definition	no	-
can_cast_graphic	6	script-definition	no	-
can_cast_post_spells	13	script-definition	no	-
can_do?	1	script-definition	no	-
can_do_action?	1	script-definition	no	-
can_do_anything_in_building	26	script-definition	no	-
can_do_armor_cracking_attack	1	script-definition	no	-
can_do_bite_attack	1	script-definition	no	-
can_do_bleeding_attack	1	script-definition	no	-
can_do_blinding_attack	1	script-definition	no	-
can_do_burning_attack	1	script-definition	no	-
can_do_cripple_attack	1	script-definition	no	-
can_do_critical_strike	4	script-definition	no	-
can_do_crushing_blow	4	script-definition	no	-
can_do_cutoff_play?	4	script-definition	no	-
can_do_deadly_strike	4	script-definition	no	-
can_do_deep_wounding_attack	1	script-definition	no	-
can_do_multi_shot	1	script-definition	no	-
can_do_negate_attack	2	script-definition	no	-
can_do_piercing_attack	4	script-definition	no	-
can_do_shocking_attack	1	script-definition	no	-
can_do_stunning_attack	1	script-definition	no	-
can_do_vampyric_attack	2	script-definition	no	-
can_do_weaken_attack	1	script-definition	no	-
can_enter?	9	script-definition	no	-
can_flank_attack?	6	native-host-call	yes	0x00469760
can_get_keep	2	script-definition	no	-
can_parley?	2	script-definition	no	-
can_research	2	script-definition	no	-
can_research_here?	1	script-definition	no	-
can_resurrect?	2	script-definition	no	-
can_steal_spy?	4	script-definition	no	-
can_train_wildmen?	29	script-definition	no	-
can_use_artifact_graphic	3	script-definition	no	-
canaffordbuilding?	6	native-host-call	yes	0x00445120
canaffordbuilding_getresourcesinfo	6	native-host-call	yes	0x00445390
canbite?	1	script-definition	no	-
canburn?	1	script-definition	no	-
canbuyunit?	1	script-definition	no	-
cancastspell?	14	native-host-call	yes	0x00425fd0
cancel	7	script-definition	no	-
cancel_active_order	1	script-definition	no	-
cancel_button	26	script-definition	no	-
cancel_button_t	3	heuristic-false-positive	no	-
cancel_changes	6	script-definition	no	-
cancel_trade_button	2	script-definition	no	-
cancelbutton	1	script-definition	no	-
cancelendofcombattickalarms	1	native-host-call	yes	0x0040baf0
cancelfocus	2	native-host-call	yes	0x005000e0
cancelordermode	1	native-host-call	yes	0x004d9e70
cancelpathballs	41	native-host-call	yes	0x004baa10
canceltickalarm	14	native-host-call	yes	0x0040e820
cancelturnalarm	7	native-host-call	yes	0x0040e8d0
cand_army	2	script-definition	no	-
cand_boosted_str	1	script-definition	no	-
cand_str	1	script-definition	no	-
candetectthief?	1	native-host-call	yes	0x005073f0
candidate_army	7	script-definition	no	-
candidate_unit	5	script-definition	no	-
candomagicaldamage?	17	script-definition	no	-
candospecial?	4	script-definition	no	-
canfly?	32	script-definition	no	-
canhire?	6	native-host-call	yes	0x00442c30
canlevel?	1	heuristic-false-positive	no	-
canmake?	4	script-definition	no	-
canmerge?	16	native-host-call	yes	0x00520d90
canpolymorph?	7	native-host-call	yes	0x00527960
canshock?	1	script-definition	no	-
canstayinside?	12	native-host-call	yes	0x00443460
canstealth?	2	native-host-call	yes	0x00507460
canswim?	12	script-definition	no	-
cant_build	6	script-definition	no	-
cant_cast_graphic	6	script-definition	no	-
cant_combine_callback	1	native-host-call	yes	0x004d7fc0
cant_use_artifact_graphic	3	script-definition	no	-
cantmovehere	8	native-host-call	yes	0x00458330
cantrain?	11	native-host-call	yes	0x00442320
canupgradebuilding?	7	native-host-call	yes	0x00442ec0
canupgradebuilding_getresourcesinfo	3	native-host-call	yes	0x00447020
canuseleftartifact	1	native-host-call	yes	0x0042c6c0
canuserightartifact	1	native-host-call	yes	0x0042c7a0
canwalk?	6	script-definition	no	-
canwieldartifact	20	native-host-call	yes	0x0042cd30
canwieldartifactwithhand	28	native-host-call	yes	0x0042d010
cap_jester	1	script-definition	no	-
capitol_id	4	script-definition	no	-
captured_attackers	2	heuristic-false-positive	no	-
captured_defenders	2	heuristic-false-positive	no	-
carriage_return	637	script-definition	no	-
case_need_special?	7	script-definition	no	-
case_order_villages?	5	script-definition	no	-
case_ship_village?	4	script-definition	no	-
case_summon_creatures?	4	script-definition	no	-
cast_level	2	script-definition	no	-
cast_potion	14	script-definition	no	-
cast_ready	32	script-definition	no	-
castbreath	9	native-host-call	yes	0x0040a340
castdict	314	script-definition	no	-
caster	3	script-definition	no	-
caster_already_modified?	5	script-definition	no	-
caster_army	2	script-definition	no	-
caster_army_id	1	script-definition	no	-
caster_army_size	2	script-definition	no	-
caster_experience	8	script-definition	no	-
caster_faith	9	script-definition	no	-
caster_health	4	script-definition	no	-
caster_hit_points	15	script-definition	no	-
caster_id	3	script-definition	no	-
caster_level	465	script-definition	no	-
caster_location	15	script-definition	no	-
caster_luck	118	script-definition	no	-
caster_mana_points	44	script-definition	no	-
caster_max_health	2	script-definition	no	-
caster_max_hit_points	14	script-definition	no	-
caster_max_hitpoints	1	script-definition	no	-
caster_max_mana_points	1	script-definition	no	-
caster_melee_bv	1	script-definition	no	-
caster_mod	2	script-definition	no	-
caster_name	4	script-definition	no	-
caster_num_id	1	script-definition	no	-
caster_owner	1	script-definition	no	-
caster_pct_health	1	script-definition	no	-
caster_ranged_attack	2	script-definition	no	-
caster_sight_radius	6	script-definition	no	-
caster_sight_range	12	heuristic-false-positive	no	-
caster_unittype	6	script-definition	no	-
casterlink?	2	script-definition	no	-
casters_count	13	script-definition	no	-
casting_graphic	6	script-definition	no	-
casting_player	2	heuristic-false-positive	no	-
casting_spells	16	script-definition	no	-
castle1	2	heuristic-false-positive	no	-
castle2	4	heuristic-false-positive	no	-
castled	3	heuristic-false-positive	no	-
castlel	1	heuristic-false-positive	no	-
castspell	6	native-host-call	yes	0x004f0840
cat	2	script-definition	no	-
cat1_text	4	script-definition	no	-
cat1_text_box	6	script-definition	no	-
cat2_text	4	script-definition	no	-
cat2_text_box	6	script-definition	no	-
cat3_text	4	script-definition	no	-
cat3_text_box	6	script-definition	no	-
cat4_text	6	script-definition	no	-
cat4_text_box	6	script-definition	no	-
cat_array	2	script-definition	no	-
category	15	script-definition	no	-
category_bf	2	heuristic-false-positive	no	-
category_button_x_offset	4	script-definition	no	-
category_button_y_offset	4	script-definition	no	-
category_indicator_dd	4	heuristic-false-positive	no	-
category_indicator_item_num	6	script-definition	no	-
category_indicator_xy	4	script-definition	no	-
category_name	4	script-definition	no	-
category_sbf	2	heuristic-false-positive	no	-
category_table	24	script-definition	no	-
category_tbf	2	heuristic-false-positive	no	-
cav_fac_str	2	script-definition	no	-
cave	162	heuristic-false-positive	no	-
cave1	3	heuristic-false-positive	no	-
cave2	8	heuristic-false-positive	no	-
cave3	4	heuristic-false-positive	no	-
cave4	4	heuristic-false-positive	no	-
cave_discover_message	163	script-definition	no	-
cave_encounter	56	script-definition	no	-
cave_number	21	script-definition	no	-
cave_win	22	script-definition	no	-
cb	23	script-definition	no	-
cb_faith	36	script-definition	no	-
cb_level	3	script-definition	no	-
cb_lvl	6	script-definition	no	-
cb_lvl_req?	32	script-definition	no	-
cb_owner	5	script-definition	no	-
cb_parent	39	script-definition	no	-
cb_type	6	script-definition	no	-
ccatk	1	script-definition	no	-
ccatkack_1	5	script-definition	no	-
ccatkack_2	2	script-definition	no	-
ccatkack_3	1	script-definition	no	-
ccatkack_4	1	script-definition	no	-
ccatkack_5	1	script-definition	no	-
ccdie	1	script-definition	no	-
ccmov	1	script-definition	no	-
ccmovack_1	4	script-definition	no	-
ccmovack_2	1	script-definition	no	-
ccmovack_3	1	script-definition	no	-
ccmovack_4	1	script-definition	no	-
ccselack_1	4	script-definition	no	-
ccselack_2	1	script-definition	no	-
ccselack_3	1	script-definition	no	-
ccselack_4	1	script-definition	no	-
cdood	31	heuristic-false-positive	no	-
center_balloonhelp_quick	27	script-definition	no	-
center_balloonhelp_quick_mouse	8	script-definition	no	-
center_dynamic	16	script-definition	no	-
center_dynamic_stack	12	script-definition	no	-
center_location	1	heuristic-false-positive	no	-
center_panel_dlg	104	script-definition	no	-
center_panel_finished_state	4	script-definition	no	-
center_panel_h	11	script-definition	no	-
center_panel_page	18	heuristic-false-positive	no	-
center_panel_propose_state	4	script-definition	no	-
center_panel_receive_state	2	script-definition	no	-
center_panel_w	19	script-definition	no	-
center_panel_wait_state	4	script-definition	no	-
center_toolip_quick	2	native-host-call	yes	0x00473e40
centermilitaryunit	1	native-host-call	yes	0x004e9a10
centermove_str	7	script-definition	no	-
centeron	35	native-host-call	yes	0x004a7dc0
centeronarmy	2	native-host-call	yes	0x004d9e90
central_city_id	3	script-definition	no	-
cf_array	2	script-definition	no	-
cfatk	1	script-definition	no	-
cfatkack_1	6	script-definition	no	-
cfatkack_2	3	script-definition	no	-
cfatkack_3	2	script-definition	no	-
cfatkack_4	1	script-definition	no	-
cfatkack_5	1	script-definition	no	-
cfatkack_6	1	script-definition	no	-
cfdie	1	script-definition	no	-
cfmov	2	script-definition	no	-
cfmovack_1	5	script-definition	no	-
cfmovack_2	1	script-definition	no	-
cfmovack_3	1	script-definition	no	-
cfmovack_4	2	script-definition	no	-
cfmovack_5	1	script-definition	no	-
cfselack_1	6	script-definition	no	-
cfselack_2	1	script-definition	no	-
cfselack_3	2	script-definition	no	-
cfselack_4	2	script-definition	no	-
cfselack_5	1	script-definition	no	-
cfselack_6	1	script-definition	no	-
chain_lightning	10	script-definition	no	-
chakr	2	heuristic-false-positive	no	-
chakram_entropy	4	script-definition	no	-
chalice_chaos	6	script-definition	no	-
chalice_life	4	script-definition	no	-
chalice_rocca	5	script-definition	no	-
champ	4	script-definition	no	-
champ?	4	heuristic-false-positive	no	-
champ_array	17	script-definition	no	-
champ_bf	5	heuristic-false-positive	no	-
champ_id	6	heuristic-false-positive	no	-
champ_ids	6	script-definition	no	-
champ_name	2	script-definition	no	-
champ_table	1	script-definition	no	-
champ_type	9	script-definition	no	-
champion_dict	21	script-definition	no	-
champion_faith	1	heuristic-false-positive	no	-
champion_forms	6	script-definition	no	-
champion_level	1	script-definition	no	-
champion_name	23	script-definition	no	-
champion_name_list	1	script-definition	no	-
champion_owner	1	script-definition	no	-
champion_portrait_filename	12	heuristic-false-positive	no	-
champion_portrait_filename_type	5	heuristic-false-positive	no	-
champion_wisdom	1	heuristic-false-positive	no	-
championbrainarmyunit	43	native-host-call	yes	0x0040fad0
championbrainnotify	55	native-host-call	yes	0x0040f900
championhasbrain?	44	native-host-call	yes	0x004103b0
championinarmy?	14	heuristic-false-positive	no	-
championsinarmy	14	native-host-call	yes	0x004e6a00
championstatsdict	4	script-definition	no	-
championtype	5	script-definition	no	-
champs	2	script-definition	no	-
champunittypearray	4	script-definition	no	-
champunittypes	1	script-definition	no	-
chance_to_create_seamonster_denom	1	script-definition	no	-
chance_to_create_seamonster_num	1	script-definition	no	-
change	2	script-definition	no	-
change_all_elevation_str	6	script-definition	no	-
change_all_elevation_val	3	script-definition	no	-
change_array	3	heuristic-false-positive	no	-
change_count	4	script-definition	no	-
change_index	3	script-definition	no	-
change_intel_displaying_values	24	script-definition	no	-
change_of_fate	8	script-definition	no	-
change_of_fate_mod	4	script-definition	no	-
change_pol_attitude_value	6	script-definition	no	-
change_portrait	3	script-definition	no	-
change_skies	1	script-definition	no	-
change_spy_skies	2	script-definition	no	-
changecombatmap	1	native-host-call	yes	0x004eeea0
changed?	2	script-definition	no	-
changeplayerintelinfo	4	native-host-call	yes	0x0049f8d0
changespell	1	heuristic-false-positive	no	-
changeunitmovementpoints	2	native-host-call	yes	0x0052a290
chaos_indicator_aura	1	script-definition	no	-
chaos_landscape	2	script-definition	no	-
chaos_pal	11	script-definition	no	-
chaos_sbld_button0	1	script-definition	no	-
chaos_sbld_button1	1	script-definition	no	-
chaos_sbld_button2	1	script-definition	no	-
chaos_sbld_button_frame	3	heuristic-false-positive	no	-
chaos_sbld_info_dd	1	heuristic-false-positive	no	-
chaos_sbld_info_in_dd	1	heuristic-false-positive	no	-
chaos_surnames	1	script-definition	no	-
characterwidth	1	native-host-call	yes	0x004de440
charedit_dict	133	script-definition	no	-
charedit_dlg	346	script-definition	no	-
charedit_unit_graphic	2	script-definition	no	-
charge_amount	3	script-definition	no	-
chat10	46	script-definition	no	-
chat_edit_item	3	script-definition	no	-
chbrk1	3	script-definition	no	-
chbrk2	6	script-definition	no	-
chbrk3	3	script-definition	no	-
chbrk4	3	script-definition	no	-
chcav	23	script-definition	no	-
chcave	8	script-definition	no	-
chcavm	1	heuristic-false-positive	no	-
chcr1	30	script-definition	no	-
chcr2	27	script-definition	no	-
chcr3	27	script-definition	no	-
chcr4	11	script-definition	no	-
chcr5	15	script-definition	no	-
chdung	1	script-definition	no	-
cheat_buffer	25	script-definition	no	-
cheat_button	1	heuristic-false-positive	no	-
cheat_dlg	8	script-definition	no	-
cheat_keys	2	script-definition	no	-
cheatspot	4	heuristic-false-positive	no	-
check_all_panels_close	3	script-definition	no	-
check_army_id	12	script-definition	no	-
check_artifact_healing_potion	2	script-definition	no	-
check_artifact_potion_army_id	6	script-definition	no	-
check_artifact_potions	12	script-definition	no	-
check_b	2	script-definition	no	-
check_bitmap	4	heuristic-false-positive	no	-
check_cast_defensive_major_multi_target	2	script-definition	no	-
check_cast_defensive_major_single_target	2	script-definition	no	-
check_cast_defensive_minor_multi_target	2	script-definition	no	-
check_cast_defensive_minor_single_target	2	script-definition	no	-
check_cast_offensive_major_multi_target	2	script-definition	no	-
check_cast_offensive_major_single_target	2	script-definition	no	-
check_cast_offensive_minor_multi_target	2	script-definition	no	-
check_cast_offensive_minor_single_target	2	script-definition	no	-
check_cast_post_combat_spells	5	script-definition	no	-
check_casting_special_spells	5	script-definition	no	-
check_dd	1	heuristic-false-positive	no	-
check_dexterity_army_id	4	script-definition	no	-
check_displaying_shipinfo	2	script-definition	no	-
check_displaying_unitinfo	2	script-definition	no	-
check_fatality?	1	script-definition	no	-
check_for_disabled_spells	13	script-definition	no	-
check_item	42	script-definition	no	-
check_item1	2	script-definition	no	-
check_item2	2	script-definition	no	-
check_level_explored	3	native-host-call	yes	0x00488440
check_load_mplayer_savegame	1	script-definition	no	-
check_loc	2	script-definition	no	-
check_mark	2	heuristic-false-positive	no	-
check_quest_encountered	8	script-definition	no	-
check_radius	10	script-definition	no	-
check_regeneration	2	script-definition	no	-
check_regeneration_army_id	2	script-definition	no	-
check_stat_potion_army_id	4	script-definition	no	-
check_strength_army_id	4	script-definition	no	-
check_terrain_type	2	script-definition	no	-
check_terrain_type_in_radius	16	script-definition	no	-
check_type	6	script-definition	no	-
check_x	5	script-definition	no	-
check_y	5	script-definition	no	-
checkaimissileunittarget	9	native-host-call	yes	0x004690b0
checkbox_dict	3	script-definition	no	-
checkbox_dn_doodad	2	heuristic-false-positive	no	-
checkbox_dn_page	2	heuristic-false-positive	no	-
checkbox_h	8	script-definition	no	-
checkbox_up_doodad	2	heuristic-false-positive	no	-
checkbox_up_page	2	heuristic-false-positive	no	-
checkbox_w	8	script-definition	no	-
checkcd_dlg	10	script-definition	no	-
checkfor8faiths	1	script-definition	no	-
checkforcities	2	script-definition	no	-
checkgameexists	2	script-definition	no	-
checkspellid	10	script-definition	no	-
checksum	15	script-definition	no	-
checkvalidbarterunit	2	heuristic-false-positive	no	-
chfit	34	script-definition	no	-
chfitm	1	heuristic-false-positive	no	-
chg	28	script-definition	no	-
chinf	21	script-definition	no	-
chld1	16	script-definition	no	-
chld1m	1	heuristic-false-positive	no	-
chld2	21	script-definition	no	-
chldf	36	script-definition	no	-
chldfm	1	heuristic-false-positive	no	-
chldt	32	script-definition	no	-
chldw	38	script-definition	no	-
chlib1	3	script-definition	no	-
chlib2	10	script-definition	no	-
chmag1	3	script-definition	no	-
chmag2	6	script-definition	no	-
chmag3	3	script-definition	no	-
chmag4	3	script-definition	no	-
chmgt1	5	script-definition	no	-
chmgt2	2	script-definition	no	-
chmgt3	2	script-definition	no	-
chmgt4	2	script-definition	no	-
chmina	4	script-definition	no	-
chminc	2	script-definition	no	-
chming	1	script-definition	no	-
chmis	18	script-definition	no	-
chmkt1	5	script-definition	no	-
chmkt2	2	script-definition	no	-
chmkt3	2	script-definition	no	-
chmkt4	2	script-definition	no	-
chmult	3	script-definition	no	-
choice	7	script-definition	no	-
choice_artifact	4	script-definition	no	-
choice_item	8	script-definition	no	-
choose	2	heuristic-false-positive	no	-
choose_bolt	18	script-definition	no	-
choose_button	8	heuristic-false-positive	no	-
choose_champion_type_dlg	43	script-definition	no	-
choose_difficulty_level_dlg	5	script-definition	no	-
choose_item	2	script-definition	no	-
choose_leader_dlg	40	script-definition	no	-
choose_leader_type	20	script-definition	no	-
choose_task_bf	1	script-definition	no	-
choose_thief	1	heuristic-false-positive	no	-
choose_warrior	1	heuristic-false-positive	no	-
choose_wizard	1	heuristic-false-positive	no	-
chosen_faith	5	script-definition	no	-
chosen_form	4	heuristic-false-positive	no	-
chosen_level	4	script-definition	no	-
chosen_type	11	script-definition	no	-
chosen_ut	2	script-definition	no	-
chronocmp	2	native-host-call	yes	0x004d8ab0
chsbld	12	script-definition	no	-
chsblda	3	script-definition	no	-
chsbldn	5	script-definition	no	-
chshp	9	script-definition	no	-
chstat	3	script-definition	no	-
chthf	25	script-definition	no	-
chthg1	3	script-definition	no	-
chthg2	6	script-definition	no	-
chthg3	3	script-definition	no	-
chthg4	3	script-definition	no	-
chtowe	1	script-definition	no	-
chtpl1	5	script-definition	no	-
chtpl2	2	script-definition	no	-
chtpl3	2	script-definition	no	-
chtpl4	2	script-definition	no	-
chtvn1	5	script-definition	no	-
chtvn2	2	script-definition	no	-
chtvn3	2	script-definition	no	-
chtvn4	2	script-definition	no	-
chwiz	38	script-definition	no	-
chwm1	23	script-definition	no	-
chwm2	12	script-definition	no	-
chwmc	29	script-definition	no	-
chwmcm	1	heuristic-false-positive	no	-
chwmf	33	script-definition	no	-
chwmf2	7	script-definition	no	-
chwmfm	2	heuristic-false-positive	no	-
chwmi	33	script-definition	no	-
chwmm	36	script-definition	no	-
chwmm2	7	script-definition	no	-
chwmw	7	script-definition	no	-
chwz2	23	script-definition	no	-
chwz22	9	script-definition	no	-
ciatk	1	script-definition	no	-
ciatkack_1	4	script-definition	no	-
ciatkack_2	1	script-definition	no	-
ciatkack_3	1	script-definition	no	-
ciatkack_4	1	script-definition	no	-
cidie	1	script-definition	no	-
cimov	1	script-definition	no	-
cimovack_1	4	script-definition	no	-
cimovack_2	1	script-definition	no	-
cimovack_3	1	script-definition	no	-
cimovack_4	1	script-definition	no	-
ciselack_1	4	script-definition	no	-
ciselack_2	1	script-definition	no	-
ciselack_3	1	script-definition	no	-
ciselack_4	1	script-definition	no	-
city	4	script-definition	no	-
city_codes_dict	2	script-definition	no	-
city_count	4	script-definition	no	-
city_dialog	115	script-definition	no	-
city_dict	143	script-definition	no	-
city_diplo_effect	1	script-definition	no	-
city_doodad	2	script-definition	no	-
city_factor	8	script-definition	no	-
city_faith	53	script-definition	no	-
city_guard?	2	script-definition	no	-
city_id	278	script-definition	no	-
city_id_	4	script-definition	no	-
city_imp	2	script-definition	no	-
city_imp_filename	2	heuristic-false-positive	no	-
city_imp_player	2	script-definition	no	-
city_info_button	2	script-definition	no	-
city_info_button_text	4	script-definition	no	-
city_item	2	script-definition	no	-
city_lbm_name	12	script-definition	no	-
city_lbm_page	2	script-definition	no	-
city_level	92	script-definition	no	-
city_location	1	heuristic-false-positive	yes	-
city_mod	4	script-definition	no	-
city_name	14	script-definition	no	-
city_name_database	1	script-definition	no	-
city_name_magistrate	2	script-definition	no	-
city_name_market	2	script-definition	no	-
city_name_stronghold	2	script-definition	no	-
city_name_tavern	2	script-definition	no	-
city_name_temple	2	script-definition	no	-
city_of_faith	6	script-definition	no	-
city_owner	19	script-definition	no	-
city_production_equation	1	script-definition	no	-
city_race	1	script-definition	no	-
city_spell_strings	1	script-definition	no	-
city_stacks	4	script-definition	no	-
city_str	1	heuristic-false-positive	no	-
city_to_dungeon_range	1	script-definition	no	-
city_to_dungeon_weight	1	script-definition	no	-
city_trade	278	script-definition	no	-
city_trade_in_building	104	script-definition	no	-
city_wall_imp_filename	10	script-definition	no	-
cityat	4	native-host-call	yes	0x004844a0
citybeginturnproc	1	native-host-call	yes	0x004e34a0
citycombatdict	2	script-definition	no	-
citydiplocallback	1	native-host-call	yes	0x004d87a0
cityfont	61	script-definition	no	-
citygate_imp_filename	2	script-definition	no	-
citymap_list	1	script-definition	no	-
citypercent	1	script-definition	no	-
citysprites	5	script-definition	no	-
cityx	1	script-definition	no	-
cityy	1	script-definition	no	-
civillian_capacity	10	script-definition	no	-
ck_item	1	script-definition	no	-
class	1	script-definition	no	-
class_name_dict	24	script-definition	no	-
clay_armor	5	script-definition	no	-
clean_up_record_items	1	script-definition	no	-
cleanup_spells_at_end_of_combat	6	heuristic-false-positive	no	-
clear	1	language-primitive	yes	0x004c9ca0
clear_army_from_sprite	27	script-definition	no	-
clear_dungeon_dicts	2	heuristic-false-positive	no	-
clear_unitinfo_strings	6	script-definition	no	-
cleardefenderarmy	1	native-host-call	yes	0x004e6fd0
cleardialog	80	native-host-call	yes	0x0048f660
cleareditdialog	1	heuristic-false-positive	no	-
clearfaithselection	28	native-host-call	yes	0x00454ac0
cleargoals	3	script-definition	no	-
cleargroups	11	native-host-call	yes	0x00498cd0
clearmap	3	script-definition	no	-
clearmessages	1	native-host-call	yes	0x004b5ae0
clearquests	7	native-host-call	yes	0x004c4730
clearregions	2	native-host-call	yes	0x004c7640
clearscriptoutputfile	1	native-host-call	yes	0x004d7110
clearscriptwindow	3	native-host-call	yes	0x004c9b20
clearslots	2	native-host-call	yes	0x004324e0
clearsmallunitinfopanel	5	heuristic-false-positive	no	-
clearstack	84	script-definition	no	-
clearunitacks	3	native-host-call	yes	0x00525220
clearunitinfostring	1	script-definition	no	-
cloak_flame	5	script-definition	no	-
cloak_justice	3	script-definition	no	-
cloak_lich	6	script-definition	no	-
cloak_spirit	8	script-definition	no	-
cloak_wyrm	3	script-definition	no	-
close	1	script-definition	no	-
close_all_unit_panels	19	script-definition	no	-
close_button	4	script-definition	no	-
close_button_dd	1	heuristic-false-positive	no	-
close_button_dd_in	1	heuristic-false-positive	no	-
close_button_frame	2	heuristic-false-positive	no	-
close_button_xywh	4	heuristic-false-positive	no	-
close_desc_button	2	script-definition	no	-
close_faith_info_dialog	6	script-definition	no	-
close_info_dialog	9	script-definition	no	-
close_prod_dlg	1	script-definition	no	-
close_progress_meter	4	heuristic-false-positive	no	-
close_roster_unit	13	script-definition	no	-
close_unitpanel	9	script-definition	no	-
closecitygate	1	native-host-call	yes	0x00458be0
closedialog	756	native-host-call	yes	0x0048fdd0
closefile	199	native-host-call	yes	0x004cc100
closeifopen	76	script-definition	no	-
closest_a	2	script-definition	no	-
closest_asset_eta	1	script-definition	no	-
closest_critical_eta	2	script-definition	no	-
closest_critical_id	3	script-definition	no	-
closest_d	4	script-definition	no	-
closest_ea	6	script-definition	no	-
closest_unit	6	script-definition	no	-
closest_village_dist	2	script-definition	no	-
closestbuilding	3	script-definition	no	-
closestbuildingdistance	3	script-definition	no	-
closestcity	8	script-definition	no	-
closestcitydistance	6	script-definition	no	-
closestdungeon	5	script-definition	no	-
closestdungeondistance	5	script-definition	no	-
cloud_aura	3	heuristic-false-positive	no	-
cloud_of_steam	16	script-definition	no	-
cloud_of_war	12	script-definition	no	-
clouds_aura	1	heuristic-false-positive	no	-
cmatk	1	script-definition	no	-
cmatkack_1	6	script-definition	no	-
cmatkack_2	1	script-definition	no	-
cmatkack_3	2	script-definition	no	-
cmatkack_4	1	script-definition	no	-
cmatkack_5	1	script-definition	no	-
cmdie	1	script-definition	no	-
cmmov	1	script-definition	no	-
cmmovack_1	2	script-definition	no	-
cmmovack_2	1	script-definition	no	-
cmrng	1	script-definition	no	-
cmselack_1	3	script-definition	no	-
cmselack_2	1	script-definition	no	-
cmselack_3	1	script-definition	no	-
cn	8	script-definition	no	-
cnt	20	script-definition	no	-
coarsescrollpixels	3	native-host-call	yes	0x0051ae10
code	59	script-definition	no	-
code?	17	script-definition	no	-
code_list	1	script-definition	no	-
codedict	3	script-definition	no	-
codes	1	script-definition	no	-
col	16	script-definition	no	-
collectletters	19	native-host-call	yes	0x004de250
color	12	script-definition	no	-
cols	4	heuristic-false-positive	no	-
column1_text_x	2	script-definition	no	-
column2_text_x	1	script-definition	no	-
column3_text_x	2	script-definition	no	-
column4_text_x	1	script-definition	no	-
columns	6	script-definition	no	-
com	5	script-definition	no	-
comb_log_str	4	script-definition	no	-
comb_res_dict	164	script-definition	no	-
combat	21	script-definition	no	-
combat_3rdperson_dlg	9	script-definition	no	-
combat_army_id	3	script-definition	no	-
combat_attack	4	script-definition	no	-
combat_calc	4	script-definition	no	-
combat_controltarget	1	native-host-call	yes	0x004e97e0
combat_deadtarget	1	native-host-call	yes	0x004e9590
combat_dict	36	script-definition	no	-
combat_effect	2	script-definition	no	-
combat_enumgrouparmies	15	native-host-call	yes	0x004e8c50
combat_get_percent_nonthief	2	native-host-call	yes	0x004e2310
combat_get_percent_nonthief_eq	2	script-definition	no	-
combat_get_percent_thief	2	native-host-call	yes	0x004e2380
combat_get_percent_thief_eq	2	script-definition	no	-
combat_get_percent_thiefindetectingmode	2	native-host-call	yes	0x004e23f0
combat_get_percent_thiefindetectingmode_eq	2	script-definition	no	-
combat_grouploc	10	native-host-call	yes	0x004e8e90
combat_log_on?	40	script-definition	no	-
combat_lookup_table	34	script-definition	no	-
combat_mode_edit	1	heuristic-false-positive	no	-
combat_mode_str	2	script-definition	no	-
combat_mode_strs	1	script-definition	no	-
combat_mode_val	1	script-definition	no	-
combat_numgroupinarmy	5	native-host-call	yes	0x004e8be0
combat_playerdeadtarget	1	native-host-call	yes	0x004e9330
combat_prepare	1	script-definition	no	-
combat_results_dlg	96	script-definition	no	-
combat_scrolling	35	script-definition	no	-
combat_speed_string	3	script-definition	no	-
combat_unit	1	script-definition	no	-
combataidict	195	script-definition	no	-
combatformation	4	native-host-call	yes	0x004997e0
combatmodeproc	2	native-host-call	yes	0x004e1f90
combatopponent	29	native-host-call	yes	0x00464380
combatpanel	44	script-definition	no	-
combatpanelbackgroundpage	7	heuristic-false-positive	no	-
combatterrainspritearray	2	script-definition	no	-
combattileset	1	native-host-call	yes	0x004df370
combattime	131	native-host-call	yes	0x00464f60
combatviewtoworld	4	native-host-call	yes	0x0045cdb0
command_id	6	script-definition	no	-
commanddict	2	script-definition	no	-
commander_unit_num	3	script-definition	no	-
commandicon_dd	1	script-definition	no	-
commandtype	5	script-definition	no	-
commentary_str	4	script-definition	no	-
commodity	8	script-definition	no	-
commodity_list	5	script-definition	no	-
commune_with_nature	10	script-definition	no	-
compare_category	1	script-definition	no	-
compresscontainer	12	native-host-call	yes	0x0046f250
condition?	3	script-definition	no	-
cone_of_cold	16	script-definition	no	-
conetarget	9	native-host-call	yes	0x0040a2b0
confusion	19	script-definition	no	-
conjure_sound	8	script-definition	no	-
connect_loc	1	script-definition	no	-
connect_water	2	script-definition	no	-
connectedbyland	1	native-host-call	yes	0x004e61e0
connecttodplay	1	heuristic-false-positive	no	-
connecttosigs	1	native-host-call	yes	0x004b5fb0
connecttostorm	2	native-host-call	yes	0x004b5f50
conquer_great_temple	1	script-definition	no	-
conquering_faith	3	script-definition	no	-
consecutive_turns	4	script-definition	no	-
console_button	1	heuristic-false-positive	no	-
contact_dict	2	script-definition	no	-
container	32	native-host-call	yes	0x0046d4c0
container_army_id	16	script-definition	no	-
container_army_index	4	script-definition	no	-
container_art_spot	12	script-definition	no	-
container_background_doodad	5	script-definition	no	-
container_background_pages	4	script-definition	no	-
container_experience_bargraphs	6	script-definition	no	-
container_health_bargraphs	6	script-definition	no	-
container_ids	14	script-definition	no	-
container_item_flag	3	script-definition	no	-
container_num_spots	5	script-definition	no	-
container_offset0	4	script-definition	no	-
container_offset5	4	script-definition	no	-
container_spot_id	44	script-definition	no	-
container_to_spot_id	6	script-definition	no	-
container_unit_graphic	1	script-definition	no	-
container_unit_index	34	script-definition	no	-
contains_landlubbers	1	script-definition	no	-
contents	20	script-definition	no	-
contin	2	heuristic-false-positive	no	-
continue_attack_ratio	1	script-definition	no	-
continue_button	59	script-definition	no	-
continue_button_t	12	heuristic-false-positive	no	-
continue_legend	2	heuristic-false-positive	no	-
continue_tbf	1	heuristic-false-positive	no	-
contributors_string	6	script-definition	no	-
control_spells	1	script-definition	no	-
controlleroffaith	3	native-host-call	yes	0x004c0230
controlsfaith?	4	native-host-call	yes	0x004c0140
conwich	4	heuristic-false-positive	no	-
coordinates	6	script-definition	no	-
coords	2	script-definition	no	-
copr14	1	script-definition	no	-
copr15	2	script-definition	no	-
copr22	1	script-definition	no	-
copy	762	language-primitive	yes	0x004cbf80
copydoodad	37	native-host-call	yes	0x004dc8d0
corner_wall	2	script-definition	no	-
cos	5	language-primitive	yes	0x004cc0b0
cost	3	heuristic-false-positive	no	-
cost0string	3	script-definition	no	-
cost1string	3	script-definition	no	-
cost2castspell	1	native-host-call	yes	0x00426130
cost2string	3	script-definition	no	-
cost3string	3	script-definition	no	-
cost4string	3	script-definition	no	-
cost_amount	10	script-definition	no	-
cost_arty	2	script-definition	no	-
cost_arty2	4	script-definition	no	-
cost_arty3	2	script-definition	no	-
cost_arty4	4	script-definition	no	-
cost_arty5	2	script-definition	no	-
cost_box	7	heuristic-false-positive	no	-
cost_dispelled	2	script-definition	no	-
cost_gt	4	heuristic-false-positive	no	-
cost_icons	86	script-definition	no	-
cost_sh	8	script-definition	no	-
cost_spell	2	heuristic-false-positive	no	-
cost_spell2	2	heuristic-false-positive	no	-
cost_spell3	4	heuristic-false-positive	no	-
cost_str	3	script-definition	no	-
cost_unit	7	script-definition	no	-
cost_unit2	2	script-definition	no	-
cost_unit3	4	script-definition	no	-
cost_value	15	script-definition	no	-
costandmaintaintitle	1	script-definition	no	-
costbuildbuilding	17	native-host-call	yes	0x00445930
costs	111	script-definition	no	-
count	35	language-primitive	yes	0x004c9cc0
count_arachnids	2	script-definition	no	-
count_artifacts	4	script-definition	no	-
count_artifacts_purchased	2	script-definition	no	-
count_champions_in_combat	1	script-definition	no	-
count_initiates	1	script-definition	no	-
count_legendary_creatures	6	script-definition	no	-
count_player_lords_heirs	2	script-definition	no	-
count_rejuv	1	script-definition	no	-
count_research_positions	1	script-definition	no	-
count_sparkle	2	script-definition	no	-
count_spells_purchased	2	script-definition	no	-
count_tiles_in_radius	16	script-definition	no	-
count_var	6	script-definition	no	-
counted?	2	script-definition	no	-
counter	30	script-definition	no	-
counterintelligence_armies_desired	2	script-definition	no	-
countplayerartifacttype?	3	script-definition	no	-
countunittypes	2	native-host-call	yes	0x005243d0
cpa	13	script-definition	no	-
cpr	15	native-host-call	yes	0x004264d0
cpu	8	script-definition	no	-
cr3name	7	script-definition	no	-
cracked_armor	4	script-definition	no	-
cracked_ref	2	heuristic-false-positive	no	-
crazy_spells	1	script-definition	no	-
crazy_spells_target_procs	1	script-definition	no	-
create	1	heuristic-false-positive	no	-
create3dmap	2	native-host-call	yes	0x004e07d0
create_ai_security	4	heuristic-false-positive	no	-
create_army_containers_bargraphs	1	script-definition	no	-
create_arrows	2	heuristic-false-positive	no	-
create_artifact_dlg	4	script-definition	no	-
create_artifact_dlg_items	1	heuristic-false-positive	no	-
create_artifact_items	3	heuristic-false-positive	no	-
create_building_info_buttons	3	script-definition	no	-
create_building_info_buttons_BARRACKS	3	script-definition	no	-
create_building_info_buttons_GREAT_TEMPLE	3	script-definition	no	-
create_building_info_buttons_SPECIAL_BUILDING	3	script-definition	no	-
create_building_info_buttons_THIEVES_GUILD	3	script-definition	no	-
create_building_info_buttons_VILLAGE	3	script-definition	no	-
create_building_info_buttons_WATCH_TOWER	3	script-definition	no	-
create_building_info_buttons_WIZARDS_TOWER	3	script-definition	no	-
create_buttons	2	script-definition	no	-
create_city_dlg_items	2	script-definition	no	-
create_container	1	script-definition	no	-
create_debrief_army_dlg_items	2	script-definition	no	-
create_description_box	1	heuristic-false-positive	no	-
create_dialogs	2	script-definition	no	-
create_experience_bargraph	1	script-definition	no	-
create_graphics	2	script-definition	no	-
create_health_bargraph	1	script-definition	no	-
create_intel_dlg_items	2	script-definition	no	-
create_mopup_crew	2	script-definition	no	-
create_quest_desc_dlg_items	1	script-definition	no	-
create_quest_edits	1	script-definition	no	-
create_quest_roster_dlg_items	1	script-definition	no	-
create_roster_sky	1	script-definition	no	-
create_scn_list	1	script-definition	no	-
create_spelsel_dlg_items	1	script-definition	no	-
create_spy_army_dlg_items	2	script-definition	no	-
create_steal_dlg_items	2	script-definition	no	-
create_thief_dlg_items	2	script-definition	no	-
create_unit_roster_dlg_items	1	script-definition	no	-
create_world	1	script-definition	no	-
createarmy	1	script-definition	no	-
createarmyinsprite	3	heuristic-false-positive	no	-
createarmyonmap	1	heuristic-false-positive	no	-
createarmyonscrollingmap	9	script-definition	no	-
createartifact	37	native-host-call	yes	0x0042a730
createartifactnow	48	native-host-call	yes	0x0042a910
createbuildinginfolist	1	native-host-call	yes	0x0043c5f0
createbuildingrequirementslist	1	native-host-call	yes	0x0043d3e0
createghost	4	native-host-call	yes	0x0047e5d0
createingamemessage	5	native-host-call	yes	0x004b2e50
createnetworkgame	1	native-host-call	yes	0x004b8350
createrandomdungeons	1	heuristic-false-positive	no	-
createtemparmy	2	native-host-call	yes	0x0044cd60
createvirtualarmy	2	native-host-call	yes	0x0044cf20
creature_hp_bonus	44	script-definition	no	-
creature_name	8	script-definition	no	-
cripple	4	script-definition	no	-
cripple_ref	32	heuristic-false-positive	no	-
critical_strike	13	script-definition	no	-
crop	29	native-host-call	yes	0x00493a90
crop_id	8	heuristic-false-positive	no	-
cropobj	8	heuristic-false-positive	no	-
crossbow_balance	4	script-definition	no	-
crossbow_flamethrower	4	script-definition	no	-
crown_kings	1	script-definition	no	-
crown_noble	1	script-definition	no	-
crusade	13	script-definition	no	-
crushing_blow	12	script-definition	no	-
crys_val	16	script-definition	no	-
crystal_amt	14	script-definition	no	-
crystal_amt_box	2	heuristic-false-positive	no	-
crystal_amt_str	4	script-definition	no	-
crystal_bitmap	4	heuristic-false-positive	no	-
crystal_cost	12	script-definition	no	-
crystal_dd	6	heuristic-false-positive	no	-
crystal_received	4	script-definition	no	-
crystal_sound	2	script-definition	no	-
crystal_text	10	script-definition	no	-
crystal_to_spend_on_potions	7	script-definition	no	-
crystal_upkeep	4	script-definition	no	-
crystal_value	4	script-definition	no	-
crystalh_bitmap	2	heuristic-false-positive	no	-
crystalmine_delta	8	script-definition	no	-
crystalmine_win	10	script-definition	no	-
crystals	83	script-definition	no	-
crystals0_edit	1	script-definition	no	-
crystals0_str	3	script-definition	no	-
crystals1_edit	1	script-definition	no	-
crystals1_str	3	script-definition	no	-
crystals2_edit	1	script-definition	no	-
crystals2_str	3	script-definition	no	-
crystals_cost	7	script-definition	no	-
crystals_days	4	script-definition	no	-
crystals_decreasing_table	1	heuristic-false-positive	no	-
crystals_deficit	8	script-definition	no	-
crystals_delta	12	script-definition	no	-
crystals_edit	4	script-definition	no	-
crystals_exp	2	script-definition	no	-
crystals_exp_editbox	1	heuristic-false-positive	no	-
crystals_exp_item	1	script-definition	no	-
crystals_for_ale	43	script-definition	no	-
crystals_for_ale1_str	5	script-definition	no	-
crystals_for_ale2_str	5	script-definition	no	-
crystals_for_ale_text_box	5	heuristic-false-positive	no	-
crystals_for_fame	34	script-definition	no	-
crystals_for_fame1_str	5	script-definition	no	-
crystals_for_fame2_str	5	script-definition	no	-
crystals_for_fame_text_box	5	heuristic-false-positive	no	-
crystals_for_gold	43	script-definition	no	-
crystals_for_gold1_str	5	script-definition	no	-
crystals_for_gold2_str	5	script-definition	no	-
crystals_for_gold_text_box	5	heuristic-false-positive	no	-
crystals_for_initiates_text_box	4	heuristic-false-positive	no	-
crystals_inc	2	script-definition	no	-
crystals_inc_editbox	1	heuristic-false-positive	no	-
crystals_inc_item	1	script-definition	no	-
crystals_increasing_table	1	heuristic-false-positive	no	-
crystals_item	4	script-definition	no	-
crystals_str	4	script-definition	no	-
crystals_to_steal	1	heuristic-false-positive	no	-
crystalsdelta	3	script-definition	no	-
crystalsvaluestring	1	script-definition	no	-
crystb	11	heuristic-false-positive	no	-
crystp	6	heuristic-false-positive	no	-
crystr	8	heuristic-false-positive	no	-
crysty	9	heuristic-false-positive	no	-
cs_down2_doodad	1	heuristic-false-positive	no	-
cs_down2_xywh	1	heuristic-false-positive	no	-
cs_down_arrow	1	heuristic-false-positive	no	-
cs_down_bf	1	heuristic-false-positive	no	-
cs_down_doodad	1	heuristic-false-positive	no	-
cs_down_xywh	1	heuristic-false-positive	no	-
cs_full1_xywh	2	heuristic-false-positive	no	-
cs_full2_xywh	2	heuristic-false-positive	no	-
cs_string	9	script-definition	no	-
cs_up2_doodad	1	heuristic-false-positive	no	-
cs_up2_xywh	1	heuristic-false-positive	no	-
cs_up_arrow	1	heuristic-false-positive	no	-
cs_up_bf	1	heuristic-false-positive	no	-
cs_up_doodad	1	heuristic-false-positive	no	-
cs_up_xywh	1	heuristic-false-positive	no	-
csatk	1	script-definition	no	-
csatkack_1	1	script-definition	no	-
csdie	1	script-definition	no	-
csmov	1	script-definition	no	-
csmovack_1	4	script-definition	no	-
csmovack_2	1	script-definition	no	-
csrng	1	script-definition	no	-
css_string	4	script-definition	no	-
csselack_1	1	script-definition	no	-
cstack	4	script-definition	no	-
ct	5	script-definition	no	-
ct_index	1	script-definition	no	-
ct_stack	3	script-definition	no	-
ctatk	1	script-definition	no	-
ctatkack_1	5	script-definition	no	-
ctatkack_2	2	script-definition	no	-
ctatkack_3	1	script-definition	no	-
ctatkack_4	1	script-definition	no	-
ctatkack_5	1	script-definition	no	-
ctdie	1	script-definition	no	-
ctmov	2	script-definition	no	-
ctmovack_1	4	script-definition	no	-
ctmovack_2	1	script-definition	no	-
ctmovack_3	1	script-definition	no	-
ctmovack_4	1	script-definition	no	-
ctrng	1	script-definition	no	-
ctselack_1	4	script-definition	no	-
ctselack_2	1	script-definition	no	-
ctselack_3	1	script-definition	no	-
ctselack_4	1	script-definition	no	-
ctype	13	script-definition	no	-
cur_movement_string	3	script-definition	no	-
cur_str	3	script-definition	no	-
cure_amount	13	script-definition	no	-
cure_wounds	17	script-definition	no	-
curhitpointstring	3	script-definition	no	-
curhitpointstring_high	3	script-definition	no	-
curhitpointstring_low	3	script-definition	no	-
curhitpointstring_med	3	script-definition	no	-
curmanastring	4	script-definition	no	-
curr-dialog	4	script-definition	no	-
curr-string	2	script-definition	no	-
curr_army_id	15	script-definition	no	-
curr_faith	2	script-definition	no	-
curr_index	8	script-definition	no	-
curr_report	8	script-definition	no	-
curr_tt	4	script-definition	no	-
curr_unit_info	8	script-definition	no	-
currangle	2	script-definition	no	-
currarmy	47	script-definition	no	-
currarmyarray	2	script-definition	no	-
currartifact	14	script-definition	no	-
currbuild	6	script-definition	no	-
currbuilding	15	script-definition	no	-
currbuildingdistance	6	script-definition	no	-
currcity	20	script-definition	no	-
currdungeonx	8	script-definition	no	-
currdungeony	8	script-definition	no	-
current_amt	3	heuristic-false-positive	no	-
current_army_size	4	script-definition	no	-
current_attitude	125	script-definition	no	-
current_attitude_level	5	script-definition	no	-
current_backdrop	8	script-definition	no	-
current_barter_session	2	script-definition	no	-
current_book	12	script-definition	no	-
current_city_name	12	script-definition	no	-
current_count	46	script-definition	no	-
current_crystals	12	script-definition	no	-
current_exp	4	heuristic-false-positive	no	-
current_faith	8	script-definition	no	-
current_file	78	script-definition	no	-
current_food	12	script-definition	no	-
current_gold	12	script-definition	no	-
current_level	16	script-definition	no	-
current_library	94	script-definition	no	-
current_portrait	1	heuristic-false-positive	no	-
current_potion	11	script-definition	no	-
current_range	2	heuristic-false-positive	no	-
current_resource_index	8	script-definition	no	-
current_rule	2	script-definition	no	-
current_scenario_buff	18	script-definition	no	-
current_scenario_edit	3	script-definition	no	-
current_spell	56	script-definition	no	-
current_state	14	script-definition	no	-
current_terrain_type	1	script-definition	no	-
current_tone_stack	10	script-definition	no	-
current_trade_ratio	2	script-definition	no	-
current_type	12	script-definition	no	-
current_unit	174	script-definition	no	-
current_user	5	script-definition	no	-
current_value	1	script-definition	no	-
current_zoom	36	script-definition	no	-
currentai	202	native-host-call	yes	0x00520350
currentarmy	390	script-definition	no	0x0052d580
currentarmyunitbits	4	native-host-call	yes	0x0052d5e0
currentartifactcharges	8	script-definition	no	-
currentartifactmaxcharges	16	script-definition	no	-
currentbuilding	493	native-host-call	yes	0x00440e30
currentbuildingdict	11	script-definition	no	-
currentcity	137	native-host-call	yes	0x0052d520
currentcombinedarmy	2	native-host-call	yes	0x0052f7d0
currentdialog	40	script-definition	no	0x00490810
currentdialogitem	15	native-host-call	yes	0x00490860
currentdict	5305	language-primitive	yes	0x004c9e80
currentdungeon	2	heuristic-false-positive	no	-
currentdungeonlist	2	script-definition	no	-
currentelement	13	script-definition	no	-
currentelementtypestring	3	script-definition	no	-
currentfaith	2	script-definition	no	-
currentfaithdeck	6	script-definition	no	-
currentfilename	11	script-definition	no	-
currentgamename	7	script-definition	no	-
currentlocation	10	script-definition	no	-
currentmap	81	script-definition	no	-
currentplaydict	1	script-definition	no	-
currentplayer	563	native-host-call	yes	0x004e3e50
currentracelocations	1	script-definition	no	-
currentrule	1	heuristic-false-positive	no	-
currentscenario	142	native-host-call	yes	0x004c8f30
currentscreen	2	native-host-call	yes	0x004e4000
currentselectionbits	4	script-definition	no	-
currentselectioncanmove?	1	native-host-call	yes	0x00530330
currentsprite	15	script-definition	no	-
currentswatcharray	11	script-definition	no	-
currentswatchindex	14	script-definition	no	-
currentterrain	8	script-definition	no	-
currentterrainsprite	560	script-definition	no	0x0052f5f0
currenttileset	6	script-definition	no	-
currenttree	13	script-definition	no	-
currentttype	12	script-definition	no	-
currentturn	533	native-host-call	yes	0x0050b720
currentunit	167	script-definition	no	-
currentunitsexpense	1	native-host-call	yes	0x004be640
currentunittype	64	script-definition	no	-
currentuser	689	native-host-call	yes	0x004e3df0
currfaith	26	script-definition	no	-
currfaithx	9	script-definition	no	-
currfaithy	9	script-definition	no	-
currindex	3	script-definition	no	-
currlocation	2	script-definition	no	-
currsprite	15	script-definition	no	-
currstrength	2	script-definition	no	-
currterrainsprite	6	script-definition	no	-
currtsprite	14	script-definition	no	-
currunit	8	script-definition	no	-
currunitnumber	14	script-definition	no	-
curse_aura	3	heuristic-false-positive	no	-
curse_type	2	heuristic-false-positive	no	-
custom_array	1	script-definition	no	-
custom_dialog	4	script-definition	no	-
custom_enc_dlg_dict	8	script-definition	no	-
custom_experience_amount?	1	script-definition	no	-
custom_game	3	script-definition	no	-
custom_game_button	2	heuristic-false-positive	no	-
custom_game_dlg	29	script-definition	no	-
custom_leader_experience_amount?	1	heuristic-false-positive	no	-
custom_map	7	script-definition	no	-
custom_resource_amount?	4	script-definition	no	-
custom_special_barter_dialog	1	script-definition	no	-
custom_special_barter_offer	1	script-definition	no	-
cutoff_play	3	script-definition	no	-
cv_page	18	script-definition	no	-
cv_set_production_displays	1	heuristic-false-positive	no	-
cvcapacity	5	script-definition	no	-
cvi	1289	language-primitive	yes	0x004cbef0
cview	12	script-definition	no	-
cvlit	43	language-primitive	yes	0x004cbf30
cvn	11	native-host-call	yes	0x004cbf00
cvs	1278	language-primitive	yes	0x004cbf20
cvx	1422	language-primitive	yes	0x004cbf40
cwatk	1	script-definition	no	-
cwatkack_1	4	script-definition	no	-
cwatkack_2	1	script-definition	no	-
cwatkack_3	1	script-definition	no	-
cwatkack_4	1	script-definition	no	-
cwm1atk	1	script-definition	no	-
cwm1atkack_1	1	script-definition	no	-
cwm1die	1	script-definition	no	-
cwm1mov	1	script-definition	no	-
cwm1movack_1	1	script-definition	no	-
cwm1selack_1	1	script-definition	no	-
cwm2atk	1	script-definition	no	-
cwm2atkack_1	1	script-definition	no	-
cwm2die	1	script-definition	no	-
cwm2mov	1	script-definition	no	-
cwm2movack_1	1	script-definition	no	-
cwm2selack_1	1	script-definition	no	-
cwmcatk	1	script-definition	no	-
cwmcatkack_1	1	script-definition	no	-
cwmcdie	1	script-definition	no	-
cwmcmov	1	script-definition	no	-
cwmcmovack_1	1	script-definition	no	-
cwmcselack_1	1	script-definition	no	-
cwmfatk	3	script-definition	no	-
cwmfatkack_1	3	script-definition	no	-
cwmfdie	3	script-definition	no	-
cwmfmov	3	script-definition	no	-
cwmfmovack_1	3	script-definition	no	-
cwmfselack_1	3	script-definition	no	-
cwmiatk	1	script-definition	no	-
cwmiatkack_1	1	script-definition	no	-
cwmidie	1	script-definition	no	-
cwmimov	1	script-definition	no	-
cwmimovack_1	1	script-definition	no	-
cwmiselack_1	1	script-definition	no	-
cwmm2atk	1	heuristic-false-positive	no	-
cwmm2die	1	heuristic-false-positive	no	-
cwmm2movack_1	1	heuristic-false-positive	no	-
cwmm2ov	1	heuristic-false-positive	no	-
cwmm2rng	1	heuristic-false-positive	no	-
cwmm2selack_1	1	heuristic-false-positive	no	-
cwmmatk	1	script-definition	no	-
cwmmatkack_1	1	script-definition	no	-
cwmmdie	1	script-definition	no	-
cwmmmov	1	script-definition	no	-
cwmmmovack_1	1	script-definition	no	-
cwmmrng	1	script-definition	no	-
cwmmselack_1	1	script-definition	no	-
cwmov	2	script-definition	no	-
cwmovack_1	4	script-definition	no	-
cwmovack_2	1	script-definition	no	-
cwmovack_3	1	script-definition	no	-
cwmovack_4	1	script-definition	no	-
cwmwatk	1	script-definition	no	-
cwmwatkack_1	1	script-definition	no	-
cwmwdie	1	script-definition	no	-
cwmwmov	1	script-definition	no	-
cwmwmovack_1	1	script-definition	no	-
cwmwselack_1	1	script-definition	no	-
cwselack_1	6	script-definition	no	-
cwselack_2	2	script-definition	no	-
cwselack_3	1	script-definition	no	-
cwselack_4	2	script-definition	no	-
cwselack_5	1	script-definition	no	-
cwselack_6	1	script-definition	no	-
cwz2atk	3	script-definition	no	-
cwz2atkack_1	4	script-definition	no	-
cwz2atkack_2	3	script-definition	no	-
cwz2die	3	script-definition	no	-
cwz2mov	3	script-definition	no	-
cwz2movack_1	4	script-definition	no	-
cwz2movack_2	3	script-definition	no	-
cwz2selack_1	4	script-definition	no	-
cwz2selack_2	3	script-definition	no	-
cx	12	script-definition	no	-
cx1	6	heuristic-false-positive	no	-
cy	12	script-definition	no	-
cyccave	4	heuristic-false-positive	no	-
d	106	script-definition	no	-
d1	3	script-definition	no	-
d1atk	1	script-definition	no	-
d1atkack_1	1	script-definition	no	-
d1die	1	script-definition	no	-
d1mov	1	script-definition	no	-
d1movack_1	1	script-definition	no	-
d1selack_1	1	script-definition	no	-
d2	3	script-definition	no	-
d2atk	3	script-definition	no	-
d2atkack_1	5	script-definition	no	-
d2atkack_2	4	script-definition	no	-
d2atkack_3	3	script-definition	no	-
d2die	3	script-definition	no	-
d2mov	3	script-definition	no	-
d2movack_1	4	script-definition	no	-
d2movack_2	3	script-definition	no	-
d2rng	2	script-definition	no	-
d2selack_1	4	script-definition	no	-
d2selack_2	3	script-definition	no	-
d3atk	1	script-definition	no	-
d3atkack_1	6	script-definition	no	-
d3atkack_2	1	script-definition	no	-
d3atkack_3	1	script-definition	no	-
d3atkack_4	1	script-definition	no	-
d3atkack_5	1	script-definition	no	-
d3die	1	script-definition	no	-
d3mov	1	script-definition	no	-
d3movack_1	1	script-definition	no	-
d3selack_1	5	script-definition	no	-
d3selack_2	1	script-definition	no	-
d3selack_3	2	script-definition	no	-
d3selack_4	1	script-definition	no	-
d3selack_5	1	script-definition	no	-
d4atk	1	script-definition	no	-
d4atkack_1	1	script-definition	no	-
d4die	1	script-definition	no	-
d4mov	1	script-definition	no	-
d4movack_1	1	script-definition	no	-
d4selack_1	1	script-definition	no	-
d_1	1	heuristic-false-positive	no	-
d_ai?	1	heuristic-false-positive	no	-
d_delta_exp	9	script-definition	no	-
d_delta_level	9	script-definition	no	-
d_experience_box	2	script-definition	no	-
d_level	8	script-definition	no	-
d_net_experience	4	script-definition	no	-
d_p	2	script-definition	no	-
d_player	2	script-definition	no	-
d_rally	3	script-definition	no	-
dagger_aqua	4	script-definition	no	-
dagger_death	2	script-definition	no	-
dagger_faerie	4	script-definition	no	-
dagger_flint	3	script-definition	no	-
dagger_huntress	6	script-definition	no	-
dagger_life_steal	5	script-definition	no	-
dagger_light	4	script-definition	no	-
dagger_rusted	5	script-definition	no	-
dagger_silver	7	script-definition	no	-
damage	99	script-definition	no	-
damage_edit	4	script-definition	no	-
damage_text	6	script-definition	no	-
damage_unit	2	script-definition	no	-
damaged_army_id	38	script-definition	no	-
danger	4	script-definition	no	-
danger_ratio	1	script-definition	no	-
dark_shadow	4	script-definition	no	-
darts	2	heuristic-false-positive	no	-
data_id	4	script-definition	no	-
data_name	58	script-definition	no	-
data_name_string	2	script-definition	no	-
days_array	3	script-definition	no	-
days_left_if_trained	2	heuristic-false-positive	no	-
days_to_barter_type_dict	1	script-definition	no	-
days_to_go	2	script-definition	no	-
dbutton	3	script-definition	no	-
dbutton_dd	1	heuristic-false-positive	no	-
dbutton_frame	1	heuristic-false-positive	no	-
dbutton_in_dd	1	heuristic-false-positive	no	-
dbutton_xywh	4	heuristic-false-positive	no	-
dc_array	2	script-definition	no	-
dcatk	1	script-definition	no	-
dcatkack_1	4	script-definition	no	-
dcatkack_2	1	script-definition	no	-
dcatkack_3	1	script-definition	no	-
dcatkack_4	1	script-definition	no	-
dcdie	1	script-definition	no	-
dcmov	1	script-definition	no	-
dcmovack_1	4	script-definition	no	-
dcmovack_2	1	script-definition	no	-
dcmovack_3	1	script-definition	no	-
dcmovack_4	1	script-definition	no	-
dcrystals	1	script-definition	no	-
dcselack_1	3	script-definition	no	-
dcselack_2	1	script-definition	no	-
dcselack_3	1	script-definition	no	-
dd	73	script-definition	no	-
ddmrkt	7	heuristic-false-positive	no	-
ddood	27	heuristic-false-positive	no	-
ddwtcht	2	heuristic-false-positive	no	-
de_ice_target	16	heuristic-false-positive	no	-
dead_attackers	1	heuristic-false-positive	no	-
dead_defenders	1	heuristic-false-positive	no	-
dead_leader_army	3	script-definition	no	-
dead_leader_faith	8	script-definition	no	-
dead_leader_name	4	script-definition	no	-
dead_overlay_dd	2	heuristic-false-positive	no	-
dead_player_faith_name	4	script-definition	no	-
dead_player_name	1	script-definition	no	-
deadly_strike	9	script-definition	no	-
deal_with_prisoners	1	script-definition	no	-
death_alpha_imp_filename	1	script-definition	no	-
death_imp_filename	4	script-definition	no	-
death_indicator_aura	1	script-definition	no	-
death_landscape	2	script-definition	no	-
death_pal	12	script-definition	no	-
death_player	1	script-definition	no	-
death_quest_1	3	script-definition	no	-
death_quest_2	5	script-definition	no	-
death_quest_3	5	script-definition	no	-
death_quest_4	4	script-definition	no	-
death_sbld_button0	1	script-definition	no	-
death_sbld_button1	1	script-definition	no	-
death_sbld_button2	1	script-definition	no	-
death_sbld_button_frame	3	heuristic-false-positive	no	-
death_sbld_info_dd	1	heuristic-false-positive	no	-
death_sbld_info_in_dd	1	heuristic-false-positive	no	-
death_surnames	1	script-definition	no	-
death_touch	4	script-definition	no	-
debrief_code	74	script-definition	no	-
debrief_dialog	85	script-definition	no	-
debrief_edit	34	script-definition	no	-
debrief_edit2	6	script-definition	no	-
debrief_fame_edit	6	script-definition	no	-
debrief_fame_text	8	script-definition	no	-
debrief_lbm_name	10	script-definition	no	-
debrief_panel_doodad	2	script-definition	no	-
debrief_pol_eff_edit1	6	script-definition	no	-
debrief_pol_eff_edit2	6	script-definition	no	-
debrief_pol_eff_text1	8	script-definition	no	-
debrief_pol_eff_text2	8	script-definition	no	-
debrief_pol_eff_title	6	script-definition	no	-
debrief_stone_page	2	script-definition	no	-
debrief_text	77	script-definition	no	-
debrief_text2	20	script-definition	no	-
debrief_title_edit	2	script-definition	no	-
debrief_title_text	4	script-definition	no	-
debrief_what	110	script-definition	no	-
debrk1	3	script-definition	no	-
debrk2	6	script-definition	no	-
debrk3	3	script-definition	no	-
debrk4	3	script-definition	no	-
dec_amt	4	heuristic-false-positive	no	-
decav	21	script-definition	no	-
decave	8	script-definition	no	-
decavm	1	heuristic-false-positive	no	-
decay	15	script-definition	no	-
decay_20	1	script-definition	no	-
decay_30	1	script-definition	no	-
declev_bf	2	heuristic-false-positive	no	-
declev_button	2	heuristic-false-positive	no	-
declev_dn_doodad	2	heuristic-false-positive	no	-
declev_dn_xywh	2	heuristic-false-positive	no	-
declev_full_xywh	4	heuristic-false-positive	no	-
declev_up_doodad	2	heuristic-false-positive	no	-
declev_up_xywh	2	heuristic-false-positive	no	-
decline_button	2	heuristic-false-positive	no	-
decmultiplayeroption	7	native-host-call	yes	0x004b2240
decodebarter	9	native-host-call	yes	0x004331e0
decoy	2	script-definition	no	-
decr1	21	script-definition	no	-
decr2	30	script-definition	no	-
decr2b	11	script-definition	no	-
decr3	22	script-definition	no	-
decr4	12	script-definition	no	-
decreasing_table	1	script-definition	no	-
decrement	18	native-host-call	yes	0x004ccc50
decrementstartingline	5	native-host-call	yes	0x00497fd0
decres_bf	2	heuristic-false-positive	no	-
decres_button	2	heuristic-false-positive	no	-
decres_dn_doodad	2	heuristic-false-positive	no	-
decres_dn_xywh	2	heuristic-false-positive	no	-
decres_full_xywh	4	heuristic-false-positive	no	-
decres_up_doodad	2	heuristic-false-positive	no	-
decres_up_xywh	2	heuristic-false-positive	no	-
deditdlg_page	29	script-definition	no	-
dedung	1	script-definition	no	-
deep_wounds	4	script-definition	no	-
deep_wounds_ref	2	heuristic-false-positive	no	-
def	78316	language-primitive	yes	0x004ca180
def_str	12	script-definition	no	-
def_str_box	2	heuristic-false-positive	no	-
def_str_text	2	heuristic-false-positive	no	-
defa	10	script-definition	no	-
default_artifact	1	script-definition	no	-
default_champion_stats	1	script-definition	no	-
default_dict	1	script-definition	no	-
default_edit_mode	2	script-definition	no	-
default_form	28	script-definition	no	-
default_kill_wav	1	heuristic-false-positive	no	-
default_level	6	script-definition	no	-
default_lose_proc	588	script-definition	no	-
default_parley?	1	script-definition	no	-
default_play	1	script-definition	no	-
default_spell	2	script-definition	no	-
default_unit	1	script-definition	no	-
defaultagilitystring1	3	script-definition	no	-
defaultattackstring1	3	script-definition	no	-
defaultdefensestring1	3	script-definition	no	-
defaultfringe	1	native-host-call	yes	0x004ab530
defaulthitpointstring1	3	script-definition	no	-
defaultmanastring1	3	script-definition	no	-
defaultrangedattackstring1	3	script-definition	no	-
defaultrangestring1	3	script-definition	no	-
defaultskypage	3	script-definition	no	-
defaultstrengthstring1	3	script-definition	no	-
defaulttext	1	script-definition	no	-
defaultwisdomstring1	3	script-definition	no	-
defcmp1	4	heuristic-false-positive	no	-
defcmp2	4	heuristic-false-positive	no	-
defcmp3	4	heuristic-false-positive	no	-
defend_spell	2	heuristic-false-positive	no	-
defend_str	3	script-definition	no	-
defend_unit	59	script-definition	no	-
defendarmy	3	native-host-call	yes	0x00465d80
defender	1005	script-definition	no	-
defender_air_resistance	5	script-definition	no	-
defender_already_modified?	14	script-definition	no	-
defender_armor	90	script-definition	no	-
defender_armor_cracked?	1	heuristic-false-positive	no	-
defender_army_bv	4	script-definition	no	-
defender_attack	2	script-definition	no	-
defender_bleeding?	1	heuristic-false-positive	no	-
defender_blinded?	1	heuristic-false-positive	no	-
defender_bv_box	2	script-definition	no	-
defender_champion1	11	script-definition	no	-
defender_champion2	11	script-definition	no	-
defender_champion3	9	script-definition	no	-
defender_crippled?	1	heuristic-false-positive	no	-
defender_death_resistance	2	script-definition	no	-
defender_deeply_wounded?	1	heuristic-false-positive	no	-
defender_defend_city_nogate	2	script-definition	no	-
defender_defend_city_withgate	2	script-definition	no	-
defender_dexterity	1	script-definition	no	-
defender_earth_resistance	4	script-definition	no	-
defender_faith	146	script-definition	no	-
defender_fame_adjustment	2	heuristic-false-positive	no	-
defender_fame_diff	6	script-definition	no	-
defender_fire_resistance	6	script-definition	no	-
defender_health	2	script-definition	no	-
defender_health_factor	2	script-definition	no	-
defender_hit_points	138	script-definition	no	-
defender_level	95	script-definition	no	-
defender_life_resistance	1	script-definition	no	-
defender_luck	18	script-definition	no	-
defender_max_health	1	script-definition	no	-
defender_max_hp	27	script-definition	no	-
defender_melee_resistance	10	script-definition	no	-
defender_missile_resistance	4	script-definition	no	-
defender_name	63	script-definition	no	-
defender_name_box	4	script-definition	no	-
defender_percent_health	49	script-definition	no	-
defender_resource_days_threshhold	2	script-definition	no	-
defender_water_resistance	4	script-definition	no	-
defender_weakened?	1	heuristic-false-positive	no	-
defendercity_default_play	4	script-definition	no	-
defenderdict	12	script-definition	no	-
defendingcitycornerwalldirection	2	native-host-call	yes	0x00459310
defendingcityfaith	12	native-host-call	yes	0x004591b0
defendingcityfrontwalldirection	6	native-host-call	yes	0x00459250
defendingcitysidewalldirection	4	native-host-call	yes	0x004592b0
defendingcitywalllevel	10	native-host-call	yes	0x00459200
defendlocation_magic_attack	18	script-definition	no	-
defense_play	2	script-definition	no	-
defensestring	3	script-definition	no	-
defensestring1	3	script-definition	no	-
defensive_major_multi_target	4	script-definition	no	-
defensive_major_multi_target_proc	1	script-definition	no	-
defensive_major_single_target	2	script-definition	no	-
defensive_major_single_target_proc	2	script-definition	no	-
defensive_minor_multi_target	4	script-definition	no	-
defensive_minor_multi_target_proc	1	script-definition	no	-
defensive_minor_single_target	2	script-definition	no	-
defensive_minor_single_target_proc	1	script-definition	no	-
defensive_val	1	script-definition	no	-
defensive_value	4	script-definition	no	-
defensivemultitargetloc	2	native-host-call	yes	0x00409940
deficit_total	10	heuristic-false-positive	no	-
define_artifact	251	script-definition	no	-
define_building_levels	12	script-definition	no	-
define_special_barter	47	script-definition	no	-
define_spell	262	script-definition	no	-
define_terrain_sprite	14	script-definition	no	-
definedict	3	script-definition	no	-
definf	4	heuristic-false-positive	no	-
defit	39	script-definition	no	-
defitm	1	heuristic-false-positive	no	-
defmis	4	heuristic-false-positive	no	-
degen	2	script-definition	no	-
deinf	31	script-definition	no	-
delay_amount	10	script-definition	no	-
delay_time	4	script-definition	no	-
delayed_modifications	2	script-definition	no	-
deld1	20	script-definition	no	-
deldf	33	script-definition	no	-
deldfm	1	heuristic-false-positive	no	-
deldr	36	script-definition	no	-
deldrm	2	heuristic-false-positive	no	-
deldt	27	script-definition	no	-
deldw	43	script-definition	no	-
delete_stack	6	script-definition	no	-
deleteactiverect	1	script-definition	no	-
deletearmynow	6	native-host-call	yes	0x004e6fe0
deletedialogrect	1	script-definition	no	-
deleteelement	2	heuristic-false-positive	no	-
deleteelementtypedict	2	script-definition	no	-
deletetextrect	1	script-definition	no	-
delib1	3	script-definition	no	-
delib2	10	script-definition	no	-
delta	10	script-definition	no	-
delta_amt	2	script-definition	no	-
demag1	3	script-definition	no	-
demag2	6	script-definition	no	-
demag3	3	script-definition	no	-
demag4	3	script-definition	no	-
demgt1	5	script-definition	no	-
demgt2	2	script-definition	no	-
demgt3	2	script-definition	no	-
demgt4	2	script-definition	no	-
demina	2	script-definition	no	-
deminc	1	script-definition	no	-
deming	4	script-definition	no	-
demis	31	script-definition	no	-
demkt1	5	script-definition	no	-
demkt2	2	script-definition	no	-
demkt3	2	script-definition	no	-
demkt4	2	script-definition	no	-
demolish_building	15	script-definition	no	-
demult	3	script-definition	no	-
denominator	4	heuristic-false-positive	no	-
des1_string	2	script-definition	no	-
des2_string	2	script-definition	no	-
des3_string	2	script-definition	no	-
des4_string	2	script-definition	no	-
des7_string	2	script-definition	no	-
des_edit	1	script-definition	no	-
des_text	2	script-definition	no	-
des_title_edit	1	script-definition	no	-
des_title_text	2	script-definition	no	-
desbld	12	script-definition	no	-
desblda	3	script-definition	no	-
desbldn	3	script-definition	no	-
desc_buffer	1974	heuristic-false-positive	no	-
desc_str_box	26	heuristic-false-positive	no	-
description_buffer	16	script-definition	no	-
description_table_id	1	script-definition	no	-
deselectfaith	6	native-host-call	yes	0x004b5b40
desert1	1	script-definition	no	-
desert2	1	script-definition	no	-
desert3	1	script-definition	no	-
desert4	1	script-definition	no	-
desert_button	1	heuristic-false-positive	no	-
desertloop	1	script-definition	no	-
deshp	15	script-definition	no	-
desired	4	script-definition	no	-
desired_attackers	2	heuristic-false-positive	no	-
desired_book	4	script-definition	no	-
desired_brains	3	script-definition	no	-
desired_building_type	4	heuristic-false-positive	no	-
desired_in_building	2	heuristic-false-positive	no	-
desired_tr	2	heuristic-false-positive	no	-
desired_unit_code_list	2	script-definition	no	-
desired_unit_code_stack	9	script-definition	no	-
desired_value	5	script-definition	no	-
desperate?	1	script-definition	no	-
desperate_attack	1	script-definition	no	-
desperate_resource_minimum_table	1	script-definition	no	-
dest	6	script-definition	no	-
dest_army	8	script-definition	no	-
dest_loc	21	script-definition	no	-
dest_p	2	script-definition	no	-
dest_region	2	script-definition	no	-
dest_sprite	255	script-definition	no	-
dest_sprite_owner	76	script-definition	no	-
dest_unit	2	script-definition	no	-
destat	3	script-definition	no	-
destination	1	script-definition	no	-
destination_location	9	script-definition	no	-
destroy_artifact_dlg_items	8	script-definition	no	-
destroy_city_dlg_items	2	script-definition	no	-
destroy_debrief_army_dlg_items	2	script-definition	no	-
destroy_intel_dlg_items	12	script-definition	no	-
destroy_quest_desc_dlg_items	2	script-definition	no	-
destroy_quest_roster_dlg_items	4	script-definition	no	-
destroy_spelsel_dlg_items	1	script-definition	no	-
destroy_spy_army_dlg_items	2	script-definition	no	-
destroy_steal_dlg_items	4	script-definition	no	-
destroy_string	2	script-definition	no	-
destroy_thief_dlg_items	2	script-definition	no	-
destroy_unit_roster_dlg_items	3	script-definition	no	-
destroyartifact	86	native-host-call	yes	0x0042ace0
destroyartifacttype	10	native-host-call	yes	0x0042b0a0
destroybuilding	2	native-host-call	yes	0x004403a0
destroycity	1	native-host-call	yes	0x0044fc10
destroyed_building_name	1	script-definition	no	-
destroyterrainsprite	29	native-host-call	yes	0x0050ddd0
destruction	9	script-definition	no	-
detailopdlg	9	script-definition	no	-
detect_air	12	script-definition	no	-
detect_cave	8	script-definition	no	-
detect_chaos	8	script-definition	no	-
detect_death	11	script-definition	no	-
detect_earth	13	script-definition	no	-
detect_fire	6	script-definition	no	-
detect_life	12	script-definition	no	-
detect_order	11	script-definition	no	-
detect_water	9	script-definition	no	-
detectthief	2	native-host-call	yes	0x00507340
determine_category	6	script-definition	no	-
determine_resource_index	4	script-definition	no	-
determine_status	8	script-definition	no	-
dethf	31	script-definition	no	-
dethg1	3	script-definition	no	-
dethg2	6	script-definition	no	-
dethg3	3	script-definition	no	-
dethg4	3	script-definition	no	-
detowe	1	script-definition	no	-
detpl1	5	script-definition	no	-
detpl2	2	script-definition	no	-
detpl3	2	script-definition	no	-
detpl4	2	script-definition	no	-
detvn1	5	script-definition	no	-
detvn2	2	script-definition	no	-
detvn3	2	script-definition	no	-
detvn4	2	script-definition	no	-
devil	5	heuristic-false-positive	no	-
dewiz	39	script-definition	no	-
dewm1	12	script-definition	no	-
dewm2	16	script-definition	no	-
dewz2	18	script-definition	no	-
dex_box	2	heuristic-false-positive	no	-
dex_mod	1	script-definition	no	-
dex_str	12	script-definition	no	-
dex_text	2	heuristic-false-positive	no	-
dexterity	4	script-definition	no	-
dexterity_cost	19	script-definition	no	-
dexterity_mod	6	script-definition	no	-
dexterity_name	4	script-definition	no	-
dexterity_number	2	heuristic-false-positive	no	-
dexterity_potion_str1	3	script-definition	no	-
dexterity_potion_str2	3	script-definition	no	-
dexterity_text_box	5	heuristic-false-positive	no	-
dexterity_val	3	script-definition	no	-
dexterity_value	4	script-definition	no	-
dfaith	2	script-definition	no	-
dfatk	1	script-definition	no	-
dfatkack_1	6	script-definition	no	-
dfatkack_2	2	script-definition	no	-
dfatkack_3	2	script-definition	no	-
dfatkack_4	1	script-definition	no	-
dfatkack_5	1	script-definition	no	-
dfatkack_6	1	script-definition	no	-
dfdie	1	script-definition	no	-
dfmov	2	script-definition	no	-
dfmovack_1	7	script-definition	no	-
dfmovack_2	1	script-definition	no	-
dfmovack_3	1	script-definition	no	-
dfmovack_4	2	script-definition	no	-
dfmovack_5	1	script-definition	no	-
dfmovack_6	1	script-definition	no	-
dfood	1	script-definition	no	-
dfselack_1	6	script-definition	no	-
dfselack_2	1	script-definition	no	-
dfselack_3	2	script-definition	no	-
dfselack_4	2	script-definition	no	-
dfselack_5	1	script-definition	no	-
dfselack_6	1	script-definition	no	-
dgold	1	script-definition	no	-
dial	2	heuristic-false-positive	no	-
dialog	191	native-host-call	yes	0x0048f720
dialog_height	6	script-definition	no	-
dialog_mode	6	script-definition	no	-
dialog_size	3	script-definition	no	-
dialog_title_box	4	script-definition	no	-
dialog_width	10	script-definition	no	-
dialogeditdialog	70	script-definition	no	-
dialogeditdict	45	script-definition	no	-
dialoginfo	229	native-host-call	yes	0x0048f970
dialogisopen?	209	native-host-call	yes	0x00505830
dialogposition	108	native-host-call	yes	0x004900c0
dialogsize	2	script-definition	no	-
dialogtimeout	11	native-host-call	yes	0x004ffe10
dialup_dlg	23	script-definition	no	-
dialup_panel	2	script-definition	no	-
diameter	2	script-definition	no	-
diatk	1	script-definition	no	-
diatkack_1	5	script-definition	no	-
diatkack_2	2	script-definition	no	-
diatkack_3	1	script-definition	no	-
diatkack_4	1	script-definition	no	-
diatkack_5	1	script-definition	no	-
dice_roll	28	script-definition	no	-
dict	1890	language-primitive	yes	0x004ca7c0
dict_size_needed	4	script-definition	no	-
did_special_building?	1	script-definition	no	-
didie	1	script-definition	no	-
diff	8	heuristic-false-positive	no	-
diff1	1	script-definition	no	-
diff2	1	script-definition	no	-
diff_a	1	script-definition	no	-
diff_b	1	script-definition	no	-
diffhl	8	heuristic-false-positive	no	-
difficulty	1	script-definition	no	-
difficulty_modifier	4	script-definition	no	-
difficultylevelmultiplier	1	script-definition	no	-
diffuselight	1	native-host-call	yes	0x0046a900
digin_play	1	script-definition	no	-
dim_x	7	script-definition	no	-
dim_y	5	script-definition	no	-
dimov	1	script-definition	no	-
dimovack_1	3	script-definition	no	-
dimovack_2	1	script-definition	no	-
dimovack_3	1	script-definition	no	-
dip_level	21	script-definition	no	-
diplo_aversion	27	script-definition	no	-
diplo_devotion	18	script-definition	no	-
diplo_distaste	21	script-definition	no	-
diplo_empathy	18	script-definition	no	-
diplo_hatred	2	script-definition	no	-
diplo_hostile	21	script-definition	no	-
diplo_kinship	2	script-definition	no	-
diplo_loathing	42	script-definition	no	-
diplo_neutral	72	script-definition	no	-
diplo_pact	2	script-definition	no	-
diplo_trust	20	script-definition	no	-
diplo_val	10	script-definition	no	-
diplomacydict	146	script-definition	no	-
diplomatic_confirmation?	6	script-definition	no	-
diplomatic_confirmation_dlg_dict	5	script-definition	no	-
diplomatic_confirmation_table	2	script-definition	no	-
diplomatic_level_to_attitude	10	script-definition	no	-
dir	2	native-host-call	yes	0x004cc5b0
direction	1	script-definition	no	-
dirlength	24	script-definition	no	-
dirtpil	6	heuristic-false-positive	no	-
disablearrowkeys	2	native-host-call	yes	0x005047c0
disabled_help_panels	1	script-definition	no	-
disabled_spells	1	script-definition	no	-
disablehotkeys	24	native-host-call	yes	0x004b2fe0
disablemap	78	native-host-call	yes	0x00486b10
disablespell	1	native-host-call	yes	0x004f04e0
disbandunit	3	script-definition	no	-
disease_id	6	script-definition	no	-
diselack_1	6	script-definition	no	-
diselack_2	1	script-definition	no	-
diselack_3	1	script-definition	no	-
diselack_4	1	script-definition	no	-
diselack_5	1	script-definition	no	-
disembark_stowaways	2	heuristic-false-positive	no	-
disguise	2	script-definition	no	-
dismis_unit_index	1	script-definition	no	-
dismiss_cost_hired	6	script-definition	no	-
dismiss_expensive_units	4	script-definition	no	-
dismiss_extra_mercenaries	1	script-definition	no	-
dismiss_it?	1	script-definition	no	-
dismissunit	11	native-host-call	yes	0x0041e5e0
dispel_magic_air	9	script-definition	no	-
dispel_magic_chaos	9	script-definition	no	-
dispel_magic_death	9	script-definition	no	-
dispel_magic_earth	9	script-definition	no	-
dispel_magic_fire	9	script-definition	no	-
dispel_magic_life	9	script-definition	no	-
dispel_magic_list	3	script-definition	no	-
dispel_magic_order	9	script-definition	no	-
dispel_magic_water	9	script-definition	no	-
dispell_cost	2	script-definition	no	-
display_mode	64	script-definition	no	-
display_unit_flags	3	script-definition	no	-
display_updates	2	script-definition	no	-
displaying	6	script-definition	no	-
displaying_army_ids	16	script-definition	no	-
displaying_building_type	301	script-definition	no	-
displaying_info_mode	4	script-definition	no	-
displaying_item	22	script-definition	no	-
displaying_mode	27	script-definition	no	-
displaying_quest_id	2	script-definition	no	-
displaypotentialresources	1	heuristic-false-positive	no	-
displayresources	395	script-definition	no	-
dist	4	script-definition	no	-
dist1	2	script-definition	no	-
dist2	1	script-definition	no	-
dist_rat	11	script-definition	no	-
distance_factor	5	script-definition	no	-
distancearray	1	script-definition	no	-
distractorder	1	native-host-call	yes	0x00463d40
distrust	1	script-definition	no	-
div	1736	language-primitive	yes	0x004caf10
dl_index	12	script-definition	no	-
dlg	51	script-definition	no	-
dlg_backdrop	10	script-definition	no	-
dlg_bargraph	4	heuristic-false-positive	no	-
dlg_dd	1	script-definition	no	-
dlg_editbox	3	heuristic-false-positive	no	-
dlg_page	23	script-definition	no	-
dlg_text	2	script-definition	no	-
dlmov	1	script-definition	no	-
dloc	2	script-definition	no	-
dlrng	1	script-definition	no	-
dmatk	1	script-definition	no	-
dmatkack_1	5	script-definition	no	-
dmatkack_2	1	script-definition	no	-
dmatkack_3	2	script-definition	no	-
dmatkack_4	1	script-definition	no	-
dmatkack_5	1	script-definition	no	-
dmdie	1	script-definition	no	-
dmg_types	8	script-definition	no	-
dmmov	1	script-definition	no	-
dmmovack_1	4	script-definition	no	-
dmmovack_2	1	script-definition	no	-
dmmovack_3	1	script-definition	no	-
dmmovack_4	1	script-definition	no	-
dmrng	3	script-definition	no	-
dmselack_1	6	script-definition	no	-
dmselack_2	1	script-definition	no	-
dmselack_3	1	script-definition	no	-
dmselack_4	1	script-definition	no	-
dmselack_5	1	script-definition	no	-
dn2_xywh	2	heuristic-false-positive	no	-
dn_arrow_button	2	script-definition	no	-
dn_doodad	36	heuristic-false-positive	no	-
dn_xywh	34	heuristic-false-positive	no	-
dnamestring	2	script-definition	no	-
dnd_doodad	5	script-definition	no	-
dnd_xywh	5	heuristic-false-positive	no	-
dnl_doodad	5	script-definition	no	-
dnl_xywh	5	heuristic-false-positive	no	-
do_accept_trade	4	script-definition	no	-
do_after_combat	13	script-definition	no	-
do_ale_for_crystals_click	6	script-definition	no	-
do_ale_for_fame_click	6	script-definition	no	-
do_ale_for_gold_click	6	script-definition	no	-
do_army	6	script-definition	no	-
do_artifact_downarrow	2	script-definition	no	-
do_artifact_uparrow	2	script-definition	no	-
do_autocalc	12	script-definition	no	-
do_autocalc_now	3	script-definition	no	-
do_barter	22	script-definition	no	-
do_bite	6	script-definition	no	-
do_burn	4	script-definition	no	-
do_button_help	32	script-definition	no	-
do_buy_potion	2	script-definition	no	-
do_buy_potion_rejuv	3	script-definition	no	-
do_cancel	2	script-definition	no	-
do_cast_healing_spell	4	script-definition	no	-
do_cast_regenerate_spell	2	script-definition	no	-
do_click_on_a_quest	1	script-definition	no	-
do_close_debrief_dialog	9	script-definition	no	-
do_combat	153	script-definition	no	-
do_combat_play	1	script-definition	no	-
do_critical_strike	4	script-definition	no	-
do_crushing_blow	4	script-definition	no	-
do_crystals_for_ale_click	6	script-definition	no	-
do_crystals_for_fame_click	6	script-definition	no	-
do_crystals_for_gold_click	6	script-definition	no	-
do_custom_special_barter	1	script-definition	no	-
do_deadly_strike	4	script-definition	no	-
do_demolish_building	3	script-definition	no	-
do_dexterity_click	4	script-definition	no	-
do_dispel_magic_effect	8	script-definition	no	-
do_dispelled	1	script-definition	no	-
do_down	2	script-definition	no	-
do_embrace_health	1	script-definition	no	-
do_embrace_mana	1	script-definition	no	-
do_error_sfx	2	script-definition	no	-
do_execute	2	script-definition	no	-
do_exp	1	script-definition	no	-
do_fame_for_ale_click	6	script-definition	no	-
do_fame_for_crystals_click	6	script-definition	no	-
do_fame_for_gold_click	6	script-definition	no	-
do_fizzle	99	script-definition	no	-
do_forbid_sfx	4	script-definition	no	-
do_free_prisoner	2	script-definition	no	-
do_free_prisoner_button	2	script-definition	no	-
do_free_prisoner_result	3	script-definition	no	-
do_gateway	5	script-definition	no	-
do_generic	1	script-definition	no	-
do_gold_for_ale_click	6	script-definition	no	-
do_gold_for_crystals_click	6	script-definition	no	-
do_gold_for_fame_click	6	script-definition	no	-
do_goto	1	script-definition	no	-
do_heal	2	script-definition	no	-
do_hp_mod	16	script-definition	no	-
do_interrogate	2	script-definition	no	-
do_invoke?	1	script-definition	no	-
do_kill_check	21	script-definition	no	-
do_killed_vyrm_result	2	script-definition	no	-
do_knockout	3	script-definition	no	-
do_knockout_prisoners	2	script-definition	no	-
do_left_click	12	script-definition	no	-
do_lightning	3	script-definition	no	-
do_live_autocalc?	1	script-definition	no	-
do_luck_click	2	script-definition	no	-
do_mana_burn	4	script-definition	no	-
do_military_strength_help	14	script-definition	no	-
do_missile	10	script-definition	no	-
do_modifications	169	script-definition	no	-
do_movement_click	2	script-definition	no	-
do_negate_attack	2	script-definition	no	-
do_next	1	script-definition	no	-
do_ok	2	script-definition	no	-
do_one_modification	14	script-definition	no	-
do_one_type_modification	8	script-definition	no	-
do_open_special_barter_dialog	1	script-definition	no	-
do_page_down	2	script-definition	no	-
do_page_up	2	script-definition	no	-
do_piercing_attack	4	script-definition	no	-
do_pol_affect	11	script-definition	no	-
do_pol_help	38	script-definition	no	-
do_post_invoke	1	script-definition	no	-
do_power_click	2	script-definition	no	-
do_pre_invoke	2	script-definition	no	-
do_previous	1	script-definition	no	-
do_quests	51	script-definition	no	-
do_rating	3	script-definition	no	-
do_raze_village	3	script-definition	no	-
do_rebuild_dialog	8	script-definition	no	-
do_resist_mod	66	script-definition	no	-
do_resistance_click	2	script-definition	no	-
do_restore_health_click	4	script-definition	no	-
do_restore_mana_click	4	script-definition	no	-
do_revenge_for_order	1	script-definition	no	-
do_select_player	32	script-definition	no	-
do_set_swatch_elevation	12	script-definition	no	-
do_shock	3	script-definition	no	-
do_spark	4	script-definition	no	-
do_special_building_action	6	script-definition	no	-
do_special_building_callback	3	script-definition	no	-
do_spell_downarrow	2	script-definition	no	-
do_spell_uparrow	2	script-definition	no	-
do_spy	2	script-definition	no	-
do_spy_escape	5	script-definition	no	-
do_spy_result	7	script-definition	no	-
do_steal	2	script-definition	no	-
do_steal_items	5	script-definition	no	-
do_stealing_result	5	script-definition	no	-
do_strength_click	4	script-definition	no	-
do_swear_fealty	9	script-definition	no	-
do_teleport	10	script-definition	no	-
do_terraform	7	script-definition	no	-
do_the_effect	2	script-definition	no	-
do_they_have_any_units_I_want?	1	script-definition	no	-
do_they_have_something_I_want?	1	script-definition	no	-
do_thief_steal_spy	4	script-definition	no	-
do_torture	2	script-definition	no	-
do_trade_resources	2	script-definition	no	-
do_training?	1	script-definition	no	-
do_unselect_item	40	script-definition	no	-
do_up	2	script-definition	no	-
do_vampyric_attack	2	script-definition	no	-
do_visage_hp_mod	1	script-definition	no	-
do_wisdom	10	script-definition	no	-
do_wisdom_click	4	script-definition	no	-
docolorizeborder?	1	script-definition	no	-
docolorizetext?	2	script-definition	no	-
done	4	script-definition	no	-
done?	1	script-definition	no	-
done_cast_post_spells	2	script-definition	no	-
done_dd	1	heuristic-false-positive	no	-
donewithnewinitiates	1	native-host-call	yes	0x00451d10
dontshow_item	23	script-definition	no	-
doodad	1194	native-host-call	yes	0x004db5c0
doodad_id	39	script-definition	no	-
doodad_list	1	script-definition	no	-
doradiusofexplored	2	script-definition	no	-
doremovespellbuff	60	script-definition	no	-
doshrineofteleport	1	native-host-call	yes	0x00449e20
dospecialbuilding	21	native-host-call	yes	0x00449cc0
down_arrow	3	script-definition	no	-
down_arrow_button	2	script-definition	no	-
down_arrow_button01	2	script-definition	no	-
down_arrow_button02	2	script-definition	no	-
down_arrow_button03	2	script-definition	no	-
down_arrow_button04	2	script-definition	no	-
down_arrow_button05	2	script-definition	no	-
down_arrow_button06	2	script-definition	no	-
down_arrow_button07	2	script-definition	no	-
down_arrow_button08	2	script-definition	no	-
down_arrow_button09	2	script-definition	no	-
down_arrow_button10	1	script-definition	no	-
down_arrow_button11	1	script-definition	no	-
down_arrow_button12	1	script-definition	no	-
down_arrow_dbf	1	script-definition	no	-
down_arrow_dd	4	heuristic-false-positive	no	-
down_arrow_in_dbf	2	script-definition	no	-
down_arrow_in_dd	4	heuristic-false-positive	no	-
down_arrow_in_sbf	3	script-definition	no	-
down_arrow_in_tbf	2	script-definition	no	-
down_arrow_off_dood	4	script-definition	no	-
down_arrow_on_dood	4	heuristic-false-positive	no	-
down_arrow_sbf	3	script-definition	no	-
down_arrow_tbf	2	script-definition	no	-
down_bf	29	script-definition	no	-
down_boxwpanel	1	script-definition	no	-
down_button	6	script-definition	no	-
down_button_dd	2	script-definition	no	-
down_button_dd_in	2	script-definition	no	-
down_button_frame	5	script-definition	no	-
down_button_x	2	script-definition	no	-
down_button_y	2	script-definition	no	-
down_dynamicpanel	1	script-definition	no	-
down_stonepanel	3	script-definition	no	-
down_transpanel	3	script-definition	no	-
downarrow_b1	2	script-definition	no	-
downarrow_b2	2	script-definition	no	-
downarrow_b3	2	script-definition	no	-
downarrow_b4	2	script-definition	no	-
downarrow_button	10	script-definition	no	-
downarrow_button10	1	script-definition	no	-
downarrow_button11	1	script-definition	no	-
downarrow_button12	1	script-definition	no	-
downarrow_button2	8	script-definition	no	-
downarrow_button3	4	script-definition	no	-
downarrow_button4	2	script-definition	no	-
downarrow_button5	2	script-definition	no	-
downarrow_button6	1	script-definition	no	-
downarrow_button7	3	script-definition	no	-
downarrow_button8	9	script-definition	no	-
downarrow_button9	5	script-definition	no	-
downarrow_frame	46	heuristic-false-positive	no	-
downd_doodad	3	script-definition	no	-
downd_xywh	2	script-definition	no	-
downn_doodad	3	script-definition	no	-
downn_xywh	2	script-definition	no	-
dp1	2	script-definition	no	-
dp1_val	4	script-definition	no	-
dp2_val	4	script-definition	no	-
dpws_desired	2	heuristic-false-positive	no	-
dragon_breath	3	script-definition	no	-
dragon_lair_win	2	script-definition	no	-
dragonban	1	script-definition	no	-
drain4mana?	4	script-definition	no	-
drain_mana	7	script-definition	no	-
draw_army_id	26	script-definition	no	-
draw_military_units	1	script-definition	no	-
draw_military_units_combat	1	script-definition	no	-
draw_military_units_scrolling	1	script-definition	no	-
draw_spy_military_units	2	script-definition	no	-
draw_unit_military_units	6	script-definition	no	-
drawcivbuildingproduction	4	script-definition	no	-
drawstrongholdproduction	1	script-definition	no	-
drgcave	7	heuristic-false-positive	no	-
dropcode	53	native-host-call	yes	0x0046ed00
dropcode_val	42	script-definition	no	-
drown_aura	1	heuristic-false-positive	no	-
drowning	5	script-definition	no	-
ds_stack	8	script-definition	no	-
dsatk	1	script-definition	no	-
dsatkack_1	2	script-definition	no	-
dsatkack_2	1	script-definition	no	-
dsdie	1	script-definition	no	-
dsmov	1	script-definition	no	-
dsmovack_1	5	script-definition	no	-
dsmovack_2	1	script-definition	no	-
dsmovack_3	1	script-definition	no	-
dsmovack_4	1	script-definition	no	-
dsmovack_5	1	script-definition	no	-
dsrng	1	script-definition	no	-
dsselack_1	3	script-definition	no	-
dsselack_2	1	script-definition	no	-
dsselack_3	1	script-definition	no	-
dstrength	22	script-definition	no	-
dtatk	1	script-definition	no	-
dtatkack_1	5	script-definition	no	-
dtatkack_2	2	script-definition	no	-
dtatkack_3	1	script-definition	no	-
dtatkack_4	1	script-definition	no	-
dtatkack_5	1	script-definition	no	-
dtdie	1	script-definition	no	-
dtmov	2	script-definition	no	-
dtmovack_1	4	script-definition	no	-
dtmovack_2	1	script-definition	no	-
dtmovack_3	1	script-definition	no	-
dtmovack_4	1	script-definition	no	-
dtrng	1	script-definition	no	-
dtselack_1	5	script-definition	no	-
dtselack_2	2	script-definition	no	-
dtselack_3	1	script-definition	no	-
dtselack_4	1	script-definition	no	-
dtselack_5	1	script-definition	no	-
dummy	8	script-definition	no	-
dummy2	9	script-definition	no	-
dummy3	11	script-definition	no	-
dummy_health_dd	30	script-definition	no	-
dummy_scenario	2	script-definition	no	-
dumpstack	1	script-definition	no	-
dundict	2	script-definition	no	-
dungeon	15	script-definition	no	-
dungeon_artifact_dict	14	script-definition	no	-
dungeon_crystal	5	script-definition	no	-
dungeon_dict	18	script-definition	no	-
dungeon_diplo_effect_exchangeownership	1	script-definition	no	-
dungeon_faith	2	heuristic-false-positive	no	-
dungeon_fame	7	script-definition	no	-
dungeon_food	4	script-definition	no	-
dungeon_gold	6	script-definition	no	-
dungeon_id	62	script-definition	no	-
dungeon_id_	8	script-definition	no	-
dungeon_index	2	script-definition	no	-
dungeon_init	4	script-definition	no	-
dungeon_level	10	script-definition	no	-
dungeon_list	98	script-definition	no	-
dungeon_location	2	script-definition	no	-
dungeon_name	7	script-definition	no	-
dungeon_name_if_any	3	script-definition	no	-
dungeon_scroll_dict	12	script-definition	no	-
dungeon_stack	9	script-definition	no	-
dungeon_talisman_dict	3	script-definition	no	-
dungeon_unique_artifact_dict	10	script-definition	no	-
dungeon_unique_scroll_dict	2	heuristic-false-positive	no	-
dungeonbartertable	1	script-definition	no	-
dungeondata	16	script-definition	no	-
dungeondict	21	script-definition	no	-
dungeondiplocallback	1	native-host-call	yes	0x004d8880
dungeondistance	1	script-definition	no	-
dungeonexperiencetable	1	script-definition	no	-
dungeongeneratedict	6	script-definition	no	-
dungeonindex	1	script-definition	no	-
dungeons_button	1	heuristic-false-positive	no	-
dungeons_dbf	1	script-definition	no	-
dungeons_sbf	1	heuristic-false-positive	no	-
dungeons_tbf	1	heuristic-false-positive	no	-
dungeonstrength	2	script-definition	no	-
dungeontextdict	62	script-definition	no	-
dungeonwasconquered?	9	script-definition	no	-
dup	14939	language-primitive	yes	0x004c9f40
dup10	4	heuristic-false-positive	no	-
duration	74	script-definition	no	-
duration_mod	12	script-definition	no	-
dwarf_village_bonus_doodad	1	heuristic-false-positive	no	-
dwarf_village_imp	1	script-definition	no	-
dwatk	1	script-definition	no	-
dwatkack_1	6	script-definition	no	-
dwatkack_2	2	script-definition	no	-
dwatkack_3	1	script-definition	no	-
dwatkack_4	1	script-definition	no	-
dwatkack_5	2	script-definition	no	-
dwatkack_6	1	script-definition	no	-
dwdie	1	script-definition	no	-
dwm1atk	1	script-definition	no	-
dwm1atkack_1	1	script-definition	no	-
dwm1die	1	script-definition	no	-
dwm1mov	1	script-definition	no	-
dwm1movack_1	1	script-definition	no	-
dwm1selack_1	1	script-definition	no	-
dwmov	2	script-definition	no	-
dwmovack_1	4	script-definition	no	-
dwmovack_2	1	script-definition	no	-
dwmovack_3	1	script-definition	no	-
dwmovack_4	1	script-definition	no	-
dwselack_1	3	script-definition	no	-
dwselack_2	1	script-definition	no	-
dwselack_3	1	script-definition	no	-
dwz2atk	2	script-definition	no	-
dwz2atkack_1	3	script-definition	no	-
dwz2atkack_2	2	script-definition	no	-
dwz2die	2	script-definition	no	-
dwz2mov	2	script-definition	no	-
dwz2movack_1	3	script-definition	no	-
dwz2movack_2	2	script-definition	no	-
dwz2selack_1	3	script-definition	no	-
dwz2selack_2	2	script-definition	no	-
dx	20	script-definition	no	-
dx_stack	6	script-definition	no	-
dy	24	script-definition	no	-
dy_stack	6	script-definition	no	-
dynamic	393	script-definition	no	-
dynamic_font_10	1	script-definition	no	-
dynamic_font_15	24	script-definition	no	-
dynamic_g_stack	6	script-definition	no	-
dynamic_object_array	8	script-definition	no	-
dynamic_stack	56	script-definition	no	-
dz	2	script-definition	no	-
e	44	script-definition	no	-
e1	4	heuristic-false-positive	yes	-
e1atk	1	script-definition	no	-
e1atkack_1	2	script-definition	no	-
e1atkack_2	1	script-definition	no	-
e1die	1	script-definition	no	-
e1mov	1	script-definition	no	-
e1movack_1	2	script-definition	no	-
e1movack_2	1	script-definition	no	-
e1selack_1	2	script-definition	no	-
e1selack_2	1	script-definition	no	-
e2	4	heuristic-false-positive	no	-
e2atk	1	script-definition	no	-
e2atkack_1	2	script-definition	no	-
e2atkack_2	1	script-definition	no	-
e2die	1	script-definition	no	-
e2mov	1	script-definition	no	-
e2movack_1	2	script-definition	no	-
e2movack_2	1	script-definition	no	-
e2selack_1	2	script-definition	no	-
e2selack_2	1	script-definition	no	-
e3atk	1	script-definition	no	-
e3atkack_1	2	script-definition	no	-
e3atkack_2	1	script-definition	no	-
e3die	1	script-definition	no	-
e3mov	1	script-definition	no	-
e3movack_1	2	script-definition	no	-
e3movack_2	1	script-definition	no	-
e3rng	1	script-definition	no	-
e3selack_1	2	script-definition	no	-
e3selack_2	1	script-definition	no	-
e4atk	1	script-definition	no	-
e4atkack_1	3	script-definition	no	-
e4atkack_2	1	script-definition	no	-
e4atkack_3	1	script-definition	no	-
e4die	1	script-definition	no	-
e4mov	1	script-definition	no	-
e4movack_1	3	script-definition	no	-
e4movack_2	2	script-definition	no	-
e4movack_3	1	script-definition	no	-
e4selack_1	2	script-definition	no	-
e4selack_2	1	script-definition	no	-
e5atk	1	script-definition	no	-
e5atkack_1	2	script-definition	no	-
e5atkack_2	1	script-definition	no	-
e5die	1	script-definition	no	-
e5mov	1	script-definition	no	-
e5movack_1	2	script-definition	no	-
e5movack_2	1	script-definition	no	-
e5selack_1	2	script-definition	no	-
e5selack_2	1	script-definition	no	-
e_loc	4	script-definition	no	-
e_rally	2	script-definition	no	-
e_str	1	heuristic-false-positive	no	-
ea	34	script-definition	no	-
ea_enc2_play	3	script-definition	no	-
eabrk1	3	script-definition	no	-
eabrk2	6	script-definition	no	-
eabrk3	3	script-definition	no	-
eabrk4	3	script-definition	no	-
eacav	15	script-definition	no	-
eacave	8	script-definition	no	-
eacavm	1	heuristic-false-positive	no	-
each	1	heuristic-false-positive	no	-
eacr1	22	script-definition	no	-
eacr2	21	script-definition	no	-
eacr3	17	script-definition	no	-
eacr4	16	script-definition	no	-
eacr5	16	script-definition	no	-
eadung	1	script-definition	no	-
eafit	32	script-definition	no	-
eainf	15	script-definition	no	-
eald1	9	script-definition	no	-
ealdf	28	script-definition	no	-
ealdt	28	script-definition	no	-
ealdw	31	script-definition	no	-
ealib1	3	script-definition	no	-
ealib2	10	script-definition	no	-
eamag1	3	script-definition	no	-
eamag2	6	script-definition	no	-
eamag3	3	script-definition	no	-
eamag4	3	script-definition	no	-
eamgt1	5	script-definition	no	-
eamgt2	2	script-definition	no	-
eamgt3	2	script-definition	no	-
eamgt4	2	script-definition	no	-
eamina	2	script-definition	no	-
eaminc	1	script-definition	no	-
eaming	4	script-definition	no	-
eamis	15	script-definition	no	-
eamkt1	5	script-definition	no	-
eamkt2	2	script-definition	no	-
eamkt3	2	script-definition	no	-
eamkt4	2	script-definition	no	-
eamult	3	script-definition	no	-
earth_bind	13	script-definition	no	-
earth_indicator_aura	1	script-definition	no	-
earth_landscape	2	script-definition	no	-
earth_meld	19	script-definition	no	-
earth_pal	11	script-definition	no	-
earth_quest_0	2	script-definition	no	-
earth_quest_1	2	script-definition	no	-
earth_quest_2	2	script-definition	no	-
earth_quest_3	2	script-definition	no	-
earth_quest_4	2	script-definition	no	-
earth_quest_5	6	script-definition	no	-
earth_quest_6	2	script-definition	no	-
earth_quest_7	2	script-definition	no	-
earth_sbld_button0	1	script-definition	no	-
earth_sbld_button1	1	script-definition	no	-
earth_sbld_button2	1	script-definition	no	-
earth_sbld_button_frame	3	heuristic-false-positive	no	-
earth_sbld_info_dd	1	heuristic-false-positive	no	-
earth_sbld_info_in_dd	1	heuristic-false-positive	no	-
earth_scenario_enter_sprite	1	script-definition	no	-
earth_scenario_pre_startcombat	4	heuristic-false-positive	no	-
earth_scenario_what_todo_army	1	heuristic-false-positive	no	-
earth_surnames	1	script-definition	no	-
earthquake	11	script-definition	no	-
easbld	12	script-definition	no	-
easblda	8	script-definition	no	-
eashp	8	script-definition	no	-
eastat	3	script-definition	no	-
easter	30	script-definition	no	-
easter_item	4	script-definition	no	-
easy_item	4	script-definition	no	-
easy_text	2	heuristic-false-positive	no	-
easy_text_item	2	script-definition	no	-
eathf	15	script-definition	no	-
eathg1	3	script-definition	no	-
eathg2	6	script-definition	no	-
eathg3	3	script-definition	no	-
eathg4	3	script-definition	no	-
eatowe	1	script-definition	no	-
eatpl1	5	script-definition	no	-
eatpl2	2	script-definition	no	-
eatpl3	2	script-definition	no	-
eatpl4	2	script-definition	no	-
eatvn1	5	script-definition	no	-
eatvn2	2	script-definition	no	-
eatvn3	2	script-definition	no	-
eatvn4	2	script-definition	no	-
eawiz	32	script-definition	no	-
eawm1	30	script-definition	no	-
eawmi	28	script-definition	no	-
eb	5	script-definition	no	-
eb_name	3	script-definition	no	-
ecatk	1	script-definition	no	-
ecatkack_1	2	script-definition	no	-
ecatkack_2	1	script-definition	no	-
ecdie	1	script-definition	no	-
ecmov	1	script-definition	no	-
ecmovack_1	3	script-definition	no	-
ecmovack_2	1	script-definition	no	-
ecmovack_3	1	script-definition	no	-
econ_edit0	2	script-definition	no	-
econ_edit1	2	script-definition	no	-
econ_edit2	2	script-definition	no	-
econ_edit3	2	script-definition	no	-
econ_edit4	2	script-definition	no	-
econ_text0	10	script-definition	no	-
econ_text1	10	script-definition	no	-
econ_text2	10	script-definition	no	-
econ_text3	10	script-definition	no	-
econ_text4	10	script-definition	no	-
ecselack_1	2	script-definition	no	-
ecselack_2	1	script-definition	no	-
edit0_agility	1	heuristic-false-positive	no	-
edit0_attack_recovery	1	heuristic-false-positive	no	-
edit0_attacked	1	heuristic-false-positive	no	-
edit0_average_resistance	1	heuristic-false-positive	no	-
edit0_barter_value	1	heuristic-false-positive	no	-
edit0_combat_speed	1	heuristic-false-positive	no	-
edit0_curhitpts	1	heuristic-false-positive	no	-
edit0_curhitpts_high	1	heuristic-false-positive	no	-
edit0_curhitpts_low	1	heuristic-false-positive	no	-
edit0_curhitpts_med	1	heuristic-false-positive	no	-
edit0_curhitpts_over	1	heuristic-false-positive	no	-
edit0_curmana	1	heuristic-false-positive	no	-
edit0_curmovepts	1	heuristic-false-positive	no	-
edit0_defense	1	heuristic-false-positive	no	-
edit0_dexterity_mod	1	heuristic-false-positive	no	-
edit0_exp1	1	heuristic-false-positive	no	-
edit0_exp2	1	heuristic-false-positive	no	-
edit0_exp_pts	1	heuristic-false-positive	no	-
edit0_health_recover	1	heuristic-false-positive	no	-
edit0_hit_recovery	1	heuristic-false-positive	no	-
edit0_hitpts	1	heuristic-false-positive	no	-
edit0_level1	1	heuristic-false-positive	no	-
edit0_level2	1	heuristic-false-positive	no	-
edit0_luck	1	heuristic-false-positive	no	-
edit0_mana	1	heuristic-false-positive	no	-
edit0_melee_resistance	1	heuristic-false-positive	no	-
edit0_melee_resistance_green	1	heuristic-false-positive	no	-
edit0_melee_resistance_red	1	heuristic-false-positive	no	-
edit0_missile_resistance	1	heuristic-false-positive	no	-
edit0_missile_resistance_green	1	heuristic-false-positive	no	-
edit0_missile_resistance_red	1	heuristic-false-positive	no	-
edit0_movepts	1	heuristic-false-positive	no	-
edit0_neg_resist_air	1	heuristic-false-positive	no	-
edit0_neg_resist_chaos	1	heuristic-false-positive	no	-
edit0_neg_resist_death	1	heuristic-false-positive	no	-
edit0_neg_resist_earth	1	heuristic-false-positive	no	-
edit0_neg_resist_fire	1	heuristic-false-positive	no	-
edit0_neg_resist_life	1	heuristic-false-positive	no	-
edit0_neg_resist_order	1	heuristic-false-positive	no	-
edit0_neg_resist_water	1	heuristic-false-positive	no	-
edit0_ranged	1	heuristic-false-positive	no	-
edit0_ranged_strength	1	heuristic-false-positive	no	-
edit0_recover_health	1	heuristic-false-positive	no	-
edit0_recover_health_inside	1	heuristic-false-positive	no	-
edit0_recover_health_moved	1	heuristic-false-positive	no	-
edit0_resist_air	1	heuristic-false-positive	no	-
edit0_resist_chaos	1	heuristic-false-positive	no	-
edit0_resist_death	1	heuristic-false-positive	no	-
edit0_resist_earth	1	heuristic-false-positive	no	-
edit0_resist_fire	1	heuristic-false-positive	no	-
edit0_resist_life	1	heuristic-false-positive	no	-
edit0_resist_order	1	heuristic-false-positive	no	-
edit0_resist_water	1	heuristic-false-positive	no	-
edit0_sight_radius	1	heuristic-false-positive	no	-
edit0_stealth	1	heuristic-false-positive	no	-
edit0_strength	1	heuristic-false-positive	no	-
edit0_strength_mod	1	heuristic-false-positive	no	-
edit0_wisdom	1	heuristic-false-positive	no	-
edit0_wisdom_mod	1	heuristic-false-positive	no	-
edit1_agility	1	heuristic-false-positive	no	-
edit1_attack_recovery	1	heuristic-false-positive	no	-
edit1_attacked	1	heuristic-false-positive	no	-
edit1_average_resistance	1	heuristic-false-positive	no	-
edit1_barter_value	1	heuristic-false-positive	no	-
edit1_combat_speed	1	heuristic-false-positive	no	-
edit1_curhitpts	1	heuristic-false-positive	no	-
edit1_curhitpts_high	1	heuristic-false-positive	no	-
edit1_curhitpts_low	1	heuristic-false-positive	no	-
edit1_curhitpts_med	1	heuristic-false-positive	no	-
edit1_curhitpts_over	1	heuristic-false-positive	no	-
edit1_curmana	1	heuristic-false-positive	no	-
edit1_curmovepts	1	heuristic-false-positive	no	-
edit1_defense	1	heuristic-false-positive	no	-
edit1_dexterity_mod	1	heuristic-false-positive	no	-
edit1_exp1	1	heuristic-false-positive	no	-
edit1_exp2	1	heuristic-false-positive	no	-
edit1_exp_pts	1	heuristic-false-positive	no	-
edit1_health_recover	1	heuristic-false-positive	no	-
edit1_hit_recovery	1	heuristic-false-positive	no	-
edit1_hitpts	1	heuristic-false-positive	no	-
edit1_level1	1	heuristic-false-positive	no	-
edit1_level2	1	heuristic-false-positive	no	-
edit1_luck	1	heuristic-false-positive	no	-
edit1_mana	1	heuristic-false-positive	no	-
edit1_melee_resistance	1	heuristic-false-positive	no	-
edit1_melee_resistance_green	1	heuristic-false-positive	no	-
edit1_melee_resistance_red	1	heuristic-false-positive	no	-
edit1_missile_resistance	1	heuristic-false-positive	no	-
edit1_missile_resistance_green	1	heuristic-false-positive	no	-
edit1_missile_resistance_red	1	heuristic-false-positive	no	-
edit1_movepts	1	heuristic-false-positive	no	-
edit1_neg_resist_air	1	heuristic-false-positive	no	-
edit1_neg_resist_chaos	1	heuristic-false-positive	no	-
edit1_neg_resist_death	1	heuristic-false-positive	no	-
edit1_neg_resist_earth	1	heuristic-false-positive	no	-
edit1_neg_resist_fire	1	heuristic-false-positive	no	-
edit1_neg_resist_life	1	heuristic-false-positive	no	-
edit1_neg_resist_order	1	heuristic-false-positive	no	-
edit1_neg_resist_water	1	heuristic-false-positive	no	-
edit1_ranged	1	heuristic-false-positive	no	-
edit1_ranged_strength	1	heuristic-false-positive	no	-
edit1_recover_health	1	heuristic-false-positive	no	-
edit1_recover_health_inside	1	heuristic-false-positive	no	-
edit1_recover_health_moved	1	heuristic-false-positive	no	-
edit1_resist_air	1	heuristic-false-positive	no	-
edit1_resist_chaos	1	heuristic-false-positive	no	-
edit1_resist_death	1	heuristic-false-positive	no	-
edit1_resist_earth	1	heuristic-false-positive	no	-
edit1_resist_fire	1	heuristic-false-positive	no	-
edit1_resist_life	1	heuristic-false-positive	no	-
edit1_resist_order	1	heuristic-false-positive	no	-
edit1_resist_water	1	heuristic-false-positive	no	-
edit1_sight_radius	1	heuristic-false-positive	no	-
edit1_stealth	1	heuristic-false-positive	no	-
edit1_strength	1	heuristic-false-positive	no	-
edit1_strength_mod	1	heuristic-false-positive	no	-
edit1_wisdom	1	heuristic-false-positive	no	-
edit1_wisdom_mod	1	heuristic-false-positive	no	-
edit2_agility	1	heuristic-false-positive	no	-
edit2_attack_recovery	1	heuristic-false-positive	no	-
edit2_attacked	1	heuristic-false-positive	no	-
edit2_average_resistance	1	heuristic-false-positive	no	-
edit2_barter_value	1	heuristic-false-positive	no	-
edit2_combat_speed	1	heuristic-false-positive	no	-
edit2_curhitpts	1	heuristic-false-positive	no	-
edit2_curhitpts_high	1	heuristic-false-positive	no	-
edit2_curhitpts_low	1	heuristic-false-positive	no	-
edit2_curhitpts_med	1	heuristic-false-positive	no	-
edit2_curhitpts_over	1	heuristic-false-positive	no	-
edit2_curmana	1	heuristic-false-positive	no	-
edit2_curmovepts	1	heuristic-false-positive	no	-
edit2_defense	1	heuristic-false-positive	no	-
edit2_dexterity_mod	1	heuristic-false-positive	no	-
edit2_exp1	1	heuristic-false-positive	no	-
edit2_exp2	1	heuristic-false-positive	no	-
edit2_exp_pts	1	heuristic-false-positive	no	-
edit2_health_recover	1	heuristic-false-positive	no	-
edit2_hit_recovery	1	heuristic-false-positive	no	-
edit2_hitpts	1	heuristic-false-positive	no	-
edit2_level1	1	heuristic-false-positive	no	-
edit2_level2	1	heuristic-false-positive	no	-
edit2_luck	1	heuristic-false-positive	no	-
edit2_mana	1	heuristic-false-positive	no	-
edit2_melee_resistance	1	heuristic-false-positive	no	-
edit2_melee_resistance_green	1	heuristic-false-positive	no	-
edit2_melee_resistance_red	1	heuristic-false-positive	no	-
edit2_missile_resistance	1	heuristic-false-positive	no	-
edit2_missile_resistance_green	1	heuristic-false-positive	no	-
edit2_missile_resistance_red	1	heuristic-false-positive	no	-
edit2_movepts	1	heuristic-false-positive	no	-
edit2_neg_resist_air	1	heuristic-false-positive	no	-
edit2_neg_resist_chaos	1	heuristic-false-positive	no	-
edit2_neg_resist_death	1	heuristic-false-positive	no	-
edit2_neg_resist_earth	1	heuristic-false-positive	no	-
edit2_neg_resist_fire	1	heuristic-false-positive	no	-
edit2_neg_resist_life	1	heuristic-false-positive	no	-
edit2_neg_resist_order	1	heuristic-false-positive	no	-
edit2_neg_resist_water	1	heuristic-false-positive	no	-
edit2_ranged	1	heuristic-false-positive	no	-
edit2_ranged_strength	1	heuristic-false-positive	no	-
edit2_recover_health	1	heuristic-false-positive	no	-
edit2_recover_health_inside	1	heuristic-false-positive	no	-
edit2_recover_health_moved	1	heuristic-false-positive	no	-
edit2_resist_air	1	heuristic-false-positive	no	-
edit2_resist_chaos	1	heuristic-false-positive	no	-
edit2_resist_death	1	heuristic-false-positive	no	-
edit2_resist_earth	1	heuristic-false-positive	no	-
edit2_resist_fire	1	heuristic-false-positive	no	-
edit2_resist_life	1	heuristic-false-positive	no	-
edit2_resist_order	1	heuristic-false-positive	no	-
edit2_resist_water	1	heuristic-false-positive	no	-
edit2_sight_radius	1	heuristic-false-positive	no	-
edit2_stealth	1	heuristic-false-positive	no	-
edit2_strength	1	heuristic-false-positive	no	-
edit2_strength_mod	1	heuristic-false-positive	no	-
edit2_wisdom	1	heuristic-false-positive	no	-
edit2_wisdom_mod	1	heuristic-false-positive	no	-
edit_agility	1	heuristic-false-positive	no	-
edit_ale_for_crystals1	2	heuristic-false-positive	no	-
edit_ale_for_crystals2	2	heuristic-false-positive	no	-
edit_ale_for_fame1	2	heuristic-false-positive	no	-
edit_ale_for_fame2	2	heuristic-false-positive	no	-
edit_ale_for_gold1	2	heuristic-false-positive	no	-
edit_ale_for_gold2	2	heuristic-false-positive	no	-
edit_attack	1	heuristic-false-positive	no	-
edit_building_name	10	heuristic-false-positive	no	-
edit_button	3	heuristic-false-positive	no	-
edit_champ_bf	2	heuristic-false-positive	no	-
edit_close_box	1	heuristic-false-positive	no	-
edit_commentary_text	5	heuristic-false-positive	no	-
edit_cost	10	heuristic-false-positive	no	-
edit_cost0	1	heuristic-false-positive	no	-
edit_cost1	1	heuristic-false-positive	no	-
edit_cost2	1	heuristic-false-positive	no	-
edit_cost3	1	heuristic-false-positive	no	-
edit_cost4	1	heuristic-false-positive	no	-
edit_costandmaintaintitle	2	heuristic-false-positive	no	-
edit_costs	2	script-definition	no	-
edit_creature_type	7	heuristic-false-positive	no	-
edit_crystals	4	script-definition	no	-
edit_crystals_for_ale1	2	heuristic-false-positive	no	-
edit_crystals_for_ale2	2	heuristic-false-positive	no	-
edit_crystals_for_fame1	2	heuristic-false-positive	no	-
edit_crystals_for_fame2	2	heuristic-false-positive	no	-
edit_crystals_for_gold1	2	heuristic-false-positive	no	-
edit_crystals_for_gold2	2	heuristic-false-positive	no	-
edit_current_name	2	heuristic-false-positive	no	-
edit_defaultagility	1	heuristic-false-positive	no	-
edit_defaultattack	1	heuristic-false-positive	no	-
edit_defaultdefense	1	heuristic-false-positive	no	-
edit_defaulthitpoint	1	heuristic-false-positive	no	-
edit_defaultmana	1	heuristic-false-positive	no	-
edit_defaultrange	1	heuristic-false-positive	no	-
edit_defaultrangedattack	1	heuristic-false-positive	no	-
edit_defaultstrength	1	heuristic-false-positive	no	-
edit_defaultwisdom	1	heuristic-false-positive	no	-
edit_defense	1	heuristic-false-positive	no	-
edit_dexterity_potion1	1	heuristic-false-positive	no	-
edit_dexterity_potion2	1	heuristic-false-positive	no	-
edit_dlg	207	script-definition	no	-
edit_dlg_back	1	heuristic-false-positive	no	-
edit_dlg_bground_dood	3	heuristic-false-positive	no	-
edit_dlg_bground_page	1	heuristic-false-positive	no	-
edit_dn_doodad	2	heuristic-false-positive	no	-
edit_dn_xywh	2	heuristic-false-positive	no	-
edit_exp_champ	7	heuristic-false-positive	no	-
edit_exp_level	4	heuristic-false-positive	no	-
edit_exp_level_unit_max	3	heuristic-false-positive	no	-
edit_exp_level_unit_per_turn	3	heuristic-false-positive	no	-
edit_exp_max	3	heuristic-false-positive	no	-
edit_exp_per_turn	3	heuristic-false-positive	no	-
edit_exp_text	7	heuristic-false-positive	no	-
edit_fame_for_ale1	2	heuristic-false-positive	no	-
edit_fame_for_ale2	2	heuristic-false-positive	no	-
edit_fame_for_crystals1	2	heuristic-false-positive	no	-
edit_fame_for_crystals2	2	heuristic-false-positive	no	-
edit_fame_for_gold1	2	heuristic-false-positive	no	-
edit_fame_for_gold2	2	heuristic-false-positive	no	-
edit_foods	4	script-definition	no	-
edit_full_xywh	3	heuristic-false-positive	no	-
edit_gold_for_ale1	2	heuristic-false-positive	no	-
edit_gold_for_ale2	2	heuristic-false-positive	no	-
edit_gold_for_crystals1	2	heuristic-false-positive	no	-
edit_gold_for_crystals2	2	heuristic-false-positive	no	-
edit_gold_for_fame1	2	heuristic-false-positive	no	-
edit_gold_for_fame2	2	heuristic-false-positive	no	-
edit_golds	4	script-definition	no	-
edit_heal_crystal	4	heuristic-false-positive	no	-
edit_heal_text	4	heuristic-false-positive	no	-
edit_health_potion	2	heuristic-false-positive	no	-
edit_hire_cost0	12	heuristic-false-positive	no	-
edit_hire_cost1	12	heuristic-false-positive	no	-
edit_hire_cost2	12	heuristic-false-positive	no	-
edit_hire_cost3	12	heuristic-false-positive	no	-
edit_hire_cost4	12	heuristic-false-positive	no	-
edit_hire_upkeep0	3	heuristic-false-positive	no	-
edit_hire_upkeep1	3	heuristic-false-positive	no	-
edit_hire_upkeep2	3	heuristic-false-positive	no	-
edit_hire_upkeep3	3	heuristic-false-positive	no	-
edit_hire_upkeep4	3	heuristic-false-positive	no	-
edit_hire_upkeeps	3	script-definition	no	-
edit_hitpoint	1	heuristic-false-positive	no	-
edit_level_penalty	6	heuristic-false-positive	no	-
edit_luck_potion1	1	heuristic-false-positive	no	-
edit_luck_potion2	1	heuristic-false-positive	no	-
edit_luck_potion3	1	heuristic-false-positive	no	-
edit_magistrate_fame	2	heuristic-false-positive	no	-
edit_magistrate_init	2	heuristic-false-positive	no	-
edit_maint0	1	heuristic-false-positive	no	-
edit_maint00	1	heuristic-false-positive	no	-
edit_maint01	1	heuristic-false-positive	no	-
edit_maint02	1	heuristic-false-positive	no	-
edit_maint03	1	heuristic-false-positive	no	-
edit_maint04	1	heuristic-false-positive	no	-
edit_maint1	1	heuristic-false-positive	no	-
edit_maint10	1	heuristic-false-positive	no	-
edit_maint11	1	heuristic-false-positive	no	-
edit_maint12	1	heuristic-false-positive	no	-
edit_maint13	1	heuristic-false-positive	no	-
edit_maint14	1	heuristic-false-positive	no	-
edit_maint2	1	heuristic-false-positive	no	-
edit_maint20	1	heuristic-false-positive	no	-
edit_maint21	1	heuristic-false-positive	no	-
edit_maint22	1	heuristic-false-positive	no	-
edit_maint23	1	heuristic-false-positive	no	-
edit_maint24	1	heuristic-false-positive	no	-
edit_maint3	1	heuristic-false-positive	no	-
edit_maint4	1	heuristic-false-positive	no	-
edit_maints	2	script-definition	no	-
edit_maints0	3	script-definition	no	-
edit_maints1	3	script-definition	no	-
edit_maints2	3	script-definition	no	-
edit_mana	1	heuristic-false-positive	no	-
edit_mana_potion	2	heuristic-false-positive	no	-
edit_market_gold	2	heuristic-false-positive	no	-
edit_market_init	2	heuristic-false-positive	no	-
edit_movement_potion1	1	heuristic-false-positive	no	-
edit_movement_potion2	1	heuristic-false-positive	no	-
edit_movement_potion3	1	heuristic-false-positive	no	-
edit_multi_units	10	heuristic-false-positive	no	-
edit_name	1	heuristic-false-positive	no	-
edit_name_magistrate	3	heuristic-false-positive	no	-
edit_name_market	3	heuristic-false-positive	no	-
edit_name_stronghold	2	heuristic-false-positive	no	-
edit_name_tavern	3	heuristic-false-positive	no	-
edit_name_temple	3	heuristic-false-positive	no	-
edit_page_dd	6	script-definition	no	-
edit_page_h	22	script-definition	no	-
edit_page_w	4	script-definition	no	-
edit_potion_text	5	heuristic-false-positive	no	-
edit_power_potion1	1	heuristic-false-positive	no	-
edit_power_potion2	1	heuristic-false-positive	no	-
edit_power_potion3	1	heuristic-false-positive	no	-
edit_range	1	heuristic-false-positive	no	-
edit_rangedattack	1	heuristic-false-positive	no	-
edit_resistance_potion1	1	heuristic-false-positive	no	-
edit_resistance_potion2	1	heuristic-false-positive	no	-
edit_single_units	10	heuristic-false-positive	no	-
edit_stats	2	heuristic-false-positive	no	-
edit_steal_crystals	4	heuristic-false-positive	no	-
edit_steal_foods	4	heuristic-false-positive	no	-
edit_steal_golds	4	heuristic-false-positive	no	-
edit_strength	1	heuristic-false-positive	no	-
edit_strength_potion1	1	heuristic-false-positive	no	-
edit_strength_potion2	1	heuristic-false-positive	no	-
edit_stronghold_init	2	heuristic-false-positive	no	-
edit_tavern_ale	2	heuristic-false-positive	no	-
edit_tavern_init	2	heuristic-false-positive	no	-
edit_temple_crystal	2	heuristic-false-positive	no	-
edit_temple_init	2	heuristic-false-positive	no	-
edit_text	1	heuristic-false-positive	no	-
edit_total	3	heuristic-false-positive	no	-
edit_total_potion_ale	1	heuristic-false-positive	no	-
edit_total_potion_crystals	1	heuristic-false-positive	no	-
edit_total_potion_gold	1	heuristic-false-positive	no	-
edit_total_trade_ale	2	heuristic-false-positive	no	-
edit_total_trade_crystals	2	heuristic-false-positive	no	-
edit_total_trade_fame	2	heuristic-false-positive	no	-
edit_total_trade_gold	2	heuristic-false-positive	no	-
edit_total_trade_initiates	2	heuristic-false-positive	no	-
edit_trade_des1	4	heuristic-false-positive	no	-
edit_trade_des2	4	heuristic-false-positive	no	-
edit_trade_des3	4	heuristic-false-positive	no	-
edit_trade_des4	6	heuristic-false-positive	no	-
edit_trade_des5	4	heuristic-false-positive	no	-
edit_trade_des6	4	heuristic-false-positive	no	-
edit_trade_des7	4	heuristic-false-positive	no	-
edit_trade_get	6	heuristic-false-positive	no	-
edit_trade_give	6	heuristic-false-positive	no	-
edit_trade_receive1	10	heuristic-false-positive	no	-
edit_trade_receive2	8	heuristic-false-positive	no	-
edit_trade_receive3	2	heuristic-false-positive	no	-
edit_trade_spend1	10	heuristic-false-positive	no	-
edit_trade_spend2	8	heuristic-false-positive	no	-
edit_trade_spend3	4	heuristic-false-positive	no	-
edit_trade_text	6	heuristic-false-positive	no	-
edit_train_cost0	6	heuristic-false-positive	no	-
edit_train_cost1	6	heuristic-false-positive	no	-
edit_train_cost2	6	heuristic-false-positive	no	-
edit_train_cost3	6	heuristic-false-positive	no	-
edit_train_cost4	6	heuristic-false-positive	no	-
edit_train_upkeep0	5	heuristic-false-positive	no	-
edit_train_upkeep1	5	heuristic-false-positive	no	-
edit_train_upkeep2	3	heuristic-false-positive	no	-
edit_train_upkeep3	4	heuristic-false-positive	no	-
edit_train_upkeep4	4	heuristic-false-positive	no	-
edit_train_upkeep5	4	heuristic-false-positive	no	-
edit_train_upkeep6	4	heuristic-false-positive	no	-
edit_train_upkeep7	4	heuristic-false-positive	no	-
edit_train_upkeep8	4	heuristic-false-positive	no	-
edit_train_upkeeps	3	script-definition	no	-
edit_training_level	3	heuristic-false-positive	no	-
edit_training_text	7	heuristic-false-positive	no	-
edit_unit0_name	2	heuristic-false-positive	no	-
edit_unit0_name_ycf	1	heuristic-false-positive	no	-
edit_unit0_realname	2	heuristic-false-positive	no	-
edit_unit1_name	2	heuristic-false-positive	no	-
edit_unit1_name_ycf	1	heuristic-false-positive	no	-
edit_unit1_realname	2	heuristic-false-positive	no	-
edit_unit2_name	2	heuristic-false-positive	no	-
edit_unit2_name_ycf	1	heuristic-false-positive	no	-
edit_unit2_realname	2	heuristic-false-positive	no	-
edit_unit_name	7	heuristic-false-positive	no	-
edit_unit_names	3	script-definition	no	-
edit_unit_realnames	5	script-definition	no	-
edit_up_doodad	2	heuristic-false-positive	no	-
edit_up_xywh	2	heuristic-false-positive	no	-
edit_upgrade_str	7	heuristic-false-positive	no	-
edit_upkeep	2	heuristic-false-positive	no	-
edit_volunteer_cost0	4	heuristic-false-positive	no	-
edit_volunteer_cost1	4	heuristic-false-positive	no	-
edit_volunteer_cost2	4	heuristic-false-positive	no	-
edit_volunteer_cost3	4	heuristic-false-positive	no	-
edit_volunteer_cost4	4	heuristic-false-positive	no	-
edit_volunteer_upkeep0	2	heuristic-false-positive	no	-
edit_volunteer_upkeep1	2	heuristic-false-positive	no	-
edit_volunteer_upkeep2	2	heuristic-false-positive	no	-
edit_volunteer_upkeep3	2	heuristic-false-positive	no	-
edit_volunteer_upkeep4	2	heuristic-false-positive	no	-
edit_volunteer_upkeep5	2	heuristic-false-positive	no	-
edit_volunteer_upkeep6	2	heuristic-false-positive	no	-
edit_volunteer_upkeep7	2	heuristic-false-positive	no	-
edit_volunteer_upkeep8	2	heuristic-false-positive	no	-
edit_volunteer_upkeeps	2	script-definition	no	-
edit_wisdom	1	heuristic-false-positive	no	-
edit_wisdom_potion1	1	heuristic-false-positive	no	-
edit_wisdom_potion2	1	heuristic-false-positive	no	-
editbits	56	script-definition	no	-
editbits_page	16	script-definition	no	-
editbox	1924	native-host-call	yes	0x004de6d0
editbox_list	1	script-definition	no	-
editdialogdict	105	script-definition	no	-
editdialogitems	6	script-definition	no	-
editdoodpage	57	heuristic-false-positive	no	-
editmode	4	native-host-call	yes	0x004da3d0
edits_agility	3	script-definition	no	-
edits_attack_recovery	4	script-definition	no	-
edits_attacked	3	script-definition	no	-
edits_average_resistance	3	script-definition	no	-
edits_barter_value	3	script-definition	no	-
edits_combat_speed	3	script-definition	no	-
edits_curhitpts	2	script-definition	no	-
edits_curhitpts_high	1	script-definition	no	-
edits_curhitpts_low	1	script-definition	no	-
edits_curhitpts_med	1	script-definition	no	-
edits_curmana	3	script-definition	no	-
edits_curmovepts	3	script-definition	no	-
edits_defense	3	script-definition	no	-
edits_dexterity_mod	2	script-definition	no	-
edits_exp_pts	2	script-definition	no	-
edits_health_recover	3	script-definition	no	-
edits_hit_recovery	3	script-definition	no	-
edits_hitpts	3	script-definition	no	-
edits_luck	3	script-definition	no	-
edits_mana	3	script-definition	no	-
edits_melee_resistance	3	script-definition	no	-
edits_melee_resistance_green	3	script-definition	no	-
edits_melee_resistance_red	3	script-definition	no	-
edits_missile_resistance	3	script-definition	no	-
edits_missile_resistance_green	3	script-definition	no	-
edits_missile_resistance_red	3	script-definition	no	-
edits_movepts	3	script-definition	no	-
edits_neg_resist_air	3	script-definition	no	-
edits_neg_resist_chaos	3	script-definition	no	-
edits_neg_resist_death	3	script-definition	no	-
edits_neg_resist_earth	3	script-definition	no	-
edits_neg_resist_fire	3	script-definition	no	-
edits_neg_resist_life	3	script-definition	no	-
edits_neg_resist_order	3	script-definition	no	-
edits_neg_resist_water	3	script-definition	no	-
edits_ranged	3	script-definition	no	-
edits_ranged_strength	3	script-definition	no	-
edits_resist_air	3	script-definition	no	-
edits_resist_chaos	3	script-definition	no	-
edits_resist_death	3	script-definition	no	-
edits_resist_earth	3	script-definition	no	-
edits_resist_fire	3	script-definition	no	-
edits_resist_life	3	script-definition	no	-
edits_resist_order	3	script-definition	no	-
edits_resist_water	3	script-definition	no	-
edits_sight_radius	3	script-definition	no	-
edits_stealth	3	script-definition	no	-
edits_strength	5	script-definition	no	-
edits_strength_mod	2	script-definition	no	-
edits_unit_name	2	script-definition	no	-
edits_unit_name_ycf	2	script-definition	no	-
edits_unit_realname	2	script-definition	no	-
edits_wisdom	5	script-definition	no	-
edits_wisdom_mod	2	script-definition	no	-
editspritemode	33	script-definition	no	-
edood	18	heuristic-false-positive	no	-
eebush1	6	heuristic-false-positive	no	-
eemush1	2	heuristic-false-positive	no	-
eemush2	55	script-definition	no	-
eemush3	2	heuristic-false-positive	no	-
eemush4	2	heuristic-false-positive	no	-
eemush5	2	heuristic-false-positive	no	-
efatk	1	script-definition	no	-
efatkack_1	2	script-definition	no	-
efatkack_2	1	script-definition	no	-
efdie	1	script-definition	no	-
effect_doodad	8	script-definition	no	-
effect_id	31	script-definition	no	-
effect_name	1	script-definition	no	-
effect_value	137	script-definition	no	-
effective?	1	script-definition	no	-
efmov	2	script-definition	no	-
efmovack_1	2	script-definition	no	-
efmovack_2	1	script-definition	no	-
efselack_1	3	script-definition	no	-
efselack_2	1	script-definition	no	-
efselack_3	1	script-definition	no	-
eiatk	1	script-definition	no	-
eiatkack_1	2	script-definition	no	-
eiatkack_2	1	script-definition	no	-
eidie	1	script-definition	no	-
eimov	1	script-definition	no	-
eimovack_1	2	script-definition	no	-
eimovack_2	1	script-definition	no	-
eiselack_1	2	script-definition	no	-
eiselack_2	1	script-definition	no	-
either_impplayer	4	script-definition	no	-
el	12	script-definition	no	-
element-id	2	script-definition	no	-
element_in_array?	1	script-definition	no	-
eleprot	1	heuristic-false-positive	no	-
elev	4	script-definition	no	-
elev_button	1	heuristic-false-positive	no	-
elev_edit_button	2	script-definition	no	-
elev_highlight_dood	3	heuristic-false-positive	no	-
elevate?	9	script-definition	no	-
elevate_dood	3	heuristic-false-positive	no	-
elevation_edit_box	3	heuristic-false-positive	no	-
elevation_minus_dbf	1	script-definition	no	-
elevation_plus_dbf	1	script-definition	no	-
elevation_str	24	script-definition	no	-
elevation_title_box	3	heuristic-false-positive	no	-
elevation_val	28	script-definition	no	-
eliminate_resource_negatives	9	script-definition	no	-
elocation	2	script-definition	no	-
ematk	1	script-definition	no	-
ematkack_1	2	script-definition	no	-
ematkack_2	1	script-definition	no	-
embrace_of_golgoth	10	script-definition	no	-
embrace_type	1	heuristic-false-positive	no	-
emdie	1	script-definition	no	-
emergency_mercenaries	1	script-definition	no	-
emergency_override?	14	script-definition	no	-
emmov	1	script-definition	no	-
emmovack_1	2	script-definition	no	-
emmovack_2	1	script-definition	no	-
empathy	1	script-definition	no	-
empire_crystals_box	2	heuristic-false-positive	no	-
empire_crystals_delta	3	heuristic-false-positive	no	-
empire_crystals_string	2	heuristic-false-positive	no	-
empire_fame_box	2	heuristic-false-positive	no	-
empire_fame_delta	3	heuristic-false-positive	no	-
empire_fame_string	2	heuristic-false-positive	no	-
empire_food_box	2	heuristic-false-positive	no	-
empire_food_delta	3	heuristic-false-positive	no	-
empire_food_string	2	heuristic-false-positive	no	-
empire_gold_box	2	heuristic-false-positive	no	-
empire_gold_delta	3	heuristic-false-positive	no	-
empire_gold_string	2	heuristic-false-positive	no	-
empire_initiates_box	2	heuristic-false-positive	no	-
empire_initiates_delta	2	heuristic-false-positive	no	-
empire_initiates_string	4	heuristic-false-positive	no	-
empty_seats	5	script-definition	no	-
emrng	2	script-definition	no	-
emselack_1	2	script-definition	no	-
emselack_2	1	script-definition	no	-
enableallspells	1	native-host-call	yes	0x004f0640
enablearrowkeys	2	native-host-call	yes	0x005047b0
enablehotkeys	48	native-host-call	yes	0x004b2fd0
enablemap	109	native-host-call	yes	0x00486b30
enc_arrow_xywh	24	script-definition	no	-
enc_button1	1	script-definition	no	-
enc_button1_text	2	script-definition	no	-
enc_button2	1	script-definition	no	-
enc_button2_text	2	script-definition	no	-
enc_button3	1	script-definition	no	-
enc_button3_text	2	script-definition	no	-
enc_button4	1	script-definition	no	-
enc_button4_text	2	script-definition	no	-
enc_down_button	22	script-definition	no	-
enc_down_button_frame	13	script-definition	no	-
enc_downd_doodad	17	script-definition	no	-
enc_downd_xywh	16	script-definition	no	-
enc_downn_doodad	17	script-definition	no	-
enc_downn_xywh	16	script-definition	no	-
enc_message_buffer	2	script-definition	no	-
enc_num	2	script-definition	no	-
enc_pr	1	script-definition	no	-
enc_setup	173	script-definition	no	-
enc_text	1	script-definition	no	-
enc_type	2	script-definition	no	-
enc_up_button	22	script-definition	no	-
enc_up_button_frame	13	script-definition	no	-
enc_upd_doodad	17	script-definition	no	-
enc_upd_xywh	16	script-definition	no	-
enc_upn_doodad	17	script-definition	no	-
enc_upn_xywh	16	script-definition	no	-
enchant_weapon_air	15	script-definition	no	-
enchant_weapon_chaos	15	script-definition	no	-
enchant_weapon_death	15	script-definition	no	-
enchant_weapon_earth	15	script-definition	no	-
enchant_weapon_fire	15	script-definition	no	-
enchant_weapon_life	15	script-definition	no	-
enchant_weapon_order	15	script-definition	no	-
enchant_weapon_water	15	script-definition	no	-
encode_army	2	script-definition	no	-
encode_artifact	6	script-definition	no	-
encode_property	4	script-definition	no	-
encode_spell	6	script-definition	no	-
encode_unit	4	script-definition	no	-
encodebarter	228	native-host-call	yes	0x00433380
encoded_data	1	script-definition	no	-
encounter	2	script-definition	no	-
encounter_attack_text	1	script-definition	no	-
encounter_autocalc_or_fight_dlg_dict	5	script-definition	no	-
encounter_barter_dlg_dict	5	script-definition	no	-
encounter_button	1	heuristic-false-positive	no	-
encounter_continue_dlg_dict	10	script-definition	no	-
encounter_crystals	18	script-definition	no	-
encounter_dbf	1	script-definition	no	-
encounter_dialog	456	script-definition	no	-
encounter_dlg_dict	5	script-definition	no	-
encounter_enter_retreat_dlg_dict	25	script-definition	no	-
encounter_enter_text	106	script-definition	no	-
encounter_enter_text2	19	script-definition	no	-
encounter_enter_text3	3	script-definition	no	-
encounter_exit_text	113	script-definition	no	-
encounter_exit_text2	3	script-definition	no	-
encounter_fight_dlg_dict	5	script-definition	no	-
encounter_food	26	script-definition	no	-
encounter_gold	29	script-definition	no	-
encounter_great_temple_dlg_dict	25	script-definition	no	-
encounter_sbf	1	heuristic-false-positive	no	-
encounter_tbf	1	heuristic-false-positive	no	-
encounter_type	136	script-definition	no	-
encountereditbox	3	heuristic-false-positive	no	-
encounterlevel	12	script-definition	no	-
encountername	12	script-definition	no	-
encounterselector	3	heuristic-false-positive	no	-
encountertextstack	13	script-definition	no	-
end	14801	language-primitive	yes	0x004ca110
end_of_turn?	1	script-definition	no	-
end_sb_context	19	script-definition	no	-
end_scenario_group	24	script-definition	no	-
end_unit_definition	167	script-definition	no	-
endcombatproc	1	native-host-call	yes	0x004e33c0
endscreens	14	heuristic-false-positive	no	-
endturn	7	native-host-call	yes	0x004e1d10
enemies_within_radius	41	script-definition	no	-
enemies_within_radius_by_condition	1	script-definition	no	-
enemy_army	9	script-definition	no	-
enemy_effect	1	script-definition	no	-
enemy_id	17	script-definition	no	-
enemy_leader	7	script-definition	no	-
enemywizard	3	script-definition	no	-
enforce_dungeon_count	1	script-definition	no	-
enforce_dungeon_fraction	1	script-definition	no	-
engulfed	160	script-definition	no	-
enough_resources?	2	script-definition	no	-
enstack_barracks	3	script-definition	no	-
enstack_boats	3	script-definition	no	-
ent	10	script-definition	no	-
entangle	23	script-definition	no	-
entangle_aura	1	heuristic-false-positive	no	-
enter_barrow_level	7	script-definition	no	-
enter_button	10	script-definition	no	-
enter_button_t	2	heuristic-false-positive	no	-
enter_combat_callback	1	native-host-call	yes	0x004d81f0
enter_dungeon?	10	script-definition	no	-
enter_meter_filename	14	script-definition	no	-
enter_text	1	script-definition	no	-
enterbuilding	2	native-host-call	yes	0x0043f6d0
enterbuildingcommand	3	native-host-call	yes	0x00422460
enternetgameselscreen	2	native-host-call	yes	0x004b5d40
enternetpikfaithscreen	2	native-host-call	yes	0x004b5d00
enternetspscreen	1	native-host-call	yes	0x004b5cd0
entersprite	7	native-host-call	yes	0x0043f870
entry_text_array	1	script-definition	no	-
enumactiveplayers	8	native-host-call	yes	0x00484fd0
enumaiterrainsprites	10	native-host-call	yes	0x004fd280
enumallarmies	24	native-host-call	yes	0x004fc620
enumallartifacts	10	native-host-call	yes	0x0042a450
enumallplayeractivearmies	1	native-host-call	yes	0x004fce30
enumallplayerarmies	117	native-host-call	yes	0x004fcca0
enumallseenarmies	7	native-host-call	yes	0x004fc860
enumarmies	58	native-host-call	yes	0x004fc510
enumarmiesinbarter	1	native-host-call	yes	0x00436530
enumarmiesingroup	18	native-host-call	yes	0x00499020
enumarmiesinradius	45	native-host-call	yes	0x00463500
enumarmiesnotuseinplay	2	native-host-call	yes	0x004638d0
enumartifactsinbarter	17	native-host-call	yes	0x00436350
enumartifactswon	4	native-host-call	yes	0x0042a050
enumbuildbuilding	20	native-host-call	yes	0x00444d80
enumbuildings	23	native-host-call	yes	0x004fd060
enumbuildingsinbarter	15	native-host-call	yes	0x00436800
enumchildbuildings	44	native-host-call	yes	0x004528d0
enumchildren	4	native-host-call	yes	0x00446410
enumcities	53	native-host-call	yes	0x004fc400
enumcitiesinbarter	15	native-host-call	yes	0x00436710
enumcitymods	16	native-host-call	yes	0x004537a0
enumconetargetarmies	4	native-host-call	yes	0x0040a440
enumconetargetlocations	1	native-host-call	yes	0x0040a6a0
enumed_army	2	script-definition	no	-
enumfiles	4	native-host-call	yes	0x00530d60
enumhistoricevents	2	native-host-call	yes	0x004bcfc0
enuminvisibleartifacts	3	native-host-call	yes	0x0042a5c0
enumitemsinbarter	6	native-host-call	yes	0x00436260
enummatchingchampionbrains	17	native-host-call	yes	0x00410760
enummedarmy	15	script-definition	no	-
enummemorystatistics	2	native-host-call	yes	0x004d77e0
enummilitaryunits	2	native-host-call	yes	0x00408d00
enumnetworkcomputers	3	native-host-call	yes	0x004b8870
enumnetworkgames	9	native-host-call	yes	0x004b8710
enumnetworkleaders	1	native-host-call	yes	0x004b5ef0
enumopendialogs	1	native-host-call	yes	0x00505900
enumplayerarmies	137	native-host-call	yes	0x004636f0
enumplayerbuildings	36	native-host-call	yes	0x004e0350
enumplayercities	43	native-host-call	yes	0x004e04c0
enumplayerheirs	4	native-host-call	yes	0x004c0a10
enumplayerknownspells	8	native-host-call	yes	0x004a0650
enumplayerspells	8	native-host-call	yes	0x004bf400
enumpossiblebuildings	4	native-host-call	yes	0x00452750
enumpossiblemercenaries	2	native-host-call	yes	0x00441ae0
enumpossibleresearchtopics	2	native-host-call	yes	0x00446a10
enumpossibletrainees	5	native-host-call	yes	0x00441a20
enumpossibleunits	1	native-host-call	yes	0x00441960
enumproviders	1	native-host-call	yes	0x004b8200
enumquests	4	native-host-call	yes	0x004c4740
enumrallyarmies	2	native-host-call	yes	0x00408ea0
enumrandonnumbers	2	native-host-call	yes	0x004d6ac0
enumrealplayers	53	native-host-call	yes	0x0049fbf0
enumseenarmies	5	native-host-call	yes	0x004fc720
enumseenplayerarmies	7	native-host-call	yes	0x004fc9b0
enumselectarmyactions	1	native-host-call	yes	0x004677a0
enumselectgroupactions	1	native-host-call	yes	0x004678e0
enumspellsinbarter	15	native-host-call	yes	0x00436440
enumterrainsprites	64	native-host-call	yes	0x004fd170
enumterrainspritesinbarter	15	native-host-call	yes	0x004368f0
enumunitartifacts	86	native-host-call	yes	0x0042a110
enumunitmodifiers	21	native-host-call	yes	0x00528d60
enumunits	271	native-host-call	yes	0x004e6a70
enumunitsinbarter	25	native-host-call	yes	0x00436620
enumwieldedartifacts	111	native-host-call	yes	0x0042ba50
eot_item	4	heuristic-false-positive	no	-
eot_number	4	heuristic-false-positive	no	-
eot_number_editbox	3	heuristic-false-positive	no	-
eoturnbuttonpage	28	script-definition	no	-
ep	2	heuristic-false-positive	yes	-
eplayer	1	script-definition	no	-
eq	10749	language-primitive	yes	0x004cbab0
equake_aura	3	heuristic-false-positive	no	-
equipped?	1	script-definition	no	-
equipped_num	2	script-definition	no	-
eradius	4	script-definition	no	-
erosion	5	script-definition	no	-
erroroutput	29	native-host-call	yes	0x004cced0
esatk	1	script-definition	no	-
esatkack_1	1	script-definition	no	-
escape_reaction_dict	1	script-definition	no	-
escort_id	10	script-definition	no	-
esdie	1	script-definition	no	-
esmov	1	script-definition	no	-
esmovack_1	1	script-definition	no	-
esp03	5	heuristic-false-positive	no	-
esrng	1	script-definition	no	-
esselack_1	1	script-definition	no	-
estack	5	script-definition	no	-
eta	85	script-definition	no	-
etatk	1	script-definition	no	-
etatkack_1	3	script-definition	no	-
etatkack_2	1	script-definition	no	-
etdie	1	script-definition	no	-
etmov	2	script-definition	no	-
etmovack_1	2	script-definition	no	-
etmovack_2	1	script-definition	no	-
etrng	1	script-definition	no	-
etselack_1	2	script-definition	no	-
etselack_2	1	script-definition	no	-
eval	16	script-definition	no	-
eval_spell_id	1	script-definition	no	-
event	2	heuristic-false-positive	no	-
event_id	2	heuristic-false-positive	no	-
eventalarm	24	native-host-call	yes	0x0040cd70
eventunit	2	script-definition	no	-
evil_tone?	3	script-definition	no	-
ewatk	1	script-definition	no	-
ewatkack_1	2	script-definition	no	-
ewatkack_2	1	script-definition	no	-
ewdie	1	script-definition	no	-
ewm1atk	2	script-definition	no	-
ewm1atkack_1	2	script-definition	no	-
ewm1die	2	script-definition	no	-
ewm1mov	2	script-definition	no	-
ewm1movack_1	2	script-definition	no	-
ewm1selack_1	2	script-definition	no	-
ewmiatk	1	script-definition	no	-
ewmiatkack_1	1	script-definition	no	-
ewmidie	1	script-definition	no	-
ewmimov	1	script-definition	no	-
ewmimovack_1	1	script-definition	no	-
ewmiselack_1	1	script-definition	no	-
ewmov	2	script-definition	no	-
ewmovack_1	2	script-definition	no	-
ewmovack_2	1	script-definition	no	-
ewselack_1	2	script-definition	no	-
ewselack_2	1	script-definition	no	-
ex	2	script-definition	no	-
exame_post_combat_spells	1	script-definition	no	-
excalibr	1	script-definition	no	-
excg	4	heuristic-false-positive	no	-
exch	14193	language-primitive	yes	0x004ca7e0
exchange_ale_for_crystals	10	script-definition	no	-
exchange_ale_for_fame	10	script-definition	no	-
exchange_ale_for_gold	10	script-definition	no	-
exchange_crystals_for_ale	10	script-definition	no	-
exchange_crystals_for_fame	10	script-definition	no	-
exchange_crystals_for_gold	10	script-definition	no	-
exchange_fame_for_ale	12	script-definition	no	-
exchange_fame_for_crystals	12	script-definition	no	-
exchange_fame_for_gold	12	script-definition	no	-
exchange_gold_for_ale	10	script-definition	no	-
exchange_gold_for_crystals	10	script-definition	no	-
exchange_gold_for_fame	10	script-definition	no	-
exchange_rate_for_ale	21	script-definition	no	-
exchange_rate_for_crystals	21	script-definition	no	-
exchange_rate_for_fame	21	script-definition	no	-
exchange_rate_for_gold	21	script-definition	no	-
exec	3245	script-definition	no	0x004ca740
execute_targeting_procedure	6	script-definition	no	-
executeprisonerproc	2	native-host-call	yes	0x004e2ab0
executeprisoners	14	native-host-call	yes	0x004c3690
existing_game_setup	1	script-definition	no	-
existing_target_stack	5	script-definition	no	-
exit	552	language-primitive	yes	0x004c9cb0
exit_build_building	6	script-definition	no	-
exit_button	8	script-definition	no	-
exit_button_frame	3	script-definition	no	-
exit_dbf	1	script-definition	no	-
exit_debrief_button	4	script-definition	no	-
exit_game_button	3	heuristic-false-positive	no	-
exit_id	11	script-definition	no	-
exit_intel_button	6	script-definition	no	-
exit_key	2	script-definition	no	-
exit_meter_filename	3	script-definition	no	-
exit_sbf	1	heuristic-false-positive	no	-
exit_tbf	1	heuristic-false-positive	no	-
exitapp	11	native-host-call	yes	0x004dee90
exitapplication	1	script-definition	no	-
exitmessageproc	1	native-host-call	yes	0x004b5600
exitnetgameselscreen	1	native-host-call	yes	0x004b5d50
exitnetpikfaithscreen	8	native-host-call	yes	0x004b5d20
exitnetspscreen	9	native-host-call	yes	0x004b5ce0
exorcise_party_string	2	script-definition	no	-
exp	9	script-definition	no	-
exp1_edit	2	script-definition	no	-
exp1_string0	2	script-definition	no	-
exp1_string1	2	script-definition	no	-
exp1_string2	2	script-definition	no	-
exp1_strings	3	script-definition	no	-
exp2_edit	2	script-definition	no	-
exp2_string0	2	script-definition	no	-
exp2_string1	2	script-definition	no	-
exp2_string2	2	script-definition	no	-
exp2_strings	3	script-definition	no	-
exp_crystals_str	2	script-definition	no	-
exp_food_str	2	script-definition	no	-
exp_gold_str	2	script-definition	no	-
exp_level_unit_max	20	script-definition	no	-
exp_level_unit_per_turn	18	script-definition	no	-
exp_max	12	script-definition	no	-
exp_per_turn	12	script-definition	no	-
exp_pts	139	script-definition	no	-
expbar_item	4	script-definition	no	-
expect_units	2	script-definition	no	-
expense_edit	1	script-definition	no	-
expense_rating	2	script-definition	no	-
expense_text_item	1	script-definition	no	-
expense_txt_editbox	1	heuristic-false-positive	no	-
experience_bground_dd	36	heuristic-false-positive	no	-
experience_boxes	3	script-definition	no	-
experience_cap	6	script-definition	no	-
experience_id	16	script-definition	no	-
experience_level_string	1	script-definition	no	-
experience_price	6	script-definition	no	-
experience_proc	1	script-definition	no	-
experiencearray	5	script-definition	no	-
expire_modifications	2	heuristic-false-positive	no	-
expire_time	4	heuristic-false-positive	no	-
explode	4	script-definition	no	-
explore_armies_desired	2	script-definition	no	-
explore_only?	1	script-definition	no	-
express_button	2	heuristic-false-positive	no	-
external_cheats	1	heuristic-false-positive	no	-
extopdlg	8	script-definition	no	-
extra	3	script-definition	no	-
extra_active_ai_table	2	script-definition	no	-
extra_crystals	5	script-definition	no	-
extra_food	5	script-definition	no	-
extra_gold	5	script-definition	no	-
extra_strong?	1	script-definition	no	-
extract_visible_index	4	script-definition	no	-
ey	2	script-definition	no	-
f	359	script-definition	no	-
f1	145	script-definition	no	-
f1atk	1	script-definition	no	-
f1atkack_1	2	script-definition	no	-
f1atkack_2	2	script-definition	no	-
f1die	1	script-definition	no	-
f1mov	1	script-definition	no	-
f1movack_1	2	script-definition	no	-
f1movack_2	1	script-definition	no	-
f1selack_1	1	script-definition	no	-
f2	56	script-definition	no	-
f2atk	1	script-definition	no	-
f2atkack_1	3	script-definition	no	-
f2atkack_2	1	script-definition	no	-
f2atkack_3	1	script-definition	no	-
f2die	1	script-definition	no	-
f2mov	1	script-definition	no	-
f2movack_1	2	script-definition	no	-
f2movack_2	1	script-definition	no	-
f2rng	1	script-definition	no	-
f2selack_1	2	script-definition	no	-
f2selack_2	1	script-definition	no	-
f3atk	1	script-definition	no	-
f3atkack_1	1	script-definition	no	-
f3die	1	script-definition	no	-
f3mov	1	script-definition	no	-
f3movack_1	1	script-definition	no	-
f3rng	1	script-definition	no	-
f3selack_1	1	script-definition	no	-
f4atk	1	script-definition	no	-
f4atkack_1	2	script-definition	no	-
f4atkack_2	1	script-definition	no	-
f4die	1	script-definition	no	-
f4mov	1	script-definition	no	-
f4movack_1	2	script-definition	no	-
f4movack_2	1	script-definition	no	-
f4selack_1	2	script-definition	no	-
f4selack_2	1	script-definition	no	-
f5atk	1	script-definition	no	-
f5atkack_1	2	script-definition	no	-
f5atkack_2	1	script-definition	no	-
f5die	1	script-definition	no	-
f5mov	1	script-definition	no	-
f5movack_1	2	script-definition	no	-
f5movack_2	1	script-definition	no	-
f5rng	1	script-definition	no	-
f5selack_1	2	script-definition	no	-
f5selack_2	1	script-definition	no	-
f_city_mod	1	heuristic-false-positive	no	-
f_cost	4	script-definition	no	-
f_diff	25	script-definition	no	-
f_rally	2	script-definition	no	-
f_spoils	2	script-definition	no	-
f_type	1	script-definition	no	-
f_upkeep	2	script-definition	no	-
fa	13	script-definition	no	-
facingtable	10	script-definition	no	-
factor	15	script-definition	no	-
factor2	2	heuristic-false-positive	no	-
fadeoutmusic	20	native-host-call	yes	0x004796b0
fadood	13	heuristic-false-positive	no	-
fail_mods	12	heuristic-false-positive	no	-
faith	530	script-definition	no	-
faith?	20	script-definition	no	-
faith_affinity	2	script-definition	no	-
faith_available_stack	10	script-definition	no	-
faith_box	2	heuristic-false-positive	no	-
faith_buffer	4	script-definition	no	-
faith_code	6	script-definition	no	-
faith_code_dict	2	script-definition	no	-
faith_count	4	script-definition	no	-
faith_doodad	4	script-definition	no	-
faith_exist_array	8	script-definition	no	-
faith_exists?	2	script-definition	no	-
faith_exp_bar	1	script-definition	no	-
faith_id	1	script-definition	no	-
faith_item	2	script-definition	no	-
faith_list	8	script-definition	no	-
faith_market_array	1	script-definition	no	-
faith_name	12	script-definition	no	-
faith_name_dict	134	script-definition	no	-
faith_spell_count	10	script-definition	no	-
faith_spells	3	script-definition	no	-
faith_spells_arrays	1	script-definition	no	-
faith_spells_under_128	3	script-definition	no	-
faith_surnames	1	script-definition	no	-
faith_text	9	heuristic-false-positive	no	-
faith_text_backdrop	3	heuristic-false-positive	no	-
faith_text_dialog	155	script-definition	no	-
faith_text_dict	32	script-definition	no	-
faith_text_page	2	script-definition	no	-
faith_turn_string	2	heuristic-false-positive	no	-
faith_used?	7	script-definition	no	-
faith_vs_faith_table	2	script-definition	no	-
faith_xref	6	script-definition	no	-
faithdecks	6	script-definition	no	-
faithindex	3	script-definition	no	-
faithselect	3	native-host-call	yes	0x004546d0
faithselectcleanup	2	native-host-call	yes	0x00454470
faithstring	6	script-definition	no	-
fakedict	12	script-definition	no	-
falcons_eye	10	script-definition	no	-
false	3655	language-primitive	yes	0x004b5af0
fame	103	script-definition	no	-
fame2_edit	1	script-definition	no	-
fame2_str	3	script-definition	no	-
fame_amt	14	script-definition	no	-
fame_amt_box	2	heuristic-false-positive	no	-
fame_amt_str	4	script-definition	no	-
fame_bitmap	4	heuristic-false-positive	no	-
fame_city_mod	1	heuristic-false-positive	no	-
fame_cost	12	script-definition	no	-
fame_dd	2	heuristic-false-positive	no	-
fame_deficit	8	script-definition	no	-
fame_delta	10	script-definition	no	-
fame_diff	9	script-definition	no	-
fame_edit	1	script-definition	no	-
fame_for_ale	43	script-definition	no	-
fame_for_ale1_str	5	script-definition	no	-
fame_for_ale2_str	5	script-definition	no	-
fame_for_ale_text_box	5	heuristic-false-positive	no	-
fame_for_crystals	52	script-definition	no	-
fame_for_crystals1_str	5	script-definition	no	-
fame_for_crystals2_str	5	script-definition	no	-
fame_for_crystals_text_box	5	heuristic-false-positive	no	-
fame_for_gold	43	script-definition	no	-
fame_for_gold1_str	5	script-definition	no	-
fame_for_gold2_str	5	script-definition	no	-
fame_for_gold_text_box	5	heuristic-false-positive	no	-
fame_for_initiates_text_box	4	heuristic-false-positive	no	-
fame_inc	1	script-definition	no	-
fame_item	4	script-definition	no	-
fame_mod	8	script-definition	no	-
fame_received	4	script-definition	no	-
fame_sound	2	script-definition	no	-
fame_text	6	script-definition	no	-
fame_upkeep	4	script-definition	no	-
fame_val	11	script-definition	no	-
fame_value	4	script-definition	no	-
famedelta	3	script-definition	no	-
fameh_bitmap	2	heuristic-false-positive	no	-
fames	52	script-definition	no	-
famevaluestring	1	script-definition	no	-
fate	3	script-definition	no	-
fb	13	script-definition	no	-
fbdood	13	heuristic-false-positive	no	-
fc	13	script-definition	no	-
fcatk	1	script-definition	no	-
fcatkack_1	2	script-definition	no	-
fcatkack_2	1	script-definition	no	-
fcdie	1	script-definition	no	-
fcdood	13	heuristic-false-positive	no	-
fcmov	1	script-definition	no	-
fcmovack_1	3	script-definition	no	-
fcmovack_2	1	script-definition	no	-
fcmovack_3	1	script-definition	no	-
fcselack_1	2	script-definition	no	-
fcselack_2	1	script-definition	no	-
fcu	9	script-definition	no	-
fd	13	script-definition	no	-
fddood	13	heuristic-false-positive	no	-
fe	13	script-definition	no	-
fear	1	script-definition	no	-
feather_sword	7	script-definition	no	-
fedood	13	heuristic-false-positive	no	-
ferry	1	script-definition	no	-
ferry_dict	3	script-definition	no	-
ff	13	script-definition	no	-
ffatk	1	script-definition	no	-
ffatkack_1	2	script-definition	no	-
ffatkack_2	1	script-definition	no	-
ffdie	1	script-definition	no	-
ffdood	13	heuristic-false-positive	no	-
ffmov	2	script-definition	no	-
ffmovack_1	2	script-definition	no	-
ffmovack_2	1	script-definition	no	-
ffmrkt	7	heuristic-false-positive	no	-
ffselack_1	2	script-definition	no	-
ffselack_2	1	script-definition	no	-
ffvil	3	heuristic-false-positive	no	-
fg	13	script-definition	no	-
fgdood	13	heuristic-false-positive	no	-
fh	104	script-definition	no	-
fi	13	script-definition	no	-
fiatk	1	script-definition	no	-
fiatkack_1	2	script-definition	no	-
fiatkack_2	1	script-definition	no	-
fibrk1	3	script-definition	no	-
fibrk2	6	script-definition	no	-
fibrk3	3	script-definition	no	-
fibrk4	3	script-definition	no	-
ficav	15	script-definition	no	-
ficave	8	script-definition	no	-
ficavm	1	heuristic-false-positive	no	-
ficr1	19	script-definition	no	-
ficr2	25	script-definition	no	-
ficr3	17	script-definition	no	-
ficr4	14	script-definition	no	-
ficr5	24	script-definition	no	-
fidie	1	script-definition	no	-
fidood	13	heuristic-false-positive	no	-
fidung	1	script-definition	no	-
fifit	28	script-definition	no	-
fight_button	10	script-definition	no	-
fight_button_t	3	heuristic-false-positive	no	-
fiinf	17	script-definition	no	-
fildf	31	script-definition	no	-
fildt	22	script-definition	no	-
fildw	34	script-definition	no	-
file	199	native-host-call	yes	0x004cc0f0
file-id	1	script-definition	no	-
file_name	4	script-definition	no	-
filedict	148	script-definition	no	-
fileexists	23	native-host-call	yes	0x004d6ef0
fileselector	36	heuristic-false-positive	no	-
filespec	2	script-definition	no	-
filib1	3	script-definition	no	-
filib2	10	script-definition	no	-
fill_army_roster_containers	1	script-definition	no	-
fill_artifact_panel	4	script-definition	no	-
fill_box	16	script-definition	no	-
fill_inventor_container	3	script-definition	no	-
fill_resource_dlg	2	script-definition	no	-
fill_selection_container	2	script-definition	no	-
fill_spy_container	2	script-definition	no	-
fill_unit_container	16	script-definition	no	-
fillspecificunitinfo	15	heuristic-false-positive	no	-
fillunitinfo	1	script-definition	no	-
filter	18	heuristic-false-positive	no	-
filter_box	1	script-definition	no	-
filter_proc	2	script-definition	no	-
fimag1	3	script-definition	no	-
fimag2	6	script-definition	no	-
fimag3	3	script-definition	no	-
fimag4	3	script-definition	no	-
fimgt1	5	script-definition	no	-
fimgt2	2	script-definition	no	-
fimgt3	2	script-definition	no	-
fimgt4	2	script-definition	no	-
fimina	2	script-definition	no	-
fiminc	4	script-definition	no	-
fiming	1	script-definition	no	-
fimis	19	script-definition	no	-
fimkt1	5	script-definition	no	-
fimkt2	2	script-definition	no	-
fimkt3	2	script-definition	no	-
fimkt4	2	script-definition	no	-
fimov	1	script-definition	no	-
fimovack_1	2	script-definition	no	-
fimovack_2	1	script-definition	no	-
fimult	3	script-definition	no	-
final_badguys	2	script-definition	no	-
final_form	6	script-definition	no	-
final_offer	1	script-definition	no	-
final_offer_list	1	script-definition	no	-
final_result	10	script-definition	no	-
final_setup	20	heuristic-false-positive	no	-
find_another_target?	3	heuristic-false-positive	no	-
find_dead_leader	1	script-definition	no	-
find_exit	19	script-definition	no	-
find_highest_unit_index	4	script-definition	no	-
find_killer	1	script-definition	no	-
find_my_unit_for_barter	1	script-definition	no	-
find_special_bldg_of_faith	4	script-definition	no	-
find_sprite_to_occupy	1	script-definition	no	-
findarmywithchampiontype	1	native-host-call	yes	0x00465120
findartifact	8	native-host-call	yes	0x0042bbb0
findcityoffaith	66	native-host-call	yes	0x00452aa0
findemptyconnectedlocation	3	native-host-call	yes	0x004a7220
findemptylocation	129	native-host-call	yes	0x004aca70
findgeography	6	native-host-call	yes	0x004c7870
findgreattemple	48	native-host-call	yes	0x0050fd60
findinstring	11	native-host-call	yes	0x004d7140
findmatchingbrain	31	native-host-call	yes	0x00410610
findme	1	script-definition	no	-
findmovetoloc	6	native-host-call	yes	0x00469890
findregions	7	native-host-call	yes	0x004c7850
findunitwithname	3	native-host-call	yes	0x0044c1d0
fine_tune_city_coordinates	2	script-definition	no	-
fine_tune_temple_coordinates	2	script-definition	no	-
finescrollpixels	26	native-host-call	yes	0x0051acd0
finish_magic_proc	2	script-definition	no	-
finish_magic_proc_army_id	10	script-definition	no	-
finishmagicproc	2	native-host-call	yes	0x004e31b0
fire_breath_type	1	script-definition	no	-
fire_damage	1	heuristic-false-positive	no	-
fire_dart	1	heuristic-false-positive	no	-
fire_indicator_aura	1	script-definition	no	-
fire_landscape	2	script-definition	no	-
fire_pal	11	script-definition	no	-
fire_quest_1	5	script-definition	no	-
fire_quest_2	8	script-definition	no	-
fire_quest_3	7	script-definition	no	-
fire_quest_4	6	script-definition	no	-
fire_quest_5	2	script-definition	no	-
fire_quest_6	5	script-definition	no	-
fire_quest_7	7	script-definition	no	-
fire_sbld_button0	1	script-definition	no	-
fire_sbld_button1	1	script-definition	no	-
fire_sbld_button2	1	script-definition	no	-
fire_sbld_button_frame	3	heuristic-false-positive	no	-
fire_sbld_info_dd	1	heuristic-false-positive	no	-
fire_sbld_info_in_dd	1	heuristic-false-positive	no	-
fire_surnames	1	script-definition	no	-
fireball	22	script-definition	no	-
fireball_aura	10	heuristic-false-positive	no	-
fireball_type	14	heuristic-false-positive	no	-
firedart_aura	6	heuristic-false-positive	no	-
firedart_type	3	heuristic-false-positive	no	-
fireworks	10	script-definition	no	-
fireworks_aura	3	heuristic-false-positive	no	-
first	1	heuristic-false-positive	no	-
first_army	4	script-definition	no	-
first_barter_item_num	4	script-definition	no	-
first_category_button_item	2	script-definition	no	-
first_champion_brain	1	script-definition	no	-
first_legend	1	script-definition	no	-
first_list	4	script-definition	no	-
first_lvl	1	script-definition	no	-
first_name	4	heuristic-false-positive	no	-
first_proc_id	3	script-definition	no	-
first_resource	15	script-definition	no	-
first_resource_item_num	6	script-definition	no	-
first_scenario_item	1	script-definition	no	-
first_seperator	2	script-definition	no	-
first_unknown_spell_index	16	script-definition	no	-
firstartifact	8	script-definition	no	-
firstchampionunit	2	script-definition	no	-
firstone	14	script-definition	no	-
firstspriteshown	33	script-definition	no	-
firstthiefunit	9	script-definition	no	-
fisbld	12	script-definition	no	-
fisblda	3	script-definition	no	-
fisbldn	3	script-definition	no	-
fiselack_1	2	script-definition	no	-
fiselack_2	1	script-definition	no	-
fish	15	heuristic-false-positive	no	-
fishp	8	script-definition	no	-
fistat	3	script-definition	no	-
fit_codes	1	script-definition	no	-
fithf	19	script-definition	no	-
fithg1	3	script-definition	no	-
fithg2	6	script-definition	no	-
fithg3	3	script-definition	no	-
fithg4	3	script-definition	no	-
fitowe	1	script-definition	no	-
fitpl1	5	script-definition	no	-
fitpl2	2	script-definition	no	-
fitpl3	2	script-definition	no	-
fitpl4	2	script-definition	no	-
fitvn1	5	script-definition	no	-
fitvn2	2	script-definition	no	-
fitvn3	2	script-definition	no	-
fitvn4	2	script-definition	no	-
fiwiz	39	script-definition	no	-
fix_arthur_voice	8	script-definition	no	-
fix_lancelot_costs	5	script-definition	no	-
fix_wildmen_costs	2	script-definition	no	-
fixgetvalue	30	script-definition	no	-
flag	34	script-definition	no	-
flagimp	2	native-host-call	yes	0x0049b990
flags	17	script-definition	no	-
flame_arrows	15	script-definition	no	-
flames_aura	3	heuristic-false-positive	no	-
flank_attack	3	script-definition	no	-
flank_attack_play	1	script-definition	no	-
flank_magic_attack	1	script-definition	no	-
flatness	2	script-definition	no	-
flee_allowed?	3	script-definition	no	-
flee_cast_major_defensive_multi	1	script-definition	no	-
flee_location	3	script-definition	no	-
flee_play	10	script-definition	no	-
fleemark	4	heuristic-false-positive	no	-
floater1_dd	1	heuristic-false-positive	no	-
floater2_dd	1	heuristic-false-positive	no	-
floater3_dd	1	heuristic-false-positive	no	-
flood	9	script-definition	no	-
fmatk	1	script-definition	no	-
fmatkack_1	3	script-definition	no	-
fmatkack_2	1	script-definition	no	-
fmatkack_3	1	script-definition	no	-
fmdie	1	script-definition	no	-
fmmov	1	script-definition	no	-
fmmovack_1	2	script-definition	no	-
fmmovack_2	1	script-definition	no	-
fmrng	1	script-definition	no	-
fmselack_1	3	script-definition	no	-
fmselack_2	1	script-definition	no	-
fmselack_3	1	script-definition	no	-
fname	1	script-definition	no	-
fo_dict	2	script-definition	no	-
foff	68	script-definition	no	-
fog	13	script-definition	no	-
follower_spoils	3	script-definition	no	-
followers_text_item	1	script-definition	no	-
followers_txt_editbox	1	heuristic-false-positive	no	-
fon	28	script-definition	no	-
font	19	native-host-call	yes	0x004de000
fontallocatedpage?	1	native-host-call	yes	0x004daf10
food	18	script-definition	no	-
food_cost	13	script-definition	no	-
food_days	4	script-definition	no	-
food_dd	6	heuristic-false-positive	no	-
food_deficit	8	script-definition	no	-
food_delta	8	heuristic-false-positive	no	-
food_exp	2	script-definition	no	-
food_exp_editbox	1	heuristic-false-positive	no	-
food_exp_item	1	script-definition	no	-
food_inc	2	script-definition	no	-
food_inc_editbox	1	heuristic-false-positive	no	-
food_inc_item	1	script-definition	no	-
food_sound	2	script-definition	no	-
food_upkeep	4	script-definition	no	-
food_val	16	script-definition	no	-
food_value	4	script-definition	no	-
foods	64	script-definition	no	-
foods_to_steal	1	heuristic-false-positive	no	-
for	877	language-primitive	yes	0x004c9f00
forall	977	language-primitive	yes	0x004c9f10
forceowinds_aura	1	heuristic-false-positive	no	-
forcetexture	4	native-host-call	yes	0x004e0630
forged_encounter	2	script-definition	no	-
forgetspell	6	native-host-call	yes	0x004bf340
formation_category_dict	2	script-definition	no	-
formationview	2	native-host-call	yes	0x00483b40
formula	1	script-definition	no	-
found	4	script-definition	no	-
found?	31	script-definition	no	-
found_army	2	script-definition	no	-
found_ctype	4	script-definition	no	-
found_fleet	8	script-definition	no	-
found_type_val	1	script-definition	no	-
found_unit	1	script-definition	no	-
found_units	2	script-definition	no	-
fount	4	heuristic-false-positive	no	-
fpage	104	script-definition	no	-
frames_per_grid	1	script-definition	no	-
free	183	native-host-call	yes	0x004dc600
free_army_containers_bargraphs	4	script-definition	no	-
free_artifact_memory	3	script-definition	no	-
free_button_memory	2	script-definition	no	-
free_button_stack	2	script-definition	no	-
free_g_stack	2	script-definition	no	-
free_memory	7	script-definition	no	-
free_object	2048	script-definition	no	-
free_objects	2	script-definition	no	-
free_pow_equation	12	script-definition	no	-
free_pow_exp_value	1	script-definition	no	-
free_production_snapshots	1	script-definition	no	-
free_spell_text	4	script-definition	no	-
free_spellhelp_text	1	script-definition	no	-
free_stack_elements	53	script-definition	no	-
freepow	3	native-host-call	yes	0x004c3760
freeprisoner_diplo_effect	2	script-definition	no	-
freeprisonerpoleffectproc	2	native-host-call	yes	0x004e2dc0
freeprisonerproc	2	native-host-call	yes	0x004e2c00
freeprisoners	9	native-host-call	yes	0x004c36c0
freestuff	7	script-definition	no	-
freeze	23	script-definition	no	-
freeze_aura	6	heuristic-false-positive	no	-
frenzy	16	script-definition	no	-
freq	2	script-definition	no	-
friendly_effect	1	script-definition	no	-
friends_within_radius	2	script-definition	no	-
from_a	4	script-definition	no	-
from_artifact_current_container	8	script-definition	no	-
from_artifact_purchase_container	6	script-definition	no	-
from_building	5	script-definition	no	-
from_container	20	script-definition	no	-
from_container_slot	9	script-definition	no	-
from_spot_id	40	script-definition	no	-
from_where	5	script-definition	no	-
front_ladder	2	script-definition	no	-
front_line	1	script-definition	no	-
front_wall	2	script-definition	no	-
front_wing_imp_filename	4	script-definition	no	-
frost_breath_type	2	script-definition	no	-
frozen_armor	5	script-definition	no	-
fsatk	1	script-definition	no	-
fsatkack_1	1	script-definition	no	-
fsdie	1	script-definition	no	-
fsmov	1	script-definition	no	-
fsmovack_1	1	script-definition	no	-
fsrng	1	script-definition	no	-
fsselack_1	1	script-definition	no	-
ftatk	1	script-definition	no	-
ftatkack_1	1	script-definition	no	-
ftdie	1	script-definition	no	-
fth	1	script-definition	no	-
fthsrc	1	script-definition	no	-
ftmov	2	script-definition	no	-
ftmovack_1	2	script-definition	no	-
ftmovack_2	1	script-definition	no	-
ftrng	1	script-definition	no	-
ftselack_1	2	script-definition	no	-
ftselack_2	1	script-definition	no	-
full2_xywh	4	heuristic-false-positive	no	-
full_door_xywh	2	heuristic-false-positive	no	-
full_libraries	2	script-definition	no	-
full_of_initiates?	1	script-definition	no	-
full_xywh	67	heuristic-false-positive	no	-
fulldn_xywh	9	heuristic-false-positive	no	-
fullsize_dlg_dict	5	script-definition	no	-
fullup_xywh	9	heuristic-false-positive	no	-
functional?	3	script-definition	no	-
fury_fire	19	script-definition	no	-
future_amt	1	heuristic-false-positive	no	-
futureplayer	6	native-host-call	yes	0x00487b60
fw	104	script-definition	no	-
fwatk	1	script-definition	no	-
fwatkack_1	4	script-definition	no	-
fwatkack_2	1	script-definition	no	-
fwatkack_3	1	script-definition	no	-
fwatkack_4	1	script-definition	no	-
fwdie	1	script-definition	no	-
fwmov	2	script-definition	no	-
fwmovack_1	2	script-definition	no	-
fwmovack_2	1	script-definition	no	-
fwselack_1	2	script-definition	no	-
fwselack_2	1	script-definition	no	-
fyi_bf	1	heuristic-false-positive	no	-
fyi_box	6	script-definition	no	-
fyi_button	1	heuristic-false-positive	no	-
fyi_dn_doodad	1	heuristic-false-positive	no	-
fyi_dn_xywh	1	heuristic-false-positive	no	-
fyi_full_xywh	2	heuristic-false-positive	no	-
fyi_title_box	1	heuristic-false-positive	no	-
fyi_up_doodad	1	heuristic-false-positive	no	-
fyi_up_xywh	1	heuristic-false-positive	no	-
g	7	script-definition	no	-
g_city_mod	1	heuristic-false-positive	no	-
g_cost	4	script-definition	no	-
g_diff	25	script-definition	no	-
g_dynamic	6	script-definition	no	-
g_spoils	2	script-definition	no	-
g_upkeep	2	script-definition	no	-
gain	2	script-definition	no	-
gamble	14	script-definition	no	-
gamble_mod	8	script-definition	no	-
game_button	1	heuristic-false-positive	no	-
game_over_flag	1	script-definition	no	-
gamemode	8	native-host-call	yes	0x004da3b0
gamemodeproc	9	native-host-call	yes	0x004e1d30
gameoverdict	2	script-definition	no	-
gameoverforcurrentuser	3	native-host-call	yes	0x004e6df0
gamerand	3968	native-host-call	yes	0x004e5840
gamerestartforcurrentuser	4	native-host-call	yes	0x004e6e00
gameseed	2	native-host-call	yes	0x004e5630
garbagestack	30	script-definition	no	-
gassault_play	182	script-definition	no	-
gate	2	script-definition	no	-
gate_button	1	heuristic-false-positive	no	-
gate_dir	8	script-definition	no	-
gate_status_string	1	script-definition	no	-
gate_x	16	script-definition	no	-
gate_y	16	script-definition	no	-
gatherartifactsincombat	1	native-host-call	yes	0x0042a100
gcloser	2	script-definition	no	-
gcwinner	12	script-definition	no	-
ge	956	language-primitive	yes	0x004cb950
gem_help_proc	2	script-definition	no	-
gem_list	10	script-definition	no	-
gem_page	16	script-definition	no	-
gem_placement	2	script-definition	no	-
gem_proc	2	script-definition	no	-
gen_1button_function	11	script-definition	no	-
gen_2buttons_function1	8	script-definition	no	-
gen_2buttons_function2	8	script-definition	no	-
gen_button1	10	script-definition	no	-
gen_button1_t	2	heuristic-false-positive	no	-
gen_button1_text	29	script-definition	no	-
gen_button2	5	script-definition	no	-
gen_button2_t	1	heuristic-false-positive	no	-
gen_button2_text	26	script-definition	no	-
gen_missile	5	script-definition	no	-
gen_net_dialog	1	script-definition	no	-
generate_cave	8	script-definition	no	-
generate_heirs	1	heuristic-false-positive	no	-
generate_keep	8	script-definition	no	-
generator	2	heuristic-false-positive	no	-
generatorstack	7	script-definition	no	-
generic_1button_dlg_dict	5	script-definition	no	-
generic_2buttons_dlg_dict	5	script-definition	no	-
generic_dict	3	script-definition	no	-
generic_setup	2	script-definition	no	-
generic_stat_bonus	1	script-definition	no	-
genericattacktextindex	1	script-definition	no	-
genericbalkothattacktextindex	3	script-definition	no	-
genericbitgetunit	2	native-host-call	yes	0x004e7c00
genericboxwpanel	3	script-definition	no	-
genericjointextindex	1	script-definition	no	-
genericoutline	14	script-definition	no	-
genericpanel	15	script-definition	no	-
genericproc	1	native-host-call	yes	0x004e3140
get	16045	language-primitive	yes	0x004ca590
get_ai_spell_values	2	script-definition	no	-
get_all_players	4	script-definition	no	-
get_amount1	56	script-definition	no	-
get_amount2	42	script-definition	no	-
get_amount3	2	script-definition	no	-
get_army_graphic	6	script-definition	no	-
get_army_ids	1	script-definition	no	-
get_army_in_combat	3	script-definition	no	-
get_artifact_barter_value	2	script-definition	no	-
get_artifact_cost	12	script-definition	no	-
get_artifact_doodad_id	30	script-definition	no	-
get_artifact_name_id	2	script-definition	no	-
get_artifact_spell_name	1	script-definition	no	-
get_attack_spelltype	1	script-definition	no	-
get_attacker_champ_unit_num	4	script-definition	no	-
get_attacker_grunt_unit_num	2	script-definition	no	-
get_attacker_impplayer	2	script-definition	no	-
get_aura	8	script-definition	no	-
get_backdrop_name	2	script-definition	no	-
get_barter_attitude_name	2	heuristic-false-positive	no	-
get_barter_tones	2	heuristic-false-positive	no	-
get_barter_values	1	script-definition	no	-
get_bookpg_name	2	script-definition	no	-
get_books_name	2	script-definition	no	-
get_brain_barter_tone	7	script-definition	no	-
get_building_box_pos	10	script-definition	no	-
get_building_box_wh	10	script-definition	no	-
get_building_boxes	2	script-definition	no	-
get_building_graphic_name	25	script-definition	no	-
get_building_info	3	script-definition	no	-
get_building_name	2	script-definition	no	-
get_building_panel_close_proc	16	script-definition	no	-
get_building_panel_open_proc	16	script-definition	no	-
get_building_pos	18	script-definition	no	-
get_city_name	1	script-definition	no	-
get_citygate_info	2	script-definition	no	-
get_citywall_defending_location	6	script-definition	no	-
get_combatai_values	16	heuristic-false-positive	no	-
get_custom_matching_records	19	heuristic-false-positive	no	-
get_dead_target	3	script-definition	no	-
get_defender_champ_unit_num	4	script-definition	no	-
get_defender_grunt_unit_num	2	script-definition	no	-
get_defender_impplayer	2	script-definition	no	-
get_dungeon_choice	5	script-definition	no	-
get_economic_string	2	script-definition	no	-
get_effect_value	2	script-definition	no	-
get_faith_dd	2	script-definition	no	-
get_faith_name	28	script-definition	no	-
get_faith_opposite	148	script-definition	no	-
get_faith_page_pal	6	heuristic-false-positive	no	-
get_faith_player_living_legendary_creatures	1	script-definition	no	-
get_first_champion	4	script-definition	no	-
get_first_champion_type	4	script-definition	no	-
get_free_pow_result	2	script-definition	no	-
get_healing_spell	1	script-definition	no	-
get_inherent_owner_of_faith	1	heuristic-false-positive	no	-
get_inside_nearest_structure	1	script-definition	no	-
get_intel_report_unit	4	script-definition	no	-
get_intel_string	2	script-definition	no	-
get_interrogate_effect_value	3	script-definition	no	-
get_interrogate_result	2	script-definition	no	-
get_into_formation	1	script-definition	no	-
get_invoke_procedure	2	script-definition	no	-
get_large_faith_icon	2	script-definition	no	-
get_launch_sound	7	script-definition	no	-
get_maintain_string_id	10	script-definition	no	-
get_matching_records	11	heuristic-false-positive	no	-
get_melee_survivability	15	script-definition	no	-
get_minimum_knowledge_political	1	script-definition	no	-
get_opposite_player	14	script-definition	no	-
get_order_cando	4	script-definition	no	-
get_order_graphic	1	script-definition	no	-
get_order_name	1	script-definition	no	-
get_plain_doodad	9	script-definition	no	-
get_player_dead_target	3	script-definition	no	-
get_player_faith_name	78	script-definition	no	-
get_player_health_dd	4	script-definition	no	-
get_player_heirs	7	script-definition	no	-
get_player_page_pal	30	heuristic-false-positive	no	-
get_player_palette	6	heuristic-false-positive	no	-
get_popup_pos	2	script-definition	no	-
get_pow_effect_value	3	script-definition	no	-
get_primary_army_attack_strength_ratio	1	script-definition	no	-
get_producing_buildings	2	heuristic-false-positive	no	-
get_quest_long_description	1	script-definition	no	-
get_ratio1	16	script-definition	no	-
get_ratio2	14	script-definition	no	-
get_ratioX1	16	script-definition	no	-
get_ratioX2	14	script-definition	no	-
get_real_callback	2	script-definition	no	-
get_real_unit	346	script-definition	no	-
get_regen_spell	1	script-definition	no	-
get_resource_minimum_table	3	script-definition	no	-
get_resources_string	12	script-definition	no	-
get_restore_health	2	script-definition	no	-
get_restore_units	2	script-definition	no	-
get_scenario_name	1	script-definition	no	-
get_scroll_description_plus	1	heuristic-false-positive	no	-
get_scroll_description_tooltip	3	script-definition	no	-
get_scroll_description_tooltip_plus	4	script-definition	no	-
get_scroll_or_artifact	5	script-definition	no	-
get_scroll_portrait_code	1	script-definition	no	-
get_selected_unit_bits	5	script-definition	no	-
get_show_completed_quests	3	native-host-call	yes	0x00489210
get_side	40	script-definition	no	-
get_small_faith_icon	2	script-definition	no	-
get_small_faith_string_box	4	script-definition	no	-
get_special_status	17	script-definition	no	-
get_spell	8	script-definition	no	-
get_spell_cost	8	script-definition	no	-
get_spell_name	1	script-definition	no	-
get_spell_opposite_faith	216	script-definition	no	-
get_spy_effect_value	3	script-definition	no	-
get_spy_result	2	script-definition	no	-
get_start_army_index	1	script-definition	no	-
get_starting_exp	2	script-definition	no	-
get_starting_level	4	script-definition	no	-
get_state_change	4	script-definition	no	-
get_steal_effect_value	3	script-definition	no	-
get_steal_result	3	script-definition	no	-
get_string	2	script-definition	no	-
get_temp_commodity	1	script-definition	no	-
get_temp_player_data	1	script-definition	no	-
get_temple_graphic_name	6	script-definition	no	-
get_terrain_mod	5	script-definition	no	-
get_the_wizard	1	script-definition	no	-
get_torture_effect_value	3	script-definition	no	-
get_torture_result	2	script-definition	no	-
get_type	2	script-definition	no	-
get_unit_carry_artifact	2	script-definition	no	-
get_unit_imp_player	4	script-definition	no	-
get_unit_portrait_name	12	script-definition	no	-
get_unit_type_imp_player	5	script-definition	no	-
get_unittype_current_level_exp	1	script-definition	no	-
get_value	54	script-definition	no	-
get_value_crystals	4	heuristic-false-positive	no	-
get_value_food	4	heuristic-false-positive	no	-
get_value_gold	4	heuristic-false-positive	no	-
get_wizard_tower	3	script-definition	no	-
getactivebarterplayer	12	native-host-call	yes	0x004354a0
getalarmself	82	native-host-call	yes	0x0040eae0
getambientvolume	5	native-host-call	yes	0x00479fb0
getarifactdata	1	heuristic-false-positive	no	-
getarmyaction	2	native-host-call	yes	0x004e1a40
getarmybartervalue	29	script-definition	no	-
getarmybrainname	11	native-host-call	yes	0x00410930
getarmycontainers	10	native-host-call	yes	0x004e78d0
getarmydata	1761	native-host-call	yes	0x0041c000
getarmydescription	2	script-definition	no	-
getarmyeffectivemovement	3	native-host-call	yes	0x004e6d60
getarmyid	1	native-host-call	yes	0x004e5160
getarmyinplayergroup	8	native-host-call	yes	0x00499ff0
getarmyplaceholderproc	1	native-host-call	yes	0x00414990
getarmyshare	6	native-host-call	yes	0x00460c20
getartifactdata	310	native-host-call	yes	0x00429d00
getartifactspurchased	4	native-host-call	yes	0x0044dea0
getartifacttypedata	218	native-host-call	yes	0x00429c30
getartifactwithcastablespell	2	native-host-call	yes	0x0042cbe0
getattackerdata	6	script-definition	no	-
getattitude	4	native-host-call	yes	0x0050acf0
getautocalcproc	1	native-host-call	yes	0x0042fc50
getautocalcshouldbeusedproc	13	native-host-call	yes	0x004303c0
getaveunithealth	1	native-host-call	yes	0x004e80a0
getbalkothkillcounter	2	native-host-call	yes	0x00487be0
getbarterarmy	34	native-host-call	yes	0x00433a20
getbarterdiplomaticconfirmation	4	native-host-call	yes	0x00436e80
getbarterlocalartifactknowledge	2	native-host-call	yes	0x00436e20
getbarterlocalartifactsonly	2	native-host-call	yes	0x00436dc0
getbarterlocalunitsonly	4	native-host-call	yes	0x00436d60
getbarterplayers	10	native-host-call	yes	0x00434ca0
getbarterpoints	2	native-host-call	yes	0x0044e1a0
getbartersessioncount	42	native-host-call	yes	0x00436d10
getbartersessionid	4	native-host-call	yes	0x00432470
getbarterstate	2	native-host-call	yes	0x00433b00
getbartertone	13	native-host-call	yes	0x00435560
getblockon	10	native-host-call	yes	0x004a20c0
getblockunitindex	76	native-host-call	yes	0x004a2190
getbuildingdata	645	native-host-call	yes	0x004408a0
getbuildinginfodata	10	native-host-call	yes	0x004440c0
getbuildingmaxexp	12	native-host-call	yes	0x00446fa0
getbuildingparent	49	native-host-call	yes	0x00440460
getbuildingspeechflag	13	native-host-call	yes	0x0047b390
getbuttonframepageinfo	1	native-host-call	yes	0x004dd040
getcapitolfaiths	3	native-host-call	yes	0x00445bc0
getcapitolfaiths_for_scenarios	21	script-definition	no	-
getcastdata	13	native-host-call	yes	0x004f1d20
getcenteronmovement	5	native-host-call	yes	0x005301a0
getchampionbrainarg	64	native-host-call	yes	0x0040fb60
getchampionbrainavailable	1	native-host-call	yes	0x004100a0
getchampionbrainname	6	native-host-call	yes	0x00410820
getchampionname	63	native-host-call	yes	0x0044bde0
getchampiontarget	5	native-host-call	yes	0x004690e0
getchampiontypefromname	1	script-definition	no	-
getcheckmarkstate	2	native-host-call	yes	0x00487150
getcitybuilding	52	native-host-call	yes	0x0044fab0
getcitydata	238	native-host-call	yes	0x00450bb0
getcityincombat	6	native-host-call	yes	0x00460980
getcityinitiates	67	native-host-call	yes	0x004521c0
getcitymoddata	25	native-host-call	yes	0x00453580
getcityresourcedelta	2	native-host-call	yes	0x00452b70
getcityshare	1	script-definition	no	-
getclosestbuilding	5	script-definition	no	-
getclosestcity	7	script-definition	no	-
getclosestcitytosprite	4	script-definition	no	-
getclosestplayerdungeon	10	script-definition	no	-
getcombatcountdown	4	native-host-call	yes	0x00461160
getcombatloser	39	native-host-call	yes	0x00460a60
getcombatprocid	8	native-host-call	yes	0x004df920
getcombatselectionbits	3	native-host-call	yes	0x0052f910
getcombatunitlevel	1	native-host-call	yes	0x004e85d0
getcombatwinner	25	native-host-call	yes	0x00460a00
getcontainerdata	246	native-host-call	yes	0x0046e5d0
getcontrollingcomputer	8	native-host-call	yes	0x004b9270
getcropdata	9	native-host-call	yes	0x00493cc0
getcurrdisplayingarmy	461	native-host-call	yes	0x004a2280
getcurrentartifactdata	749	native-host-call	yes	0x0042be20
getcurrentartifactvalue	6	native-host-call	yes	0x0042cb80
getcurrentcombatattackspell	2	native-host-call	yes	0x004252e0
getcurrentcombatdefendspell	2	native-host-call	yes	0x00425380
getcurrentcombatterrainspriteprocid	1	native-host-call	yes	0x004eefd0
getcurrentcombatterrainspritetype	1	native-host-call	yes	0x004ef020
getcurrentexp	15	native-host-call	yes	0x00446eb0
getcurrentfileactivity	4	native-host-call	yes	0x00487890
getcurrentgeneralspell	2	native-host-call	yes	0x004254c0
getcurrentselection	14	native-host-call	yes	0x0052f6c0
getcurrentterraspell	2	native-host-call	yes	0x00425420
getcurrenttickalarmdata	3	native-host-call	yes	0x00410d70
getcurrentturnalarmdata	2	native-host-call	yes	0x00410fa0
getcurrentturnexp	12	native-host-call	yes	0x00446f20
getdata	1	script-definition	no	-
getdefenderdata	6	script-definition	no	-
getdialogdata	1	heuristic-false-positive	no	-
getdialogdict	94	native-host-call	yes	0x00490930
getdifficultylevel	290	native-host-call	yes	0x00485e90
getdiplomaticdata	22	native-host-call	yes	0x004bfa60
getdiplomaticlevel	136	native-host-call	yes	0x0050a9c0
getdisplaymode	3	native-host-call	yes	0x004a1ee0
getdoodadheight	12	native-host-call	yes	0x004dbbf0
getdoodadinfo	4	native-host-call	yes	0x004dc010
getdoodadwidth	11	native-host-call	yes	0x004dbae0
getdoorwaycalled	4	native-host-call	yes	0x004628d0
getdoorwayid	76	native-host-call	yes	0x004889a0
getdoorwaypresent	9	native-host-call	yes	0x00488330
getdungeonarmy	31	native-host-call	yes	0x00510fa0
getdungeonencounterfaith	4	script-definition	no	-
getdungeonfaith	526	script-definition	no	-
getdungeonstrength	284	heuristic-false-positive	no	-
getdungeontext	10	script-definition	no	-
geteasyunitdata	28	script-definition	no	-
geteditboxdata	13	native-host-call	yes	0x004de930
geteditboxtext	21	native-host-call	yes	0x004dec70
geteditdata	21	native-host-call	yes	0x0047bc50
getelevation	13	native-host-call	yes	0x004e11d0
getendordermodeproc	7	native-host-call	yes	0x005031d0
geteventarmy	42	native-host-call	yes	0x00520300
geteventarmy2	18	native-host-call	yes	0x00521320
geteventbuilding	1	native-host-call	yes	0x005213c0
geteventcity	1	native-host-call	yes	0x00521370
geteventdefender	1	native-host-call	yes	0x005215c0
geteventtype	2	native-host-call	yes	0x005202b0
getfaitharmy	8	native-host-call	yes	0x00454b50
getfaithcenterlocation	2	native-host-call	yes	0x00454da0
getfaithstartingleadertype	11	native-host-call	yes	0x004878e0
getfaithstartlocation	2	native-host-call	yes	0x00454c80
getfaithtype	2	native-host-call	yes	0x004b4750
getfamefromactions	2	native-host-call	yes	0x004bffb0
getfinescrolltime	5	native-host-call	yes	0x0051bc30
getflagvalue	1	script-definition	no	-
getfocus	1	native-host-call	yes	0x00491330
getgamereservedint	20	native-host-call	yes	0x00489880
getgameseed	1	native-host-call	yes	0x004e56f0
getgametick	67	native-host-call	yes	0x004b4680
getgatearmy	3	native-host-call	yes	0x00459bb0
getgateinfo	2	native-host-call	yes	0x00459e00
getgenericarmycontainers	6	native-host-call	yes	0x004e7a00
getgocountdown	11	native-host-call	yes	0x00461270
getgridflags	1	native-host-call	yes	0x004e1480
getgroupnamestring	2	script-definition	no	-
gethistoriceventdata	8	native-host-call	yes	0x004bd120
getimpfilename	1	native-host-call	yes	0x004db370
getimpmemory	1	native-host-call	yes	0x004db4a0
getincombatspoils	8	native-host-call	yes	0x00462ab0
getincomeexpense	2	native-host-call	yes	0x004be150
getinto_defend_play	3	script-definition	no	-
getintoformation	7	native-host-call	yes	0x004999a0
getitem	6	native-host-call	yes	0x004910d0
getlatency	5	native-host-call	yes	0x0048cef0
getleaderlocation	120	native-host-call	yes	0x004bd360
getleaderunittype	82	native-host-call	yes	0x004bd630
getleftartifact	3	native-host-call	yes	0x0042c880
getleftproc	2	script-definition	no	-
getlightningdata	8	native-host-call	yes	0x004a4530
getlineofsite	8	native-host-call	yes	0x004ab820
getlocationatscreenxy	4	native-host-call	yes	0x004e59c0
getlosingarmy	2	native-host-call	yes	0x00460b70
getmemorystatistic	1	script-definition	no	-
getmemorystats	1	native-host-call	yes	0x00505d80
getmissiledata	28	native-host-call	yes	0x004affe0
getmissiletarget	3	native-host-call	yes	0x004693c0
getmodescale	1	native-host-call	yes	0x004e0d00
getmodeticktime	32	native-host-call	yes	0x004e0bf0
getmouseloc	1	native-host-call	yes	0x004d8d70
getmoveproc	2	script-definition	no	-
getmultiplayerflag	193	native-host-call	yes	0x004b6600
getmultiplayeroption	52	native-host-call	yes	0x004b1f50
getmultiscenarioname	4	native-host-call	yes	0x004b3090
getmusicvolume	4	native-host-call	yes	0x00479e60
getmyarmy	5	native-host-call	yes	0x004e90a0
getmyfaithtype	2	native-host-call	yes	0x004b46d0
getnearestenemy	8	native-host-call	yes	0x00463140
getnearestenemyatloc	15	native-host-call	yes	0x00463210
getnearestenemyatlocchecktargets	18	native-host-call	yes	0x004632e0
getnearestscrollingtarget	3	heuristic-false-positive	no	-
getnewchampionname	1414	script-definition	no	-
getnewchampionportrait	1	script-definition	no	-
getnewgameseed	1	native-host-call	yes	0x004e5740
getnumaiplayers	4	native-host-call	yes	0x004b4860
getnumattackers	2	native-host-call	yes	0x00466e00
getnumboats	9	native-host-call	yes	0x004e77e0
getnumspells	47	native-host-call	yes	0x004f18c0
getobjectofcombat	166	native-host-call	yes	0x004619b0
getoriginalowner	35	native-host-call	yes	0x004a1640
getoutnow	7	native-host-call	yes	0x004e3990
getoutnowgetid	4	native-host-call	yes	0x004e39d0
getpagefilename	1	native-host-call	yes	0x004db220
getpageheight	43	native-host-call	yes	0x004dadf0
getpagewidth	45	native-host-call	yes	0x004dacd0
getpartyfaithstring	2	script-definition	no	-
getpassivebarterplayer	2	native-host-call	yes	0x00435500
getplayarmy	150	native-host-call	yes	0x00464d30
getplayeraistatus	265	native-host-call	yes	0x004bc120
getplayerbooleanintelinfodisplaying	8	native-host-call	yes	0x004a0490
getplayerdata	527	native-host-call	yes	0x004bec80
getplayerfaith	239	native-host-call	yes	0x004bd9d0
getplayergroupintoformation	2	native-host-call	yes	0x00499c10
getplayergroupnumberbuffer	1	native-host-call	yes	0x004c0d50
getplayerindicatorcolor	10	native-host-call	yes	0x004bc800
getplayerintelinfo	12	native-host-call	yes	0x0049f440
getplayerintelinfodisplaying	40	native-host-call	yes	0x0049fe70
getplayername	30	native-host-call	yes	0x004c0460
getplayerneutralstatus	29	native-host-call	yes	0x004c0bf0
getplayernumbercontact	8	native-host-call	yes	0x004c0c60
getplayerrace	6	native-host-call	yes	0x004bdb20
getplayerretreatedlocation	2	native-host-call	yes	0x004093b0
getpooltypecount	16	script-definition	no	-
getprisoner	18	native-host-call	yes	0x00507780
getprovidername	2	script-definition	no	-
getquestdefinition	2	native-host-call	yes	0x004c4280
getqueststatus	35	native-host-call	yes	0x004c47b0
getrandomchamptypestring	1	script-definition	no	-
getrealarmyid	122	native-host-call	yes	0x004e5e90
getrealtimeorder	9	native-host-call	yes	0x00409220
getregionowner	4	native-host-call	yes	0x004c83f0
getrelationship	22	native-host-call	yes	0x0051d090
getremapdata	2	native-host-call	yes	0x00494160
getrightartifact	3	native-host-call	yes	0x0042c960
getrightproc	2	script-definition	no	-
getscenarioproperty	13	native-host-call	yes	0x004c91e0
getslider	15	native-host-call	yes	0x004ecb00
getsoundfxvolume	4	native-host-call	yes	0x00479ed0
getspecialbuildingresult	6	native-host-call	yes	0x00449b90
getspecificartifactlocation	22	script-definition	no	-
getspecificunitlocation	34	script-definition	no	-
getspeechvolume	4	native-host-call	yes	0x00479f40
getspelldefdata	2017	native-host-call	yes	0x004f1350
getspellinfo	1070	native-host-call	yes	0x004efb00
getspellname	2	native-host-call	yes	0x004f1960
getspritelocation	30	native-host-call	yes	0x004e0270
getstartingline	11	native-host-call	yes	0x00497ee0
getswatchlocation	6	script-definition	no	-
gettemppath	1	native-host-call	yes	0x005053f0
gettempsavegamefilename	25	native-host-call	yes	0x004e69a0
getterrain	114	native-host-call	yes	0x004e1340
getterrainspriteaileavealone	1	native-host-call	yes	0x0050ea30
getterrainspritebartervalueproc	8	native-host-call	yes	0x005100f0
getterrainspritedeltaproc	11	native-host-call	yes	0x0050ed90
getterrainspritelocation	417	native-host-call	yes	0x0050e550
getterrainspritemapfileproc	1	native-host-call	yes	0x0050ef10
getterrainspriteowner	57	native-host-call	yes	0x0050e7c0
getterrainspriteprocid	103	native-host-call	yes	0x004ed400
getterrainspritetilesetproc	1	native-host-call	yes	0x0050ee50
getterrainspritetype	203	native-host-call	yes	0x0050e310
getterrainspritetypedata	117	native-host-call	yes	0x0050e010
getterrainspriteuserbitflag	4	native-host-call	yes	0x0050fad0
getterraintypename_new	3	script-definition	no	-
gettickcount	4	native-host-call	yes	0x004e3c00
gettotallines	12	native-host-call	yes	0x00498130
getttypexy	3	script-definition	no	-
getturnaidict	1	native-host-call	yes	0x00521b40
getunitcrop	1	script-definition	no	-
getunitdata	1676	native-host-call	yes	0x0041c5a0
getuniteffectivedata	1286	native-host-call	yes	0x00528620
getunitfate	9	native-host-call	yes	0x0042fe70
getunithitpoints	16	native-host-call	yes	0x0052a180
getunithitpointsandmax	7	native-host-call	yes	0x0052a490
getunitindex	49	native-host-call	yes	0x0052fb30
getunitleftartifact	21	native-host-call	yes	0x0042ca40
getunitlevel	236	native-host-call	yes	0x004e7cd0
getunitlevelrange	36	native-host-call	yes	0x0052a090
getunitmaintenance	4	script-definition	no	-
getunitmana	18	native-host-call	yes	0x0044c340
getunitmovementpoints	7	native-host-call	yes	0x0052a210
getunitname	203	native-host-call	yes	0x0044bde0
getunitrightartifact	19	native-host-call	yes	0x0042cae0
getunittypecodecount	1	native-host-call	yes	0x005245b0
getunittypecount	2	native-host-call	yes	0x005243e0
getunittypedata	817	native-host-call	yes	0x00524a20
getunittypeeffectivedata	122	native-host-call	yes	0x0052a710
getunittypeeffectivedata_level	9	native-host-call	yes	0x0052adc0
getunittypeeffectivedata_levelrange	3	native-host-call	yes	0x0052aac0
getunittypelevelrange	4	native-host-call	yes	0x00529ca0
getunittypename	5	script-definition	no	-
getuseddrawblt	4	native-host-call	yes	0x004da350
getvirtualarmyid	2	native-host-call	yes	0x0044e0a0
getvirtualartifactid	7	native-host-call	yes	0x0044e320
getvirtualgreattemple	3	native-host-call	yes	0x0044d8c0
getvirtualresources	12	native-host-call	yes	0x0044da40
getvirtualspellid	36	native-host-call	yes	0x0044e590
getvirtualspellknowledge	7	native-host-call	yes	0x0044dc70
getvirtualstronghold	4	native-host-call	yes	0x0044d7a0
getvirtualunitspot	38	native-host-call	yes	0x0044d600
getvisiblelines	8	native-host-call	yes	0x004981a0
getxywhdata	1	native-host-call	yes	0x004dde50
getzoommode	10	native-host-call	yes	0x004e4000
ghost_sound	4	script-definition	no	-
ghost_speed	4	script-definition	no	-
gift_of_life	18	script-definition	no	-
giftolife_type	2	heuristic-false-positive	no	-
gilbertclo	1	script-definition	no	-
give_amount1	88	script-definition	no	-
give_amount2	79	script-definition	no	-
give_amount3	12	script-definition	no	-
give_army_special_barter_brain	55	heuristic-false-positive	no	-
give_artifact	1	script-definition	no	-
give_level_exp	5041	heuristic-false-positive	no	-
give_level_exp_adj	154	heuristic-false-positive	no	-
give_mod_level_exp	2	script-definition	no	-
give_ratio1	32	script-definition	no	-
give_ratio2	32	script-definition	no	-
give_ratioX1	32	script-definition	no	-
give_ratioX2	31	script-definition	no	-
give_sprite	6	script-definition	no	-
give_string	2	script-definition	no	-
give_unit_level_exp	13	script-definition	no	-
give_unit_max_level	1	script-definition	no	-
give_unittype_level_exp	20	script-definition	no	-
give_unittype_next_level	1	heuristic-false-positive	no	-
give_value	52	script-definition	no	-
give_value_crystals	5	script-definition	no	-
give_value_food	5	script-definition	no	-
give_value_gold	5	script-definition	no	-
givespecialartifact?	2	script-definition	no	-
global_initiates	1	script-definition	no	-
globals	12	script-definition	no	-
gloves_quickness	1	script-definition	no	-
gminus_bf	2	heuristic-false-positive	no	-
gminus_dn_doodad	2	heuristic-false-positive	no	-
gminus_dn_xywh	1	heuristic-false-positive	no	-
gminus_full_xywh	2	heuristic-false-positive	no	-
gminus_up_doodad	2	heuristic-false-positive	no	-
gminus_up_xywh	1	heuristic-false-positive	no	-
gn	8	script-definition	no	-
go_ahead	2	script-definition	no	-
go_into_appropriate_building	1	script-definition	no	-
go_to_city	4	script-definition	no	-
goal_pool	1	script-definition	no	-
goal_stack	15	script-definition	no	-
gold	18	script-definition	no	-
gold0_edit	1	script-definition	no	-
gold0_str	3	script-definition	no	-
gold1_edit	1	script-definition	no	-
gold1_str	3	script-definition	no	-
gold2_edit	1	script-definition	no	-
gold2_str	3	script-definition	no	-
gold_amt	14	script-definition	no	-
gold_amt_box	2	heuristic-false-positive	no	-
gold_amt_str	4	script-definition	no	-
gold_bitmap	4	heuristic-false-positive	no	-
gold_cost	19	script-definition	no	-
gold_days	4	script-definition	no	-
gold_dd	6	heuristic-false-positive	no	-
gold_decreasing_table	1	heuristic-false-positive	no	-
gold_deficit	8	script-definition	no	-
gold_delta	12	script-definition	no	-
gold_edit	4	script-definition	no	-
gold_exp	2	script-definition	no	-
gold_exp_editbox	1	heuristic-false-positive	no	-
gold_exp_item	1	script-definition	no	-
gold_for_ale	43	script-definition	no	-
gold_for_ale1_str	5	script-definition	no	-
gold_for_ale2_str	5	script-definition	no	-
gold_for_ale_text_box	5	heuristic-false-positive	no	-
gold_for_crystals	52	script-definition	no	-
gold_for_crystals1_str	5	script-definition	no	-
gold_for_crystals2_str	5	script-definition	no	-
gold_for_crystals_text_box	5	heuristic-false-positive	no	-
gold_for_fame	34	script-definition	no	-
gold_for_fame1_str	5	script-definition	no	-
gold_for_fame2_str	5	script-definition	no	-
gold_for_fame_text_box	5	heuristic-false-positive	no	-
gold_for_initiates_text_box	4	heuristic-false-positive	no	-
gold_inc	2	script-definition	no	-
gold_inc_editbox	1	heuristic-false-positive	no	-
gold_inc_item	1	script-definition	no	-
gold_increasing_table	1	heuristic-false-positive	no	-
gold_item	4	script-definition	no	-
gold_received	4	script-definition	no	-
gold_rush	8	script-definition	no	-
gold_sound	2	script-definition	no	-
gold_str	4	script-definition	no	-
gold_text	14	script-definition	no	-
gold_upkeep	4	script-definition	no	-
gold_val	16	script-definition	no	-
gold_value	4	script-definition	no	-
golddelta	3	script-definition	no	-
goldh_bitmap	2	heuristic-false-positive	no	-
goldmine_delta	8	script-definition	no	-
goldmine_win	11	script-definition	no	-
goldoutline	25	script-definition	no	-
golds	64	script-definition	no	-
golds_to_steal	1	heuristic-false-positive	no	-
goldvaluestring	1	script-definition	no	-
golgotha_aura	6	heuristic-false-positive	no	-
golgothasgift_aura	1	heuristic-false-positive	no	-
golgoths_gift	17	script-definition	no	-
gonring	1	script-definition	no	-
good_bits	22	script-definition	no	-
good_orders	1	script-definition	no	-
goto_button	1	script-definition	no	-
goto_button_dd	1	script-definition	no	-
goto_button_dd_in	1	script-definition	no	-
goto_button_frame	1	script-definition	no	-
goto_library	4	script-definition	no	-
goto_spell	14	script-definition	no	-
goto_xywh	4	script-definition	no	-
gotocombat	4	script-definition	no	-
gp	6	script-definition	no	-
gpage	18	script-definition	no	-
gpageid	3	script-definition	no	-
gplus_bf	2	heuristic-false-positive	no	-
gplus_dn_doodad	2	heuristic-false-positive	no	-
gplus_dn_xywh	1	heuristic-false-positive	no	-
gplus_full_xywh	2	heuristic-false-positive	no	-
gplus_up_doodad	2	heuristic-false-positive	no	-
gplus_up_xywh	1	heuristic-false-positive	no	-
grail2	1	script-definition	no	-
grailshield	2	script-definition	no	-
grailsword	1	script-definition	no	-
grant_artifact_spell_knowledge	2	script-definition	no	-
grant_artifact_spell_knowledge?	116	script-definition	no	-
grantprisoners	1	heuristic-false-positive	no	-
grantspellknowledge	68	native-host-call	yes	0x004bf190
graphic_page	8	script-definition	no	-
graphicbumperdict	3	script-definition	no	-
graphics_button	1	heuristic-false-positive	no	-
graphicsgarbagestack	266	script-definition	no	-
gray_numbers	1	heuristic-false-positive	no	-
great_temple	27	script-definition	no	-
great_temple_array	4	script-definition	no	-
great_temple_faith	3	script-definition	no	-
great_temple_lord_level?	2	script-definition	no	-
great_temple_ttype	6	script-definition	no	-
great_temple_value	1	script-definition	no	-
greattemple	12	script-definition	no	-
greattemple_item	4	script-definition	no	-
greattemple_price	4	script-definition	no	-
greattemple_purchase_price	14	heuristic-false-positive	no	-
greattemple_purchase_price2	2	script-definition	no	-
greattemplearray	3	script-definition	no	-
greattempleid	8	script-definition	no	-
greattempleprisoners	5	heuristic-false-positive	no	-
greattempletextdict	6	script-definition	no	-
greedy_factor	5	script-definition	no	-
green_button_bf	12	heuristic-false-positive	no	-
green_button_dn_doodad	2	heuristic-false-positive	no	-
green_button_dn_xywh	2	heuristic-false-positive	no	-
green_button_full_xywh	4	heuristic-false-positive	no	-
green_button_up_doodad	2	heuristic-false-positive	no	-
green_button_up_xywh	2	heuristic-false-positive	no	-
green_numbers	27	heuristic-false-positive	no	-
greencloud_aura	1	heuristic-false-positive	no	-
greenscrf	1	script-definition	no	-
grey_eot_button	1	heuristic-false-positive	no	-
grey_eot_item	4	script-definition	no	-
greyed_out_doodad	2	script-definition	no	-
griddistance	118	native-host-call	yes	0x004e5f00
gridsize	4	script-definition	no	-
group	44	script-definition	no	-
group1	17	script-definition	no	-
group2	32	script-definition	no	-
group3	19	script-definition	no	-
group4	8	script-definition	no	-
group5	2	script-definition	no	-
group6	6	script-definition	no	-
group_name	1	script-definition	no	-
group_num	81	script-definition	no	-
group_number_array	2	script-definition	no	-
group_number_box	9	heuristic-false-positive	no	-
groupnamestrings	2	script-definition	no	-
grp	5	script-definition	no	-
gs_down2_doodad	1	heuristic-false-positive	no	-
gs_down2_xywh	1	heuristic-false-positive	no	-
gs_down_arrow	1	heuristic-false-positive	no	-
gs_down_bf	1	heuristic-false-positive	no	-
gs_down_doodad	1	heuristic-false-positive	no	-
gs_down_xywh	1	heuristic-false-positive	no	-
gs_full1_xywh	2	heuristic-false-positive	no	-
gs_full2_xywh	2	heuristic-false-positive	no	-
gs_string	5	script-definition	no	-
gs_up2_doodad	1	heuristic-false-positive	no	-
gs_up2_xywh	1	heuristic-false-positive	no	-
gs_up_arrow	1	heuristic-false-positive	no	-
gs_up_bf	1	heuristic-false-positive	no	-
gs_up_doodad	1	heuristic-false-positive	no	-
gs_up_xywh	1	heuristic-false-positive	no	-
gt	5383	language-primitive	yes	0x004cb690
gt_adjusted_price1	2	script-definition	no	-
gt_adjusted_price2	2	script-definition	no	-
gt_cost_box	2	heuristic-false-positive	no	-
gt_cost_buffer	6	script-definition	no	-
gt_cost_item	2	script-definition	no	-
gt_doodad	6	script-definition	no	-
gt_faith	3	heuristic-false-positive	no	-
gt_grafx	10	script-definition	no	-
gt_id	1	script-definition	no	-
gt_item	2	script-definition	no	-
gt_str_box	2	heuristic-false-positive	no	-
gt_temp	4	script-definition	no	-
gt_textarray	2	script-definition	no	-
gtemple_id	1	script-definition	no	-
gtid	9	script-definition	no	-
gtprogress_lbms	2	script-definition	no	-
gtsprites	5	script-definition	no	-
gtstatus	4	script-definition	no	-
gtwrprogress_lbms	1	script-definition	no	-
guard_tower0_array	2	script-definition	no	-
guard_tower1_array	2	script-definition	no	-
guard_tower1_ttype	6	script-definition	no	-
guard_tower2_array	2	script-definition	no	-
guard_tower2_ttype	6	script-definition	no	-
guard_tower3_array	2	script-definition	no	-
guard_tower3_ttype	6	script-definition	no	-
guardian_waves	12	script-definition	no	-
guardian_winds	23	script-definition	no	-
guess_factor_a	72	script-definition	no	-
guess_factor_d	54	script-definition	no	-
guess_factor_e	18	script-definition	no	-
guild0_array	2	script-definition	no	-
guild1_array	2	script-definition	no	-
guild1_ttype	6	script-definition	no	-
guild2_array	2	script-definition	no	-
guild2_ttype	6	script-definition	no	-
guild3_array	2	script-definition	no	-
guild3_ttype	6	script-definition	no	-
h	606	script-definition	no	-
h1	1	script-definition	no	-
h2	1	script-definition	no	-
ha1	3	script-definition	no	-
ha2	3	script-definition	no	-
ha_compare	1	script-definition	no	-
halfsize_dlg_dict	5	script-definition	no	-
halo_color_array	1	script-definition	no	-
hand_of_fate	20	script-definition	no	-
hand_type	2	script-definition	no	-
handle_artifacts_by_turn	1	script-definition	no	-
handle_resources	8	script-definition	no	-
handle_special_barter_event?	1	heuristic-false-positive	no	-
handlecombatgroupkey	20	native-host-call	yes	0x00530990
handofate_aura	3	heuristic-false-positive	no	-
happy1	1	script-definition	no	-
happy2	1	script-definition	no	-
happy3	1	script-definition	no	-
happy4	1	script-definition	no	-
happyloop	1	script-definition	no	-
hard_item	4	script-definition	no	-
hard_text	2	heuristic-false-positive	no	-
hard_text_item	2	script-definition	no	-
has_banner	2	script-definition	no	-
has_heir?	1	script-definition	no	-
has_soul?	13	script-definition	no	-
hasarmy?	384	native-host-call	yes	0x004e5090
hascost?	36	script-definition	no	-
hasorisarmy?	11	native-host-call	yes	0x004e4e10
hasprisoners?	15	native-host-call	yes	0x004c3570
hasspecialeffect?	20	native-host-call	yes	0x00427160
hasspellbuff?	206	script-definition	no	-
hatred	3	script-definition	no	-
have	3	script-definition	no	-
have_retreated	4	native-host-call	yes	0x00510140
have_water_wizards_tower?	1	script-definition	no	-
hbarrow	4	heuristic-false-positive	no	-
heading	11	script-definition	no	-
heading_edit	2	heuristic-false-positive	no	-
headwind	23	script-definition	no	-
heal_amount	1	script-definition	no	-
heal_anyone_spells	1	script-definition	no	-
heal_aura	22	heuristic-false-positive	no	-
heal_crystal	6	script-definition	no	-
heal_fire	19	script-definition	no	-
heal_life	17	script-definition	no	-
heal_number	3	script-definition	no	-
heal_party_string	2	script-definition	no	-
heal_rate_spells	1	script-definition	no	-
heal_self	17	script-definition	no	-
heal_self_artifacts	1	script-definition	no	-
heal_self_spells	1	script-definition	no	-
heal_spell_d3	1	script-definition	no	-
heal_spell_x2	1	script-definition	no	-
heal_stack	8	script-definition	no	-
heal_text	12	script-definition	no	-
heal_with_crystals?	1	script-definition	no	-
healing_aura	3	heuristic-false-positive	no	-
healing_spells	2	script-definition	no	-
healing_waters	11	script-definition	no	-
health	4	script-definition	no	-
health_background_dd	33	heuristic-false-positive	no	-
health_bar_array	6	script-definition	no	-
health_bar_background	1	heuristic-false-positive	no	-
health_boxes	2	script-definition	no	-
health_cost	253	script-definition	no	-
health_dd_a	2	heuristic-false-positive	no	-
health_dd_array	2	script-definition	no	-
health_dd_c	2	heuristic-false-positive	no	-
health_dd_d	2	heuristic-false-positive	no	-
health_dd_e	2	heuristic-false-positive	no	-
health_dd_f	2	heuristic-false-positive	no	-
health_dd_l	3	heuristic-false-positive	no	-
health_dd_n	2	heuristic-false-positive	no	-
health_dd_o	2	heuristic-false-positive	no	-
health_dd_w	2	heuristic-false-positive	no	-
health_divider_dd	71	heuristic-false-positive	no	-
health_id	14	script-definition	no	-
health_minimum_percent	2	script-definition	no	-
health_name	4	script-definition	no	-
health_potion_str	3	script-definition	no	-
health_proc	15	script-definition	no	-
health_text_box	5	heuristic-false-positive	no	-
healthbar_item	4	script-definition	no	-
healwater_aura	1	heuristic-false-positive	no	-
heat_metal	19	script-definition	no	-
heat_metal_type	1	script-definition	no	-
heat_shield	16	script-definition	no	-
heatmetal_aura	5	heuristic-false-positive	no	-
hedit0_agility	3	heuristic-false-positive	no	-
hedit0_attack_recovery	3	heuristic-false-positive	no	-
hedit0_attacked	3	heuristic-false-positive	no	-
hedit0_average_resistance	3	heuristic-false-positive	no	-
hedit0_defense	3	heuristic-false-positive	no	-
hedit0_hit_recovery	3	heuristic-false-positive	no	-
hedit0_hitpts	3	heuristic-false-positive	no	-
hedit0_luck	3	heuristic-false-positive	no	-
hedit0_mana	3	heuristic-false-positive	no	-
hedit0_melee_resistance	3	heuristic-false-positive	no	-
hedit0_missile_resistance	3	heuristic-false-positive	no	-
hedit0_movepts	3	heuristic-false-positive	no	-
hedit0_neg_resist_air	3	heuristic-false-positive	no	-
hedit0_neg_resist_chaos	3	heuristic-false-positive	no	-
hedit0_neg_resist_death	3	heuristic-false-positive	no	-
hedit0_neg_resist_earth	3	heuristic-false-positive	no	-
hedit0_neg_resist_fire	3	heuristic-false-positive	no	-
hedit0_neg_resist_life	3	heuristic-false-positive	no	-
hedit0_neg_resist_order	3	heuristic-false-positive	no	-
hedit0_neg_resist_water	3	heuristic-false-positive	no	-
hedit0_ranged	3	heuristic-false-positive	no	-
hedit0_ranged_strength	3	heuristic-false-positive	no	-
hedit0_recover_health	3	heuristic-false-positive	no	-
hedit0_recover_health_inside	3	heuristic-false-positive	no	-
hedit0_recover_health_moved	3	heuristic-false-positive	no	-
hedit0_resist_air	3	heuristic-false-positive	no	-
hedit0_resist_chaos	3	heuristic-false-positive	no	-
hedit0_resist_death	3	heuristic-false-positive	no	-
hedit0_resist_earth	3	heuristic-false-positive	no	-
hedit0_resist_fire	3	heuristic-false-positive	no	-
hedit0_resist_life	3	heuristic-false-positive	no	-
hedit0_resist_order	3	heuristic-false-positive	no	-
hedit0_resist_water	3	heuristic-false-positive	no	-
hedit0_sight_radius	3	heuristic-false-positive	no	-
hedit0_stealth	3	heuristic-false-positive	no	-
hedit0_strength	3	heuristic-false-positive	no	-
hedit0_wisdom	3	heuristic-false-positive	no	-
height	43	script-definition	no	-
heir_army	2	script-definition	no	-
heir_possible	1	script-definition	no	-
heir_unit	1	script-definition	no	-
heirinarmy?	39	script-definition	no	-
helmet_stone	6	script-definition	no	-
helmet_warlord	6	script-definition	no	-
help1_buffer	4	script-definition	no	-
help_button	1	heuristic-false-positive	no	-
help_string	20	script-definition	no	-
helpfont	52	script-definition	no	-
helyesbk	1	script-definition	no	-
hermit	6	heuristic-false-positive	no	-
heroic_demise	13	script-definition	no	-
heroicdemise_aura	4	heuristic-false-positive	no	-
hh	2	heuristic-false-positive	yes	-
hidden_quest_0	3	script-definition	no	-
hidden_quest_1	5	script-definition	no	-
hidden_quest_2	5	script-definition	no	-
hidden_quest_3	7	script-definition	no	-
hidden_quest_4	5	script-definition	no	-
hidden_quest_5	5	script-definition	no	-
hidden_quest_6	3	script-definition	no	-
hidden_quest_7	3	script-definition	no	-
hidecursor	9	native-host-call	yes	0x00472c10
high	10	script-definition	no	-
high_amt	3	script-definition	no	-
high_type	2	script-definition	no	-
high_val	3	script-definition	no	-
higher	20	script-definition	no	-
highest_armor_a	5	script-definition	no	-
highest_armor_d	5	script-definition	no	-
highest_attack_a	8	script-definition	no	-
highest_attack_d	8	script-definition	no	-
highest_level	5	script-definition	no	-
highest_level_a	6	script-definition	no	-
highest_level_d	6	script-definition	no	-
highest_level_thief_in_army?	50	script-definition	no	-
highest_ranged_attack_a	8	script-definition	no	-
highest_ranged_attack_d	8	script-definition	no	-
highest_stronghold_level	5	script-definition	no	-
highest_unit_level	1	heuristic-false-positive	no	-
hilite_doodad	1	script-definition	no	-
hilite_icon	2	heuristic-false-positive	no	-
hilite_quest_index	2	script-definition	no	-
hilite_selected_unit_index	2	script-definition	no	-
hire_amount	45	script-definition	no	-
hire_cost0	15	script-definition	no	-
hire_cost1	15	script-definition	no	-
hire_cost2	15	script-definition	no	-
hire_cost3	15	script-definition	no	-
hire_cost4	15	script-definition	no	-
hire_unit_info	3	script-definition	no	-
hire_upkeep0	6	script-definition	no	-
hire_upkeep1	6	script-definition	no	-
hire_upkeep2	6	script-definition	no	-
hire_upkeep3	6	script-definition	no	-
hire_upkeep4	6	script-definition	no	-
hire_upkeeps	6	script-definition	no	-
hireunit	3	native-host-call	yes	0x00443920
hireunitat	31	native-host-call	yes	0x00443a90
hist_other_party	11	script-definition	no	-
hist_outcome	3	script-definition	no	-
hist_ranking	1	script-definition	no	-
hist_statement_dict	1	script-definition	no	-
hist_type_dict	1	script-definition	no	-
hist_verb	11	script-definition	no	-
hist_what_dict	1	script-definition	no	-
hit_adj	6	script-definition	no	-
hitpoint_value	7	script-definition	no	-
hitpointstring	4	script-definition	no	-
hitpointstring1	3	script-definition	no	-
hits_to_kill	3	script-definition	no	-
hittable	4	script-definition	no	-
hlygrail	4	heuristic-false-positive	no	-
hocuspocus	1	native-host-call	yes	0x004ac220
holy_enchantment	9	script-definition	no	-
holy_ghost	3	script-definition	no	-
holy_visit	13	script-definition	no	-
holyench_aura	1	heuristic-false-positive	no	-
holygrail	1	script-definition	no	-
home_city	2	script-definition	no	-
home_loc	4	script-definition	no	-
home_location	22	script-definition	no	-
horns	2	heuristic-false-positive	no	-
horrified	32	script-definition	no	-
host_play_button	2	heuristic-false-positive	no	-
hostile	1	script-definition	no	-
hotkey_button	1	heuristic-false-positive	no	-
hotkey_dlg	6	script-definition	no	-
how_many	2	script-definition	no	-
how_much_do_I_want_this_unit?	2	script-definition	no	-
hp	10	script-definition	no	-
hp_box	2	heuristic-false-positive	no	-
hp_ratio	2	script-definition	no	-
hp_str	12	script-definition	no	-
hp_text	2	heuristic-false-positive	no	-
hp_val	2	heuristic-false-positive	no	-
hpo1_x	23	script-definition	no	-
hpo1_y	23	script-definition	no	-
hpo2_x	24	script-definition	no	-
hpo2_y	24	script-definition	no	-
hpo3_x	23	script-definition	no	-
hpo3_y	23	script-definition	no	-
hstring	2	script-definition	no	-
htext0_agility	4	script-definition	no	-
htext0_attack_recovery	4	script-definition	no	-
htext0_attacked	4	script-definition	no	-
htext0_average_resistance	4	script-definition	no	-
htext0_barter_value	1	script-definition	no	-
htext0_combat_speed	1	script-definition	no	-
htext0_defense	4	script-definition	no	-
htext0_dexterity_mod	1	script-definition	no	-
htext0_exp_pts	1	script-definition	no	-
htext0_health_recover	1	script-definition	no	-
htext0_hit_recovery	4	script-definition	no	-
htext0_hitpts	7	script-definition	no	-
htext0_luck	4	script-definition	no	-
htext0_mana	7	script-definition	no	-
htext0_melee_resistance	4	script-definition	no	-
htext0_missile_resistance	4	script-definition	no	-
htext0_movepts	7	script-definition	no	-
htext0_neg_resist_air	4	script-definition	no	-
htext0_neg_resist_chaos	4	script-definition	no	-
htext0_neg_resist_death	4	script-definition	no	-
htext0_neg_resist_earth	4	script-definition	no	-
htext0_neg_resist_fire	4	script-definition	no	-
htext0_neg_resist_life	4	script-definition	no	-
htext0_neg_resist_order	4	script-definition	no	-
htext0_neg_resist_water	4	script-definition	no	-
htext0_ranged	7	script-definition	no	-
htext0_ranged_strength	7	script-definition	no	-
htext0_recover_health	7	script-definition	no	-
htext0_recover_health_inside	4	script-definition	no	-
htext0_recover_health_moved	7	script-definition	no	-
htext0_resist_air	4	script-definition	no	-
htext0_resist_chaos	4	script-definition	no	-
htext0_resist_death	4	script-definition	no	-
htext0_resist_earth	4	script-definition	no	-
htext0_resist_fire	4	script-definition	no	-
htext0_resist_life	4	script-definition	no	-
htext0_resist_order	4	script-definition	no	-
htext0_resist_water	4	script-definition	no	-
htext0_sight_radius	4	script-definition	no	-
htext0_stealth	4	script-definition	no	-
htext0_strength	4	script-definition	no	-
htext0_strength_mod	1	script-definition	no	-
htext0_wisdom	4	script-definition	no	-
htext0_wisdom_mod	1	script-definition	no	-
hui	4	script-definition	no	-
human_enemies	6	script-definition	no	-
human_faith	83	script-definition	no	-
human_id	9	script-definition	no	-
human_name	25	script-definition	no	-
human_player	10	script-definition	no	-
human_region	46	script-definition	no	-
human_turn	96	script-definition	no	-
hurt_amount	1	script-definition	no	-
hw	2	heuristic-false-positive	yes	-
hydra_aura2	1	heuristic-false-positive	no	-
hydra_aura2b	1	heuristic-false-positive	no	-
hydra_aura3	1	heuristic-false-positive	no	-
hydra_aura3b	1	heuristic-false-positive	no	-
hypothermia	5	script-definition	no	-
i	407	script-definition	no	-
i2	6	script-definition	no	-
i_fireball	2	script-definition	no	-
i_golggift	1	script-definition	no	-
i_id	2	heuristic-false-positive	no	-
i_lightrain	2	script-definition	no	-
i_opened	1	script-definition	no	-
i_own_stronghold?	7	script-definition	no	-
i_ribolt	1	script-definition	no	-
i_rocksling	1	script-definition	no	-
i_sparrow	1	script-definition	no	-
i_vortex	1	script-definition	no	-
ice	1	heuristic-false-positive	yes	-
ice1	2	script-definition	no	-
ice2	1	script-definition	no	-
ice3	1	script-definition	no	-
ice4	1	script-definition	no	-
ice5	1	script-definition	no	-
ice6	1	script-definition	no	-
ice_button	1	heuristic-false-positive	no	-
ice_comet	8	script-definition	no	-
icebolt_aura	2	heuristic-false-positive	no	-
icebolt_type	2	heuristic-false-positive	no	-
iceloop	1	script-definition	no	-
icon0_doodad	1	heuristic-false-positive	no	-
icon1_doodad	1	heuristic-false-positive	no	-
icon2_doodad	1	heuristic-false-positive	no	-
icon3_doodad	1	heuristic-false-positive	no	-
icon4_doodad	1	heuristic-false-positive	no	-
icon_doodads	2	script-definition	no	-
icy_coffin	8	script-definition	no	-
id	962	script-definition	no	-
id0	3	script-definition	no	-
id1	6	script-definition	no	-
id2	8	script-definition	no	-
id3	1	script-definition	no	-
id_owner	20	script-definition	no	-
id_stack	8	script-definition	no	-
id_type	2	script-definition	no	-
idiv	1832	language-primitive	yes	0x004cb090
idle_mages	5	script-definition	no	-
if	19441	language-primitive	yes	0x004c9ee0
ifelse	9429	language-primitive	yes	0x004c9ef0
ignore_warning	1	heuristic-false-positive	no	-
ignorecombatdesync?	1	script-definition	no	-
iknowyouknowspell?	2	native-host-call	yes	0x004a1720
im_a_ghost?	1	script-definition	no	-
im_id	1	script-definition	no	-
im_player	12	script-definition	no	-
image	57	script-definition	no	-
immolate_type	1	script-definition	no	-
immolation	13	script-definition	no	-
imp	124	native-host-call	yes	0x0049b690
imp_filename	115	script-definition	no	-
imp_id	10	script-definition	no	-
imp_list	1	script-definition	no	-
impact_sound	6	script-definition	no	-
importanttoguard?	8	script-definition	no	-
impplayer	45	native-host-call	yes	0x0049e770
in_tick_count	2	script-definition	no	-
inc_amt	6	script-definition	no	-
inc_crystals_str	2	script-definition	no	-
inc_food_str	2	script-definition	no	-
inc_gold_str	2	script-definition	no	-
inclev_bf	2	heuristic-false-positive	no	-
inclev_button	2	heuristic-false-positive	no	-
inclev_dn_doodad	2	heuristic-false-positive	no	-
inclev_dn_xywh	2	heuristic-false-positive	no	-
inclev_full_xywh	4	heuristic-false-positive	no	-
inclev_up_doodad	2	heuristic-false-positive	no	-
inclev_up_xywh	2	heuristic-false-positive	no	-
incmultiplayeroption	7	native-host-call	yes	0x004b2170
incombat	527	native-host-call	yes	0x004e3ea0
income_edit	1	script-definition	no	-
income_text_item	1	script-definition	no	-
income_txt_editbox	1	heuristic-false-positive	no	-
increase_amount	1	script-definition	no	-
increasing_table	1	script-definition	no	-
increment	119	native-host-call	yes	0x004ccc40
increment_counts	2	script-definition	no	-
increment_progress	10	script-definition	no	-
incrementstartingline	3	native-host-call	yes	0x00497f60
incres_bf	2	heuristic-false-positive	no	-
incres_button	2	heuristic-false-positive	no	-
incres_dn_doodad	2	heuristic-false-positive	no	-
incres_dn_xywh	2	heuristic-false-positive	no	-
incres_full_xywh	4	heuristic-false-positive	no	-
incres_up_doodad	2	heuristic-false-positive	no	-
incres_up_xywh	2	heuristic-false-positive	no	-
index	193	script-definition	no	-
index_button	1	heuristic-false-positive	no	-
index_dbf	1	script-definition	no	-
index_of_spell	1	script-definition	no	-
index_sbf	1	heuristic-false-positive	no	-
index_tbf	1	heuristic-false-positive	no	-
indexnum	2	script-definition	no	-
indexoffset	8	script-definition	no	-
indicate_category	4	script-definition	no	-
indicate_tone	2	script-definition	no	-
indicator_page	21	script-definition	no	-
inf_fac_str	2	script-definition	no	-
inferno	14	script-definition	no	-
inferno_type	1	script-definition	no	-
infest_cave	9	script-definition	no	-
info_agility	10	heuristic-false-positive	no	-
info_ale	33	heuristic-false-positive	no	-
info_artifact_charges	2	heuristic-false-positive	no	-
info_artifact_mana	1	heuristic-false-positive	no	-
info_attack	8	heuristic-false-positive	no	-
info_attack_rate	8	heuristic-false-positive	no	-
info_barter	2	heuristic-false-positive	no	-
info_berserk	2	heuristic-false-positive	no	-
info_blankd	1	heuristic-false-positive	no	-
info_blankl	1	heuristic-false-positive	no	-
info_crystals	40	heuristic-false-positive	no	-
info_defense	9	heuristic-false-positive	no	-
info_detect_thief	1	heuristic-false-positive	no	-
info_edit0	2	heuristic-false-positive	no	-
info_edit1	2	heuristic-false-positive	no	-
info_edit2	2	heuristic-false-positive	no	-
info_edit3	2	heuristic-false-positive	no	-
info_edit4	2	heuristic-false-positive	no	-
info_edit5	2	heuristic-false-positive	no	-
info_edit6	2	heuristic-false-positive	no	-
info_edit7	2	heuristic-false-positive	no	-
info_edit8	2	heuristic-false-positive	no	-
info_edit9	2	heuristic-false-positive	no	-
info_edits	2	script-definition	no	-
info_experience_points	2	heuristic-false-positive	no	-
info_extra_attack	2	heuristic-false-positive	no	-
info_extra_ranged	1	heuristic-false-positive	no	-
info_fame	21	heuristic-false-positive	no	-
info_gold	34	heuristic-false-positive	no	-
info_health_recovery	8	heuristic-false-positive	no	-
info_hit_recovery	8	heuristic-false-positive	no	-
info_hitpts	11	heuristic-false-positive	no	-
info_inits	8	heuristic-false-positive	no	-
info_luck	9	heuristic-false-positive	no	-
info_mana	10	heuristic-false-positive	no	-
info_missile_speed	2	heuristic-false-positive	no	-
info_movepts	11	heuristic-false-positive	no	-
info_panel_mode	32	script-definition	no	-
info_physical_resistance	8	heuristic-false-positive	no	-
info_ranged	9	heuristic-false-positive	no	-
info_rate_of_fire	8	heuristic-false-positive	no	-
info_resist_air	7	heuristic-false-positive	no	-
info_resist_chaos	7	heuristic-false-positive	no	-
info_resist_death	7	heuristic-false-positive	no	-
info_resist_earth	7	heuristic-false-positive	no	-
info_resist_fire	7	heuristic-false-positive	no	-
info_resist_life	7	heuristic-false-positive	no	-
info_resist_order	7	heuristic-false-positive	no	-
info_resist_water	7	heuristic-false-positive	no	-
info_resistance	8	heuristic-false-positive	no	-
info_sight_radius	8	heuristic-false-positive	no	-
info_spell_research	2	heuristic-false-positive	no	-
info_stat_air	1	heuristic-false-positive	no	-
info_stat_chaos	1	heuristic-false-positive	no	-
info_stat_death	1	heuristic-false-positive	no	-
info_stat_earth	1	heuristic-false-positive	no	-
info_stat_fire	1	heuristic-false-positive	no	-
info_stat_life	1	heuristic-false-positive	no	-
info_stat_order	1	heuristic-false-positive	no	-
info_stat_water	1	heuristic-false-positive	no	-
info_steal	2	heuristic-false-positive	no	-
info_stealth	8	heuristic-false-positive	no	-
info_strength	10	heuristic-false-positive	no	-
info_subdue	2	heuristic-false-positive	no	-
info_text0	4	script-definition	no	-
info_text1	4	script-definition	no	-
info_text2	4	script-definition	no	-
info_text3	4	script-definition	no	-
info_text4	4	script-definition	no	-
info_text5	4	script-definition	no	-
info_text6	4	script-definition	no	-
info_text7	4	script-definition	no	-
info_text8	4	script-definition	no	-
info_text9	4	script-definition	no	-
info_texts	3	script-definition	no	-
info_unknown_stat	1	heuristic-false-positive	no	-
info_wisdom	9	heuristic-false-positive	no	-
info_x	5	heuristic-false-positive	no	-
infopan_aimed_mark_box	1	heuristic-false-positive	no	-
infopan_artifact_bk	7	heuristic-false-positive	no	-
infopan_back	6	heuristic-false-positive	no	-
infopan_berserk_mark_box	1	heuristic-false-positive	no	-
infopan_breath_mark_box	1	heuristic-false-positive	no	-
infopan_cross_mark_box	4	heuristic-false-positive	no	-
infopan_fly_mark_box	1	heuristic-false-positive	no	-
infopan_heir_mark_box	1	heuristic-false-positive	no	-
infopan_leader_mark_box	1	heuristic-false-positive	no	-
infopan_leader_mark_flag	2	heuristic-false-positive	no	-
infopan_mercenary_mark_box	1	heuristic-false-positive	no	-
infopan_null_mark_box	4	heuristic-false-positive	no	-
infopan_question_box_red	1	heuristic-false-positive	no	-
infopan_rally_mark_box	1	heuristic-false-positive	no	-
infopan_special_mark_box	2	heuristic-false-positive	no	-
infopan_spell_buff_mark_box_yellow	1	heuristic-false-positive	no	-
infopan_stealth_mark_box	1	heuristic-false-positive	no	-
infopan_swim_mark_box	1	heuristic-false-positive	no	-
infopan_teleport_artifact_mark_box	1	heuristic-false-positive	no	-
infopan_volunteer_mark_box	1	heuristic-false-positive	no	-
infopan_walk_mark_box	1	heuristic-false-positive	no	-
infopan_web_mark_box	1	heuristic-false-positive	no	-
infopan_x_mark_box	1	heuristic-false-positive	no	-
infopanframe_page	3	script-definition	no	-
inherent_owner	19	script-definition	no	-
init_ai_spell_values	2	script-definition	no	-
init_army_roster_containers	1	script-definition	no	-
init_artifact_results_data	2	script-definition	no	-
init_building_info	1	script-definition	no	-
init_buy_artifact_containers	2	script-definition	no	-
init_buy_artifact_list	6	script-definition	no	-
init_buy_spell_containers	2	script-definition	no	-
init_buy_unit_containers	4	script-definition	no	-
init_com_eval	4	script-definition	no	-
init_data	6	script-definition	no	-
init_dd	4	heuristic-false-positive	no	-
init_diff	12	script-definition	no	-
init_dynamic_object_array	2	script-definition	no	-
init_encounter_resources	2	script-definition	no	-
init_intel	18	script-definition	no	-
init_jobs	2	script-definition	no	-
init_purchase_spell_containers	2	script-definition	no	-
init_purchase_unit_containers	2	script-definition	no	-
init_purchased_artifact_containers	2	script-definition	no	-
init_quest_dlg_vars	2	script-definition	no	-
init_text	8	script-definition	no	-
init_trade_data	2	script-definition	no	-
init_turnai_for_new_game	1	script-definition	no	-
init_unit_artifact_containers	2	script-definition	no	-
init_unit_roster_dlg_items	1	script-definition	no	-
init_units	15	script-definition	no	-
init_val	16	script-definition	no	-
init_value	4	script-definition	no	-
initcastdata	47	native-host-call	yes	0x004f1b90
initdungeondata	1	script-definition	no	-
initeditdialog	3	script-definition	no	-
initgamereservedints	1	native-host-call	yes	0x00489730
initgeneratorstack	1	heuristic-false-positive	no	-
initial_attitude	5	script-definition	no	-
initial_attitude_table	1	script-definition	no	-
initial_barter_tone	1	script-definition	no	-
initial_offer	2	script-definition	no	-
initialize_barter_dialog_system	2	heuristic-false-positive	no	-
initialize_box	4	script-definition	no	-
initialize_first_unknown_spell_index	4	script-definition	no	-
initialize_for_special_barter	2	heuristic-false-positive	no	-
initialize_library_index	2	script-definition	no	-
initialize_panel	4	script-definition	no	-
initialize_panels	2	script-definition	no	-
initialize_trade_items	4	script-definition	no	-
initialize_visible_array	12	script-definition	no	-
initiate_arrival_equation	1	script-definition	no	-
initiate_barter_tones	3	script-definition	no	-
initiate_cost	3	script-definition	no	-
initiate_delta	4	script-definition	no	-
initiate_upkeep	4	script-definition	no	-
initiates	10	script-definition	no	-
initiates_deficit	8	script-definition	no	-
initiates_for_ale_text_box	4	heuristic-false-positive	no	-
initiates_for_crystals_text_box	4	heuristic-false-positive	no	-
initiates_for_fame_text_box	4	heuristic-false-positive	no	-
initiates_for_gold_text_box	4	heuristic-false-positive	no	-
initiates_in_strongholds	8	script-definition	no	-
initiates_turn_editbox	2	script-definition	no	-
initiates_turn_item	1	script-definition	no	-
initiates_turn_str	4	script-definition	no	-
initiatesvaluestring	1	script-definition	no	-
initmovementflags	6	native-host-call	yes	0x004ac500
inits	59	script-definition	no	-
inits_cost	6	script-definition	no	-
inits_edit	2	heuristic-false-positive	no	-
inits_set_aside	3	heuristic-false-positive	no	-
inits_str	4	script-definition	no	-
inits_to_keep	5	script-definition	no	-
initusers	1	native-host-call	yes	0x004deeb0
insane_item	2	script-definition	no	-
insane_mode?	27	script-definition	no	-
insane_text	1	heuristic-false-positive	no	-
insane_text_item	1	script-definition	no	-
inspire	8	script-definition	no	-
installregent	1	native-host-call	yes	0x00450550
instantfreeprisoner	1	native-host-call	yes	0x004c38d0
instantiatearmy	1	script-definition	no	-
instantiatemultileveldungeon	2	native-host-call	yes	0x00488ab0
instantkillprisoner	1	native-host-call	yes	0x004c3840
int_intel_screen_economic	1	script-definition	no	-
int_rally_info	3	script-definition	no	-
int_report_button	1	script-definition	no	-
int_report_button_dd	1	heuristic-false-positive	no	-
int_report_button_frame	1	heuristic-false-positive	no	-
int_report_button_in_dd	1	heuristic-false-positive	no	-
int_report_item	3	script-definition	no	-
int_report_xywh	4	heuristic-false-positive	no	-
intel_button_sbf	2	script-definition	no	-
intel_button_tbf	2	script-definition	no	-
intel_dialog	198	script-definition	no	-
intel_mod_box	10	script-definition	no	-
intel_panel_doodad	6	script-definition	no	-
intel_spell	6	script-definition	no	-
intel_spell_name	4	script-definition	no	-
intel_stone_page	3	script-definition	no	-
intel_values	60	script-definition	no	-
intellegence_dict	171	script-definition	no	-
intent	2	script-definition	no	-
interpolate	1	script-definition	no	-
interrogate_equation	12	script-definition	no	-
interrogate_result	8	script-definition	no	-
interrogateprisonerproc	2	native-host-call	yes	0x004e2b20
interrogateprisoners	6	native-host-call	yes	0x004c3700
intspr1_page	91	script-definition	no	-
inventor	29	script-definition	no	-
inventor_backdrop_doodad	4	heuristic-false-positive	no	-
inventor_boxes	15	script-definition	no	-
inventor_change_proc0	1	script-definition	no	-
inventor_change_proc1	1	script-definition	no	-
inventor_change_proc2	1	script-definition	no	-
inventor_container0	1	heuristic-false-positive	no	-
inventor_container1	1	heuristic-false-positive	no	-
inventor_container2	1	heuristic-false-positive	no	-
inventor_container_flag	3	heuristic-false-positive	no	-
inventor_dict	6	script-definition	no	-
inventor_doodad	6	heuristic-false-positive	no	-
inventor_locations	2	script-definition	no	-
inventor_on	1	script-definition	no	-
inventor_spot_flag	21	heuristic-false-positive	no	-
inventorpage	11	script-definition	no	-
invfact2	3	script-definition	no	-
invisibility_aura	1	heuristic-false-positive	no	-
invoke_effects	1	script-definition	no	-
invoke_fate	8	script-definition	no	-
invoke_spell	74	script-definition	no	-
invulnerability	4	script-definition	no	-
ip	31	script-definition	no	-
iron_skin	6	script-definition	no	-
is_all_creature_4	1	heuristic-false-positive	no	-
is_ally	12	script-definition	no	-
is_army_data?	3	script-definition	no	-
is_attacker?	8	heuristic-false-positive	no	-
is_custom_play?	6	script-definition	no	-
is_custom_special_barter_dialog	5	heuristic-false-positive	no	-
is_demo_version?	3	script-definition	no	-
is_enter?	2	script-definition	no	-
is_merc_battle	8	script-definition	no	-
is_ok	5	script-definition	no	-
is_playing_enhanced_play	10	script-definition	no	-
is_playing_enhanced_play_done	2	script-definition	no	-
is_scout?	1	script-definition	no	-
is_scroll	2	heuristic-false-positive	no	-
is_shutdown?	2	script-definition	no	-
is_special_barter_combat	2	heuristic-false-positive	no	-
is_special_barter_involved?	4	script-definition	no	-
is_stopped?	1	script-definition	no	-
is_unit_data?	5	script-definition	no	-
is_unit_modifier?	5	script-definition	no	-
is_valid_target	2	script-definition	no	-
is_wiz	1	heuristic-false-positive	no	-
isactive?	1	native-host-call	yes	0x00409740
isair?	14	script-definition	no	-
isanything?	26	native-host-call	yes	0x004e66a0
isarmy?	306	native-host-call	yes	0x004e4d00
isarmybeingattacked?	1	native-host-call	yes	0x00466d00
isarmydead?	190	native-host-call	yes	0x004673b0
isarmyinterrainsprite?	252	native-host-call	yes	0x004ed300
isarmyretreated?	12	native-host-call	yes	0x00467540
isarmytrulydead?	10	native-host-call	yes	0x004674d0
isartifacttypeinvisible?	7	native-host-call	yes	0x0042d240
isattacker?	5	native-host-call	yes	0x00464400
isbalkoth?	10	script-definition	no	-
isbiting?	1	script-definition	no	-
isboat?	9	native-host-call	yes	0x004e7850
isbuilding?	48	native-host-call	yes	0x004e4bf0
isburning?	1	script-definition	no	-
iscavalry?	9	script-definition	no	-
ischampion?	237	heuristic-false-positive	no	-
ischampionbrainargvalid?	7	native-host-call	yes	0x0040fd10
ischaos?	18	script-definition	no	-
iscity?	134	native-host-call	yes	0x004e4ae0
iscitycombat?	12	native-host-call	yes	0x004648e0
iscitygate?	8	native-host-call	yes	0x00427030
iscitygateclose?	3	native-host-call	yes	0x00458d50
iscitygateopen?	2	native-host-call	yes	0x00458cb0
iscomputer?	9	script-definition	no	-
isconquered?	25	native-host-call	yes	0x0050f810
iscontrolledbuilding?	4	native-host-call	yes	0x00443360
iscreature?	463	heuristic-false-positive	no	-
iscreaturecode?	3	heuristic-false-positive	no	-
iscritical?	4	script-definition	no	-
iscrushing?	3	script-definition	no	-
iscurrentartifactknowntoplayer?	9	native-host-call	yes	0x0042bee0
iscurrentartifactwielded?	27	native-host-call	yes	0x0042bff0
iscustomleader?	4	native-host-call	yes	0x0044cd10
isdead	3	script-definition	no	-
isdeadly?	3	script-definition	no	-
isdeath?	41	script-definition	no	-
isdesperate?	4	script-definition	no	-
isdetectthief?	3	native-host-call	yes	0x00507380
isdisabledspell?	6	native-host-call	yes	0x004f0670
isdone_cast_post_spells?	1	script-definition	no	-
isdonegetintoformation?	4	native-host-call	yes	0x00499e50
isdungeonempty?	4	native-host-call	yes	0x005111b0
isearth?	26	script-definition	no	-
isf_army	2	script-definition	no	-
isfemale?	3	script-definition	no	-
isfire?	24	script-definition	no	-
isfleemark?	2	native-host-call	yes	0x004e4ee0
isfullstrength?	2	native-host-call	yes	0x004d69d0
isgatedestroy?	3	native-host-call	yes	0x00459b30
isgoblin?	5	script-definition	no	-
isgreattemple?	49	native-host-call	yes	0x0050f690
isgreattempleactive?	4	native-host-call	yes	0x0050f570
isgroupbeingattacked?	7	native-host-call	yes	0x00499170
isgroupbeingattackedorattacking?	9	native-host-call	yes	0x004992a0
isgroupselect	1	native-host-call	yes	0x0052f640
ishealthy?	2	script-definition	no	-
isheir?	46	native-host-call	yes	0x004c0990
ishost	13	native-host-call	yes	0x004b5e80
isinfantry?	11	script-definition	no	-
isinside?	12	native-host-call	yes	0x00424b80
isinspellcastmode?	2	native-host-call	yes	0x00502bf0
isleader?	83	native-host-call	yes	0x004bdc20
isleaderfemale?	8	script-definition	no	-
islife?	33	script-definition	no	-
islord?	16	script-definition	no	-
islordchampion?	1	script-definition	no	-
ismagicalstrike?	1	script-definition	no	-
ismercenary?	39	native-host-call	yes	0x0052a390
ismilitary?	6	script-definition	no	-
ismissile?	57	script-definition	no	-
ismissileclass?	6	script-definition	no	-
ismodified?	2	script-definition	no	-
ismovingstealthily?	49	native-host-call	yes	0x004c2ff0
ismultishot?	1	script-definition	no	-
ismyside?	493	script-definition	no	-
isnegated?	1	script-definition	no	-
isnotdispellable?	2	heuristic-false-positive	no	-
isok	1	script-definition	no	-
ison	1	script-definition	no	-
isonlywizardleft?	1	native-host-call	yes	0x004696a0
isorc?	8	script-definition	no	-
isorder?	30	script-definition	no	-
isparentowner?	14	script-definition	no	-
ispheonix?	5	script-definition	no	-
ispiercing?	4	script-definition	no	-
isplayerattacker?	2	native-host-call	yes	0x00464480
isplayerdefender?	1	native-host-call	yes	0x004645f0
isplayerdefendingcity?	8	native-host-call	yes	0x004646e0
isplayerinsidecity?	2	native-host-call	yes	0x00459f00
isplayingquest	12	native-host-call	yes	0x004c4900
ispolymorphed?	1	native-host-call	yes	0x00527a70
isprisoner?	34	native-host-call	yes	0x004c3600
isprisonerincombat?	2	script-definition	no	-
isranged?	16	script-definition	no	-
israngedunit?	9	script-definition	no	-
isrealarmy?	1	native-host-call	yes	0x004e4ff0
isrested?	4	script-definition	no	-
issatellite	16	native-host-call	yes	0x00440780
isseen?	49	native-host-call	yes	0x00424bf0
isshiphaspassenger?	1	native-host-call	yes	0x004e9930
isshocking?	1	script-definition	no	-
issoundplaying	1	native-host-call	yes	0x0047a390
isspecialchampion?	20	script-definition	no	-
isspecialcombat?	8	native-host-call	yes	0x004647e0
isspellknown?	45	native-host-call	yes	0x004bf250
isspellmovement?	2	heuristic-false-positive	no	-
isspellphysical?	5	heuristic-false-positive	no	-
isspellpotion?	4	heuristic-false-positive	no	-
isspellsummon?	2	heuristic-false-positive	no	-
istempldrfile?	2	heuristic-false-positive	no	-
istempleowner?	14	script-definition	no	-
isterrainsprite?	38	native-host-call	yes	0x004e52c0
isthief?	97	script-definition	no	-
isthisarmyalreadycastspell?	6	script-definition	no	-
isthroughdoorway?	2	native-host-call	yes	0x004270c0
istroll?	5	script-definition	no	-
isunconscious?	2	native-host-call	yes	0x004c37d0
isundead?	125	script-definition	no	-
isunique?	152	script-definition	no	-
isuniquecreaturesummoned?	7	native-host-call	yes	0x00510d20
isvalidbarterunit?	2	native-host-call	yes	0x00436ca0
isvalidterraintype?	3	native-host-call	yes	0x004df140
isvampyric?	1	script-definition	no	-
isvolunteer?	5	native-host-call	yes	0x0052a410
iswarrior?	68	script-definition	no	-
iswater?	11	script-definition	no	-
iswatercreature?	5	heuristic-false-positive	no	-
iswild?	1	script-definition	no	-
iswizard?	297	script-definition	no	-
item	102	script-definition	no	-
item_count	175	script-definition	no	-
item_flag	15	heuristic-false-positive	no	-
item_height	24	script-definition	no	-
item_help_edit	1	script-definition	no	-
item_id	91	script-definition	no	-
item_id2	8	script-definition	no	-
item_id3	33	script-definition	no	-
item_index	156	script-definition	no	-
item_name	3	script-definition	no	-
item_type	18	script-definition	no	-
item_value	29	script-definition	no	-
item_width	32	script-definition	no	-
item_x_offset	2	script-definition	no	-
item_y_offset	2	script-definition	no	-
item_ypos	4	script-definition	no	-
items_ids	20	script-definition	no	-
iter	1	script-definition	no	-
iteration	9	script-definition	no	-
j	20	script-definition	no	-
javel	1	heuristic-false-positive	no	-
join?	1	script-definition	no	-
join_a	2	script-definition	no	-
join_army	4	script-definition	no	-
join_other_spiders?	1	heuristic-false-positive	no	-
joining_army	6	script-definition	no	-
joining_army_unique_id	3	heuristic-false-positive	no	-
joinnetworkgame	1	native-host-call	yes	0x004b8620
jump_level_down	2	script-definition	no	-
jump_level_up	6	script-definition	no	-
justentered	1	native-host-call	yes	0x004b5d70
justice	16	script-definition	no	-
jx	2	heuristic-false-positive	yes	-
jy	2	heuristic-false-positive	yes	-
k	15	script-definition	no	-
kARTIFACT_MODE_NORMAL	21	script-definition	no	-
kARTIFACT_MODE_SPY	9	script-definition	no	-
kARTIFACT_MODE_STEAL	9	script-definition	no	-
kINFO_PANEL_MODE_NORMAL	24	script-definition	no	-
kINFO_PANEL_MODE_ROSTER	3	script-definition	no	-
kINFO_PANEL_MODE_SPY	10	script-definition	no	-
kINFO_PANEL_UNITTYPE	1	script-definition	no	-
kMAX_ITEMS	60	script-definition	no	-
kQUEST_APART	5	script-definition	no	-
kQUEST_NAME_LENGTH	2	script-definition	no	-
kQUEST_TEXT_LENGTH	3	script-definition	no	-
kSKY_APART	6	script-definition	no	-
kSPY_DLG_INDEX	90	script-definition	no	-
kSTART_POS_X	11	script-definition	no	-
kSTART_POS_Y	12	script-definition	no	-
kbcrown	1	script-definition	no	-
keep0_array	2	script-definition	no	-
keep0_ttype	6	script-definition	no	-
keep1_array	2	script-definition	no	-
keep1_ttype	6	script-definition	no	-
keep2_array	2	script-definition	no	-
keep2_ttype	6	script-definition	no	-
keep3_array	2	script-definition	no	-
keep3_ttype	6	script-definition	no	-
keep_array	2	script-definition	no	-
keep_brain_dict	2	script-definition	no	-
keep_lvl	12	script-definition	no	-
keep_name	1	script-definition	no	-
keep_playing	3	script-definition	no	-
keep_ttype	16	script-definition	no	-
keep_win	8	script-definition	no	-
keeps_location	2	script-definition	no	-
key	24	script-definition	no	-
key_level_findterrainsprite	5	script-definition	no	-
key_section1	3	heuristic-false-positive	no	-
key_section2	3	heuristic-false-positive	no	-
key_to_look_for	1	script-definition	no	-
keydelay	5	native-host-call	yes	0x004e3b50
keyname	2	script-definition	no	-
kick_out_extra_scouts	2	script-definition	no	-
kickarmyout	22	native-host-call	yes	0x00443570
kickout_solo_creatures?	1	heuristic-false-positive	no	-
kill	85	native-host-call	yes	0x004cc5c0
killallunitsonboard	1	script-definition	no	-
killer_army	3	script-definition	no	-
killer_faith_name	1	script-definition	no	-
killer_num_units	1	script-definition	no	-
killer_player	4	script-definition	no	-
killunit	6	native-host-call	yes	0x0041eab0
kingryonswd	2	script-definition	no	-
kings_writ	2	script-definition	no	-
kinship	1	script-definition	no	-
knife	4	heuristic-false-positive	no	-
knight_array	2	script-definition	no	-
knight_present	2	script-definition	no	-
knight_stack	8	script-definition	no	-
knockoutprisonerproc	2	native-host-call	yes	0x004e2a40
knockoutprisoners	5	native-host-call	yes	0x004c3670
known	1067	language-primitive	yes	0x004cc640
knownanywhere?	28	native-host-call	yes	0x004cc830
l	1	script-definition	no	-
l1atk	1	script-definition	no	-
l1atkack_1	3	script-definition	no	-
l1atkack_2	1	script-definition	no	-
l1atkack_3	1	script-definition	no	-
l1die	1	script-definition	no	-
l1mov	1	script-definition	no	-
l1movack_1	2	script-definition	no	-
l1movack_2	1	script-definition	no	-
l1rng	2	script-definition	no	-
l1selack_1	2	script-definition	no	-
l1selack_2	1	script-definition	no	-
l2atk	1	script-definition	no	-
l2atkack_1	1	script-definition	no	-
l2die	1	script-definition	no	-
l2mov	1	script-definition	no	-
l2movack_1	3	script-definition	no	-
l2movack_2	1	script-definition	no	-
l2selack_1	2	script-definition	no	-
l2selack_2	1	script-definition	no	-
l3atk	1	script-definition	no	-
l3atkack_1	1	script-definition	no	-
l3die	1	script-definition	no	-
l3mov	2	script-definition	no	-
l3movack_1	1	script-definition	no	-
l3selack_1	1	script-definition	no	-
l4atk	1	script-definition	no	-
l4atkack_1	2	script-definition	no	-
l4atkack_2	1	script-definition	no	-
l4die	1	script-definition	no	-
l4mov	1	script-definition	no	-
l4movack_1	2	script-definition	no	-
l4movack_2	1	script-definition	no	-
l4selack_1	2	script-definition	no	-
l4selack_2	2	script-definition	no	-
l5atk	1	script-definition	no	-
l5atkack_1	2	script-definition	no	-
l5atkack_2	1	script-definition	no	-
l5die	1	script-definition	no	-
l5mov	1	script-definition	no	-
l5movack_1	2	script-definition	no	-
l5movack_2	1	script-definition	no	-
l5selack_1	2	script-definition	no	-
l5selack_2	1	script-definition	no	-
l_conecold	2	script-definition	no	-
l_rally	3	script-definition	no	-
la	10	script-definition	no	-
label	1	script-definition	no	-
label_page	5	script-definition	no	-
land_button	1	heuristic-false-positive	no	-
landing	4	heuristic-false-positive	no	-
landingplace	11	native-host-call	yes	0x004ac390
lands_noeffect	18	script-definition	no	-
landscape_faith_order	2	script-definition	no	-
large_book_dd	2	script-definition	no	-
large_book_page	4	script-definition	no	-
large_dbf	3	script-definition	no	-
large_f0_icon	2	heuristic-false-positive	no	-
large_f1_icon	2	heuristic-false-positive	no	-
large_f2_icon	2	heuristic-false-positive	no	-
large_f3_icon	2	heuristic-false-positive	no	-
large_f4_icon	2	heuristic-false-positive	no	-
large_f5_icon	2	heuristic-false-positive	no	-
large_f6_icon	2	heuristic-false-positive	no	-
large_f7_icon	2	heuristic-false-positive	no	-
large_sbf	6	script-definition	no	-
large_tbf	33	script-definition	no	-
last	16	script-definition	no	-
last_buff	9	script-definition	no	-
last_city_id	2	script-definition	no	-
last_list	7	script-definition	no	-
last_lvl	1	script-definition	no	-
last_name	2	script-definition	no	-
last_selection	7	script-definition	no	-
last_sprite	4	script-definition	no	-
last_time	2	script-definition	no	-
last_time_we_bartered	1	script-definition	no	-
last_update	1	script-definition	no	-
lastcombattype	2	native-host-call	yes	0x004e3f20
launch_sound	8	script-definition	no	-
launchmissile	5	native-host-call	yes	0x004af810
lava1	1	script-definition	no	-
lava2	2	script-definition	no	-
lava3	1	script-definition	no	-
lava4	1	script-definition	no	-
lava5	1	script-definition	no	-
lava_button	1	heuristic-false-positive	no	-
lavaloop	1	script-definition	no	-
lavar	1	heuristic-false-positive	no	-
lbm	230	native-host-call	yes	0x004da570
lbm_name	52	script-definition	no	-
lbp	18	script-definition	no	-
lbuttondown	2	native-host-call	yes	0x004e3ca0
lbuttonup	17	native-host-call	yes	0x004e3d40
lcatk	1	script-definition	no	-
lcatkack_1	1	script-definition	no	-
lcdie	1	script-definition	no	-
lchcase	4	heuristic-false-positive	no	-
lcmov	1	script-definition	no	-
lcmovack_1	1	script-definition	no	-
lcselack_1	2	script-definition	no	-
lcselack_2	1	script-definition	no	-
ld_afatk	1	script-definition	no	-
ld_afatkack_1	2	script-definition	no	-
ld_afatkack_2	1	script-definition	no	-
ld_afdie	1	script-definition	no	-
ld_afmovack_1	2	script-definition	no	-
ld_afmovack_2	1	script-definition	no	-
ld_afselack_1	2	script-definition	no	-
ld_afselack_2	1	script-definition	no	-
ld_atatk	1	script-definition	no	-
ld_atatkack_1	3	script-definition	no	-
ld_atatkack_2	1	script-definition	no	-
ld_atatkack_3	1	script-definition	no	-
ld_atdie	1	script-definition	no	-
ld_atmovack_1	3	script-definition	no	-
ld_atmovack_2	1	script-definition	no	-
ld_atmovack_3	1	script-definition	no	-
ld_atrng	1	script-definition	no	-
ld_atselack_1	2	script-definition	no	-
ld_atselack_2	1	script-definition	no	-
ld_awatk	1	script-definition	no	-
ld_awatkack_1	4	script-definition	no	-
ld_awatkack_2	1	script-definition	no	-
ld_awatkack_3	1	script-definition	no	-
ld_awatkack_4	1	script-definition	no	-
ld_awdie	1	script-definition	no	-
ld_awmovack_1	2	script-definition	no	-
ld_awmovack_2	1	script-definition	no	-
ld_awselack_1	2	script-definition	no	-
ld_awselack_2	1	script-definition	no	-
ld_cfatk	1	script-definition	no	-
ld_cfatkack_1	7	script-definition	no	-
ld_cfatkack_2	2	script-definition	no	-
ld_cfatkack_3	2	script-definition	no	-
ld_cfatkack_4	2	script-definition	no	-
ld_cfatkack_5	1	script-definition	no	-
ld_cfatkack_6	1	script-definition	no	-
ld_cfatkack_7	1	script-definition	no	-
ld_cfdie	1	script-definition	no	-
ld_cfmovack_1	3	script-definition	no	-
ld_cfmovack_2	1	script-definition	no	-
ld_cfmovack_3	1	script-definition	no	-
ld_cfselack_1	4	script-definition	no	-
ld_cfselack_2	1	script-definition	no	-
ld_cfselack_3	1	script-definition	no	-
ld_cfselack_4	1	script-definition	no	-
ld_ctatk	1	script-definition	no	-
ld_ctatkack_1	6	script-definition	no	-
ld_ctatkack_2	3	script-definition	no	-
ld_ctatkack_3	1	script-definition	no	-
ld_ctatkack_4	1	script-definition	no	-
ld_ctatkack_5	2	script-definition	no	-
ld_ctatkack_6	1	script-definition	no	-
ld_ctdie	1	script-definition	no	-
ld_ctmovack_1	4	script-definition	no	-
ld_ctmovack_2	1	script-definition	no	-
ld_ctmovack_3	1	script-definition	no	-
ld_ctmovack_4	1	script-definition	no	-
ld_ctrng	1	script-definition	no	-
ld_ctselack_1	5	script-definition	no	-
ld_ctselack_2	1	script-definition	no	-
ld_ctselack_3	1	script-definition	no	-
ld_ctselack_4	2	script-definition	no	-
ld_ctselack_5	1	script-definition	no	-
ld_cwatk	1	script-definition	no	-
ld_cwatkack_1	4	script-definition	no	-
ld_cwatkack_2	1	script-definition	no	-
ld_cwatkack_3	1	script-definition	no	-
ld_cwatkack_4	1	script-definition	no	-
ld_cwmovack_1	5	script-definition	no	-
ld_cwmovack_2	1	script-definition	no	-
ld_cwmovack_3	2	script-definition	no	-
ld_cwmovack_4	1	script-definition	no	-
ld_cwmovack_5	1	script-definition	no	-
ld_cwselack_1	5	script-definition	no	-
ld_cwselack_2	1	script-definition	no	-
ld_cwselack_3	2	script-definition	no	-
ld_cwselack_4	1	script-definition	no	-
ld_cwselack_5	1	script-definition	no	-
ld_dfatk	1	script-definition	no	-
ld_dfatkack_1	5	script-definition	no	-
ld_dfatkack_2	1	script-definition	no	-
ld_dfatkack_3	1	script-definition	no	-
ld_dfatkack_4	2	script-definition	no	-
ld_dfatkack_5	1	script-definition	no	-
ld_dfdie	1	script-definition	no	-
ld_dfmovack_1	5	script-definition	no	-
ld_dfmovack_2	1	script-definition	no	-
ld_dfmovack_3	2	script-definition	no	-
ld_dfmovack_4	1	script-definition	no	-
ld_dfmovack_5	1	script-definition	no	-
ld_dfselack_1	5	script-definition	no	-
ld_dfselack_2	1	script-definition	no	-
ld_dfselack_3	2	script-definition	no	-
ld_dfselack_4	1	script-definition	no	-
ld_dfselack_5	1	script-definition	no	-
ld_dlatk	1	script-definition	no	-
ld_dlatkack_1	4	script-definition	no	-
ld_dlatkack_2	1	script-definition	no	-
ld_dlatkack_3	1	script-definition	no	-
ld_dldie	1	script-definition	no	-
ld_dlmovack_1	2	script-definition	no	-
ld_dlmovack_2	2	script-definition	no	-
ld_dlselack_1	3	script-definition	no	-
ld_dlselack_2	1	script-definition	no	-
ld_dlselack_3	1	script-definition	no	-
ld_dtatk	1	script-definition	no	-
ld_dtatkack_1	5	script-definition	no	-
ld_dtatkack_2	1	script-definition	no	-
ld_dtatkack_3	2	script-definition	no	-
ld_dtatkack_4	1	script-definition	no	-
ld_dtatkack_5	1	script-definition	no	-
ld_dtdie	1	script-definition	no	-
ld_dtmovack_1	3	script-definition	no	-
ld_dtmovack_2	1	script-definition	no	-
ld_dtmovack_3	1	script-definition	no	-
ld_dtrng	1	script-definition	no	-
ld_dtselack_1	2	script-definition	no	-
ld_dtselack_2	1	script-definition	no	-
ld_dwatk	1	script-definition	no	-
ld_dwatkack_1	7	script-definition	no	-
ld_dwatkack_2	1	script-definition	no	-
ld_dwatkack_3	1	script-definition	no	-
ld_dwatkack_4	1	script-definition	no	-
ld_dwatkack_5	2	script-definition	no	-
ld_dwatkack_6	1	script-definition	no	-
ld_dwdie	1	script-definition	no	-
ld_dwmovack_1	4	script-definition	no	-
ld_dwmovack_2	1	script-definition	no	-
ld_dwmovack_3	1	script-definition	no	-
ld_dwmovack_4	1	script-definition	no	-
ld_dwselack_1	5	script-definition	no	-
ld_dwselack_2	1	script-definition	no	-
ld_dwselack_3	1	script-definition	no	-
ld_dwselack_4	2	script-definition	no	-
ld_dwselack_5	1	script-definition	no	-
ld_efatk	1	script-definition	no	-
ld_efatkack_1	2	script-definition	no	-
ld_efatkack_2	1	script-definition	no	-
ld_efdie	1	script-definition	no	-
ld_efmovack_1	3	script-definition	no	-
ld_efmovack_2	1	script-definition	no	-
ld_efselack_1	2	script-definition	no	-
ld_efselack_2	1	script-definition	no	-
ld_etatk	1	script-definition	no	-
ld_etatkack_1	2	script-definition	no	-
ld_etatkack_2	1	script-definition	no	-
ld_etdie	1	script-definition	no	-
ld_etmovack_1	2	script-definition	no	-
ld_etmovack_2	1	script-definition	no	-
ld_etrng	1	script-definition	no	-
ld_etselack_1	2	script-definition	no	-
ld_etselack_2	1	script-definition	no	-
ld_ewatk	1	script-definition	no	-
ld_ewatkack_1	3	script-definition	no	-
ld_ewatkack_2	1	script-definition	no	-
ld_ewatkack_3	1	script-definition	no	-
ld_ewdie	1	script-definition	no	-
ld_ewmovack_1	3	script-definition	no	-
ld_ewmovack_2	1	script-definition	no	-
ld_ewmovack_3	1	script-definition	no	-
ld_ewselack_1	2	script-definition	no	-
ld_ewselack_2	1	script-definition	no	-
ld_ffatk	1	script-definition	no	-
ld_ffatkack_1	3	script-definition	no	-
ld_ffatkack_2	1	script-definition	no	-
ld_ffatkack_3	1	script-definition	no	-
ld_ffdie	1	script-definition	no	-
ld_ffmovack_1	2	script-definition	no	-
ld_ffmovack_2	1	script-definition	no	-
ld_ffselack_1	3	script-definition	no	-
ld_ffselack_2	1	script-definition	no	-
ld_ffselack_3	1	script-definition	no	-
ld_ftatk	1	script-definition	no	-
ld_ftatkack_1	2	script-definition	no	-
ld_ftatkack_2	1	script-definition	no	-
ld_ftdie	1	script-definition	no	-
ld_ftmovack_1	2	script-definition	no	-
ld_ftmovack_2	1	script-definition	no	-
ld_ftrng	1	script-definition	no	-
ld_ftselack_1	2	script-definition	no	-
ld_ftselack_2	1	script-definition	no	-
ld_fwatk	1	script-definition	no	-
ld_fwatkack_1	2	script-definition	no	-
ld_fwatkack_2	2	script-definition	no	-
ld_fwdie	1	script-definition	no	-
ld_fwmovack_1	2	script-definition	no	-
ld_fwmovack_2	1	script-definition	no	-
ld_fwselack_1	2	script-definition	no	-
ld_fwselack_2	1	script-definition	no	-
ld_lfatk	2	script-definition	no	-
ld_lfatkack_1	2	script-definition	no	-
ld_lfdie	2	script-definition	no	-
ld_lfmovack_1	2	script-definition	no	-
ld_lfselack_1	2	script-definition	no	-
ld_ltatk	1	script-definition	no	-
ld_ltatkack_1	7	script-definition	no	-
ld_ltatkack_2	1	script-definition	no	-
ld_ltatkack_3	1	script-definition	no	-
ld_ltatkack_4	1	script-definition	no	-
ld_ltdie	1	script-definition	no	-
ld_ltmovack_1	5	script-definition	no	-
ld_ltmovack_2	1	script-definition	no	-
ld_ltmovack_3	1	script-definition	no	-
ld_ltrng	1	script-definition	no	-
ld_ltselack_1	5	script-definition	no	-
ld_ltselack_2	1	script-definition	no	-
ld_ltselack_3	1	script-definition	no	-
ld_lwatk	1	script-definition	no	-
ld_lwatkack_1	1	script-definition	no	-
ld_lwdie	1	script-definition	no	-
ld_lwmovack_1	1	script-definition	no	-
ld_lwselack_1	1	script-definition	no	-
ld_oartatkack_1	2	script-definition	no	-
ld_oartatkack_2	1	script-definition	no	-
ld_oartdie	1	script-definition	no	-
ld_oartmovack_1	2	script-definition	no	-
ld_oartmovack_2	1	script-definition	no	-
ld_oartselack_1	2	script-definition	no	-
ld_oartselack_2	1	script-definition	no	-
ld_ofatk	1	script-definition	no	-
ld_ofatkack_1	4	script-definition	no	-
ld_ofatkack_2	2	script-definition	no	-
ld_ofatkack_3	2	script-definition	no	-
ld_ofdie	2	script-definition	no	-
ld_ofmovack_1	6	script-definition	no	-
ld_ofmovack_2	2	script-definition	no	-
ld_ofmovack_3	3	script-definition	no	-
ld_ofmovack_4	2	script-definition	no	-
ld_ofmovack_5	2	script-definition	no	-
ld_ofselack_1	7	script-definition	no	-
ld_ofselack_2	3	script-definition	no	-
ld_ofselack_3	2	script-definition	no	-
ld_ofselack_4	2	script-definition	no	-
ld_ofselack_5	2	script-definition	no	-
ld_otatk	1	script-definition	no	-
ld_otatkack_1	4	script-definition	no	-
ld_otatkack_2	1	script-definition	no	-
ld_otatkack_3	2	script-definition	no	-
ld_otatkack_4	1	script-definition	no	-
ld_otdie	1	script-definition	no	-
ld_otmovack_1	4	script-definition	no	-
ld_otmovack_2	1	script-definition	no	-
ld_otmovack_3	1	script-definition	no	-
ld_otmovack_4	1	script-definition	no	-
ld_otrng	1	script-definition	no	-
ld_otselack_1	5	script-definition	no	-
ld_otselack_2	2	script-definition	no	-
ld_otselack_3	1	script-definition	no	-
ld_otselack_4	1	script-definition	no	-
ld_otselack_5	1	script-definition	no	-
ld_owatk	1	script-definition	no	-
ld_owatkack_1	4	script-definition	no	-
ld_owatkack_2	1	script-definition	no	-
ld_owatkack_3	1	script-definition	no	-
ld_owatkack_4	1	script-definition	no	-
ld_owdie	1	script-definition	no	-
ld_owmovack_1	4	script-definition	no	-
ld_owmovack_2	1	script-definition	no	-
ld_owmovack_3	1	script-definition	no	-
ld_owmovack_4	1	script-definition	no	-
ld_owselack_1	4	script-definition	no	-
ld_owselack_2	1	script-definition	no	-
ld_owselack_3	1	script-definition	no	-
ld_owselack_4	1	script-definition	no	-
ld_wfatk	1	script-definition	no	-
ld_wfatkack_1	2	script-definition	no	-
ld_wfatkack_2	1	script-definition	no	-
ld_wfdie	1	script-definition	no	-
ld_wfmovack_1	2	script-definition	no	-
ld_wfmovack_2	2	script-definition	no	-
ld_wfselack_1	2	script-definition	no	-
ld_wfselack_2	1	script-definition	no	-
ld_wtatk	1	script-definition	no	-
ld_wtatkack_1	3	script-definition	no	-
ld_wtatkack_2	2	script-definition	no	-
ld_wtatkack_3	1	script-definition	no	-
ld_wtdie	1	script-definition	no	-
ld_wtmovack_1	2	script-definition	no	-
ld_wtmovack_2	1	script-definition	no	-
ld_wtrng	1	script-definition	no	-
ld_wtselack_1	3	script-definition	no	-
ld_wtselack_2	1	script-definition	no	-
ld_wtselack_3	1	script-definition	no	-
ld_wwatk	1	script-definition	no	-
ld_wwatkack_1	2	script-definition	no	-
ld_wwatkack_2	1	script-definition	no	-
ld_wwdie	2	script-definition	no	-
ld_wwmovack_1	2	script-definition	no	-
ld_wwmovack_2	1	script-definition	no	-
ld_wwselack_1	2	script-definition	no	-
ld_wwselack_2	1	script-definition	no	-
ldr_stacks	3	script-definition	no	-
le	712	language-primitive	yes	0x004cb7f0
leader_Airfit	3	heuristic-false-positive	no	-
leader_Airthf	3	heuristic-false-positive	no	-
leader_Airwiz	3	heuristic-false-positive	no	-
leader_Balkoth	3	heuristic-false-positive	no	-
leader_Beow	4	heuristic-false-positive	no	-
leader_Chaosfit	3	heuristic-false-positive	no	-
leader_Chaosld1	3	heuristic-false-positive	no	-
leader_Chaosld2	3	heuristic-false-positive	no	-
leader_Chaosthf	3	heuristic-false-positive	no	-
leader_Chaoswiz	3	heuristic-false-positive	no	-
leader_Crispin	4	heuristic-false-positive	no	-
leader_Deathfit	3	heuristic-false-positive	no	-
leader_Deaththf	3	heuristic-false-positive	no	-
leader_Deathwiz	3	heuristic-false-positive	no	-
leader_ELifefit	4	heuristic-false-positive	no	-
leader_EOrderfit	4	heuristic-false-positive	no	-
leader_Earthfit	3	heuristic-false-positive	no	-
leader_Earththf	3	heuristic-false-positive	no	-
leader_Earthwiz	3	heuristic-false-positive	no	-
leader_ElfPrince	3	heuristic-false-positive	no	-
leader_Enemy	5	script-definition	no	-
leader_Firefit	3	heuristic-false-positive	no	-
leader_Firethf	3	heuristic-false-positive	no	-
leader_Firewiz	3	heuristic-false-positive	no	-
leader_Friendly	5	script-definition	no	-
leader_Human	5	script-definition	no	-
leader_IceDragon	3	heuristic-false-positive	no	-
leader_Lifefit	3	heuristic-false-positive	no	-
leader_Lifethf	3	heuristic-false-positive	no	-
leader_Lifewiz	3	heuristic-false-positive	no	-
leader_Orderfit	3	heuristic-false-positive	no	-
leader_Orderthf	3	heuristic-false-positive	no	-
leader_Orderwiz	3	heuristic-false-positive	no	-
leader_Waterfit	3	heuristic-false-positive	no	-
leader_Waterthf	3	heuristic-false-positive	no	-
leader_Waterwiz	3	heuristic-false-positive	no	-
leader_army	17	script-definition	no	-
leader_army_id	1	script-definition	no	-
leader_atilla	4	heuristic-false-positive	no	-
leader_class	3	script-definition	no	-
leader_database_dict	42	script-definition	no	-
leader_dewizscen	4	heuristic-false-positive	no	-
leader_dict	31	script-definition	no	-
leader_faith	16	script-definition	no	-
leader_has_primary_brain?	1	script-definition	no	-
leader_is_researching?	2	script-definition	no	-
leader_liqueen	4	heuristic-false-positive	no	-
leader_loc	1	script-definition	no	-
leader_merlin	4	heuristic-false-positive	no	-
leader_mordred	4	heuristic-false-positive	no	-
leader_morgana	4	heuristic-false-positive	no	-
leader_only?	1	script-definition	no	-
leader_sigfried1	4	heuristic-false-positive	no	-
leader_starting_names	20	script-definition	no	-
leader_str	1	heuristic-false-positive	no	-
leader_ttype	17	script-definition	no	-
leader_ttype_array	2	script-definition	no	-
leader_type	43	script-definition	no	-
leader_unit_type_dict	14	script-definition	no	-
leader_ut	4	script-definition	no	-
leaderinarmy?	48	script-definition	no	-
leaderinparty?	9	script-definition	no	-
leaders_for_cities_only?	2	script-definition	no	-
leadership	17	script-definition	no	-
leadership_mod	2	script-definition	no	-
leadersprites	5	script-definition	no	-
least_exp	1	script-definition	no	-
least_experience	1	script-definition	no	-
leave_anything_alone?	30	heuristic-false-positive	no	-
leave_combat_callback	1	native-host-call	yes	0x004d8260
leave_game	1	heuristic-false-positive	no	-
leech	19	script-definition	no	-
leech_bonus	1	script-definition	no	-
leech_pct	1	script-definition	no	-
leeches	9	script-definition	no	-
left_arrow	1	heuristic-false-positive	no	-
left_arrow_dood	1	heuristic-false-positive	no	-
left_artifact	10	script-definition	no	-
left_button	1	heuristic-false-positive	no	-
left_click_on_artifact	7	script-definition	no	-
left_index	40	script-definition	no	-
left_page_begin_box	2	script-definition	no	-
left_page_box	2	script-definition	no	-
left_page_text	12	script-definition	no	-
left_page_text_for_known_non_researchable	2	script-definition	no	-
left_page_text_for_known_nonresearchable	2	script-definition	no	-
left_page_text_for_known_spell	2	script-definition	no	-
left_page_text_for_spell_being_researched	2	script-definition	no	-
left_page_text_for_unknown_spell	2	script-definition	no	-
leftarrow	3	script-definition	no	-
leftarrowgreen	3	heuristic-false-positive	no	-
leftarrowgrey	3	heuristic-false-positive	no	-
leftcombatdialog	17	script-definition	no	-
leftsystemdialog	14	script-definition	no	-
legend_open_dialog	20	script-definition	no	-
legendary_refresh?	13	script-definition	no	-
legends_of_urak_button	2	heuristic-false-positive	no	-
length	2565	language-primitive	yes	0x004cbf70
lesser_encounter_dlg_dict	6	script-definition	no	-
level	51	script-definition	no	-
level1_edit	7	script-definition	no	-
level1_string0	2	script-definition	no	-
level1_string1	2	script-definition	no	-
level1_string2	2	script-definition	no	-
level1_strings	10	script-definition	no	-
level2_edit	6	script-definition	no	-
level2_string0	2	script-definition	no	-
level2_string1	2	script-definition	no	-
level2_string2	2	script-definition	no	-
level2_strings	7	script-definition	no	-
level3building	2	script-definition	no	-
level_advantage	9	script-definition	no	-
level_advantage_table	1	script-definition	no	-
level_array	11	heuristic-false-positive	no	-
level_button	1	heuristic-false-positive	no	-
level_code	9	script-definition	no	-
level_dbf	1	script-definition	no	-
level_divider_dd	5	heuristic-false-positive	no	-
level_down	6	script-definition	no	-
level_edit	6	script-definition	no	-
level_name	2	script-definition	no	-
level_one_stronghold	1	script-definition	no	-
level_penalty	4	script-definition	no	-
level_points	34	script-definition	no	-
level_points_box	2	heuristic-false-positive	no	-
level_points_str	12	script-definition	no	-
level_range	16	heuristic-false-positive	no	-
level_sbf	1	heuristic-false-positive	no	-
level_str_box	2	heuristic-false-positive	no	-
level_table	1	script-definition	no	-
level_tbf	1	heuristic-false-positive	no	-
level_text	6	script-definition	no	-
level_three_stronghold	4	script-definition	no	-
level_total	3	script-definition	no	-
level_two_stronghold	4	script-definition	no	-
level_up	4	script-definition	no	-
levelcheck?	104	script-definition	no	-
leveledit2box	3	heuristic-false-positive	no	-
leveleditbox	3	heuristic-false-positive	no	-
levelfactor	6	script-definition	no	-
lfatk	1	script-definition	no	-
lfatkack_1	1	script-definition	no	-
lfdie	1	script-definition	no	-
lfmov	2	script-definition	no	-
lfmovack_1	1	script-definition	no	-
lfselack_1	6	script-definition	no	-
lfselack_2	1	script-definition	no	-
lfselack_3	2	script-definition	no	-
lfselack_4	1	script-definition	no	-
lfselack_5	2	script-definition	no	-
lfselack_6	1	script-definition	no	-
lgate	1	script-definition	no	-
liatk	2	script-definition	no	-
liatkack_1	3	script-definition	no	-
liatkack_2	2	script-definition	no	-
liatkack_3	1	script-definition	no	-
lib	6	script-definition	no	-
lib_count	4	script-definition	no	-
lib_faith	4	script-definition	no	-
lib_id	13	script-definition	no	-
library0_array	4	script-definition	no	-
library1_array	2	script-definition	no	-
library1_ttype	6	script-definition	no	-
library2_array	2	script-definition	no	-
library_index	10	script-definition	no	-
librk1	3	script-definition	no	-
librk2	6	script-definition	no	-
librk3	3	script-definition	no	-
librk4	3	script-definition	no	-
licav	14	script-definition	no	-
licave	8	script-definition	no	-
licavm	1	heuristic-false-positive	no	-
licr1	23	script-definition	no	-
licr2	29	script-definition	no	-
licr3	17	script-definition	no	-
licr3m	1	heuristic-false-positive	no	-
licr4	15	script-definition	no	-
licr5	16	script-definition	no	-
lidie	1	script-definition	no	-
lidung	1	script-definition	no	-
life_indicator_aura	1	script-definition	no	-
life_landscape	2	script-definition	no	-
life_pal	11	script-definition	no	-
life_sbld_button0	1	script-definition	no	-
life_sbld_button1	1	script-definition	no	-
life_sbld_button2	1	script-definition	no	-
life_sbld_button_frame	3	heuristic-false-positive	no	-
life_sbld_info_dd	1	heuristic-false-positive	no	-
life_sbld_info_in_dd	1	heuristic-false-positive	no	-
life_surnames	1	script-definition	no	-
life_temple	5	script-definition	no	-
lifit	29	script-definition	no	-
lifitm	2	heuristic-false-positive	no	-
light_rain	13	script-definition	no	-
lightblue_numbers	2	heuristic-false-positive	no	-
lightning	2	script-definition	no	0x004a3c40
lightning_aura	8	heuristic-false-positive	no	-
lightning_charge	15	script-definition	no	-
lightorientation	1	native-host-call	yes	0x0046a740
liinf	17	script-definition	no	-
lildf	24	script-definition	no	-
lildr	17	script-definition	no	-
lildrm	1	heuristic-false-positive	no	-
lildt	35	script-definition	no	-
lildw	29	script-definition	no	-
lilib1	3	script-definition	no	-
lilib2	10	script-definition	no	-
limag1	3	script-definition	no	-
limag2	6	script-definition	no	-
limag3	3	script-definition	no	-
limag4	3	script-definition	no	-
limgt1	5	script-definition	no	-
limgt2	2	script-definition	no	-
limgt3	2	script-definition	no	-
limgt4	2	script-definition	no	-
limina	1	script-definition	no	-
liminc	4	script-definition	no	-
liming	2	script-definition	no	-
limis	25	script-definition	no	-
limit_end	2	script-definition	no	-
limit_trained_experience?	6	script-definition	no	-
limkt1	5	script-definition	no	-
limkt2	2	script-definition	no	-
limkt3	2	script-definition	no	-
limkt4	2	script-definition	no	-
limov	1	script-definition	no	-
limovack_1	2	script-definition	no	-
limovack_2	2	script-definition	no	-
limrkt	7	heuristic-false-positive	no	-
limult	3	script-definition	no	-
lionbelt	1	script-definition	no	-
lirock	2	heuristic-false-positive	no	-
lisbld	12	script-definition	no	-
lisblda	3	script-definition	no	-
lisbldn	6	script-definition	no	-
liselack_1	2	script-definition	no	-
liselack_2	1	script-definition	no	-
lishp	8	script-definition	no	-
listat	3	script-definition	no	-
listat1	2	heuristic-false-positive	no	-
listat2	2	heuristic-false-positive	no	-
listat3	2	heuristic-false-positive	no	-
lithf	26	script-definition	no	-
lithg1	3	script-definition	no	-
lithg2	6	script-definition	no	-
lithg3	3	script-definition	no	-
lithg4	3	script-definition	no	-
litowe	1	script-definition	no	-
litpl1	5	script-definition	no	-
litpl2	2	script-definition	no	-
litpl3	2	script-definition	no	-
litpl4	2	script-definition	no	-
litvn1	5	script-definition	no	-
litvn2	2	script-definition	no	-
litvn3	2	script-definition	no	-
litvn4	2	script-definition	no	-
live_attackers	7	heuristic-false-positive	no	-
live_au	16	script-definition	no	-
live_autocalc?	4	script-definition	no	-
live_defenders	7	heuristic-false-positive	no	-
live_du	16	script-definition	no	-
livil	4	heuristic-false-positive	no	-
livingplayerstack	4	script-definition	no	-
liwiz	36	script-definition	no	-
liwm1	22	script-definition	no	-
liwm2	20	script-definition	no	-
llvil	4	heuristic-false-positive	no	-
llwtcht	2	heuristic-false-positive	no	-
lmatk	1	script-definition	no	-
lmatkack_1	2	script-definition	no	-
lmatkack_2	1	script-definition	no	-
lmdie	1	script-definition	no	-
lmill	3	heuristic-false-positive	no	-
lmmov	1	script-definition	no	-
lmmovack_1	2	script-definition	no	-
lmmovack_2	1	script-definition	no	-
lmrng	1	script-definition	no	-
lmselack_1	6	script-definition	no	-
lmselack_2	1	script-definition	no	-
lmselack_3	1	script-definition	no	-
lmselack_4	1	script-definition	no	-
lmselack_5	1	script-definition	no	-
load_building_text	8	script-definition	no	-
load_button	3	heuristic-false-positive	no	-
load_city_graphic	2	script-definition	no	-
load_config_options	12	script-definition	no	-
load_dbf	1	script-definition	no	-
load_debrief_graphic	2	script-definition	no	-
load_encounter_resources	2	script-definition	no	-
load_filename	4	script-definition	no	-
load_game_button	2	heuristic-false-positive	no	-
load_gems	2	script-definition	no	-
load_lord	2	script-definition	no	-
load_military_unit_portrait	7	script-definition	no	-
load_military_unittype_portrait	1	script-definition	no	-
load_portrait	11	script-definition	no	-
load_report_graphic	2	script-definition	no	-
load_saved_multiplayer_game_express	2	script-definition	no	-
load_sbf	1	heuristic-false-positive	no	-
load_skies_doodad	1	script-definition	no	-
load_special_info_text	2	script-definition	no	-
load_special_info_text1	2	script-definition	no	-
load_special_info_text2	2	script-definition	no	-
load_tbf	1	heuristic-false-positive	no	-
load_unit_portrait	3	script-definition	no	-
load_unit_text	3	script-definition	no	-
load_unittype_portrait	1	script-definition	no	-
loadarmydisplay	2	script-definition	no	-
loadconfig	2	native-host-call	yes	0x00487580
loadcursorimp	2	native-host-call	yes	0x00472960
loaddefaultarmy	1	native-host-call	yes	0x0044c9b0
loadgame	8	native-host-call	yes	0x004df410
loadlastsavedgame	11	script-definition	no	-
loadlevel	2	native-host-call	yes	0x004df740
loadlightningpal	6	native-host-call	yes	0x004a41e0
loadscenariomap	9	native-host-call	yes	0x00485b80
loadspecialmap	6	native-host-call	yes	0x004eecf0
loadstaticsound	2	native-host-call	yes	0x0047a5a0
loadstuff	4	script-definition	no	-
loadsubmappages	1	native-host-call	yes	0x004ab290
loadvirtualarmy	2	native-host-call	yes	0x0044cb60
loc	246	script-definition	no	-
loc1	1	script-definition	no	-
loc_army	2	script-definition	no	-
loc_index	8	script-definition	no	-
loc_unit	2	script-definition	no	-
loc_x	13	script-definition	no	-
loc_y	13	script-definition	no	-
local_artifact_knowledge?	2	script-definition	no	-
local_artifacts_only?	3	script-definition	no	-
local_units_only?	4	script-definition	no	-
locatechampion	28	native-host-call	yes	0x0044bf50
location	19	script-definition	no	-
location_move_to	1	script-definition	no	-
location_to_destroy	3	script-definition	no	-
locationexplored?	11	native-host-call	yes	0x004ac7b0
locationindirection	1	native-host-call	yes	0x004ac520
locationmodeproc	1	native-host-call	yes	0x004e2000
locationoffsetgetlocation	2	native-host-call	yes	0x0045b380
locations	7	script-definition	no	-
locations0	1	script-definition	no	-
locations1	1	script-definition	no	-
locationseen?	7	native-host-call	yes	0x004ac650
locn	1	script-definition	no	-
locust	13	script-definition	no	-
locust_aura	5	heuristic-false-positive	no	-
locust_swarm	10	script-definition	no	-
locust_type	3	script-definition	no	-
log	1	heuristic-false-positive	yes	-
logdlg	7	script-definition	no	-
logodialog	3	script-definition	no	-
logodood	2	script-definition	no	-
logopage	4	script-definition	no	-
logs_enabled?	2	script-definition	no	-
lom_spnames	1	script-definition	no	-
lomlighttables	1	native-host-call	yes	0x0051b010
lomstart_dlg	11	script-definition	no	-
lomstart_string	2	script-definition	no	-
longestmissilearmy	3	native-host-call	yes	0x00466820
longmoveattack	59	native-host-call	yes	0x0051e3e0
longmoveevent	16	native-host-call	yes	0x0051f5e0
longmoveeventtolocation	7	native-host-call	yes	0x0051f7f0
longmovemerge	33	native-host-call	yes	0x0051e620
longmovemergeat	2	native-host-call	yes	0x00520560
longmovetolocation	29	native-host-call	yes	0x00520ab0
longmovetosprite	47	native-host-call	yes	0x00520c30
longsper	1	script-definition	no	-
look_for_needed_units	1	script-definition	no	-
look_overseas?	2	script-definition	no	-
looking_for_type	4	script-definition	no	-
lookup_delta_in_tables	3	script-definition	no	-
lookup_response_code	13	script-definition	no	-
loop	8	language-primitive	yes	0x004ccc20
loopsoundfx	3	native-host-call	yes	0x0047a2b0
lord_edit	1	script-definition	no	-
lord_name	2	heuristic-false-positive	no	-
lord_string	3	script-definition	no	-
lord_subtitle	6	script-definition	no	-
lord_title?	7	script-definition	no	-
lose_wav	1	heuristic-false-positive	no	-
loser	11	script-definition	no	-
loser_c	9	heuristic-false-positive	no	-
loser_f	9	heuristic-false-positive	no	-
loser_fame	3	heuristic-false-positive	no	-
loser_g	9	heuristic-false-positive	no	-
losing_keep_level	1	script-definition	no	-
lost_soul	14	script-definition	no	-
lou_string	1	script-definition	no	-
low	10	script-definition	no	-
low_amt	3	script-definition	no	-
low_type	2	script-definition	no	-
low_val	3	script-definition	no	-
lower	58	script-definition	no	-
lower_all_elevation_button	1	heuristic-false-positive	no	-
lower_limit	2	script-definition	no	-
lower_priority_brain_dict	1	script-definition	no	-
lower_resistance_death	3	script-definition	no	-
lowercase_tone_array	2	script-definition	no	-
lowest_lvl	1	script-definition	no	-
lsatk	1	script-definition	no	-
lsatkack_1	1	script-definition	no	-
lsdie	1	script-definition	no	-
lsmov	1	script-definition	no	-
lsmovack_1	1	script-definition	no	-
lsrng	1	script-definition	no	-
lsselack_1	1	script-definition	no	-
lt	1501	language-primitive	yes	0x004cb530
ltatk	1	script-definition	no	-
ltatkack_1	9	script-definition	no	-
ltatkack_2	1	script-definition	no	-
ltatkack_3	1	script-definition	no	-
ltatkack_4	1	script-definition	no	-
ltatkack_5	1	script-definition	no	-
ltdie	1	script-definition	no	-
ltmov	2	script-definition	no	-
ltmovack_1	1	script-definition	no	-
ltrng	1	script-definition	no	-
ltselack_1	3	script-definition	no	-
ltselack_2	1	script-definition	no	-
ltselack_3	1	script-definition	no	-
lu	1	script-definition	no	-
luck	6	script-definition	no	-
luck_cost	19	script-definition	no	-
luck_name	4	script-definition	no	-
luck_number	1	heuristic-false-positive	no	-
luck_potion_str1	3	script-definition	no	-
luck_potion_str2	3	script-definition	no	-
luck_potion_str3	3	script-definition	no	-
luck_text_box	5	heuristic-false-positive	no	-
lvl	139	script-definition	no	-
lvl_fac_str	2	script-definition	no	-
lwatk	1	script-definition	no	-
lwatkack_1	2	script-definition	no	-
lwatkack_2	1	script-definition	no	-
lwdie	1	script-definition	no	-
lwm1atk	1	script-definition	no	-
lwm1atkack_1	1	script-definition	no	-
lwm1die	1	script-definition	no	-
lwm1mov	1	script-definition	no	-
lwm1movack_1	1	script-definition	no	-
lwm1selack_1	1	script-definition	no	-
lwm2atk	1	script-definition	no	-
lwm2atkack_1	1	script-definition	no	-
lwm2die	1	script-definition	no	-
lwm2mov	1	script-definition	no	-
lwm2movack_1	1	script-definition	no	-
lwm2selack_1	1	script-definition	no	-
lwmov	2	script-definition	no	-
lwmovack_1	3	script-definition	no	-
lwmovack_2	1	script-definition	no	-
lwmovack_3	1	script-definition	no	-
lwselack_1	5	script-definition	no	-
lwselack_2	1	script-definition	no	-
lwselack_3	2	script-definition	no	-
lwselack_4	1	script-definition	no	-
lwselack_5	1	script-definition	no	-
m	10	script-definition	no	-
m3	2	script-definition	no	-
m4	2	script-definition	no	-
ma	5	script-definition	no	-
macro_prefix	1	script-definition	no	-
macro_suffix	1	script-definition	no	-
macrostringdict	16	script-definition	no	-
madown_arrow	2	script-definition	no	-
mag_box_pos	2	script-definition	no	-
mag_box_wh	2	script-definition	no	-
mag_pop_pos	2	script-definition	no	-
mag_pos	2	script-definition	no	-
mage_backdrop	2	heuristic-false-positive	no	-
mage_dialog	26	script-definition	no	-
mage_ok	1	heuristic-false-positive	no	-
mage_tower0_array	2	script-definition	no	-
mage_tower1_array	2	script-definition	no	-
mage_tower1_ttype	6	script-definition	no	-
mage_tower2_array	2	script-definition	no	-
mage_tower2_ttype	6	script-definition	no	-
mage_tower3_array	2	script-definition	no	-
mage_tower3_ttype	6	script-definition	no	-
magic_damage	44	script-definition	no	-
magic_damage_pct	16	script-definition	no	-
magic_strike	2	script-definition	no	-
magical_strike	1	script-definition	no	-
magicattackorder	8	native-host-call	yes	0x00468d50
magistrate	11	script-definition	no	-
magistrate_box	2	heuristic-false-positive	no	-
magistrate_down_fn	2	script-definition	no	-
magistrate_fame	2	script-definition	no	-
magistrate_init	14	script-definition	no	-
magistrate_text_fame	8	script-definition	no	-
magistrate_text_init	6	script-definition	no	-
magistrate_up_fn	2	script-definition	no	-
maidown_arrow	2	script-definition	no	-
main_box	3	heuristic-false-positive	no	-
main_dynamic	164	script-definition	no	-
main_dynamic_stack	4	script-definition	no	-
main_text_box	9	heuristic-false-positive	no	-
maint_doodads	3	script-definition	no	-
maint_texts0	1	script-definition	no	-
maint_texts1	1	script-definition	no	-
maint_texts2	1	script-definition	no	-
maint_value	15	script-definition	no	-
maintain00string	2	script-definition	no	-
maintain01string	2	script-definition	no	-
maintain02string	2	script-definition	no	-
maintain03string	2	script-definition	no	-
maintain04string	2	script-definition	no	-
maintain0string	3	script-definition	no	-
maintain10string	2	script-definition	no	-
maintain11string	2	script-definition	no	-
maintain12string	2	script-definition	no	-
maintain13string	2	script-definition	no	-
maintain14string	2	script-definition	no	-
maintain1string	3	script-definition	no	-
maintain20string	2	script-definition	no	-
maintain21string	2	script-definition	no	-
maintain22string	2	script-definition	no	-
maintain23string	2	script-definition	no	-
maintain24string	2	script-definition	no	-
maintain2string	3	script-definition	no	-
maintain3string	3	script-definition	no	-
maintain4string	3	script-definition	no	-
maintain_city	1	script-definition	no	-
maintenance	2	script-definition	no	-
maiup_arrow	2	script-definition	no	-
majorrace?	4	script-definition	no	-
make_bits	4	script-definition	no	-
make_custom_random_map	1	script-definition	no	-
make_dungeon	6	script-definition	no	-
make_game	13	script-definition	no	-
make_initial_offer	1	script-definition	no	-
make_landscape_for_faith	2	script-definition	no	-
make_los_table	1	script-definition	no	-
make_random_map	3	script-definition	no	-
make_string	2	script-definition	no	-
make_string_buffer	3	script-definition	no	-
make_string_dict	1	script-definition	no	-
make_toggle_proc	3	script-definition	no	-
make_unit_die	3	script-definition	no	-
make_unit_retreat	6	script-definition	no	-
make_unit_survive	6	script-definition	no	-
make_village_security_forces_dynamically	1	script-definition	no	-
makearmydict	14	script-definition	no	-
makedungeonencounter	2	script-definition	no	-
makedungeonspoils	57	heuristic-false-positive	no	-
makeencounter	1	heuristic-false-positive	no	-
makeencounterprocid	3	script-definition	no	-
makefont	61	script-definition	no	-
makefont_buf	4	script-definition	no	-
makefont_columns	2	heuristic-false-positive	no	-
makefont_font	4	heuristic-false-positive	no	-
makegreattempletext	10	script-definition	no	-
makemultilevelencounter	1	script-definition	no	-
makepage	3	native-host-call	yes	0x004da9f0
makepage16	2	native-host-call	yes	0x004dab60
makespriteimpplayer	87	heuristic-false-positive	no	-
maketextentrybox	33	heuristic-false-positive	no	-
makeunit	1	script-definition	no	-
makeunitbuybutton	1	script-definition	no	-
makewongreattempletext	25	script-definition	no	-
makewongreattempletext_textprocs	2	script-definition	no	-
mana	167	script-definition	no	-
mana_bonus	2	script-definition	no	-
mana_box	2	heuristic-false-positive	no	-
mana_buffer	564	script-definition	no	-
mana_bv	1	script-definition	no	-
mana_cost	22	script-definition	no	-
mana_left	2	script-definition	no	-
mana_name	4	script-definition	no	-
mana_number	3	heuristic-false-positive	no	-
mana_potion_str	3	script-definition	no	-
mana_str	12	script-definition	no	-
mana_text	2	heuristic-false-positive	no	-
mana_text_box	5	heuristic-false-positive	no	-
manage_dpw_brains	1	heuristic-false-positive	no	-
manage_primary_brains	1	heuristic-false-positive	no	-
manage_research_brains	1	script-definition	no	-
manastring	4	script-definition	no	-
manastring1	3	script-definition	no	-
mandays_completed	2	script-definition	no	-
mandays_to_go	4	script-definition	no	-
mandays_total	8	script-definition	no	-
map_custom_parameters	1	script-definition	no	-
map_edit_button	19	script-definition	no	-
map_edit_counter	2	script-definition	no	-
map_editor_button	2	heuristic-false-positive	no	-
map_facing0	2	script-definition	no	-
map_facing1	2	script-definition	no	-
map_facing3	2	script-definition	no	-
map_facing5	2	script-definition	no	-
map_height	8	script-definition	no	-
map_sbf	63	script-definition	no	-
map_tbf	63	script-definition	no	-
map_width	8	script-definition	no	-
mapfile	2	script-definition	no	-
mapfilename	109	script-definition	no	-
mapfiles	1	script-definition	no	-
maph	59	native-host-call	yes	0x004dfd30
mapnameeditbox	3	heuristic-false-positive	no	-
maps	166	script-definition	no	-
maptileset	10	native-host-call	yes	0x004df0a0
mapvirtualunits	2	native-host-call	yes	0x0044d5f0
mapw	64	native-host-call	yes	0x004dfce0
mapx	6	script-definition	no	-
mapy	6	script-definition	no	-
marauder_army_id	2	script-definition	no	-
marauder_codes_dict	2	script-definition	no	-
marauder_unit_num	1	script-definition	no	-
march_air	10	script-definition	no	-
march_chaos	10	script-definition	no	-
march_death	10	script-definition	no	-
march_earth	10	script-definition	no	-
march_fire	9	script-definition	no	-
march_life	9	script-definition	no	-
march_order	10	script-definition	no	-
march_water	10	script-definition	no	-
mark_city_as_explored?	2	script-definition	no	-
markborder	3	native-host-call	yes	0x004c7660
market_box	2	heuristic-false-positive	no	-
market_box_pos	2	script-definition	no	-
market_box_wh	2	script-definition	no	-
market_down_fn	2	script-definition	no	-
market_gold	2	script-definition	no	-
market_init	14	script-definition	no	-
market_pop_pos	2	script-definition	no	-
market_pos	2	script-definition	no	-
market_text_gold	8	script-definition	no	-
market_text_init	6	script-definition	no	-
market_up_fn	2	script-definition	no	-
marketbartervalue	12	native-host-call	yes	0x00434d30
marketplace	11	script-definition	no	-
marrock	1	script-definition	no	-
massive_assault	4	script-definition	no	-
match_class	1	script-definition	no	-
match_diff	2	script-definition	no	-
match_entry	1	script-definition	no	-
match_faith	1	script-definition	no	-
match_stack	41	script-definition	no	-
matched_code?	2	script-definition	no	-
matches	2	script-definition	no	-
matchfaith?	4	script-definition	no	-
matchguids	1	native-host-call	yes	0x004b9200
maup_arrow	2	script-definition	no	-
max	766	script-definition	no	-
max_ale	31	script-definition	no	-
max_allies	2	script-definition	no	-
max_allowed_exp	1	script-definition	no	-
max_allowed_level	9	script-definition	no	-
max_amt	2	script-definition	no	-
max_armies	4	script-definition	no	-
max_armies_in_region	4	script-definition	no	-
max_artifacts	4	script-definition	no	-
max_barter_brains	4	script-definition	no	-
max_center_items	2	heuristic-false-positive	no	-
max_charges	52	script-definition	no	-
max_cities_in_region	2	script-definition	no	-
max_crys	25	script-definition	no	-
max_crystal	14	script-definition	no	-
max_crystals	13	heuristic-false-positive	no	-
max_dexterity	4	script-definition	no	-
max_enemies	2	script-definition	no	-
max_enemy_str	2	script-definition	no	-
max_fame	34	script-definition	no	-
max_goals	2	script-definition	no	-
max_gold	50	script-definition	no	-
max_health	4	script-definition	no	-
max_hp	4	script-definition	no	-
max_hp_val	8	heuristic-false-positive	no	-
max_i	2	heuristic-false-positive	no	-
max_index	2	script-definition	no	-
max_inits_allowed	5	heuristic-false-positive	no	-
max_legendary_creatures?	4	script-definition	no	-
max_level	26	script-definition	no	-
max_limit	16	script-definition	no	-
max_line	5	script-definition	no	-
max_luck	3	script-definition	no	-
max_mana	6	script-definition	no	-
max_movement	3	script-definition	no	-
max_power	3	script-definition	no	-
max_properties	4	script-definition	no	-
max_resistance	3	script-definition	no	-
max_seamonsters	1	script-definition	no	-
max_spells	4	script-definition	no	-
max_stat	3	script-definition	no	-
max_strength	4	script-definition	no	-
max_swatches	15	script-definition	no	-
max_t	3	script-definition	no	-
max_tasks	6	script-definition	no	-
max_trade_items_per_side	14	script-definition	no	-
max_ttype	2	script-definition	no	-
max_turns_to_heal	2	script-definition	no	-
max_units	4	script-definition	no	-
max_v	73	script-definition	no	-
max_value	40	script-definition	no	-
max_wisdom	6	script-definition	no	-
max_wizard_level	2	script-definition	no	-
maxauratypes	1	native-host-call	yes	0x0042e1e0
maxdialogs	2	native-host-call	yes	0x0048f460
maxgraphics	1	native-host-call	yes	0x004d9ee0
maxhelppanels	1	native-host-call	yes	0x00486e40
maximum_build_units_allowed?	7	script-definition	no	-
maximum_build_unittypes?	7	script-definition	no	-
maxitems_3rdperson	2	script-definition	no	-
maxlightningpals	2	native-host-call	yes	0x004a4040
maxmissiletypes	1	native-host-call	yes	0x004af560
maxmonsterarmies	1	script-definition	no	-
maxmounttypes	1	native-host-call	yes	0x004b0f40
maxpalettes	1	native-host-call	yes	0x004d9f90
maxplayers	16	script-definition	no	-
maxreferencepalettes	1	native-host-call	yes	0x004b9eb0
maxslope	26	native-host-call	yes	0x004a5bf0
maxterrainbonustypes	1	heuristic-false-positive	no	-
maxterrainspritetypes	2	native-host-call	yes	0x0050d1f0
maxunittypes	1	native-host-call	yes	0x00524720
maxx	5	script-definition	no	-
maxy	8	script-definition	no	-
mcdown_arrow	2	script-definition	no	-
mctdown_arrow	2	script-definition	no	-
mctup_arrow	2	script-definition	no	-
mcup_arrow	2	script-definition	no	-
mdnd_doodad	2	heuristic-false-positive	no	-
mdnd_xywh	2	heuristic-false-positive	no	-
mdnl_doodad	2	heuristic-false-positive	no	-
mdnl_xywh	2	heuristic-false-positive	no	-
mdown_bf	8	heuristic-false-positive	no	-
me	91	script-definition	no	-
me_id	17	script-definition	no	-
meadow_button	1	heuristic-false-positive	no	-
medium_bf	11	heuristic-false-positive	no	-
medium_dbf	10	script-definition	no	-
medium_item	4	script-definition	no	-
medium_sbf	119	script-definition	no	-
medium_tbf	134	script-definition	no	-
medium_text	2	heuristic-false-positive	no	-
medium_text_item	2	script-definition	no	-
meet_response_dict	2	script-definition	no	-
meetdict	797	script-definition	no	-
mefaith	3	script-definition	no	-
melee	4	script-definition	no	-
melee_combat_equation	1	script-definition	no	-
melee_missile_resistance	2	script-definition	no	-
melee_val	2	script-definition	no	-
melee_value	101	script-definition	no	-
melee_vulnerability_factor	2	script-definition	no	-
member	10	script-definition	no	-
memory_dict	3	script-definition	no	-
memory_warn_dlg	9	script-definition	no	-
menu_button	1	heuristic-false-positive	no	-
menu_dbf	1	script-definition	no	-
menu_sbf	1	heuristic-false-positive	no	-
menu_tbf	1	heuristic-false-positive	no	-
merc_army	9	script-definition	no	-
merc_cost_adjustment	4	heuristic-false-positive	no	-
merc_dict	3	script-definition	no	-
mercenary_attack	1	script-definition	no	-
mercenary_fame_loss	4	script-definition	no	-
mercenary_invasion	1	heuristic-false-positive	no	-
mercs?	1	script-definition	no	-
merge	1	native-host-call	yes	0x00521080
mess	3	script-definition	no	-
messa	2	heuristic-false-positive	no	-
message_artifact	2	script-definition	no	-
message_buffer	19	script-definition	no	-
message_buffer_bottom	72	script-definition	no	-
message_buffer_main	76	script-definition	no	-
message_buffer_submain	75	script-definition	no	-
message_buffer_top	75	script-definition	no	-
message_count	1	script-definition	no	-
message_id	8	script-definition	no	-
message_index	4	script-definition	no	-
messagebox	22	native-host-call	yes	0x004e54f0
messagebox_dlg_dict	10	script-definition	no	-
messagebox_dlg_dict_bigger	5	script-definition	no	-
messagebox_dlg_dict_specialbuilding	5	script-definition	no	-
messu	2	heuristic-false-positive	no	-
meteor_shower	11	script-definition	no	-
meter_filename	13	script-definition	no	-
meu	3	script-definition	no	-
mfulldn_xywh	3	heuristic-false-positive	no	-
mfullup_xywh	3	heuristic-false-positive	no	-
mgdown_arrow	2	script-definition	no	-
mgup_arrow	2	script-definition	no	-
mh	4	script-definition	no	-
mh_string	4	script-definition	no	-
mid_range	4	heuristic-false-positive	no	-
mighty_blow	5	script-definition	no	-
mil_codes	1	script-definition	no	-
military_forms	6	script-definition	no	-
military_name	4	script-definition	no	-
military_unit_dd	12	heuristic-false-positive	no	-
militaryunitsremaining	17	native-host-call	yes	0x00424010
militaryunitsremainingincombat	7	native-host-call	yes	0x004e7f20
militia_item	6	script-definition	no	-
mill	5	heuristic-false-positive	no	-
min	1059	script-definition	no	-
min_amt	4	script-definition	no	-
min_arts	1	script-definition	no	-
min_fame	12	script-definition	no	-
min_level	3	script-definition	no	-
min_rat	6	script-definition	no	-
min_str	2	heuristic-false-positive	no	-
mind_control	2	script-definition	no	-
minec	15	heuristic-false-positive	no	-
mineg	6	heuristic-false-positive	no	-
minei	8	heuristic-false-positive	no	-
minem	6	heuristic-false-positive	no	-
mines	6	heuristic-false-positive	no	-
minimize	1	native-host-call	yes	0x004e54e0
minimum_build_units_allowed?	2	script-definition	no	-
minimum_crystals	1	script-definition	no	-
minimum_food	1	script-definition	no	-
minimum_full_stronghold_cost	3	script-definition	no	-
minimum_gold	1	script-definition	no	-
minny	1	script-definition	no	-
minor_fate	8	script-definition	no	-
minor_fate_mod	4	script-definition	no	-
minor_rust	7	script-definition	no	-
minx	5	script-definition	no	-
miny	8	script-definition	no	-
mis_fac_str	2	script-definition	no	-
misc_sound	13	script-definition	no	-
missile_alpha_imp_filename	12	script-definition	no	-
missile_damage_function	4	script-definition	no	-
missile_destination_location	4	script-definition	no	-
missile_flags	5	script-definition	no	-
missile_gravity	5	script-definition	no	-
missile_hit_aura	5	script-definition	no	-
missile_hit_aura_channel	5	script-definition	no	-
missile_hit_sound	4	script-definition	no	-
missile_imp_filename	35	script-definition	no	-
missile_in_army_a	1	script-definition	no	-
missile_in_army_d	1	script-definition	no	-
missile_launch_action	5	script-definition	no	-
missile_launch_hotspot	5	script-definition	no	-
missile_lifespan	5	script-definition	no	-
missile_protection	13	script-definition	no	-
missile_range_box	1	heuristic-false-positive	no	-
missile_range_str	9	script-definition	no	-
missile_range_text	2	heuristic-false-positive	no	-
missile_shadow_imp_filename	19	script-definition	no	-
missile_speed	13	script-definition	no	-
missile_start_elevation	5	script-definition	no	-
missile_start_location	5	script-definition	no	-
missile_type	9	script-definition	no	-
missile_vulnerability_factor	5	script-definition	no	-
missilecondition?	2	script-definition	no	-
missiledict	11	script-definition	no	-
missilewasaimed?	2	native-host-call	yes	0x004014d0
misunderstood	2	script-definition	no	-
mockup_dlg	7	heuristic-false-positive	no	-
mod	817	language-primitive	yes	0x004cb1f0
mod_army_id	1	script-definition	no	-
mod_artifact	1	script-definition	no	-
mod_field	12	script-definition	no	-
mod_help_dlg	7	script-definition	no	-
mod_help_string	1	script-definition	no	-
mod_menu_dlg	11	script-definition	no	-
mod_pointer	6	script-definition	no	-
mod_ref	9	script-definition	no	-
mod_spell	12	script-definition	no	-
mod_spell_level	1	script-definition	no	-
mod_table	12	heuristic-false-positive	no	-
mod_type	1	script-definition	no	-
mod_unit_num	1	script-definition	no	-
mod_val	1	script-definition	no	-
mod_value	30	script-definition	no	-
modal	73	native-host-call	yes	0x0048f8b0
modalloop	217	native-host-call	yes	0x004ffcd0
mode	40	script-definition	no	-
mode_edit	2	script-definition	no	-
mode_text	18	script-definition	no	-
modeless	70	native-host-call	yes	0x0048f7f0
modemcreate	1	native-host-call	yes	0x004b8440
modemdial	1	native-host-call	yes	0x004b8530
modifier_aura	3	script-definition	no	-
modifier_aura_alpha_filename	48	script-definition	no	-
modifier_aura_imp_filename	64	script-definition	no	-
modifier_back_aura_alpha_filename	18	script-definition	no	-
modifier_back_aura_imp_filename	25	script-definition	no	-
modifier_flag	8	script-definition	no	-
modifiers_added?	2	script-definition	no	-
modifymood	4	native-host-call	yes	0x004b4230
monsterarmystrength	1	script-definition	no	-
morale	11	script-definition	no	-
morale_mod	3	script-definition	no	-
more_damage	1	script-definition	no	-
morph_aura	7	heuristic-false-positive	no	-
most_effective_play	10	script-definition	no	-
most_effective_play_spell	4	script-definition	no	-
most_plentiful_commodity_type	2	heuristic-false-positive	no	-
most_plentiful_ut	1	script-definition	no	-
mount_imp_filename	31	script-definition	no	-
mountain	1	script-definition	no	-
mountain1	1	script-definition	no	-
mountain2	1	script-definition	no	-
mountain3	1	script-definition	no	-
mountain4	1	script-definition	no	-
mountain_button	1	heuristic-false-positive	no	-
mountainloop	1	script-definition	no	-
mouse_move_proc	3	script-definition	no	-
mousemove	5	native-host-call	yes	0x004e3c50
move	1	script-definition	no	-
move_all_units?	1	script-definition	no	-
move_and_kill	2	heuristic-false-positive	no	-
move_armies	4	script-definition	no	-
move_artifacts	1	heuristic-false-positive	no	-
move_bits	5	script-definition	no	-
move_off_str	4	script-definition	no	-
move_on_str	4	script-definition	no	-
move_randomly	2	script-definition	no	-
movealarm	1	native-host-call	yes	0x0040da70
moveall_bf	1	heuristic-false-positive	no	-
moveall_button	1	heuristic-false-positive	no	-
moveall_dn_doodad	1	heuristic-false-positive	no	-
moveall_dn_xywh	1	heuristic-false-positive	no	-
moveall_full_xywh	2	heuristic-false-positive	no	-
moveall_up_doodad	1	heuristic-false-positive	no	-
moveall_up_xywh	1	heuristic-false-positive	no	-
moveaway	3	native-host-call	yes	0x0051f9b0
movedungeonarmy	3	native-host-call	yes	0x00488d20
movement	6	script-definition	no	-
movement_cost	21	script-definition	no	-
movement_name	4	script-definition	no	-
movement_number	2	heuristic-false-positive	no	-
movement_potion_str1	3	script-definition	no	-
movement_potion_str2	3	script-definition	no	-
movement_potion_str3	3	script-definition	no	-
movement_text_box	5	heuristic-false-positive	no	-
movementstring	6	script-definition	no	-
moveout	37	native-host-call	yes	0x0051fd30
moveselectedunit	1	native-host-call	yes	0x004e8760
movetoward	3	native-host-call	yes	0x0051fbb0
moving?	31	native-host-call	yes	0x004e19d0
mp_ratio	2	script-definition	no	-
mp_spell_tables	1	script-definition	no	-
mp_start_spells_tbl_12	1	script-definition	no	-
mp_start_spells_tbl_16	1	script-definition	no	-
mp_start_spells_tbl_20	3	script-definition	no	-
mp_start_spells_tbl_4	1	script-definition	no	-
mp_start_spells_tbl_8	1	script-definition	no	-
mplayer_savegame_filename	5	script-definition	no	-
mps	2	script-definition	no	-
mps_box	2	heuristic-false-positive	no	-
mps_cost	474	script-definition	no	-
mps_str	12	script-definition	no	-
mps_text	2	heuristic-false-positive	no	-
msdown_arrow	2	script-definition	no	-
msg	32	script-definition	no	-
msup_arrow	2	script-definition	no	-
mtdown_arrow	2	script-definition	no	-
mtn_h	6	script-definition	no	-
mtn_iter	1	script-definition	no	-
mtn_w	6	script-definition	no	-
mtn_x	5	script-definition	no	-
mtn_y	5	script-definition	no	-
mtreea	3	heuristic-false-positive	no	-
mtreef	3	heuristic-false-positive	no	-
mtreeo	3	heuristic-false-positive	no	-
mtup_arrow	2	script-definition	no	-
mu	4	script-definition	no	-
mud_slide	8	script-definition	no	-
mul	3717	language-primitive	yes	0x004cad50
multi2_bf	2	heuristic-false-positive	no	-
multi3_bf	2	heuristic-false-positive	no	-
multi_bf	3	script-definition	no	-
multi_shot	16	script-definition	no	-
multi_shot_arrow	2	heuristic-false-positive	no	-
multi_units_string	2	script-definition	no	-
multichat	14	script-definition	no	-
multichat_buffer	5	script-definition	no	-
multichatbox	3	script-definition	no	-
multichatedit	1	heuristic-false-positive	no	-
multiedit_buffer	3	script-definition	no	-
multiimp	11	script-definition	no	-
multimap	3	script-definition	no	-
multinamebox	5	script-definition	no	-
multinames	10	script-definition	no	-
multiplayer_button	2	heuristic-false-positive	no	-
multiplayer_dialog	102	script-definition	no	-
multiplayer_startscenario	1	script-definition	no	-
multiplier_value	8	script-definition	no	-
multiscenario_buffer	18	script-definition	no	-
mup_bf	8	heuristic-false-positive	no	-
mupd_doodad	2	heuristic-false-positive	no	-
mupd_xywh	2	heuristic-false-positive	no	-
mupl_doodad	2	heuristic-false-positive	no	-
mupl_xywh	2	heuristic-false-positive	no	-
music_dict	1	script-definition	no	-
music_string	4	script-definition	no	-
mw	4	script-definition	no	-
mw_string	4	script-definition	no	-
my_a	5	script-definition	no	-
my_army	477	script-definition	no	-
my_army_for_barter	1	script-definition	no	-
my_army_percent_health	2	script-definition	no	-
my_army_size	20	script-definition	no	-
my_army_stack	6	script-definition	no	-
my_artifact	3	script-definition	no	-
my_artifact_dlg_list	4	script-definition	no	-
my_artifact_stack	6	script-definition	no	-
my_attitude	1	script-definition	no	-
my_barter_type	2	script-definition	no	-
my_bf	12	heuristic-false-positive	no	-
my_big_bf	4	heuristic-false-positive	no	-
my_bits	3	script-definition	no	-
my_boat	2	script-definition	no	-
my_boss	4	heuristic-false-positive	no	-
my_box_backdrop	1	heuristic-false-positive	no	-
my_box_dlg	22	script-definition	no	-
my_box_visible_array	4	heuristic-false-positive	no	-
my_category	4	script-definition	no	-
my_category_button_list	4	script-definition	no	-
my_champ	4	heuristic-false-positive	no	-
my_city	7	script-definition	no	-
my_commodity	7	script-definition	no	-
my_count	6	script-definition	no	-
my_greatest_id	3	script-definition	no	-
my_greatest_str	5	script-definition	no	-
my_id	33	script-definition	no	-
my_lake_has_enough_boats	1	script-definition	no	-
my_leader	1	script-definition	no	-
my_military_size	7	script-definition	no	-
my_owner	32	script-definition	no	-
my_page_dd	1	script-definition	no	-
my_panel_dd	2	script-definition	no	-
my_panel_dlg	43	script-definition	no	-
my_personal_unit_stack	6	script-definition	no	-
my_player	547	script-definition	no	-
my_property_stack	6	script-definition	no	-
my_qty	1	heuristic-false-positive	no	-
my_resource_dlg	10	script-definition	no	-
my_slider	3	heuristic-false-positive	no	-
my_source_stack	2	script-definition	no	-
my_spell_stack	8	script-definition	no	-
my_str	5	script-definition	no	-
my_stronghold_level	8	script-definition	no	-
my_targ	2	script-definition	no	-
my_total_armies	3	heuristic-false-positive	no	-
my_trade_dict	10	script-definition	no	-
my_trade_stack	6	script-definition	no	-
my_trade_visible_array	4	script-definition	no	-
my_unit	31	script-definition	no	-
my_unit_for_barter	3	script-definition	no	-
my_unit_num	4	script-definition	no	-
my_unit_stack	6	script-definition	no	-
my_unit_visible_array	4	heuristic-false-positive	no	-
mycheapestarmy	1	native-host-call	yes	0x00466210
myfastestarmy	1	native-host-call	yes	0x00466280
myowner	150	native-host-call	yes	0x00464330
n	443	script-definition	no	-
n2	1	script-definition	no	-
n_2	6	script-definition	no	-
n_r	2	heuristic-false-positive	no	-
n_val	2	script-definition	no	-
na	96	script-definition	no	-
na1	2	script-definition	no	-
naddunit	1	native-host-call	yes	0x00485ee0
name	193	script-definition	no	-
name1_edit	2	script-definition	no	-
name1_text	4	script-definition	no	-
name2_edit	2	script-definition	no	-
name2_text	4	script-definition	no	-
name_best_armor	2	script-definition	no	-
name_best_attack	2	script-definition	no	-
name_best_level	2	script-definition	no	-
name_best_ranged_attack	2	script-definition	no	-
name_box	6	heuristic-false-positive	no	-
name_buffer	622	script-definition	no	-
name_cities	1	script-definition	no	-
name_dialog	28	script-definition	no	-
name_func	1	script-definition	no	-
name_h	4	script-definition	no	-
name_w	4	script-definition	no	-
name_y	1	script-definition	no	-
names	38	script-definition	no	-
nb	1	script-definition	no	-
nc	17	script-definition	no	-
ncav	1	script-definition	no	-
ncreate	1	script-definition	no	-
ncreateorjoingame?	2	script-definition	no	-
ne	1656	script-definition	no	0x004cbca0
near_build	11	script-definition	no	-
near_dist	2	script-definition	no	-
nearby_army	7	script-definition	no	-
nearest_dungeon	3	script-definition	no	-
nearestarmy	29	script-definition	no	-
nearestbuilding	41	script-definition	no	-
nearestcity	29	script-definition	no	-
nearestdungeon	36	script-definition	no	-
nearestvaliddistance	20	script-definition	no	-
nearestvalidtarget	10	script-definition	no	-
necro	1	script-definition	no	-
need_any_brains?	1	script-definition	no	-
need_code_list_stack	9	script-definition	no	-
need_refresh	7	script-definition	no	-
need_to_create_army	3	script-definition	no	-
need_to_move?	5	script-definition	no	-
need_to_reduce?	1	script-definition	no	-
needed	2	heuristic-false-positive	no	-
needhealing?	15	native-host-call	yes	0x004268b0
neg	59	language-primitive	yes	0x004cbf90
negate_attack	1	script-definition	no	-
negative?	2	script-definition	no	-
netcomputersassigned	2	native-host-call	yes	0x004b5e70
netgamedlg	1	heuristic-false-positive	no	-
netlockgame	1	native-host-call	yes	0x004b6020
netlog	11	native-host-call	yes	0x004b57d0
netselectgame	7	script-definition	no	-
netselectmodemgame	1	script-definition	no	-
netspdlg	19	script-definition	no	-
network_dialog	2	script-definition	no	-
networkgamename	2	native-host-call	yes	0x004b8780
networkstatusdisplay	1	native-host-call	yes	0x0048d440
neutral_landscape	2	script-definition	no	-
neutralize	4	script-definition	no	-
new	12	script-definition	no	-
new_a	23	script-definition	no	-
new_ale	2	heuristic-false-positive	no	-
new_att	18	script-definition	no	-
new_book?	2	script-definition	no	-
new_brain_id	2	script-definition	no	-
new_button	1	heuristic-false-positive	no	-
new_crystals	2	heuristic-false-positive	no	-
new_dbf	1	script-definition	no	-
new_exp	8	heuristic-false-positive	no	-
new_exp_price	4	heuristic-false-positive	no	-
new_fame	2	heuristic-false-positive	no	-
new_game_button	2	heuristic-false-positive	no	-
new_gold	2	heuristic-false-positive	no	-
new_id	2	script-definition	no	-
new_initiates	7	script-definition	no	-
new_initiates_from_actions	5	script-definition	no	-
new_initiates_from_fame	4	script-definition	no	-
new_initiates_from_strongholds	5	script-definition	no	-
new_initiates_not_from_actions	2	script-definition	no	-
new_level	2	script-definition	no	-
new_loc	2	script-definition	no	-
new_melee_percent	2	heuristic-false-positive	no	-
new_owner	17	script-definition	no	-
new_quest_flag	1	script-definition	no	-
new_ranged_percent	2	heuristic-false-positive	no	-
new_sbf	1	heuristic-false-positive	no	-
new_special_percent	2	heuristic-false-positive	no	-
new_spell	1	script-definition	no	-
new_strengtharray	4	script-definition	no	-
new_string	10	script-definition	no	-
new_target_id	8	script-definition	no	-
new_tbf	1	heuristic-false-positive	no	-
new_temp1	4	heuristic-false-positive	no	-
new_total	6	heuristic-false-positive	no	-
new_unittype	16	script-definition	no	-
new_ut	10	script-definition	no	-
new_value	38	script-definition	no	-
new_x	12	script-definition	no	-
new_y	12	script-definition	no	-
newactiverect	2	script-definition	no	-
newdlg	53	script-definition	no	-
newgame	16	native-host-call	yes	0x004deec0
newgame_additems	2	script-definition	no	-
newgame_backdrop	2	heuristic-false-positive	no	-
newgame_page	2	script-definition	no	-
newlocationproc	1	native-host-call	yes	0x004e2460
newmap	9	native-host-call	yes	0x004def80
newmap_dlg	11	script-definition	no	-
newmapdict	14	script-definition	no	-
newname	18	script-definition	no	-
newnetdlg	5	script-definition	no	-
newplay	23	native-host-call	yes	0x004649e0
newtextrect	2	script-definition	no	-
next	9	script-definition	no	-
next_artifact_button	1	script-definition	no	-
next_backdrop	1	script-definition	no	-
next_button	1	script-definition	no	-
next_char	5	script-definition	no	-
next_dialog	4	script-definition	no	-
next_level_box	2	heuristic-false-positive	no	-
next_level_item	4	script-definition	no	-
next_level_str	24	script-definition	no	-
next_level_text	9	heuristic-false-positive	no	-
next_object	4	script-definition	no	-
next_page	2	heuristic-false-positive	no	-
next_spell	2	script-definition	no	-
nextarmy	5	native-host-call	yes	0x004e1750
nextarmymps	1	native-host-call	yes	0x0052cc90
nextartifactprocs	2	script-definition	no	-
nextelement	2	heuristic-false-positive	no	-
nextline	2	script-definition	no	-
nextmps_bf	1	heuristic-false-positive	no	-
nextmps_button	1	heuristic-false-positive	no	-
nextmps_dn_doodad	1	heuristic-false-positive	no	-
nextmps_dn_xywh	1	heuristic-false-positive	no	-
nextmps_full_xywh	2	heuristic-false-positive	no	-
nextmps_up_doodad	1	heuristic-false-positive	no	-
nextmps_up_xywh	1	heuristic-false-positive	no	-
nfit	1	script-definition	no	-
nhp	3	heuristic-false-positive	no	-
ninf	1	script-definition	no	-
njoin	1	script-definition	no	-
nl	2	script-definition	no	-
nm	3	script-definition	no	-
nmil	19	script-definition	no	-
nmis	1	script-definition	no	-
nmp	2	heuristic-false-positive	no	-
no	2	heuristic-false-positive	yes	-
no_boats_please?	2	script-definition	no	-
no_bps_wav	22	script-definition	no	-
no_button	5	script-definition	no	-
no_button_t	1	heuristic-false-positive	no	-
no_miss_sound	37	script-definition	no	-
no_more_buildings?	1	script-definition	no	-
non_book	2	heuristic-false-positive	no	-
non_champ_u_stack	8	script-definition	no	-
normal_attack	5	script-definition	no	-
normal_barracks?	13	script-definition	no	-
normal_city_magistrate	10	script-definition	no	-
normal_city_market	7	script-definition	no	-
normal_city_tavern	7	script-definition	no	-
normal_city_temple	7	script-definition	no	-
normal_doodad	2	script-definition	no	-
normal_great_temple?	7	script-definition	no	-
normal_lancelot	16	script-definition	no	-
normal_library?	3	script-definition	no	-
normal_merc?	16	script-definition	no	-
normal_or_assault_magic_attack	12	script-definition	no	-
normal_or_assault_special_magic_attack	3	script-definition	no	-
normal_or_flank_magic_attack	6	script-definition	no	-
normal_or_magic_attack	13	script-definition	no	-
normal_or_massive_assault_magic_attack	3	script-definition	no	-
normal_potions?	13	script-definition	no	-
normal_resource_minimum_table	1	script-definition	no	-
normal_special?	4	script-definition	no	-
normal_thief_dlg?	9	script-definition	no	-
normal_thieves_guild?	13	script-definition	no	-
normal_train?	19	script-definition	no	-
normal_village?	27	script-definition	no	-
normal_volunteer?	5	heuristic-false-positive	no	-
normal_wizards_tower?	10	script-definition	no	-
nospell_bttn	2	script-definition	no	-
not	2402	language-primitive	yes	0x004cbeb0
not_ok	1	heuristic-false-positive	no	-
nothung	10	script-definition	no	-
npc_unit_resources	2	script-definition	no	-
nsetbuildingdata	2	native-host-call	yes	0x00440d10
nsetcitydata	6	native-host-call	yes	0x00450d40
nsetcityinitiates	47	native-host-call	yes	0x00451e50
nsetplayerdata	49	native-host-call	yes	0x004bea30
nsetunitdata	15	native-host-call	yes	0x0041c670
nspells	15	script-definition	no	-
nta	1	script-definition	no	-
nthf	2	script-definition	no	-
nu	67	script-definition	no	-
null_stack	4	script-definition	no	-
num	1	script-definition	no	-
num_args	3	script-definition	no	-
num_armies	2	script-definition	no	-
num_artifacts_purchased	13	script-definition	no	-
num_attacker_units	6	script-definition	no	-
num_attackers	3	script-definition	no	-
num_available_armies	2	script-definition	no	-
num_barrow_cleared	2	script-definition	no	-
num_boat_armies	2	script-definition	no	-
num_boats	3	script-definition	no	-
num_bolts	6	script-definition	no	-
num_brains	3	script-definition	no	-
num_built	2	script-definition	no	-
num_champs	2	script-definition	no	-
num_containers	14	script-definition	no	-
num_days	6	script-definition	no	-
num_defender_units	6	script-definition	no	-
num_each_champion_type_desired	6	heuristic-false-positive	no	-
num_each_creature_type_desired	2	script-definition	no	-
num_each_military_type_desired	7	heuristic-false-positive	no	-
num_enemy_melee	3	script-definition	no	-
num_enemy_ranged	2	script-definition	no	-
num_extra	1	script-definition	no	-
num_flags	47	script-definition	no	-
num_fortnights	2	script-definition	no	-
num_group_in_army	10	script-definition	no	-
num_idle_mages	2	script-definition	no	-
num_in_both	8	script-definition	no	-
num_items	44	script-definition	no	-
num_mercenaries_dismissed	4	script-definition	no	-
num_mil_units	11	script-definition	no	-
num_mine	3	script-definition	no	-
num_missing	1	script-definition	no	-
num_months	8	script-definition	no	-
num_of_artifacts_won	4	script-definition	no	-
num_open_dialogs	2	script-definition	no	-
num_players_at_war_with	1	script-definition	no	-
num_report	16	script-definition	no	-
num_researchers	8	script-definition	no	-
num_scout_units_desired	1	heuristic-false-positive	no	-
num_scouts	1	script-definition	no	-
num_ship_units_desired	1	heuristic-false-positive	no	-
num_snapshots	8	script-definition	no	-
num_spells_purchased	8	script-definition	no	-
num_spoils_boxes	6	script-definition	no	-
num_spots	28	script-definition	no	-
num_steps	8	script-definition	no	-
num_tones	2	script-definition	no	-
num_turns	11	script-definition	no	-
num_units	3	script-definition	no	-
num_units_purchased	1	script-definition	no	-
num_valid_owners	2	script-definition	no	-
num_victims	1	heuristic-false-positive	no	-
numattackerunits	2	native-host-call	yes	0x00461570
number	5	script-definition	no	-
number_buffer	3	script-definition	no	-
number_death_units_p0	5	script-definition	no	-
number_death_units_p1	5	script-definition	no	-
number_life_units_p0	5	script-definition	no	-
number_life_units_p1	5	script-definition	no	-
number_not_death_p0	4	script-definition	no	-
number_not_death_p1	2	script-definition	no	-
number_not_life	2	script-definition	no	-
number_not_life_p0	4	script-definition	no	-
number_not_life_p1	4	script-definition	no	-
number_of_groups_p0	12	script-definition	no	-
number_of_groups_p1	8	script-definition	no	-
number_of_targets	3	script-definition	no	-
number_of_undead_p0	1	script-definition	no	-
number_of_undead_p1	1	script-definition	no	-
number_of_units_p0	33	script-definition	no	-
number_of_units_p1	38	script-definition	no	-
number_orc_in_combat	4	script-definition	no	-
number_troll_in_combat	4	script-definition	no	-
numberselector	9	heuristic-false-positive	no	-
numbuttons	25	script-definition	no	-
numchamps	1	script-definition	no	-
numcomputers	40	native-host-call	yes	0x004b8b10
numdefenderunits	2	native-host-call	yes	0x004615d0
numerator	2	script-definition	no	-
numfaiths	2	script-definition	no	-
numparties	1	native-host-call	yes	0x004be370
numproviders	5	script-definition	no	-
numspells	5	script-definition	no	-
numspellsinlist	4	script-definition	no	-
numturnstoreacharmy	9	native-host-call	yes	0x0051e1a0
numturnstoreachcity	1	native-host-call	yes	0x0051dd00
numturnstoreachsprite	70	native-host-call	yes	0x0051df90
numunits	5	script-definition	no	0x004be460
numunitsinlist	4	script-definition	no	-
numunittypes	7	native-host-call	yes	0x005247d0
nwiz	1	script-definition	no	-
nwmc	1	script-definition	no	-
nwmf	1	script-definition	no	-
nwmi	1	script-definition	no	-
nwmm	1	script-definition	no	-
nwz2	1	script-definition	no	-
o	9	script-definition	no	-
o1atk	1	script-definition	no	-
o1atkack_1	1	script-definition	no	-
o1die	1	script-definition	no	-
o1mov	1	script-definition	no	-
o1movack_1	1	script-definition	no	-
o1selack_1	1	script-definition	no	-
o2atk	1	script-definition	no	-
o2atkack_1	2	script-definition	no	-
o2atkack_2	1	script-definition	no	-
o2die	1	script-definition	no	-
o2mov	1	script-definition	no	-
o2movack_1	2	script-definition	no	-
o2movack_2	1	script-definition	no	-
o2selack_1	3	script-definition	no	-
o2selack_2	1	script-definition	no	-
o2selack_3	1	script-definition	no	-
o3atk	1	script-definition	no	-
o3atkack_1	3	script-definition	no	-
o3atkack_2	1	script-definition	no	-
o3atkack_3	1	script-definition	no	-
o3die	1	script-definition	no	-
o3mov	1	script-definition	no	-
o3movack_1	2	script-definition	no	-
o3movack_2	1	script-definition	no	-
o3rng	1	script-definition	no	-
o3selack_1	4	script-definition	no	-
o3selack_2	1	script-definition	no	-
o3selack_3	1	script-definition	no	-
o3selack_4	1	script-definition	no	-
o4atk	1	script-definition	no	-
o4atkack_1	1	script-definition	no	-
o4die	1	script-definition	no	-
o4mov	1	script-definition	no	-
o4movack_1	1	script-definition	no	-
o4selack_1	1	script-definition	no	-
o_city	3	script-definition	no	-
o_rally	6	script-definition	no	-
o_type	4	script-definition	no	-
ocatk	2	script-definition	no	-
ocatkack_1	5	script-definition	no	-
ocatkack_2	2	script-definition	no	-
ocatkack_3	2	script-definition	no	-
ocatkack_4	2	script-definition	no	-
ocdie	2	script-definition	no	-
ocmov	2	script-definition	no	-
ocmovack_1	7	script-definition	no	-
ocmovack_2	2	script-definition	no	-
ocmovack_3	2	script-definition	no	-
ocmovack_4	2	script-definition	no	-
ocmovack_5	2	script-definition	no	-
ocselack_1	3	script-definition	no	-
ocselack_2	2	script-definition	no	-
of2atk	1	script-definition	no	-
of2atkack_1	2	script-definition	no	-
of2atkack_2	1	script-definition	no	-
of2die	1	script-definition	no	-
of2mov	1	script-definition	no	-
of2movack_1	2	script-definition	no	-
of2movack_2	1	script-definition	no	-
of2selack_1	2	script-definition	no	-
of2selack_2	1	script-definition	no	-
ofatk	1	script-definition	no	-
ofatkack_1	5	script-definition	no	-
ofatkack_2	2	script-definition	no	-
ofatkack_3	1	script-definition	no	-
ofatkack_4	1	script-definition	no	-
ofatkack_5	1	script-definition	no	-
ofdie	1	script-definition	no	-
off	114	script-definition	no	-
off_text	2	script-definition	no	-
offensive_major_multi_target	4	script-definition	no	-
offensive_major_multi_target_proc	1	script-definition	no	-
offensive_major_single_target	2	script-definition	no	-
offensive_major_single_target_proc	6	script-definition	no	-
offensive_melee_value	12	script-definition	no	-
offensive_minor_multi_target	4	script-definition	no	-
offensive_minor_multi_target_proc	1	script-definition	no	-
offensive_minor_single_target	2	script-definition	no	-
offensive_minor_single_target_proc	1	script-definition	no	-
offensive_ranged_value	12	script-definition	no	-
offset	185	script-definition	no	-
offset0	6	script-definition	no	-
offset5	6	script-definition	no	-
offset_x	176	script-definition	no	-
offset_y	176	script-definition	no	-
ofmov	2	script-definition	no	-
ofmovack_1	5	script-definition	no	-
ofmovack_2	1	script-definition	no	-
ofmovack_3	2	script-definition	no	-
ofmovack_4	1	script-definition	no	-
ofmovack_5	1	script-definition	no	-
ofselack_1	4	script-definition	no	-
ofselack_2	1	script-definition	no	-
ofselack_3	1	script-definition	no	-
ofselack_4	1	script-definition	no	-
oh	6	script-definition	no	-
ohstring	2	script-definition	no	-
oiatk	1	script-definition	no	-
oiatkack_1	6	script-definition	no	-
oiatkack_2	2	script-definition	no	-
oiatkack_3	1	script-definition	no	-
oiatkack_4	2	script-definition	no	-
oiatkack_5	1	script-definition	no	-
oiatkack_6	1	script-definition	no	-
oidie	1	script-definition	no	-
oimov	1	script-definition	no	-
oimovack_1	5	script-definition	no	-
oimovack_2	1	script-definition	no	-
oimovack_3	2	script-definition	no	-
oimovack_4	1	script-definition	no	-
oimovack_5	1	script-definition	no	-
oiselack_1	4	script-definition	no	-
oiselack_2	1	script-definition	no	-
oiselack_3	1	script-definition	no	-
oiselack_4	1	script-definition	no	-
ok	53	script-definition	no	-
ok_button	5	heuristic-false-positive	no	-
ok_debrief_button	2	script-definition	no	-
ok_modal_string	10	script-definition	no	-
ok_provider?	1	script-definition	no	-
ok_to_attack_player?	4	script-definition	no	-
ok_to_barter	1	script-definition	no	-
ok_to_research_spell	2	script-definition	no	-
ok_to_swap	1	script-definition	no	-
okbutton_item	24	script-definition	no	-
old	1	heuristic-false-positive	no	-
old1atk	1	script-definition	no	-
old1atkack_1	2	script-definition	no	-
old1atkack_2	1	script-definition	no	-
old1die	1	script-definition	no	-
old1mov	1	script-definition	no	-
old1movack_1	2	script-definition	no	-
old1movack_2	1	script-definition	no	-
old1selack_1	2	script-definition	no	-
old1selack_2	1	script-definition	no	-
old2atk	1	script-definition	no	-
old2atkack_1	2	script-definition	no	-
old2atkack_2	1	script-definition	no	-
old2die	1	script-definition	no	-
old2mov	1	script-definition	no	-
old2movack_1	2	script-definition	no	-
old2movack_2	1	script-definition	no	-
old2selack_1	2	script-definition	no	-
old2selack_2	1	script-definition	no	-
old3atk	1	script-definition	no	-
old3atkack_1	2	script-definition	no	-
old3atkack_2	1	script-definition	no	-
old3die	1	script-definition	no	-
old3mov	1	script-definition	no	-
old3movack_1	2	script-definition	no	-
old3movack_2	1	script-definition	no	-
old3selack_1	2	script-definition	no	-
old3selack_2	1	script-definition	no	-
old_a	6	script-definition	no	-
old_ai	1	script-definition	no	-
old_att	6	script-definition	no	-
old_building_faith	6	script-definition	no	-
old_currentuser	2	script-definition	no	-
old_displaying_building_type	6	script-definition	no	-
old_faith	5	heuristic-false-positive	no	-
old_game_seed	1	script-definition	no	-
old_h	5	script-definition	no	-
old_hp	8	heuristic-false-positive	no	-
old_id	2	script-definition	no	-
old_lvl	1	script-definition	no	-
old_m	3	script-definition	no	-
old_mana	7	heuristic-false-positive	no	-
old_max_hp	1	heuristic-false-positive	no	-
old_minimum_units_allowed?	2	script-definition	no	-
old_owner	3	script-definition	no	-
old_position	2	script-definition	no	-
old_sprite_id	4	script-definition	no	-
old_start_army_index	1	script-definition	no	-
old_t	3	script-definition	no	-
old_topdialog	1	script-definition	no	-
old_turn	1	script-definition	no	-
old_unittype	8	heuristic-false-positive	no	-
oldv	1	script-definition	no	-
omatk	1	script-definition	no	-
omatkack_1	5	script-definition	no	-
omatkack_2	1	script-definition	no	-
omatkack_3	2	script-definition	no	-
omatkack_4	1	script-definition	no	-
omatkack_5	1	script-definition	no	-
omdie	1	script-definition	no	-
ommov	1	script-definition	no	-
ommovack_1	4	script-definition	no	-
ommovack_2	1	script-definition	no	-
ommovack_3	1	script-definition	no	-
ommovack_4	1	script-definition	no	-
omrng	1	script-definition	no	-
omselack_1	4	script-definition	no	-
omselack_2	1	script-definition	no	-
omselack_3	1	script-definition	no	-
omselack_4	1	script-definition	no	-
on	32	script-definition	no	-
on_text	3	script-definition	no	-
one_final_offer_satisfactory?	2	script-definition	no	-
one_scout_bit	2	script-definition	no	-
onstack?	5	script-definition	no	-
opaque	16	native-host-call	yes	0x00490000
open_army_attacking_you_dialog	2	script-definition	no	-
open_army_meet_you_dialog	1	heuristic-false-positive	no	-
open_book	8	script-definition	no	-
open_combat_dlg	2	script-definition	no	-
open_custom_special_barter_dialog	5	heuristic-false-positive	no	-
open_diplomatic_confirmation_dialog	5	script-definition	no	-
open_dungeon_dialog	10	script-definition	no	-
open_faith_select_dialog	4	heuristic-false-positive	no	-
open_fullscreen_dialog	15	script-definition	no	-
open_game_dlg	1	heuristic-false-positive	no	-
open_generic_1button_dialog	3	script-definition	no	-
open_generic_2buttons_dlg	20	script-definition	no	-
open_generic_story_dialog	91	script-definition	no	-
open_generic_ttype_dialog	7	script-definition	no	-
open_great_temple_dialog	1	script-definition	no	-
open_meet_army_dialog	4	script-definition	no	-
open_message_from_army_dialog	3	script-definition	no	-
open_messagebox_dialog	173	script-definition	no	-
open_messagebox_dialog_specialbuilding	48	script-definition	no	-
open_prod_dlg	1	script-definition	no	-
open_random_dungeon_dialog	65	script-definition	no	-
open_scroll_dlg	3	script-definition	no	-
open_this_box	2	script-definition	no	-
open_tip_event_dialog	63	script-definition	no	-
open_welcome_dialog	1	script-definition	no	-
open_winning_dialog	1	script-definition	no	-
opencitygate	3	native-host-call	yes	0x00458b10
opendialog	263	native-host-call	yes	0x0048fc70
openifnot	56	script-definition	no	-
openscriptwindow	2	native-host-call	yes	0x004c9b00
opp_f	1	script-definition	no	-
opp_p	1	script-definition	no	-
opposite_faith?	18	script-definition	no	-
optimal_diff_with_unit	2	script-definition	no	-
optimal_diff_without_unit	2	script-definition	no	-
optimal_melee	2	script-definition	no	-
optimal_ranged	2	script-definition	no	-
optimal_special	2	script-definition	no	-
optimizefortraining	1	heuristic-false-positive	no	-
options_dlg	1	script-definition	no	-
or	3045	language-primitive	yes	0x004cbec0
orb_wind	3	script-definition	no	-
orbrk1	3	script-definition	no	-
orbrk2	6	script-definition	no	-
orbrk3	3	script-definition	no	-
orbrk4	3	script-definition	no	-
orc	5	heuristic-false-positive	no	-
orc_rally	3	script-definition	no	-
orc_rating_dict	1	script-definition	no	-
orc_warrior_names	1	script-definition	no	-
orcav	22	script-definition	no	-
orcav2	19	script-definition	no	-
orcave	8	script-definition	no	-
orcavm	2	heuristic-false-positive	no	-
orchard	1	heuristic-false-positive	no	-
orcr1	19	script-definition	no	-
orcr2	33	script-definition	no	-
orcr3	26	script-definition	no	-
orcr4	11	script-definition	no	-
order_dict	5	script-definition	no	-
order_indicator_aura	1	script-definition	no	-
order_landscape	2	script-definition	no	-
order_pal	11	script-definition	no	-
order_quest_1	2	script-definition	no	-
order_quest_13	2	script-definition	no	-
order_quest_15	2	script-definition	no	-
order_quest_17	3	script-definition	no	-
order_quest_18	5	script-definition	no	-
order_quest_19	7	script-definition	no	-
order_quest_2	2	script-definition	no	-
order_quest_20	2	script-definition	no	-
order_quest_21	2	script-definition	no	-
order_quest_22	2	script-definition	no	-
order_quest_23	6	script-definition	no	-
order_quest_24	2	script-definition	no	-
order_quest_25	5	script-definition	no	-
order_quest_26	2	script-definition	no	-
order_quest_27	2	script-definition	no	-
order_quest_28	2	script-definition	no	-
order_quest_29	2	script-definition	no	-
order_quest_3	2	script-definition	no	-
order_quest_30	3	script-definition	no	-
order_quest_31	2	script-definition	no	-
order_quest_32	2	script-definition	no	-
order_quest_33	2	script-definition	no	-
order_quest_34	2	script-definition	no	-
order_quest_35	6	script-definition	no	-
order_quest_36	2	script-definition	no	-
order_quest_37	5	script-definition	no	-
order_quest_38	2	script-definition	no	-
order_quest_4	2	script-definition	no	-
order_quest_5	2	script-definition	no	-
order_quest_6	6	script-definition	no	-
order_quest_7	2	script-definition	no	-
order_quest_8	8	script-definition	no	-
order_quest_9	3	script-definition	no	-
order_sbld_button0	1	script-definition	no	-
order_sbld_button1	1	script-definition	no	-
order_sbld_button2	1	script-definition	no	-
order_sbld_button_frame	3	heuristic-false-positive	no	-
order_sbld_info_dd	1	heuristic-false-positive	no	-
order_sbld_info_in_dd	1	heuristic-false-positive	no	-
order_scenario_death_names	1	script-definition	no	-
order_scenario_order_names	1	script-definition	no	-
order_surnames	1	script-definition	no	-
ordung	1	script-definition	no	-
orfit	38	script-definition	no	-
orfitm	2	heuristic-false-positive	no	-
orft2	17	script-definition	no	-
original_army_id	7	script-definition	no	-
original_caster	2	script-definition	no	-
original_combat_dict	9	script-definition	no	-
original_experience	1	heuristic-false-positive	no	-
original_owner	2	script-definition	no	-
original_string	4	script-definition	no	-
original_target	7	script-definition	no	-
original_target_army_id	1	script-definition	no	-
original_target_unit_num	1	script-definition	no	-
original_unit_num	2	script-definition	no	-
originalunittype	5	native-host-call	yes	0x00527af0
originoffset	1	script-definition	no	-
orinf	27	script-definition	no	-
orld1	20	script-definition	no	-
orld2	19	script-definition	no	-
orld2m	1	heuristic-false-positive	no	-
orld3	21	script-definition	no	-
orld3m	1	heuristic-false-positive	no	-
orldf	55	script-definition	no	-
orldfm	1	heuristic-false-positive	no	-
orldt	30	script-definition	no	-
orldw	42	script-definition	no	-
orlib1	3	script-definition	no	-
orlib2	10	script-definition	no	-
ormag1	3	script-definition	no	-
ormag2	6	script-definition	no	-
ormag3	3	script-definition	no	-
ormag4	3	script-definition	no	-
ormgt1	5	script-definition	no	-
ormgt2	2	script-definition	no	-
ormgt3	2	script-definition	no	-
ormgt4	2	script-definition	no	-
ormina	4	script-definition	no	-
orminc	1	script-definition	no	-
orming	2	script-definition	no	-
ormis	22	script-definition	no	-
ormkt1	5	script-definition	no	-
ormkt2	2	script-definition	no	-
ormkt3	2	script-definition	no	-
ormkt4	2	script-definition	no	-
ormult	3	script-definition	no	-
orsbld	12	script-definition	no	-
orsblda	3	script-definition	no	-
orsbldn	5	script-definition	no	-
orshp	8	script-definition	no	-
orstat	3	script-definition	no	-
orthf	31	script-definition	no	-
orthg1	3	script-definition	no	-
orthg2	6	script-definition	no	-
orthg3	3	script-definition	no	-
orthg4	3	script-definition	no	-
ortowe	1	script-definition	no	-
ortpl1	5	script-definition	no	-
ortpl2	2	script-definition	no	-
ortpl3	2	script-definition	no	-
ortpl4	2	script-definition	no	-
ortvn1	5	script-definition	no	-
ortvn2	2	script-definition	no	-
ortvn3	2	script-definition	no	-
ortvn4	2	script-definition	no	-
orwiz	37	script-definition	no	-
orwmi	62	script-definition	no	-
orwmm	46	script-definition	no	-
osatk	1	script-definition	no	-
osatkack_1	1	script-definition	no	-
osdie	1	script-definition	no	-
osmov	1	script-definition	no	-
osmovack_1	1	script-definition	no	-
osrcx	5	script-definition	no	-
osrcxstring	2	script-definition	no	-
osrcy	5	script-definition	no	-
osrcystring	2	script-definition	no	-
osrng	1	script-definition	no	-
osselack_1	1	script-definition	no	-
otatk	1	script-definition	no	-
otatkack_1	4	script-definition	no	-
otatkack_2	1	script-definition	no	-
otatkack_3	1	script-definition	no	-
otatkack_4	1	script-definition	no	-
otdie	1	script-definition	no	-
other	27	script-definition	no	-
other_a	7	script-definition	no	-
other_army	53	script-definition	no	-
other_army_for_barter	1	script-definition	no	-
other_army_percent_health	1	script-definition	no	-
other_army_selected_this_player	1	heuristic-false-positive	no	-
other_army_size	31	script-definition	no	-
other_attitude	1	script-definition	no	-
other_barter_type	5	script-definition	no	-
other_commodity	6	script-definition	no	-
other_owner	19	script-definition	no	-
other_player	198	script-definition	no	-
other_region	45	script-definition	no	-
other_tree_id	22	script-definition	no	-
other_unit_for_barter	3	script-definition	no	-
other_ut	1	heuristic-false-positive	no	-
otmov	2	script-definition	no	-
otmovack_1	4	script-definition	no	-
otmovack_2	1	script-definition	no	-
otmovack_3	1	script-definition	no	-
otmovack_4	1	script-definition	no	-
otrng	1	script-definition	no	-
otselack_1	5	script-definition	no	-
otselack_2	2	script-definition	no	-
otselack_3	1	script-definition	no	-
otselack_4	1	script-definition	no	-
otselack_5	1	script-definition	no	-
out_bits	3	script-definition	no	-
outfile	28	script-definition	no	-
outfilename	2	heuristic-false-positive	no	-
overland_offensive_artifacts	1	script-definition	no	-
overland_offensive_spells	1	script-definition	no	-
overland_spell_value	2	script-definition	no	-
overland_value	6	script-definition	no	-
overlaydood	1	script-definition	no	-
overmapdlg	20	script-definition	no	-
overmapdood	2	heuristic-false-positive	no	-
overmappage	6	script-definition	no	-
override_flag	1	script-definition	no	-
overseas_attack	1	heuristic-false-positive	no	-
ow	6	script-definition	no	-
owatk	1	script-definition	no	-
owatkack_1	3	script-definition	no	-
owatkack_2	1	script-definition	no	-
owatkack_3	1	script-definition	no	-
owdie	1	script-definition	no	-
owmiatk	1	script-definition	no	-
owmiatkack_1	1	script-definition	no	-
owmidie	1	script-definition	no	-
owmimov	1	script-definition	no	-
owmimovack_1	1	script-definition	no	-
owmiselack_1	1	script-definition	no	-
owmmatk	1	script-definition	no	-
owmmatkack_1	1	script-definition	no	-
owmmdie	1	script-definition	no	-
owmmmov	1	script-definition	no	-
owmmmovack_1	1	script-definition	no	-
owmmrng	1	script-definition	no	-
owmmselack_1	1	script-definition	no	-
owmov	2	script-definition	no	-
owmovack_1	4	script-definition	no	-
owmovack_2	1	script-definition	no	-
owmovack_3	2	script-definition	no	-
owmovack_4	1	script-definition	no	-
own_army	1	script-definition	no	-
owner	204	script-definition	no	-
owner_faith	29	script-definition	no	-
owner_ok	1	script-definition	no	-
ownsanygreattemple?	1	script-definition	no	-
owselack_1	4	script-definition	no	-
owselack_2	1	script-definition	no	-
owselack_3	1	script-definition	no	-
owselack_4	1	script-definition	no	-
owstring	2	script-definition	no	-
ox	6	script-definition	no	-
oxstring	2	script-definition	no	-
oy	6	script-definition	no	-
oystring	2	script-definition	no	-
p	798	script-definition	no	-
p0_health_dd	1	script-definition	no	-
p0_melee_units	2	script-definition	no	-
p0_range_units	5	script-definition	no	-
p0ar	3	script-definition	no	-
p0armor	22	script-definition	no	-
p0attack	16	script-definition	no	-
p0attrec	11	script-definition	no	-
p0cr	3	script-definition	no	-
p0dr	3	script-definition	no	-
p0er	3	script-definition	no	-
p0fr	3	script-definition	no	-
p0frames	13	script-definition	no	-
p0hitpoints	6	script-definition	no	-
p0level	3	script-definition	no	-
p0lr	3	script-definition	no	-
p0melee	13	script-definition	no	-
p0meleer	2	script-definition	no	-
p0movement	3	script-definition	no	-
p0mrange	4	script-definition	no	-
p0multiplier_value	3	script-definition	no	-
p0or	3	script-definition	no	-
p0orp1	3	script-definition	no	-
p0ranged	9	script-definition	no	-
p0ranger	2	script-definition	no	-
p0rattack	13	script-definition	no	-
p0sight	3	script-definition	no	-
p0snf	3	script-definition	no	-
p0survival	12	script-definition	no	-
p0unit_champion	2	heuristic-false-positive	no	-
p0unit_faith_AIR	2	script-definition	no	-
p0unit_faith_EARTH	1	script-definition	no	-
p0unit_faith_FIRE	4	script-definition	no	-
p0unit_faith_ORDER	1	script-definition	no	-
p0unit_faith_WATER	1	script-definition	no	-
p0unit_military	2	script-definition	no	-
p0units	3	script-definition	no	-
p0wr	4	script-definition	no	-
p1	350	script-definition	no	-
p1_	6	script-definition	no	-
p1_melee_units	1	script-definition	no	-
p1_range_units	4	script-definition	no	-
p1_total_value	13	script-definition	no	-
p1ar	3	script-definition	no	-
p1armor	57	script-definition	no	-
p1attack	43	script-definition	no	-
p1attrec	7	script-definition	no	-
p1cr	3	script-definition	no	-
p1dr	3	script-definition	no	-
p1er	3	script-definition	no	-
p1fr	3	script-definition	no	-
p1frames	4	script-definition	no	-
p1hitpoints	6	script-definition	no	-
p1level	3	script-definition	no	-
p1lr	3	script-definition	no	-
p1melee	35	script-definition	no	-
p1meleer	8	script-definition	no	-
p1movement	3	script-definition	no	-
p1mrange	6	script-definition	no	-
p1multiplier_value	3	script-definition	no	-
p1or	3	script-definition	no	-
p1ranged	16	script-definition	no	-
p1ranger	14	script-definition	no	-
p1rattack	34	script-definition	no	-
p1sight	3	script-definition	no	-
p1snf	3	script-definition	no	-
p1survival	29	script-definition	no	-
p1unit_champion	2	heuristic-false-positive	no	-
p1unit_faith_FIRE	2	script-definition	no	-
p1unit_military	2	script-definition	no	-
p1units	3	script-definition	no	-
p1wr	4	script-definition	no	-
p2	374	script-definition	no	-
p2_	3	script-definition	no	-
p2_total_value	12	script-definition	no	-
p_exp_dd	38	heuristic-false-positive	no	-
p_exp_dd_a	1	heuristic-false-positive	no	-
p_exp_dd_c	1	heuristic-false-positive	no	-
p_exp_dd_d	1	heuristic-false-positive	no	-
p_exp_dd_e	1	heuristic-false-positive	no	-
p_exp_dd_f	1	heuristic-false-positive	no	-
p_exp_dd_l	1	heuristic-false-positive	no	-
p_exp_dd_o	1	heuristic-false-positive	no	-
p_exp_dd_r	1	heuristic-false-positive	no	-
p_exp_dd_w	1	heuristic-false-positive	no	-
p_fame	1	heuristic-false-positive	no	-
p_loser	1	script-definition	no	-
p_melee_total	23	script-definition	no	-
p_melee_v	21	script-definition	no	-
p_missile_total	27	script-definition	no	-
p_missile_v	21	script-definition	no	-
p_special_v	21	script-definition	no	-
p_survival_v	21	script-definition	no	-
p_total_barter_value	5	script-definition	no	-
p_unit_count	6	script-definition	no	-
p_v1	10	script-definition	no	-
p_v2	12	script-definition	no	-
p_value	8	heuristic-false-positive	no	-
pa1	1	script-definition	no	-
pa2	1	script-definition	no	-
pacify	14	script-definition	no	-
pact	1	script-definition	no	-
page	138	script-definition	no	-
page_list	1	script-definition	no	-
pagedown_button	3	script-definition	no	-
pagedown_button_dd	2	script-definition	no	-
pagedown_button_dd_in	2	script-definition	no	-
pagedown_button_frame	2	script-definition	no	-
pageup_button	3	script-definition	no	-
pageup_button_dd	2	script-definition	no	-
pageup_button_dd_in	2	script-definition	no	-
pageup_button_frame	2	script-definition	no	-
paint_area_above_elevation	2	script-definition	no	-
paint_area_below_elevation	10	script-definition	no	-
paint_coord	9	script-definition	no	-
paint_dd_x	12	script-definition	no	-
paint_dood	3	heuristic-false-positive	no	-
paintelevation	21	native-host-call	yes	0x004e4060
pal_air_page	3	script-definition	no	-
pal_chaos_page	3	script-definition	no	-
pal_death_page	3	script-definition	no	-
pal_earth_page	3	script-definition	no	-
pal_fire_page	3	script-definition	no	-
pal_life_page	3	script-definition	no	-
pal_order_page	3	script-definition	no	-
pal_water_page	3	script-definition	no	-
palfxdict	52	script-definition	no	-
palm	2	heuristic-false-positive	no	-
palm1	2	heuristic-false-positive	no	-
panel10_dlg	18	script-definition	no	-
panel10a_dlg	17	script-definition	no	-
panel11_dlg	24	script-definition	no	-
panel12_dlg	22	script-definition	no	-
panel13_dlg	17	script-definition	no	-
panel14_dlg	29	script-definition	no	-
panel15_dlg	29	script-definition	no	-
panel16_dlg	22	script-definition	no	-
panel2_dlg	21	script-definition	no	-
panel4_dlg	24	script-definition	no	-
panel5_dlg	17	script-definition	no	-
panel6_dlg	23	script-definition	no	-
panel7a_dlg	24	script-definition	no	-
panel7b_dlg	24	script-definition	no	-
panel7c_dlg	24	script-definition	no	-
panel8_dlg	24	script-definition	no	-
panel9_dlg	17	script-definition	no	-
panelSH11_dlg	24	script-definition	no	-
panelSH6_dlg	23	script-definition	no	-
panelSH7a_dlg	24	script-definition	no	-
panelSH7b_dlg	24	script-definition	no	-
panelSH7c_dlg	24	script-definition	no	-
panelSH8_dlg	21	script-definition	no	-
panel_bf	52	heuristic-false-positive	no	-
panel_dd	2	script-definition	no	-
panel_dict	115	script-definition	no	-
panel_dlg	3	script-definition	no	-
panel_h	41	script-definition	no	-
panel_id	303	script-definition	no	-
panel_locs	4	script-definition	no	-
panel_num	111	script-definition	no	-
panel_offset	9	script-definition	no	-
panel_page	6	script-definition	no	-
panel_w	141	script-definition	no	-
panel_x	4	script-definition	no	-
panel_x_offset	78	script-definition	no	-
panel_y	2	script-definition	no	-
panel_y_offset	114	script-definition	no	-
parchment_doodad	1	heuristic-false-positive	no	-
parent_id	102	script-definition	no	-
parentrect	28	script-definition	no	-
parley_button	10	script-definition	no	-
parley_button_t	2	heuristic-false-positive	no	-
parley_combat_spoils	1	script-definition	no	-
parley_encounter	145	script-definition	no	-
parryorder	3	native-host-call	yes	0x00464260
partialarmystrength	5	native-host-call	yes	0x0051f120
partialcanmerge?	1	native-host-call	yes	0x00520e20
participant?	12	script-definition	no	-
participators	12	script-definition	no	-
parties_text_item	1	script-definition	no	-
parties_txt_editbox	1	heuristic-false-positive	no	-
partner_army	2	script-definition	no	-
partner_unit	1	script-definition	no	-
party1	3	script-definition	no	-
party2	3	script-definition	no	-
party3	1	script-definition	no	-
party_button	1	heuristic-false-positive	no	-
party_faith_suffix	1	script-definition	no	-
party_name	6	script-definition	no	-
partyfaithstrings	2	script-definition	no	-
parzring	2	script-definition	no	-
pass	2	script-definition	no	-
pat1	15	script-definition	no	-
path	2	script-definition	no	-
pattern1_dd	1	heuristic-false-positive	no	-
pattern2_dd	1	heuristic-false-positive	no	-
pattern3_dd	1	heuristic-false-positive	no	-
pause_textbox	10	heuristic-false-positive	no	-
pausecombat	3	script-definition	no	-
pausedoodad	8	heuristic-false-positive	no	-
pcatk	1	script-definition	no	-
pcatkack	1	script-definition	no	-
pcdie	1	script-definition	no	-
pcmov	1	script-definition	no	-
pcmovack	1	script-definition	no	-
pcselack	1	script-definition	no	-
peatk	1	script-definition	no	-
peatkack	1	script-definition	no	-
pedie	1	script-definition	no	-
pemov	1	script-definition	no	-
pemovack	1	script-definition	no	-
per	3	script-definition	no	-
per_attacker	2	script-definition	no	-
per_defender	2	script-definition	no	-
per_lvl	1	heuristic-false-positive	no	-
percent	16	script-definition	no	-
percent_h	2	heuristic-false-positive	no	-
percent_known	2	script-definition	no	-
percentage	30	script-definition	no	-
permanent_modifications	2	script-definition	no	-
permanentpolymorph	46	native-host-call	yes	0x00527c10
persistent_counter	1	script-definition	no	-
personal_unit_stack	12	script-definition	no	-
peselack	1	script-definition	no	-
petrify	7	script-definition	no	-
pgatk	1	script-definition	no	-
pgatkack	1	script-definition	no	-
pgdie	1	script-definition	no	-
pgmov	1	script-definition	no	-
pgmovack	1	script-definition	no	-
pgselack	1	script-definition	no	-
ph	254	script-definition	no	-
phase	6	script-definition	no	-
phase_array	4	script-definition	no	-
phase_scale	1	script-definition	no	-
phase_share	4	script-definition	no	-
phase_start	4	script-definition	no	-
pheonix_in_combat	2	script-definition	no	-
pheonix_play	2	script-definition	no	-
phoenix_grace	2	script-definition	no	-
phrase	3	script-definition	no	-
phrase_table	2	script-definition	no	-
physmem	1	script-definition	no	-
phyz_mod	2	script-definition	no	-
phyz_res_cap?	69	script-definition	no	-
phyz_rez	9	heuristic-false-positive	no	-
phyz_rez_stat	1	script-definition	no	-
pick1	2	script-definition	no	-
pick2	4	script-definition	no	-
pick5	10	script-definition	no	-
pick_one_at_random	4	script-definition	no	-
pick_sprite	1	heuristic-false-positive	no	-
piercing_attack	12	script-definition	no	-
pikfaithdict	23	heuristic-false-positive	no	-
pine1	4	heuristic-false-positive	no	-
pirate_attack_if_close	1	script-definition	no	-
pirate_range	1	script-definition	no	-
pixies	10	script-definition	no	-
pixies_aura	2	heuristic-false-positive	no	-
place_attacker	2	script-definition	no	-
place_capitols	2	script-definition	no	-
place_defender	2	script-definition	no	-
place_either_overlay	4	script-definition	no	-
place_in_center	1	native-host-call	yes	0x004ee5b0
place_regions	2	script-definition	no	-
place_spoils_box	10	script-definition	no	-
placecitysprites	5	script-definition	no	-
placecitywall_cantwalkhorizontal	12	native-host-call	yes	0x00458470
placecitywall_cantwalkvertical	12	native-host-call	yes	0x00458610
placecitywall_gate	4	native-host-call	yes	0x00458180
placecombatarmies	2	native-host-call	yes	0x004ee640
placecornercitywall	4	native-host-call	yes	0x004595d0
placedungeondict	1288	script-definition	no	-
placedungeons	1	heuristic-false-positive	no	-
placefrontcitywall	52	native-host-call	yes	0x00459370
placefrontladder	32	native-host-call	yes	0x004596f0
placement	9	script-definition	no	-
placement_array	6	script-definition	no	-
placement_dict	4	script-definition	no	-
placement_x	4	script-definition	no	-
placement_y	4	script-definition	no	-
placesidecitywall	31	native-host-call	yes	0x004594b0
placesideladder	4	native-host-call	yes	0x00459810
plain_doodad_array	6	script-definition	no	-
plains1	1	script-definition	no	-
plains2	1	script-definition	no	-
plains3	1	script-definition	no	-
plains4	1	script-definition	no	-
plainsloop	1	script-definition	no	-
plant_seamonsters	1	script-definition	no	-
play_case	2	script-definition	no	-
play_number	23	script-definition	no	-
play_spells	2	script-definition	no	-
play_time	22	script-definition	no	-
play_time_duration	9	script-definition	no	-
play_to_play	16	script-definition	no	-
playambientsfx	1	native-host-call	yes	0x0047aa20
playbook	5	script-definition	no	-
playbook_1	9	script-definition	no	-
playbook_2	4	script-definition	no	-
player	29	script-definition	no	-
player1	3	script-definition	no	-
player2	6	script-definition	no	-
player_a	12	script-definition	no	-
player_affinity	6	script-definition	no	-
player_available_stack	10	script-definition	no	-
player_dies_as_balkoth_dlg	17	script-definition	no	-
player_dies_notas_balkoth_dlg	19	script-definition	no	-
player_faith	9	script-definition	no	-
player_faith_name	1	script-definition	no	-
player_health_dd	1	heuristic-false-positive	no	-
player_id	34	script-definition	no	-
player_ids	22	script-definition	no	-
player_list	18	script-definition	no	-
player_name	2	script-definition	no	-
player_report	242	script-definition	no	-
player_tone_count	3	script-definition	no	-
player_trrv	2	script-definition	no	-
player_used?	6	script-definition	no	-
player_win_balkoth_isdead_dlg	13	script-definition	no	-
player_wins_as_balkoth_dlg	16	script-definition	no	-
player_wins_notas_balkoth_dlg	29	script-definition	no	-
player_you	170	script-definition	no	-
playeractivate	11	native-host-call	yes	0x004b5870
playeractivecities?	2	script-definition	no	-
playeraveragerangemissile	4	native-host-call	yes	0x00409630
playerbarteraccept	50	native-host-call	yes	0x00433b50
playerbarterattack	20	native-host-call	yes	0x00434000
playerbarternotinterested	126	native-host-call	yes	0x00433c40
playerbarterpropose	51	native-host-call	yes	0x00433d30
playercancelbartersession	2	native-host-call	yes	0x004329b0
playercenterlocarmies	16	native-host-call	yes	0x00466fd0
playercitycount?	2	script-definition	no	-
playergetnumgroups	2	native-host-call	yes	0x004e6e10
playergraphicsdict	6	script-definition	no	-
playerhasthisbuildinglevel?	3	script-definition	no	-
playerhighestkeeplevel	1	native-host-call	yes	0x004c00a0
playerincity	6	script-definition	no	-
playerinitiatesfromcities?	1	script-definition	no	-
playerinitiatesfromcombat?	2	script-definition	no	-
playerinitiatesfromfame?	2	script-definition	no	-
playerintemple	22	script-definition	no	-
playerisvillain?	3	script-definition	no	-
playerlongestmissilearmy	1	native-host-call	yes	0x00466890
playernumarmies	1	native-host-call	yes	0x00466f00
playfizzle?	2	script-definition	no	-
playmoodmusic	6	native-host-call	yes	0x004b3f00
playmusic	12	native-host-call	yes	0x004b3da0
playsoundfx	246	native-host-call	yes	0x0047a110
playsoundfxwait	5	native-host-call	yes	0x0047a020
playspeech	3	native-host-call	yes	0x004b4390
playterrainambiance	10	native-host-call	yes	0x0047b1a0
playvideo	13	native-host-call	yes	0x005312f0
playvideoshutdown	2	native-host-call	yes	0x005316d0
playvoice	76	native-host-call	yes	0x0047a1e0
plus1helm	2	script-definition	no	-
plus2armor	6	script-definition	no	-
plyr	4	script-definition	no	-
poatk	1	script-definition	no	-
poatkack	1	script-definition	no	-
podie	1	script-definition	no	-
pointer	240	script-definition	no	-
poison	18	script-definition	no	-
poison_cloud	19	script-definition	no	-
pol_affect	8	script-definition	no	-
pol_affect_spy	2	script-definition	no	-
pol_affect_spy_get_info	4	script-definition	no	-
pol_affect_steal	2	script-definition	no	-
pol_affect_torture	2	script-definition	no	-
pol_affect_torture_get_info	2	script-definition	no	-
pol_edit0	8	script-definition	no	-
pol_edit1	8	script-definition	no	-
pol_edit10	8	script-definition	no	-
pol_edit11	8	script-definition	no	-
pol_edit12	8	script-definition	no	-
pol_edit13	8	script-definition	no	-
pol_edit14	8	script-definition	no	-
pol_edit15	8	script-definition	no	-
pol_edit2	8	script-definition	no	-
pol_edit3	8	script-definition	no	-
pol_edit4	8	script-definition	no	-
pol_edit5	8	script-definition	no	-
pol_edit6	8	script-definition	no	-
pol_edit7	8	script-definition	no	-
pol_edit8	8	script-definition	no	-
pol_edit9	8	script-definition	no	-
pol_result	2	script-definition	no	-
pol_text0	4	script-definition	no	-
pol_text1	4	script-definition	no	-
pol_text10	4	script-definition	no	-
pol_text11	4	script-definition	no	-
pol_text12	4	script-definition	no	-
pol_text13	4	script-definition	no	-
pol_text14	4	script-definition	no	-
pol_text15	4	script-definition	no	-
pol_text2	4	script-definition	no	-
pol_text3	4	script-definition	no	-
pol_text4	4	script-definition	no	-
pol_text5	4	script-definition	no	-
pol_text6	4	script-definition	no	-
pol_text7	4	script-definition	no	-
pol_text8	4	script-definition	no	-
pol_text9	4	script-definition	no	-
polar	7	script-definition	no	-
polattitudechangeproc	2	native-host-call	yes	0x004e2e30
political_state	30	script-definition	no	-
political_state_verb	53	script-definition	no	-
polymorph_other	15	script-definition	no	-
polymorph_self	14	script-definition	no	-
polymorph_to	3	script-definition	no	-
pomov	1	script-definition	no	-
pomovack	1	script-definition	no	-
poollength	9	native-host-call	yes	0x004dc230
poolobjecttype	9	native-host-call	yes	0x004dc280
pop	10795	language-primitive	yes	0x004ca010
popoffstack	52	script-definition	no	-
portrait0_doodad	4	script-definition	no	-
portrait1_doodad	12	script-definition	no	-
portrait2_doodad	10	script-definition	no	-
portrait3_doodad	2	script-definition	no	-
portrait_center_x	5	script-definition	no	-
portrait_center_y	5	script-definition	no	-
portrait_dd	4	script-definition	no	-
portrait_doodad	8	script-definition	no	-
portrait_file_names	13	script-definition	no	-
portrait_item	6	script-definition	no	-
portrait_item_id	4	heuristic-false-positive	no	-
portrait_seed	2	script-definition	no	-
portrait_slot	4	script-definition	no	-
portrait_x	1	script-definition	no	-
portrait_xy	2	script-definition	no	-
portrait_y	6	script-definition	no	-
poselack	1	script-definition	no	-
positionmap	5	native-host-call	yes	0x004a80d0
possession	20	script-definition	no	-
possibility	2	script-definition	no	-
post_combat_spell_target_procs	1	script-definition	no	-
post_combat_spells	3	script-definition	no	-
post_damage_function	2	script-definition	no	-
post_fighting	2	script-definition	no	-
post_invoke_from	2	script-definition	no	-
post_invoke_spell	2	script-definition	no	-
post_invoke_to	2	script-definition	no	-
potential_attackers	2	heuristic-false-positive	no	-
potential_diplomatic_effect	2	heuristic-false-positive	no	-
potential_unit_stack	7	script-definition	no	-
potion_dexterity	10	script-definition	no	-
potion_health	21	script-definition	no	-
potion_luck	6	script-definition	no	-
potion_mana	17	script-definition	no	-
potion_movement	6	script-definition	no	-
potion_power	8	script-definition	no	-
potion_rejuvenation	3	script-definition	no	-
potion_resistance	8	script-definition	no	-
potion_spell_check	14	script-definition	no	-
potion_strength	10	script-definition	no	-
potion_type	7	script-definition	no	-
potion_wisdom	11	script-definition	no	-
pow_result	10	script-definition	no	-
power	6	script-definition	no	-
power_cost	19	script-definition	no	-
power_doodad	10	script-definition	no	-
power_doodad_bk	2	script-definition	no	-
power_name	4	script-definition	no	-
power_number	5	heuristic-false-positive	no	-
power_potion_str1	3	script-definition	no	-
power_potion_str2	3	script-definition	no	-
power_potion_str3	3	script-definition	no	-
power_text_box	5	heuristic-false-positive	no	-
pp	10	script-definition	no	-
ppanel_offset	4	script-definition	no	-
ppx	12	script-definition	no	-
pre_combat_attacker_barter_value	22	native-host-call	yes	0x004614d0
pre_combat_defender_barter_value	22	native-host-call	yes	0x00461520
pre_invoke_from	2	script-definition	no	-
pre_invoke_spell	2	script-definition	no	-
pre_invoke_to	2	script-definition	no	-
pre_startcombat	2	script-definition	no	-
predictresources	11	native-host-call	yes	0x004bfb40
predictresourcesifneeded	7	native-host-call	yes	0x004bfc20
preemptive_offer?	1	script-definition	no	-
prepare	1	script-definition	no	-
prepare_debrief_intel_items	6	script-definition	no	-
prepare_debrief_items	2	script-definition	no	-
prepare_intel_screen_artifacts	6	script-definition	no	-
prepare_intel_screen_buttons	6	script-definition	no	-
prepare_intel_screen_economic	2	script-definition	no	-
prepare_intel_screen_spells	6	script-definition	no	-
prepare_intel_screen_titles	6	script-definition	no	-
prepare_report_info	6	script-definition	no	-
prepare_report_power	2	script-definition	no	-
prepare_spells	1	script-definition	no	-
preparecitybattlemap	4	native-host-call	yes	0x004689c0
prerequisite_for_unique_creature	3	script-definition	no	-
present	9	script-definition	no	-
prev_artifact_button	1	script-definition	no	-
prev_button	1	script-definition	no	-
prevartifactprocs	2	script-definition	no	-
previous_actual	3	script-definition	no	-
previous_dialog	3	script-definition	no	-
previous_spell	2	script-definition	no	-
previousarmy	1	native-host-call	yes	0x004e1780
previousarmymps	1	native-host-call	yes	0x0052ccc0
previouselement	2	heuristic-false-positive	no	-
prevmps_bf	1	heuristic-false-positive	no	-
prevmps_button	1	heuristic-false-positive	no	-
prevmps_dn_doodad	1	heuristic-false-positive	no	-
prevmps_dn_xywh	1	heuristic-false-positive	no	-
prevmps_full_xywh	2	heuristic-false-positive	no	-
prevmps_up_doodad	1	heuristic-false-positive	no	-
prevmps_up_xywh	1	heuristic-false-positive	no	-
pri	7	script-definition	no	-
pri_str	3	script-definition	no	-
priamblm	2	script-definition	no	-
priamswd	1	script-definition	no	-
pridwen	2	script-definition	no	-
primal_fear	11	script-definition	no	-
primary_armies_desired	5	script-definition	no	-
primary_army_attack	1	script-definition	no	-
primary_army_building_goal_value	2	script-definition	no	-
primary_army_city_goal_value	2	script-definition	no	-
primary_army_dungeon_goal_value	2	script-definition	no	-
primary_army_enemy_army_goal_value	1	script-definition	no	-
primary_army_leader_goal_value	1	script-definition	no	-
primary_brain_react_to_user?	1	heuristic-false-positive	no	-
primary_brain_reclaim_building?	1	script-definition	no	-
primary_brain_reinforce_building?	1	script-definition	no	-
primary_brain_reinforce_city?	1	script-definition	no	-
primary_brain_reinforce_leader?	1	script-definition	no	-
primary_brain_replace_champions	1	heuristic-false-positive	no	-
primary_brains_removed	1	script-definition	no	-
primary_group_array	5	script-definition	no	-
print	264	native-host-call	yes	0x004c9f30
print_artifact_data	195	script-definition	no	-
priority	4	script-definition	no	-
prismatic_hand	7	script-definition	no	-
prison	1	script-definition	no	-
prisoner_action_dict	1	script-definition	no	-
prisoner_army	50	script-definition	no	-
prisoner_aware_brains	1	script-definition	no	-
prisoner_exp	5	heuristic-false-positive	no	-
prisoner_exp_value	1	script-definition	no	-
prisoner_id	10	script-definition	no	-
prisoner_overlay_dd	2	script-definition	no	-
prisoner_owner	1	script-definition	no	-
prisonerandescort	9	native-host-call	yes	0x004c3100
proc	100	script-definition	no	-
proc_array	1	script-definition	no	-
proc_hits	7	native-host-call	yes	0x004ccf70
proc_id	6	script-definition	no	-
proc_id2	1	script-definition	no	-
proc_ms	8	native-host-call	yes	0x004cd030
procarray	1	script-definition	no	-
processgamemessages	39	native-host-call	yes	0x004e07f0
proclog	3	heuristic-false-positive	no	-
prod_count	3	script-definition	no	-
prod_dlg	7	script-definition	no	-
prod_edit0	2	script-definition	no	-
prod_edit1	2	script-definition	no	-
prod_edit2	2	script-definition	no	-
prod_edit3	2	script-definition	no	-
prod_text0	6	script-definition	no	-
prod_text1	6	script-definition	no	-
prod_text2	6	script-definition	no	-
prod_text3	6	script-definition	no	-
prod_text4	2	script-definition	no	-
prod_text5	2	script-definition	no	-
proddict	4	script-definition	no	-
prof_dict	1	script-definition	no	-
prof_proc	11	script-definition	no	-
prof_proc_indent	8	script-definition	no	-
profile	8	script-definition	no	-
profile_heading	11	script-definition	no	-
profsrc	1	script-definition	no	-
progress_dict	2	script-definition	no	-
progstring	1	script-definition	no	-
prop	6	script-definition	no	-
properties_button	1	heuristic-false-positive	no	-
properties_dbf	1	script-definition	no	-
properties_sbf	1	heuristic-false-positive	no	-
properties_tbf	1	heuristic-false-positive	no	-
propose_button	2	heuristic-false-positive	no	-
protectdictstack	1	native-host-call	yes	0x004ca160
protection	17	script-definition	no	-
protection_mod	1	script-definition	no	-
provider_table4	1	script-definition	no	-
providername	1	native-host-call	yes	0x004b8260
ptemp	14	script-definition	no	-
pu1	1	script-definition	no	-
pu2	1	script-definition	no	-
purchase_ail	2	script-definition	no	-
purchase_crystal	2	script-definition	no	-
purchase_fame	2	script-definition	no	-
purchase_gold	2	script-definition	no	-
purchase_mode	28	script-definition	no	-
purchase_spell_change_proc	2	script-definition	no	-
purchase_spell_container	28	heuristic-false-positive	no	-
purchase_spell_mousemove_proc	2	script-definition	no	-
purchase_unit_change_proc	2	script-definition	no	-
purchase_unit_container	86	heuristic-false-positive	no	-
purchase_unit_mousemove_proc	2	script-definition	no	-
purchase_units_bg	2	heuristic-false-positive	no	-
puresword	3	script-definition	no	-
purple_numbers	2	heuristic-false-positive	no	-
pushgoal	9	script-definition	no	-
pushonstack	463	script-definition	no	-
put	1143	language-primitive	yes	0x004ca350
put_book_back	22	script-definition	no	-
put_extra_initiates_to_work	1	script-definition	no	-
put_scroll_in_dungeon	6	script-definition	no	-
put_unique_artifact_in_dungeon	3	script-definition	no	-
px	36	script-definition	no	-
py	20	script-definition	no	-
pychi	10	script-definition	no	-
pycow	8	script-definition	no	-
pyele	12	script-definition	no	-
pygoa	11	script-definition	no	-
qty	1	script-definition	no	-
qtyinbarter	136	native-host-call	yes	0x004369e0
quadrant	54	script-definition	no	-
quest_0	6	script-definition	no	-
quest_1	6	script-definition	no	-
quest_10	1	script-definition	no	-
quest_11	1	script-definition	no	-
quest_12	1	script-definition	no	-
quest_13	1	script-definition	no	-
quest_14	1	script-definition	no	-
quest_15	1	script-definition	no	-
quest_16	1	script-definition	no	-
quest_17	1	script-definition	no	-
quest_2	6	script-definition	no	-
quest_3	6	script-definition	no	-
quest_4	6	script-definition	no	-
quest_5	1	script-definition	no	-
quest_6	1	script-definition	no	-
quest_7	1	script-definition	no	-
quest_8	1	script-definition	no	-
quest_9	1	script-definition	no	-
quest_buffer_item	1	script-definition	no	-
quest_button	1	script-definition	no	-
quest_button_dd	1	heuristic-false-positive	no	-
quest_button_frame	1	heuristic-false-positive	no	-
quest_button_in_dd	1	heuristic-false-positive	no	-
quest_des_dlg	25	script-definition	no	-
quest_descriptions	1	script-definition	no	-
quest_dict	72	script-definition	no	-
quest_dlg_dict	33	script-definition	no	-
quest_edits	10	script-definition	no	-
quest_id	10	script-definition	no	-
quest_ids	5	script-definition	no	-
quest_imp	1	script-definition	no	-
quest_imp_button	1	script-definition	no	-
quest_item	2	script-definition	no	-
quest_list	1	script-definition	no	-
quest_num_edits	5	script-definition	no	-
quest_num_texts	6	script-definition	no	-
quest_roster_backgound_page	3	script-definition	no	-
quest_roster_dlg	32	script-definition	no	-
quest_roster_doodad	7	script-definition	no	-
quest_status	8	script-definition	no	-
quest_texts	10	script-definition	no	-
quest_xywh	4	heuristic-false-positive	no	-
questdescriptionprocs	2	script-definition	no	-
quick_silver	15	script-definition	no	-
quick_start_button	2	heuristic-false-positive	no	-
quit_game	8	heuristic-false-positive	no	-
quitdlg	6	script-definition	no	-
quote	94	script-definition	no	-
r	37	script-definition	no	-
r1	4	script-definition	no	-
r2	4	script-definition	no	-
ra	2	script-definition	no	-
race_affinity	2	script-definition	no	-
race_dict	16	script-definition	no	-
race_list	6	script-definition	no	-
race_vs_race_table	2	script-definition	no	-
race_xref	8	script-definition	no	-
rad	6	script-definition	no	-
rad_a	7	script-definition	no	-
rad_val	3	script-definition	no	-
radius	10	script-definition	no	-
radius_x	1	script-definition	no	-
radius_y	1	script-definition	no	-
rage	1	script-definition	no	-
ragnlsans	1	script-definition	no	-
rain_resistance_mod	3	script-definition	no	-
rain_speed_mod	32	script-definition	no	-
raise_all_elevation_button	1	heuristic-false-positive	no	-
raise_elevation	3	script-definition	no	-
raise_frozen_shade	7	script-definition	no	-
raise_shade	17	script-definition	no	-
raise_skeleton	17	script-definition	no	-
raise_zombie	16	script-definition	no	-
rally	14	native-host-call	yes	0x00467d80
rally_dict	10	script-definition	no	-
rally_proc	2	script-definition	no	-
rally_ref	7	script-definition	no	-
rally_result	3	script-definition	no	-
rallyproc	2	native-host-call	yes	0x004e3060
rallyresult	2	native-host-call	yes	0x004e30d0
rand	33	native-host-call	yes	0x004c9f20
rand_luck	1	script-definition	no	-
rand_mana	1	script-definition	no	-
rand_num	3	script-definition	no	-
rand_number	5	script-definition	no	-
rand_primary	1	script-definition	no	-
rand_resist	1	script-definition	no	-
rand_secondary	1	script-definition	no	-
rand_spell	2	heuristic-false-positive	no	-
rand_tertiary	1	script-definition	no	-
random_FIT	1	script-definition	no	-
random_LDF	1	script-definition	no	-
random_LDT	1	script-definition	no	-
random_LDW	1	script-definition	no	-
random_SPC	1	script-definition	no	-
random_THF	1	script-definition	no	-
random_WIZ	1	script-definition	no	-
random_ally	2	script-definition	no	-
random_artifact_stack	4	script-definition	no	-
random_aura	1	script-definition	no	-
random_barrows	3	script-definition	no	-
random_bolt	15	script-definition	no	-
random_cave_sprite_type	1	script-definition	no	-
random_enemy	2	script-definition	no	-
random_faith	16	script-definition	no	-
random_health_recovery	6	script-definition	no	-
random_hills	1	script-definition	no	-
random_impact_sfx	1	heuristic-false-positive	no	-
random_leader_unittype	3	script-definition	no	-
random_map_dict	5	script-definition	no	-
random_missile	1	script-definition	no	-
random_movement	1	script-definition	no	-
random_num	29	script-definition	no	-
random_number	11	script-definition	no	-
random_orc_caves	3	script-definition	no	-
random_scroll_stack	5	script-definition	no	-
random_talisman_stack	2	script-definition	no	-
random_title	2	script-definition	no	-
random_unique_artifact_stack	5	script-definition	no	-
random_value	17	script-definition	no	-
randombolt	6	native-host-call	yes	0x004a3890
randomcombatterrainsprites	2	script-definition	no	-
randomize?	1	script-definition	no	-
randomizeleech?	1	script-definition	no	-
randspell	2	script-definition	no	-
range	41	script-definition	no	-
range_from_new_target	1	script-definition	no	-
range_proc	1	script-definition	no	-
range_to_new_target	1	script-definition	no	-
range_to_old_target	2	script-definition	no	-
ranged	4	script-definition	no	-
ranged_attack_bonus	2	script-definition	no	-
ranged_attack_box	1	heuristic-false-positive	no	-
ranged_attack_missile_range	2	script-definition	no	-
ranged_attack_str	9	script-definition	no	-
ranged_attack_text	2	heuristic-false-positive	no	-
ranged_attack_value	57	script-definition	no	-
ranged_box	1	heuristic-false-positive	no	-
ranged_str	3	script-definition	no	-
ranged_val	2	script-definition	no	-
rangedattackstring1	3	script-definition	no	-
rangedstrengthstring	3	script-definition	no	-
rangedstring	3	script-definition	no	-
rangers_vision	10	script-definition	no	-
rangestring1	3	script-definition	no	-
rat	19	script-definition	no	-
rat1	2	heuristic-false-positive	no	-
rat2	2	heuristic-false-positive	no	-
rate_text	24	script-definition	no	-
rate_text_box	6	script-definition	no	-
rating	13	script-definition	no	-
rating_dict	2	script-definition	no	-
rating_system	1	script-definition	no	-
ratio	16	script-definition	no	-
ratios_get_level	2	script-definition	no	-
ratios_get_play	8	script-definition	no	-
ratk_fac_str	2	script-definition	no	-
rattack_value	4	script-definition	no	-
ray_of_hope	10	script-definition	no	-
rayohope_aura	1	heuristic-false-positive	no	-
raze_building_if_allowed	5	script-definition	no	-
rblock	18	heuristic-false-positive	no	-
rblocks_high	6	script-definition	no	-
rblocks_wide	6	script-definition	no	-
rbp	26	script-definition	no	-
rbuttonup	12	native-host-call	yes	0x004e3d90
react	1	script-definition	no	-
reaction_dict	1	script-definition	no	-
ready	1	script-definition	no	-
realgriddistance	83	native-host-call	yes	0x004e6070
rebuild3dmap	34	native-host-call	yes	0x004e07e0
rebuilddialog	1	heuristic-false-positive	no	-
rec_ut	17	script-definition	no	-
receive_text1	34	script-definition	no	-
receive_text2	26	script-definition	no	-
receive_text3	6	script-definition	no	-
receiving_faith	4	script-definition	no	-
recharge_1_on_1	1	script-definition	no	-
recharge_1_on_3	8	script-definition	no	-
recharge_3_on_3	2	script-definition	no	-
reclaim_experience_price	2	script-definition	no	-
recon	1	heuristic-false-positive	no	-
record	13	script-definition	no	-
record_ale	1	script-definition	no	-
record_artifacts	6	script-definition	no	-
record_bio	2	script-definition	no	-
record_bio_dict	7	script-definition	no	-
record_class	1	script-definition	no	-
record_crystals	1	script-definition	no	-
record_dict	32	script-definition	no	-
record_diff	2	script-definition	no	-
record_entourage	2	script-definition	no	-
record_experience	3	script-definition	no	-
record_faith	1	script-definition	no	-
record_gold	1	script-definition	no	-
record_initial_leader_types	1	script-definition	no	-
record_name	4	script-definition	no	-
record_spells	2	script-definition	no	-
records_dlg	52	script-definition	no	-
recover_air	13	script-definition	no	-
recover_chaos	13	script-definition	no	-
recover_death	13	script-definition	no	-
recover_earth	13	script-definition	no	-
recover_fire	13	script-definition	no	-
recover_life	14	script-definition	no	-
recover_order	14	script-definition	no	-
recover_water	13	script-definition	no	-
rectangle_sbf	2	script-definition	no	-
rectangle_tbf	1	script-definition	no	-
red_numbers	117	heuristic-false-positive	no	-
redraw_army_roster	2	script-definition	no	-
reduce_deficit	1	script-definition	no	-
ref	2	script-definition	no	-
ref2	4	script-definition	no	-
ref3	2	script-definition	no	-
reflect_missile	3	script-definition	no	-
reflection_shield	16	script-definition	no	-
refresh	9	script-definition	no	-
refresh_artifact	247	script-definition	no	-
refresh_buy_artifact_list	14	script-definition	no	-
refresh_purchased_artifacts	2	script-definition	no	-
refresh_spell_array	2	script-definition	no	-
refreshdialog	344	native-host-call	yes	0x00490550
refreshdirty	13	native-host-call	yes	0x004da070
refresheditdialog	12	heuristic-false-positive	no	-
refreshgamelist	2	script-definition	no	-
refreshitem	18	native-host-call	yes	0x00490410
regen_30	2	script-definition	no	-
regenerate_army	13	script-definition	no	-
regenerate_life	25	script-definition	no	-
regeneration_spells	2	script-definition	no	-
regingone	1	script-definition	no	-
region	1	script-definition	no	-
region_factor	5	script-definition	no	-
region_id	1	script-definition	no	-
region_owner	2	script-definition	no	-
regionatlocation	5	native-host-call	yes	0x004c78d0
regionmodeproc	1	native-host-call	yes	0x004e2070
regionview	2	native-host-call	yes	0x00483b60
reincarnation	19	script-definition	no	-
reincarnation_aura	2	heuristic-false-positive	no	-
rejuvenation_potion_str1	2	script-definition	no	-
rejuvenation_potion_str2	2	script-definition	no	-
rejuvenation_potion_str3	2	script-definition	no	-
rejuvenation_potion_str4	2	script-definition	no	-
rel	2	script-definition	no	-
related_dlg	4	script-definition	no	-
relative2actual	4	native-host-call	yes	0x0045aca0
relative_charges	6	script-definition	no	-
release_artifact_container	4	script-definition	no	-
release_filled_unit_container	4	script-definition	no	-
release_purchase_unit_container	4	script-definition	no	-
release_spell_container	4	script-definition	no	-
release_unit_container	4	script-definition	no	-
release_unit_crop_object	6	script-definition	no	-
relinquish_gain_pp	4	script-definition	no	-
relinquish_great_temples	1	script-definition	no	-
relinquish_lose_pp	2	script-definition	no	-
relinquishing_faith	4	script-definition	no	-
relocate_army	6	script-definition	no	-
remainder	11	script-definition	no	-
remap	49	native-host-call	yes	0x00493fa0
remove_artifact_title	4	script-definition	no	-
remove_bleed_mod	17	script-definition	no	-
remove_dead_stun_effects	8	script-definition	no	-
remove_dup_artifacts	2	script-definition	no	-
remove_impairments	2	script-definition	no	-
remove_items	2	script-definition	no	-
remove_lines	2	script-definition	no	-
remove_spells_faith	4	script-definition	no	-
remove_unit_names	6	script-definition	no	-
removearmy	31	native-host-call	yes	0x0041e620
removechampionbrain	78	native-host-call	yes	0x0040fa20
removecitymod	8	native-host-call	yes	0x00453820
removedeadunits	4	native-host-call	yes	0x004a16b0
removedungeonarmy	5	native-host-call	yes	0x00488b70
removefrombarter	30	native-host-call	yes	0x004360f0
removeunitmodifiers	292	native-host-call	yes	0x00528b30
removeunits	13	native-host-call	yes	0x0041e6f0
removevirtualunit	6	native-host-call	yes	0x0044d0e0
rename_cancel	1	heuristic-false-positive	no	-
rename_dialog	18	script-definition	no	-
rename_ok	1	heuristic-false-positive	no	-
rename_random	1	heuristic-false-positive	no	-
rendermap	245	native-host-call	yes	0x004da060
renegotiate_button	2	heuristic-false-positive	no	-
reoccupy	3	native-host-call	yes	0x0050fc70
repeat	505	language-primitive	yes	0x004c9cd0
repeat_count	37	script-definition	no	-
repeat_mod?	10	script-definition	no	-
repeat_modifications	4	script-definition	no	-
repeat_sparkle	3	script-definition	no	-
repeat_time	33	script-definition	no	-
repeatcondition?	2	script-definition	no	-
repeatondead?	4	script-definition	no	-
repeatwithoutbuff?	4	script-definition	no	-
replace	7726	language-primitive	yes	0x004cca50
replace_placeholders	1	script-definition	no	-
replace_placeholders_progress	2	script-definition	no	-
replacement_dict	1	script-definition	no	-
repo_array	1	script-definition	no	-
repo_stack	6	script-definition	no	-
report_bf	1	heuristic-false-positive	no	-
report_dn_doodad	1	heuristic-false-positive	no	-
report_dn_xywh	1	heuristic-false-positive	no	-
report_full_xywh	2	heuristic-false-positive	no	-
report_lbm_name	6	script-definition	no	-
report_text	4	script-definition	no	-
report_text_box	10	script-definition	no	-
report_up_doodad	1	heuristic-false-positive	no	-
report_up_xywh	1	heuristic-false-positive	no	-
repositionmouse	20	native-host-call	yes	0x00474850
requestleader	5	native-host-call	yes	0x004b5d90
rerun_matching_brains	2	heuristic-false-positive	no	-
rerunbrain	4	native-host-call	yes	0x004109d0
res	4	script-definition	no	-
res_array	4	script-definition	no	-
res_boost	4	script-definition	no	-
res_percent	15	script-definition	no	-
res_req	2	heuristic-false-positive	no	-
research_brain_array	3	script-definition	no	-
research_cost	2	script-definition	no	-
research_per_day	12	script-definition	no	-
research_position_array	3	script-definition	no	-
research_possible?	2	script-definition	no	-
researcher_level_text	2	script-definition	no	-
researcher_name	4	script-definition	no	-
researcher_unittype_name	2	script-definition	no	-
researchpossiblehere?	5	native-host-call	yes	0x00446860
reserved_unit	5	script-definition	no	-
reset3rdpersoncombatdialog	2	script-definition	no	-
reset_barter_points	4	script-definition	no	-
reset_container_bits	6	script-definition	no	-
reset_current_artifact_containers	4	script-definition	no	-
reset_eoturn_callback	1	native-host-call	yes	0x004d7e70
reset_purchase_artifact_container	6	script-definition	no	-
reset_purchase_spell_container	6	script-definition	no	-
reset_resources	2	script-definition	no	-
reset_skies	1	script-definition	no	-
reset_spell_casting_interval	12	script-definition	no	-
resetarmycastspell	12	script-definition	no	-
resetarmyeffectivemovement	20	native-host-call	yes	0x004e6dd0
resetcombat	1	native-host-call	yes	0x00462640
resetcombatflag	12	native-host-call	yes	0x00409ab0
resetcombatresultprocs	1	native-host-call	yes	0x004df970
resetcurrentelement	2	heuristic-false-positive	no	-
resetdialogdata	9	heuristic-false-positive	no	-
reseteoturn	1	native-host-call	yes	0x00488210
resetnetworking	16	native-host-call	yes	0x004b5ad0
resetplayervisibility	8	native-host-call	yes	0x004ab610
resetselectiondisplayingmode	3	native-host-call	yes	0x004a2260
resetspecialeffectflag	10	native-host-call	yes	0x00427320
resettooltip	2	native-host-call	yes	0x00474cd0
resettooltiptimer	1	native-host-call	yes	0x00474cc0
resetunitcontainer	1	script-definition	no	-
resetvisibility	97	native-host-call	yes	0x004ab5f0
resist_magic_order	3	script-definition	no	-
resist_mod	27	script-definition	no	-
resist_number	3	heuristic-false-positive	no	-
resistance	4	script-definition	no	-
resistance_cost	15	script-definition	no	-
resistance_name	4	script-definition	no	-
resistance_potion_str1	3	script-definition	no	-
resistance_potion_str2	3	script-definition	no	-
resistance_text_box	5	heuristic-false-positive	no	-
resolve_pol_affect	2	script-definition	no	-
resolve_steal_items	4	script-definition	no	-
resource_array	2	script-definition	no	-
resource_delta	2	script-definition	no	-
resource_dlg	20	script-definition	no	-
resource_dynamic	8	script-definition	no	-
resource_dynamic_stack	6	script-definition	no	-
resource_knowledge	2	script-definition	no	-
resource_mode	24	script-definition	no	-
resource_popup_xy	2	script-definition	no	-
resource_table	18	script-definition	no	-
resource_text	4	script-definition	no	-
resource_type	4	script-definition	no	-
resource_value	2	heuristic-false-positive	no	-
resource_xy	4	script-definition	no	-
resource_xywh	11	script-definition	no	-
resources	4	script-definition	no	-
resources_calculated?	1	script-definition	no	-
resources_calculated_by_player	1	script-definition	no	-
resources_calculated_on_turn	1	script-definition	no	-
resourcetype	2	script-definition	no	-
response_code_index	3	script-definition	no	-
restable_mil_units	1	script-definition	no	-
restable_units	2	script-definition	no	-
restart	7	script-definition	no	-
restart_play_flag	9	script-definition	no	-
restore_percent_health	62	script-definition	no	-
restore_percent_mana	1	script-definition	no	-
restore_value_health	2	script-definition	no	-
restored_crystals	2	script-definition	no	-
restored_food	2	script-definition	no	-
restored_gold	2	script-definition	no	-
result	37	script-definition	no	-
result_army_id	2	script-definition	no	-
result_box	4	script-definition	no	-
result_code	86	script-definition	no	-
result_id	31	script-definition	no	-
result_text	8	script-definition	no	-
resume_game_button	1	heuristic-false-positive	no	-
resurrect	14	script-definition	no	-
resync_button	1	heuristic-false-positive	no	-
resync_dlg	27	script-definition	no	-
ret	10	script-definition	no	-
ret_va	2	script-definition	no	-
ret_val	1	script-definition	no	-
retarget_time	4	script-definition	no	-
retreat_button	10	script-definition	no	-
retreat_button_t	2	heuristic-false-positive	no	-
retreat_play	1	script-definition	no	-
retreated_attackers	2	heuristic-false-positive	no	-
retreated_defenders	2	heuristic-false-positive	no	-
retreated_overlay_dd	2	script-definition	no	-
retrievefromstack	9	script-definition	no	-
return_mana	94	script-definition	no	-
retval	1	script-definition	no	-
revenge_army	3	script-definition	no	-
revenge_player	2	script-definition	no	-
revenge_unit	2	script-definition	no	-
revenging_unit	2	script-definition	no	-
reverse_modifications	1	script-definition	no	-
reverse_mods	2	heuristic-false-positive	no	-
reverse_one_modification	1	script-definition	no	-
reverse_stack	3	heuristic-false-positive	no	-
review_relationship	55	script-definition	no	-
revive	1	script-definition	no	-
rez	1	script-definition	no	-
rgate	1	script-definition	no	-
rh	34	script-definition	no	-
ribolt_aura	5	heuristic-false-positive	no	-
ribolt_type	4	heuristic-false-positive	no	-
ribs	1	heuristic-false-positive	no	-
ridge	4	script-definition	no	-
right_arrow	1	heuristic-false-positive	no	-
right_arrow_dood	1	heuristic-false-positive	no	-
right_artifact	10	script-definition	no	-
right_button	1	heuristic-false-positive	no	-
right_click_artifact_spell_icon	1	script-definition	no	-
right_index	4	script-definition	no	-
right_page_begin_box	2	script-definition	no	-
right_page_box	2	script-definition	no	-
right_page_cost_box	2	script-definition	no	-
right_page_cost_text	4	script-definition	no	-
rightarrow	3	script-definition	no	-
rightarrowgreen	3	heuristic-false-positive	no	-
rightarrowgrey	3	heuristic-false-positive	no	-
rightbuttonprocs	2	script-definition	no	-
rightcombatdialog	26	script-definition	no	-
rightcombatincombat	2	script-definition	no	-
righteous_cause	20	script-definition	no	-
righteous_type	1	script-definition	no	-
rightgamedialog	7	script-definition	no	-
rightsystemdialog	39	script-definition	no	-
ring_adventure	1	script-definition	no	-
ring_aqua	2	script-definition	no	-
ring_arcana	6	script-definition	no	-
ring_archons	11	script-definition	no	-
ring_brimstone	10	script-definition	no	-
ring_concentration	4	script-definition	no	-
ring_dexterity	1	script-definition	no	-
ring_elements	4	script-definition	no	-
ring_embers	4	script-definition	no	-
ring_faerie	2	script-definition	no	-
ring_flint	2	script-definition	no	-
ring_four_winds	5	script-definition	no	-
ring_giants	8	script-definition	no	-
ring_healing	8	script-definition	no	-
ring_health	1	script-definition	no	-
ring_leeches	6	script-definition	no	-
ring_luck	1	script-definition	no	-
ring_mana	1	script-definition	no	-
ring_marksmanship	2	script-definition	no	-
ring_necromancy	6	script-definition	no	-
ring_of_dwarves	1	script-definition	no	-
ring_power	1	script-definition	no	-
ring_protection	2	script-definition	no	-
ring_sound	27	script-definition	no	-
ring_stealth	2	script-definition	no	-
ring_strength	1	script-definition	no	-
ring_wave	6	script-definition	no	-
ring_windfall	3	script-definition	no	-
ring_wisdom	1	script-definition	no	-
rock	2	heuristic-false-positive	no	-
rock1	6	heuristic-false-positive	no	-
rock2	10	heuristic-false-positive	no	-
rock3	6	heuristic-false-positive	no	-
rock4	2	heuristic-false-positive	no	-
rock_sling	1	heuristic-false-positive	no	-
rocks1	2	heuristic-false-positive	no	-
rocks3	2	heuristic-false-positive	no	-
rocksling_aura	4	heuristic-false-positive	no	-
rocksling_type	3	heuristic-false-positive	no	-
rockw1	2	heuristic-false-positive	no	-
rockw2	2	heuristic-false-positive	no	-
rockw3	2	heuristic-false-positive	no	-
roll	533	language-primitive	yes	0x004cb390
rollchance	10	script-definition	no	-
rolling_hills	16	script-definition	no	-
room	4	script-definition	no	-
roster_action	12	script-definition	no	-
roster_action_mps	4	script-definition	no	-
roster_action_turns	6	script-definition	no	-
roster_draw_mil_units	1	script-definition	no	-
roster_h	2	heuristic-false-positive	no	-
roster_item	3	script-definition	no	-
roster_num_units	4	script-definition	no	-
roster_px	8	script-definition	no	-
roster_py	6	heuristic-false-positive	no	-
roster_sky_page	2	script-definition	no	-
roster_sky_page_doodad	2	script-definition	no	-
roster_temp	15	script-definition	no	-
roster_v	3	script-definition	no	-
roster_width_sky	1	script-definition	no	-
rotatemap	3	native-host-call	yes	0x0046ae10
rotatex	1	native-host-call	yes	0x0046ab60
rotatey	1	native-host-call	yes	0x0046ac40
rotatez	2	native-host-call	yes	0x0046ad20
roulette	15	script-definition	no	-
roulette_mod	8	script-definition	no	-
row	10	heuristic-false-positive	no	-
row_count	3	script-definition	no	-
row_text_y	4	script-definition	no	-
rows	12	script-definition	no	-
rplay	4	script-definition	no	-
ru	1	script-definition	no	-
run	1116	script-definition	no	0x004c9ce0
run_new_games	1	script-definition	no	-
rune_buff	6	script-definition	no	-
rune_chars	2	script-definition	no	-
runestring	2	native-host-call	yes	0x004d72c0
runit_id	3	script-definition	no	-
rust	23	script-definition	no	-
rust_aura	3	heuristic-false-positive	no	-
rustat	2	heuristic-false-positive	no	-
rustat2	2	heuristic-false-positive	no	-
ruvase	2	heuristic-false-positive	no	-
ruwood	4	heuristic-false-positive	no	-
rv	2	script-definition	no	-
rval	9	script-definition	no	-
rw	34	script-definition	no	-
rx	1	heuristic-false-positive	yes	-
ry	1	heuristic-false-positive	yes	-
s	17	script-definition	no	-
s1	2	script-definition	no	-
s_a	3	script-definition	no	-
s_hold_item	1	heuristic-false-positive	no	-
s_length	9	script-definition	no	-
s_r	1	heuristic-false-positive	no	-
s_u	3	script-definition	no	-
s_x	4	script-definition	no	-
s_y	4	script-definition	no	-
sa	1	script-definition	no	-
sabre_spells	2	script-definition	no	-
sage_counter	7	script-definition	no	-
sanctuary	9	script-definition	no	-
sands_of_sleep	15	script-definition	no	-
sands_type	1	heuristic-false-positive	no	-
sandstorm_type	2	heuristic-false-positive	no	-
sat_stack	8	script-definition	no	-
satellitegetstrongholdlevel	3	native-host-call	yes	0x00440550
save_army_data	1	heuristic-false-positive	no	-
save_button	3	heuristic-false-positive	no	-
save_changes	6	script-definition	no	-
save_config_options	1	script-definition	no	-
save_dbf	1	script-definition	no	-
save_filename	12	script-definition	no	-
save_lord	2	script-definition	no	-
save_money	5	script-definition	no	-
save_sbf	1	heuristic-false-positive	no	-
save_tbf	1	heuristic-false-positive	no	-
saveconfig	29	native-host-call	yes	0x00487570
savedefaultarmy	2	native-host-call	yes	0x0044c9a0
savegame	53	native-host-call	yes	0x004df510
savelevel	1	native-host-call	yes	0x004df610
savescenariomap	6	native-host-call	yes	0x00485a80
savespecialmap	6	native-host-call	yes	0x004eec00
savevirtualarmy	2	native-host-call	yes	0x0044ca80
savscn_bf	2	heuristic-false-positive	no	-
savscn_button	3	heuristic-false-positive	no	-
savscn_dn_doodad	2	heuristic-false-positive	no	-
savscn_dn_xywh	2	heuristic-false-positive	no	-
savscn_full_xywh	3	heuristic-false-positive	no	-
savscn_text	6	script-definition	no	-
savscn_up_doodad	2	heuristic-false-positive	no	-
savscn_up_xywh	2	heuristic-false-positive	no	-
sb	2	script-definition	no	-
sbld_button0s	1	script-definition	no	-
sbld_button1s	1	script-definition	no	-
sbld_button2s	1	script-definition	no	-
sbld_edit	4	script-definition	no	-
sbld_xywh	32	heuristic-false-positive	no	-
sbldprogress_lbms	1	script-definition	no	-
sbolt	4	heuristic-false-positive	no	-
scale	21	native-host-call	yes	0x0046af90
scanforplaceholders	5	native-host-call	yes	0x004895d0
scen_prop_str	6	script-definition	no	-
scenario_add_items	2	script-definition	no	-
scenario_alarms	1	script-definition	no	-
scenario_array	15	script-definition	no	-
scenario_buffer	21	script-definition	no	-
scenario_game	88	script-definition	no	-
scenario_list	85	script-definition	no	-
scenario_map	1	script-definition	no	-
scenario_marauders_attack_occupied_chance	4	script-definition	no	-
scenario_marauders_attack_occupied_rule?	4	script-definition	no	-
scenario_name_list	2	script-definition	no	-
scenario_text_dialog	40	script-definition	no	-
scenariobox	13	script-definition	no	-
scenariodict	36	script-definition	no	-
scenariolose_smk_name	1	script-definition	no	-
scenarioname	12	script-definition	no	-
scenariopan_dlg	10	script-definition	no	-
scenariowin_smk_name	2	script-definition	no	-
scenprop_dlg	4	script-definition	no	-
scn_list	7	script-definition	no	-
scout_bits	4	script-definition	no	-
screencapture	1	native-host-call	yes	0x0043b830
screenrect	1	script-definition	no	-
script_win	1	script-definition	no	-
scroll_dexterity	3	script-definition	no	-
scroll_diplomacy	1	script-definition	no	-
scroll_doodad	1	script-definition	no	-
scroll_experience_01	9	script-definition	no	-
scroll_experience_02	9	script-definition	no	-
scroll_experience_03	9	script-definition	no	-
scroll_experience_04	1	script-definition	no	-
scroll_faith	1	script-definition	no	-
scroll_health	3	script-definition	no	-
scroll_health_recovery	2	script-definition	no	-
scroll_mana	3	script-definition	no	-
scroll_movement	2	script-definition	no	-
scroll_panel_dood	1	heuristic-false-positive	no	-
scroll_position	10	script-definition	no	-
scroll_power	2	script-definition	no	-
scroll_resistance	2	script-definition	no	-
scroll_sages	1	script-definition	no	-
scroll_spoils_dict	1	script-definition	no	-
scroll_strength	3	script-definition	no	-
scroll_wav	2	script-definition	no	-
scroll_wisdom	3	script-definition	no	-
scrollbegindelay	1	native-host-call	yes	0x0051ac30
scrolldown	6	script-definition	no	-
scrolldown_bf	2	heuristic-false-positive	no	-
scrolldown_button	2	heuristic-false-positive	no	-
scrolldown_dn_doodad	2	heuristic-false-positive	no	-
scrolldown_dn_xywh	2	heuristic-false-positive	no	-
scrolldown_full_xywh	4	heuristic-false-positive	no	-
scrolldown_up_doodad	2	heuristic-false-positive	no	-
scrolldown_up_xywh	2	heuristic-false-positive	no	-
scrolling	18	script-definition	no	-
scrolling_get_percent_nonthief	2	native-host-call	yes	0x004e21c0
scrolling_get_percent_nonthief_eq	2	script-definition	no	-
scrolling_get_percent_thief	2	native-host-call	yes	0x004e2230
scrolling_get_percent_thief_eq	2	script-definition	no	-
scrolling_get_percent_thiefindetectingmode	2	script-definition	no	0x004e22a0
scrolling_get_percent_thiefindetectingmode_eq	2	script-definition	no	-
scrolling_panel_dict	32	script-definition	no	-
scrolling_text_arrow_xywh	9	heuristic-false-positive	no	-
scrolling_text_down_button	5	script-definition	no	-
scrolling_text_down_button_dd	2	heuristic-false-positive	no	-
scrolling_text_down_button_dd_in	2	heuristic-false-positive	no	-
scrolling_text_down_button_frame	3	heuristic-false-positive	no	-
scrolling_text_up_button	5	script-definition	no	-
scrolling_text_up_button_dd	2	heuristic-false-positive	no	-
scrolling_text_up_button_dd_in	2	heuristic-false-positive	no	-
scrolling_text_up_button_frame	3	heuristic-false-positive	no	-
scrollleft	3	script-definition	no	-
scrollmap	4	native-host-call	yes	0x00474990
scrollpanel	82	script-definition	no	-
scrollright	3	script-definition	no	-
scrollup	6	script-definition	no	-
scrollup_bf	2	heuristic-false-positive	no	-
scrollup_button	2	heuristic-false-positive	no	-
scrollup_dn_doodad	2	heuristic-false-positive	no	-
scrollup_dn_xywh	2	heuristic-false-positive	no	-
scrollup_full_xywh	4	heuristic-false-positive	no	-
scrollup_up_doodad	2	heuristic-false-positive	no	-
scrollup_up_xywh	2	heuristic-false-positive	no	-
scythe_balkoth	2	script-definition	no	-
sd	34	script-definition	no	-
sdamage	8	script-definition	no	-
sdung1	4	heuristic-false-positive	no	-
sdung2	3	heuristic-false-positive	no	-
sdw	8	heuristic-false-positive	no	-
seamonsters	6	script-definition	no	-
second_best_id	2	script-definition	no	-
second_best_value	1	script-definition	no	-
second_seperator	2	script-definition	no	-
secondary_armies_desired	1	script-definition	no	-
security_case	9	script-definition	no	-
seer_air	7	script-definition	no	-
seer_chaos	6	script-definition	no	-
seer_death	6	script-definition	no	-
seer_earth	6	script-definition	no	-
seer_fire	6	script-definition	no	-
seer_life	5	script-definition	no	-
seer_order	7	script-definition	no	-
seer_water	7	script-definition	no	-
sel_army_dict	10	script-definition	no	-
sel_faith	2	script-definition	no	-
sel_lib	6	script-definition	no	-
sel_pos_x	6	script-definition	no	-
sel_pos_y	4	script-definition	no	-
selarmybackground	4	script-definition	no	-
seldlgpage	165	script-definition	no	-
select_a_play	346	script-definition	no	-
select_army_dict	86	script-definition	no	-
select_army_procedure	83	script-definition	no	-
select_defensive_major_multi_target_au	4	script-definition	no	-
select_defensive_major_single_target_au	1	script-definition	no	-
select_defensive_minor_multi_target_au	3	script-definition	no	-
select_defensive_minor_single_target_au	1	script-definition	no	-
select_faith	2	script-definition	no	-
select_library_dlg	13	script-definition	no	-
select_magistrate	2	script-definition	no	-
select_market	2	script-definition	no	-
select_new_play	18	native-host-call	yes	0x00465530
select_new_spell	1	script-definition	no	-
select_next_army	2	heuristic-false-positive	no	-
select_offensive_major_multi_target_au	1	script-definition	no	-
select_offensive_major_multi_target_aut	3	script-definition	no	-
select_offensive_major_single_target_au	1	script-definition	no	-
select_offensive_major_single_target_aut	6	script-definition	no	-
select_offensive_minor_multi_target_au	1	script-definition	no	-
select_offensive_minor_multi_target_aut	4	script-definition	no	-
select_offensive_minor_single_target_au	1	script-definition	no	-
select_previous_army	2	heuristic-false-positive	no	-
select_spell	1	script-definition	no	-
select_summon_spell_single_target_au	1	script-definition	no	-
select_tavern	2	script-definition	no	-
select_temple	2	script-definition	no	-
selectarmy_dlg	64	script-definition	no	-
selectarmyproc	1	native-host-call	yes	0x004e25b0
selectcity	1	script-definition	no	-
selectcityproc	1	native-host-call	yes	0x004e24d0
selected_ai_status	2	script-definition	no	-
selected_army	5	script-definition	no	-
selected_army_index	33	script-definition	no	-
selected_dip_level	1	script-definition	no	-
selected_sky_page	3	script-definition	no	-
selected_sky_page_doodad	4	script-definition	no	-
selected_spell	2	script-definition	no	-
selected_target	13	script-definition	no	-
selected_target_army	4	script-definition	no	-
selected_target_dist	1	script-definition	no	-
selected_times_spied	4	script-definition	no	-
selected_unit	495	script-definition	no	-
selected_unit_bits	4	script-definition	no	-
selected_unit_index	11	script-definition	no	-
selectedarmiescancastbreath?	1	native-host-call	yes	0x004e2770
selectedarmiescanspitweb?	1	native-host-call	yes	0x004e2960
selectedunitname	5	script-definition	no	-
selection_boxes	3	script-definition	no	-
selection_change_proc	3	script-definition	no	-
selection_container1	5	heuristic-false-positive	no	-
selection_container1_backdrop_doodad	3	heuristic-false-positive	no	-
selection_container1_ship_doodad	1	heuristic-false-positive	no	-
selection_container2	5	heuristic-false-positive	no	-
selection_container2_backdrop_doodad	3	heuristic-false-positive	no	-
selection_container2_ship_doodad	1	heuristic-false-positive	no	-
selection_container3	5	heuristic-false-positive	no	-
selection_container3_backdrop_doodad	3	heuristic-false-positive	no	-
selection_container3_ship_doodad	1	heuristic-false-positive	no	-
selection_container_flag	6	heuristic-false-positive	no	-
selection_spot_flag	24	heuristic-false-positive	no	-
selectionbitgetunit	1	native-host-call	yes	0x004e7b30
selectiondict	155	script-definition	no	-
selectnothingproc	1	native-host-call	yes	0x004e2150
selector2	104	script-definition	no	-
selectpartyupkeep_edit	1	script-definition	no	-
selectprovider	8	native-host-call	yes	0x004b8120
selectscenario	20	native-host-call	yes	0x004c8e60
selectscreens	3	script-definition	no	-
selectserviceprovider	5	heuristic-false-positive	no	-
selectspellprocs	2	script-definition	no	-
selectunits	2	native-host-call	yes	0x0052d640
selectvillage_dlg	3	script-definition	no	-
selectvillageproc	2	native-host-call	yes	0x004e2540
selfaith	6	script-definition	no	-
sell_ail	2	script-definition	no	-
sell_crystal	2	script-definition	no	-
sell_fame	2	script-definition	no	-
sell_gold	2	script-definition	no	-
send_army_to_barter	1	script-definition	no	-
send_artifact_message	7	script-definition	no	-
send_bits	4	script-definition	no	-
send_num	1	script-definition	no	-
send_player_data_changes	1	script-definition	no	-
send_sick_units_home	1	script-definition	no	-
send_thief_message	20	native-host-call	yes	0x00507850
sendcallbackmessage	176	native-host-call	yes	0x004112c0
sendchatmessage	1	native-host-call	yes	0x004b2560
sendgameovercallbackmessage	6	native-host-call	yes	0x004113f0
sendoptionsmessage	15	native-host-call	yes	0x004b23d0
sendthiefstoleresource	8	native-host-call	yes	0x00508810
seq	13	script-definition	no	-
serploc	2	heuristic-false-positive	no	-
setBPCproc	1	native-host-call	yes	0x00434a00
setBPOproc	1	native-host-call	yes	0x00434990
set_attitude_level	4	script-definition	no	-
set_barter_item_graphics	2	script-definition	no	-
set_barter_to_initial_offer?	35	script-definition	no	-
set_building_dialog_size	42	script-definition	no	-
set_cast_post_spells	1	script-definition	no	-
set_chosen_faith	16	heuristic-false-positive	no	-
set_closewaitnetdialog	1	native-host-call	yes	0x004b6a80
set_combat_custom_play	13	script-definition	no	-
set_current_unit_name	10	script-definition	no	-
set_custom_play	1	native-host-call	yes	0x004e2ea0
set_default_barter_responses	3	script-definition	no	-
set_default_responses	1	script-definition	no	-
set_delta_box	15	script-definition	no	-
set_delta_fraction_box	1	script-definition	no	-
set_dialogs_for_barter_state	2	script-definition	no	-
set_economic_string	4	script-definition	no	-
set_full_stats	19	script-definition	no	-
set_initial_relationships	1	script-definition	no	-
set_initial_spell_knowledge	1	script-definition	no	-
set_level	13	script-definition	no	-
set_level_modification	1	heuristic-false-positive	no	-
set_level_modifications	546	heuristic-false-positive	no	-
set_memory_warning_callback	1	native-host-call	yes	0x004d7e00
set_old_cursor_sprite_id	1	heuristic-false-positive	no	-
set_openwaitnetdialog	1	native-host-call	yes	0x004b6a10
set_panel_normal_mode	4	script-definition	no	-
set_progress_meter_filename	4	heuristic-false-positive	no	-
set_rally_info	2	script-definition	no	-
set_random_barrows	2	script-definition	no	-
set_random_orc_caves	2	script-definition	no	-
set_show_completed_quests	2	native-host-call	yes	0x00489160
set_special_status	22	script-definition	no	-
set_spots_to_selected	2	script-definition	no	-
set_sprite_mode_for_current_zoom	12	script-definition	no	-
set_spy_spots	2	script-definition	no	-
set_starting_resources	1	script-definition	no	-
set_temp_commodity	2	script-definition	no	-
set_turn_button_image	8	heuristic-false-positive	no	-
set_turnai_phase	4	script-definition	no	-
set_unit_spots	6	script-definition	no	-
set_up_leader_party	1	script-definition	no	-
set_values	4	script-definition	no	-
set_variables	9	script-definition	no	-
set_wandering_monster_barter_responses	1	script-definition	no	-
setairesponse	51	native-host-call	yes	0x0051ff30
setambientloop	8	native-host-call	yes	0x0047ac60
setambientvolume	4	native-host-call	yes	0x00479d70
setarmycastspell	6	script-definition	no	-
setarmycombatdisplayoptions	1	native-host-call	yes	0x00426420
setarmydata	75	native-host-call	yes	0x0041c0c0
setarmydetectflag	17	native-host-call	yes	0x00426290
setarmyeffectivemovement	1	native-host-call	yes	0x004e6c90
setarmyleavealonecheck	1	native-host-call	yes	0x00414aa0
setarmyplaceholderproc	2	native-host-call	yes	0x004149e0
setarmystealthticksproc	2	native-host-call	yes	0x005062d0
setartifactdata	41	native-host-call	yes	0x00429e60
setartifactspurchased	4	native-host-call	yes	0x0044dd70
setartifacttypedata	89	native-host-call	yes	0x00429ac0
setassignleadercallback	2	native-host-call	yes	0x004b6930
setattitude	6	native-host-call	yes	0x0050ae20
setautocalcproc	1	native-host-call	yes	0x0042fbe0
setautocalcshouldbeusedproc	31	native-host-call	yes	0x00430350
setautocombatmode	1	native-host-call	yes	0x004b5670
setbargraph	14	native-host-call	yes	0x00430dc0
setbargraphdata	16	native-host-call	yes	0x00430ef0
setbarterdiplomaticconfirmation	6	native-host-call	yes	0x00437120
setbarterlocalartifactknowledge	2	native-host-call	yes	0x00437060
setbarterlocalartifactsonly	2	native-host-call	yes	0x00436fa0
setbarterlocalunitsonly	2	native-host-call	yes	0x00436ee0
setbarterpoints	2	native-host-call	yes	0x0044e0f0
setbarterproc	2	native-host-call	yes	0x004e3300
setbartertone	6	native-host-call	yes	0x004355b0
setblockon	5	native-host-call	yes	0x004a1f40
setbuildingbartervalueproc	1	native-host-call	yes	0x00440f90
setbuildingdata	21	native-host-call	yes	0x00440ab0
setbuildingdeltaproc	1	native-host-call	yes	0x004412e0
setbuildinginfodata	5	native-host-call	yes	0x00444180
setbuildinglevel	11	native-host-call	yes	0x00440240
setbuildingrequirements	36	native-host-call	yes	0x0044fce0
setbuildingspeechflag	2	native-host-call	yes	0x0047b3e0
setbuttonrepeat	180	native-host-call	yes	0x00491420
setbuttonrepeatintervals	19	native-host-call	yes	0x00491520
setbuttonstaydown	42	native-host-call	yes	0x004dd870
setbuttonsticker	9	native-host-call	yes	0x004dd700
setcastdata	298	native-host-call	yes	0x004f1be0
setcenteronmovement	4	native-host-call	yes	0x005300e0
setchampionbrain	63	native-host-call	yes	0x0040f680
setchampionbrainarg	17	native-host-call	yes	0x0040fea0
setchampionbrainavailable	3	native-host-call	yes	0x004101a0
setchampionname	42	native-host-call	yes	0x0044be60
setchatfont	1	native-host-call	yes	0x004b2f00
setcheatmode	2	native-host-call	yes	0x00487c30
setchecksumproc	1	native-host-call	yes	0x004b56e0
setcitybartervalueproc	1	native-host-call	yes	0x00451b30
setcitybuilding	23	native-host-call	yes	0x0044f740
setcitychildoffsets	1	native-host-call	yes	0x0043dee0
setcitycombatproc	1	native-host-call	yes	0x00468c20
setcitycombatscale	1	native-host-call	yes	0x004e0e20
setcitydata	27	native-host-call	yes	0x00450f40
setcityinitiates	29	native-host-call	yes	0x00452010
setcitywallpieces	2	native-host-call	yes	0x00458dd0
setclosepopupsproc	1	native-host-call	yes	0x004fff00
setcombataiprepareproc	169	native-host-call	yes	0x004652b0
setcombatcountdown	1	native-host-call	yes	0x004610b0
setcombathitproc	2	native-host-call	yes	0x004e35f0
setcombatmousetrackproc	1	native-host-call	yes	0x004e3290
setcombatmusicpath	2	native-host-call	yes	0x004b42f0
setcombatplacementradius	1	native-host-call	yes	0x00484c60
setcombatprocid	1	native-host-call	yes	0x004df860
setcombatscrollpixels	6	native-host-call	yes	0x00484b00
setcombatselectionbits	3	native-host-call	yes	0x0052f9e0
setcomputername	3	native-host-call	yes	0x004b89e0
setcontainerdata	383	native-host-call	yes	0x0046e3b0
setcontaineroutlinewidth	6	native-host-call	yes	0x0046f120
setcontainerselectedoutlinecolor	10	native-host-call	yes	0x0046ed50
setcontrollingcomputer	5	native-host-call	yes	0x004b92e0
setcrystalbartervalueproc	1	native-host-call	yes	0x00434bc0
setcurrentselection	11	native-host-call	yes	0x0052f720
setcursortype	251	native-host-call	yes	0x00472a00
setcustomleaderflag	4	native-host-call	yes	0x0044cc40
setdefaultbuttonsound	2	native-host-call	yes	0x0047b1c0
setdetectthiefimage	1	native-host-call	yes	0x00424170
setdialogbackground	129	native-host-call	yes	0x00490610
setdialogdict	34	native-host-call	yes	0x004908b0
setdifficultylevel	23	native-host-call	yes	0x00485dd0
setdiplomaticbrain	2	native-host-call	yes	0x004bf9b0
setdiplomaticlevel	69	native-host-call	yes	0x0050aaf0
setdisplaymode	6	native-host-call	yes	0x004a1e30
setdivergecallback	1	native-host-call	yes	0x004d8500
setdivergecleanupcallback	1	native-host-call	yes	0x004d8570
setdoknockoutprisonercallback	2	native-host-call	yes	0x004e2f80
setdoodadinfo	228	native-host-call	yes	0x004dbd00
setdoodadwidth	1	native-host-call	yes	0x004db860
setdoorwaypresent	2	native-host-call	yes	0x00488390
setdoorwayproc	1	native-host-call	yes	0x004886b0
setdoorwaystatusproc	1	native-host-call	yes	0x00488770
setdungeonarmyinstantiateproc	1	native-host-call	yes	0x0050c8c0
setdungeonconquer	5	native-host-call	yes	0x00511270
setdungeonconquered	3	script-definition	no	-
setdungeonstrength	24	script-definition	no	-
seteditboxfont	421	native-host-call	yes	0x004deb10
seteditboxtext	25	native-host-call	yes	0x004ded50
seteditscrolldelay	1	native-host-call	yes	0x00497410
seteditscrolltick	2	native-host-call	yes	0x00497530
setelevation	12	native-host-call	yes	0x004dfd80
setelevationbrush	7	native-host-call	yes	0x004da4a0
setendcombatquestionproc	2	native-host-call	yes	0x00462650
setendcombatquestionticks	4	native-host-call	yes	0x00462710
setendordermodeproc	1	native-host-call	yes	0x00503160
setenterexitprogressfilenamecallbackproc	1	native-host-call	yes	0x004877d0
setexplainluckysurvivorproc	2	native-host-call	yes	0x00462810
setexplored	5	native-host-call	yes	0x004ac8f0
setfaithcallback	2	native-host-call	yes	0x004e5db0
setfaithpalcallbackproc	1	native-host-call	yes	0x004d88f0
setfaithstartingleadertype	1	native-host-call	yes	0x004879c0
setfamefromactions	2	native-host-call	yes	0x004bfef0
setfileactivityprogresscallbackproc	1	native-host-call	yes	0x00487760
setfinishcombatproc	1	native-host-call	yes	0x004e36b0
setfocus	3	native-host-call	yes	0x00505440
setfoodbartervalueproc	1	native-host-call	yes	0x00434ae0
setformation	14	native-host-call	yes	0x0041fb40
setgamereservedint	31	native-host-call	yes	0x00489740
setgameselectcallback	1	native-host-call	yes	0x004b5c60
setgatepieces	1	native-host-call	yes	0x00459010
setgocallback	2	native-host-call	yes	0x00461410
setgocountdown	10	native-host-call	yes	0x004611b0
setgoldbartervalueproc	1	native-host-call	yes	0x00434b50
setgridflag	9	native-host-call	yes	0x00459c60
setgtstatus	2	script-definition	no	-
setheir	10	native-host-call	yes	0x004e6f90
setheirasleader	4	native-host-call	yes	0x004c0a90
sethighlightcolor	6	native-host-call	yes	0x0052d9b0
setimpplayeraction	29	native-host-call	yes	0x0049e860
setimpplayerimp	4	native-host-call	yes	0x0049ee10
setincombatspoils	8	native-host-call	yes	0x00462940
setinfectproc	2	native-host-call	yes	0x00526b30
setinitiatebartervalueproc	1	native-host-call	yes	0x00434c30
setitem	417	native-host-call	yes	0x00490e60
setitemposition	2	native-host-call	yes	0x00490990
setlastaudiosettings	1	native-host-call	yes	0x00487520
setlatency	2	native-host-call	yes	0x0048ce40
setleader	4	native-host-call	yes	0x004bd220
setleaderdoodadcallbackproc	1	native-host-call	yes	0x004d8960
setleaderunittype	4	native-host-call	yes	0x004bd730
setleveldungeonconquer	2	native-host-call	yes	0x00510db0
setlibraryoffset	1	native-host-call	yes	0x0043e120
setlineofsite	60	native-host-call	yes	0x004ab6e0
setmapretreatimp	1	native-host-call	yes	0x004acde0
setmarketvalueproc	1	native-host-call	yes	0x00434a70
setmaxartifacttypes	1	native-host-call	yes	0x00429960
setmaxhotkeys	1	native-host-call	yes	0x0049a510
setmaxitems	120	native-host-call	yes	0x0048f510
setmaxlightningbolts	2	native-host-call	yes	0x004a3b80
setmaxquesttypes	1	native-host-call	yes	0x004c4a30
setmaxsoundfx	2	native-host-call	yes	0x00479080
setmaxspells	1	native-host-call	yes	0x004f00f0
setmilitaryselectionmode	1	native-host-call	yes	0x0052fbe0
setmissilehitproc	2	native-host-call	yes	0x004e3830
setmodescale	7	native-host-call	yes	0x004e0ab0
setmodeticktime	19	native-host-call	yes	0x004e0980
setmultichatcallbackproc	1	native-host-call	yes	0x004d89d0
setmultilevelconquered	7	native-host-call	yes	0x004dfa20
setmultioptionscallbackproc	1	native-host-call	yes	0x004d8a40
setmultiplayerflag	4	native-host-call	yes	0x004b6540
setmultiplayeroption	13	native-host-call	yes	0x004b2050
setmultiscenarioname	10	native-host-call	yes	0x004b2ff0
setmusicvolume	2	native-host-call	yes	0x00479a70
setnegativeresourcesproc	1	native-host-call	yes	0x004bb3a0
setnewgameseed	1	native-host-call	yes	0x004e5790
setnewinitiates	1	native-host-call	yes	0x00451c50
setnewunitproc	1	native-host-call	yes	0x0044fee0
setnormalcombatproc	2	native-host-call	yes	0x00468c90
setpagepalette	29	native-host-call	yes	0x004d9980
setpathballfont	1	native-host-call	yes	0x004ba960
setpathballtext	1	native-host-call	yes	0x004ba220
setpathindicatorimp	2	native-host-call	yes	0x004ba6d0
setpathindicators	2	native-host-call	yes	0x00504320
setpause	32	native-host-call	yes	0x00484e80
setplayarmy	56	native-host-call	yes	0x00464e30
setplayeraistatus	8	native-host-call	yes	0x004bbfd0
setplayerbars	2	native-host-call	yes	0x004bc240
setplayerbooleanintelinfodisplaying	4	native-host-call	yes	0x004a02b0
setplayerdata	172	native-host-call	yes	0x004be860
setplayerflagimp	2	native-host-call	yes	0x004bb890
setplayergroupnumberobject	2	native-host-call	yes	0x004c0da0
setplayergroupnumberoffset	1	native-host-call	yes	0x004c0e60
setplayerindicatoraura	1	native-host-call	yes	0x004bc450
setplayerindicatorcolor	1	native-host-call	yes	0x004bc640
setplayerintelinfo	4	native-host-call	yes	0x0049f650
setplayerintelinfodisplaying	50	native-host-call	yes	0x004a0080
setplayername	18	native-host-call	yes	0x004c04d0
setplayerneutralstatus	9	native-host-call	yes	0x004c0b10
setplayingquest	12	native-host-call	yes	0x004c4970
setprecombatproc	2	native-host-call	yes	0x004889f0
setpredoorwayproc	1	native-host-call	yes	0x00488830
setpromisebartervalueproc	1	native-host-call	yes	0x0050a0b0
setquestresetproc	1	native-host-call	yes	0x004d7ee0
setqueststatus	64	native-host-call	yes	0x004c4510
setrally	2	native-host-call	yes	0x00408c50
setrelationship	10	native-host-call	yes	0x0051ced0
setremapdata	3	native-host-call	yes	0x004942a0
setresearchdeltaproc	2	native-host-call	yes	0x004466e0
setresearchdonecallback	2	native-host-call	yes	0x004467a0
setresetunitmodifiersproc	1	native-host-call	yes	0x004e2ff0
setresourcechangecallback	1	native-host-call	yes	0x00486a50
setretreatarea_xxyy	1	native-host-call	yes	0x00468640
setrtclickdownproc	1	native-host-call	yes	0x004fe1e0
setrtclickupproc	1	native-host-call	yes	0x004fe250
setsatellitechildoffsets	1	native-host-call	yes	0x0043e000
setscenarionameproc	1	native-host-call	yes	0x004b5590
setscenarioprocedure	1	native-host-call	yes	0x004c8dc0
setscenarioproperty	6	native-host-call	yes	0x004c90b0
setslider	15	native-host-call	yes	0x004ec6f0
setsoundfxvolume	2	native-host-call	yes	0x00479b60
setspecialbuildingoffset	1	native-host-call	yes	0x0043e550
setspecialcombatowner	2	native-host-call	yes	0x004ee950
setspecialeffectflag	4	native-host-call	yes	0x00427200
setspeechvolume	2	native-host-call	yes	0x00479c40
setspelldefdata	27	native-host-call	yes	0x004f1490
setspriteeditmode	24	script-definition	no	-
setspritezoommode	18	native-host-call	yes	0x004fd5c0
setsrc	1	script-definition	no	-
setstartingline	10	native-host-call	yes	0x00497e20
setstatlogproc	1	native-host-call	yes	0x004b5760
setstealthseenimage	1	native-host-call	yes	0x004240c0
setsubdueproc	2	native-host-call	yes	0x004e3770
setsummoneduniquecreature	7	native-host-call	yes	0x00510c40
setswornfealtyflag	5	native-host-call	yes	0x004c0fa0
setterrain	35	native-host-call	yes	0x004dff30
setterrainbrush	11	native-host-call	yes	0x004da3e0
setterrainspriteaileavealone	1	native-host-call	yes	0x0050eab0
setterrainspritebartervalueproc	1	native-host-call	yes	0x00510080
setterrainspritebrain	2	native-host-call	yes	0x004edaf0
setterrainspritechangeownershipproc	2	native-host-call	yes	0x0050f020
setterrainspritedeltaproc	2	native-host-call	yes	0x0050ed20
setterrainspritedoorwaystatus	8	native-host-call	yes	0x00510930
setterrainspriteenterspriteflag	3	native-host-call	yes	0x0050ebf0
setterrainspriteflagoverride	61	native-host-call	yes	0x00510a60
setterrainspritemapfileproc	2	native-host-call	yes	0x0050eea0
setterrainspriteowner	21	native-host-call	yes	0x0050e8c0
setterrainspriteprocid	14	native-host-call	yes	0x004ed1c0
setterrainspritescenarioenterproc	1	native-host-call	yes	0x0050f0e0
setterrainspritesetupprocproc	2	native-host-call	yes	0x0050ef60
setterrainspritetilesetproc	2	native-host-call	yes	0x0050ede0
setterrainspritetype	2	native-host-call	yes	0x0050e410
setterrainspritetypedata	17	native-host-call	yes	0x0050e150
setterrainspriteuserbitflag	4	native-host-call	yes	0x0050f920
setterrainwithradius	4	script-definition	no	-
setticktime	13	native-host-call	yes	0x004e08c0
settooltipfont	1	native-host-call	yes	0x00473a70
settooltipremain	2	native-host-call	yes	0x00473bd0
settooltipspriteproc	2	native-host-call	yes	0x00474390
settooltipspriteproc_editmode	2	native-host-call	yes	0x00474400
settooltiptimer	2	native-host-call	yes	0x00474c10
settranslucency	4	native-host-call	yes	0x00498210
settreatybartervalueproc	1	native-host-call	yes	0x0050a5c0
setturnaibrain	1	native-host-call	yes	0x0051d2e0
setturnaidict	1	native-host-call	yes	0x005219f0
setunitbartervalueproc	1	native-host-call	yes	0x00528e80
setunitcommander	1	native-host-call	yes	0x00423e50
setunitcostproc	1	native-host-call	yes	0x00528ef0
setunitdata	608	native-host-call	yes	0x0041c8a0
setunitfate	6	native-host-call	yes	0x0042fca0
setunitlevelrangeproc	1	native-host-call	yes	0x0052a020
setunitmaintenanceproc	3	native-host-call	yes	0x00528f60
setunittypedata	48	native-host-call	yes	0x00524820
setunittypesound	1692	native-host-call	yes	0x00525430
setunittypeterraincost	5	native-host-call	yes	0x00525b40
setunittypeterraindelay	2	native-host-call	yes	0x00525800
setup	2	script-definition	no	-
setup_ai	2	script-definition	no	-
setup_alarms	1	script-definition	no	-
setup_costandmaintain	1	script-definition	no	-
setup_custom_playbook	15	script-definition	no	-
setup_neutral_ais	1	script-definition	no	-
setup_new_army	26	heuristic-false-positive	no	-
setup_placement	2	script-definition	no	-
setup_player_control	2	script-definition	no	-
setup_scroll_button	6	script-definition	no	-
setup_second_level	2	script-definition	no	-
setup_steal_artifacts	2	script-definition	no	-
setup_trade_info	2	script-definition	no	-
setupbuybuttons	1	script-definition	no	-
setupdungeonvariables	285	script-definition	no	-
setupmaintain	1	script-definition	no	-
setupmode	2	native-host-call	yes	0x004da3c0
setupplayergraphics	6	heuristic-false-positive	no	-
setupspyunitpanel	2	script-definition	no	-
setupunitpanel	5	script-definition	no	-
setupunittypemaintain	3	script-definition	no	-
setuseddrawblt	4	native-host-call	yes	0x004da2a0
setuserforplayer	6	native-host-call	yes	0x004e4a10
setuserproc	23	native-host-call	yes	0x004e1da0
setvirtualartifactid	20	native-host-call	yes	0x0044e1f0
setvirtualgreattemple	10	native-host-call	yes	0x0044d7f0
setvirtualresources	16	native-host-call	yes	0x0044d910
setvirtualspellid	26	native-host-call	yes	0x0044e3f0
setvirtualspellknowledge	8	native-host-call	yes	0x0044db40
setvirtualstronghold	10	native-host-call	yes	0x0044d6d0
setwatchtoweroffset	1	native-host-call	yes	0x0043e250
setwatchtowersightradius	1	native-host-call	yes	0x0043e380
setwindowswaitcursorstate	1	native-host-call	yes	0x00474ce0
sh_adjusted_price1	2	script-definition	no	-
sh_adjusted_price2	2	script-definition	no	-
sh_cost_box	2	heuristic-false-positive	no	-
sh_cost_buffer	6	script-definition	no	-
sh_cost_item	2	script-definition	no	-
sh_doodad	6	script-definition	no	-
sh_grafx	10	script-definition	no	-
sh_item	2	script-definition	no	-
sh_str_box	2	heuristic-false-positive	no	-
sh_temp	4	script-definition	no	-
shade_melee_bv	2	script-definition	no	-
shade_missile_bv	2	script-definition	no	-
shaded_underlay	1	script-definition	no	-
shadedpanel	1	script-definition	no	-
shadoff_button	1	heuristic-false-positive	no	-
shadon_button	1	heuristic-false-positive	no	-
shadow_imp_filename	5	script-definition	no	-
shaken	4	script-definition	no	-
share_knowledge_at_diplomatic_level	1	script-definition	no	-
shield_aura	1	heuristic-false-positive	no	-
shield_coral	5	script-definition	no	-
shield_quality	1	script-definition	no	-
shield_righteousness	4	script-definition	no	-
shieldofire_aura	1	heuristic-false-positive	no	-
shieldofval	1	script-definition	no	-
shieldowind_aura	1	heuristic-false-positive	no	-
shimmering_type	1	script-definition	no	-
shimmering_veil	13	script-definition	no	-
ship	5	heuristic-false-positive	no	-
ship_dd	3	heuristic-false-positive	no	-
shipsforsale_village	4	script-definition	no	-
shipskypage	3	script-definition	no	-
shock	6	script-definition	no	-
shock_attack	3	script-definition	no	-
short_chain?	1	script-definition	no	-
short_on_units?	2	script-definition	no	-
short_teleport_artifacts	1	script-definition	no	-
shortest_range	3	script-definition	no	-
shortmove	3	native-host-call	yes	0x005203a0
should_ai_attack_from_city?	2	script-definition	no	-
show_army_roster	2	script-definition	no	-
show_artifact_info	205	heuristic-false-positive	no	-
show_build_building	19	script-definition	no	-
show_building	2	script-definition	no	-
show_building_info	3	script-definition	no	-
show_building_info_page	46	script-definition	no	-
show_building_unit	3	script-definition	no	-
show_building_unit_page	57	script-definition	no	-
show_building_upgrade_page	15	script-definition	no	-
show_buy_potion	2	script-definition	no	-
show_buy_potion_page	12	script-definition	no	-
show_city	2	script-definition	no	-
show_city_upgrade_dlg	53	script-definition	no	-
show_combat_results	2	heuristic-false-positive	no	-
show_debrief	25	script-definition	no	-
show_intellegence_screen	6	script-definition	no	-
show_portrait	2	script-definition	no	-
show_quest_description	1	script-definition	no	-
show_quest_fyi	2	script-definition	no	-
show_quest_roster	4	script-definition	no	-
show_roster	5	script-definition	no	-
show_roster_unit	1	script-definition	no	-
show_roster_unit_info	4	script-definition	no	-
show_special_info	3	script-definition	no	-
show_special_info_panel	1	script-definition	no	-
show_spy_info	2	script-definition	no	-
show_spy_unit	1	script-definition	no	-
show_steal_info	2	script-definition	no	-
show_steal_items	4	script-definition	no	-
show_steal_result	2	script-definition	no	-
show_submain_text_box	3	script-definition	no	-
show_temple	4	script-definition	no	-
show_thief_dialog	2	script-definition	no	-
show_this	2	script-definition	no	-
show_tool_tip_flag	4	script-definition	no	-
show_top_text_box	3	script-definition	no	-
show_trade	8	script-definition	no	-
show_trade_items	12	script-definition	no	-
show_unit_portraits	5	script-definition	no	-
show_unitinfopanels	2	script-definition	no	-
show_unittype	59	script-definition	no	-
show_unittype_info	2	script-definition	no	-
show_upgrade_building	3	script-definition	no	-
show_village_trade	2	script-definition	no	-
show_village_trade_page	2	script-definition	no	-
showcursor	10	native-host-call	yes	0x00472c00
showgraphicpage	1	script-definition	no	-
showskull	2	native-host-call	yes	0x004880f0
showtaskavailable	1	heuristic-false-positive	no	-
showwindowscursor	1	native-host-call	yes	0x004e59b0
shroud_button	1	heuristic-false-positive	no	-
shroud_item	2	script-definition	no	-
shroud_off_doodad	2	heuristic-false-positive	no	-
shroud_on_doodad	3	heuristic-false-positive	no	-
shroud_str	2	script-definition	no	-
shroud_toggle	1	script-definition	no	-
shroud_val	1	script-definition	no	-
shutdown_barter_dialog_system	14	script-definition	no	-
si	6	script-definition	no	-
sick_champ_units	1	script-definition	no	-
sick_mil_units	1	script-definition	no	-
side_army	20	script-definition	no	-
side_count	12	script-definition	no	-
side_ladder	2	script-definition	no	-
side_wall	2	script-definition	no	-
sig_exp	6	heuristic-false-positive	no	-
sight_radius_dict	2	script-definition	no	-
sin	5	language-primitive	yes	0x004cc0c0
single_faith_code	46	script-definition	no	-
single_faith_code_dict	2	script-definition	no	-
single_line_formation	5	heuristic-false-positive	no	-
single_units_string	2	script-definition	no	-
singlerand	217	native-host-call	yes	0x004b5950
skel_melee_bv	2	script-definition	no	-
skel_missile_bv	2	script-definition	no	-
skies_filename	5	script-definition	no	-
skies_page	1	script-definition	no	-
skies_page_doodad	1	script-definition	no	-
skies_widths	4	script-definition	no	-
skin_amount	3	script-definition	no	-
sky_dd	2	heuristic-false-positive	no	-
sky_page	2	heuristic-false-positive	no	-
sky_width	2	script-definition	no	-
sky_x	8	script-definition	no	-
sky_y	6	script-definition	no	-
slay	1	script-definition	no	-
sleep	2	native-host-call	yes	0x004e38f0
sleep_aura	1	heuristic-false-positive	no	-
slider	18	native-host-call	yes	0x004ec460
slider1	25	heuristic-false-positive	no	-
slider1_backdrop	18	heuristic-false-positive	no	-
slider1_knob	18	heuristic-false-positive	no	-
slider1_page	9	script-definition	no	-
slider1_xywh	18	heuristic-false-positive	no	-
slider2	13	heuristic-false-positive	no	-
slider3	4	heuristic-false-positive	no	-
slider4	4	heuristic-false-positive	no	-
slider_backdrop	1	heuristic-false-positive	no	-
slider_knob	1	heuristic-false-positive	no	-
slider_page	18	script-definition	no	-
slider_test	1	heuristic-false-positive	no	-
slider_xywh	1	heuristic-false-positive	no	-
slot	28	script-definition	no	-
slot_id	2	script-definition	no	-
slot_index	2	script-definition	no	-
slow	25	script-definition	no	-
slow_down	32	script-definition	no	-
slow_undead	32	script-definition	no	-
small_cancel_button	1	heuristic-false-positive	no	-
small_cancel_button_s	2	heuristic-false-positive	no	-
small_cancel_button_t	2	heuristic-false-positive	no	-
small_f0_icon	2	heuristic-false-positive	no	-
small_f1_icon	2	heuristic-false-positive	no	-
small_f2_icon	2	heuristic-false-positive	no	-
small_f3_icon	2	heuristic-false-positive	no	-
small_f4_icon	2	heuristic-false-positive	no	-
small_f5_icon	2	heuristic-false-positive	no	-
small_f6_icon	2	heuristic-false-positive	no	-
small_f7_icon	2	heuristic-false-positive	no	-
small_health_bar_array	2	script-definition	no	-
small_health_bar_background	1	heuristic-false-positive	no	-
small_health_dd_array	1	script-definition	no	-
small_ok_button	1	heuristic-false-positive	no	-
small_ok_button_s	2	heuristic-false-positive	no	-
small_ok_button_t	2	heuristic-false-positive	no	-
small_sbf	15	script-definition	no	-
small_tbf	7	script-definition	no	-
smallest_distance	6	script-definition	no	-
smallest_range	1	script-definition	no	-
smallunitinfopanel	28	script-definition	no	-
smallunitinfopanel_box	2	heuristic-false-positive	no	-
smallwave	1	script-definition	no	-
smartsound	10	native-host-call	yes	0x00479580
smk_name	2	script-definition	no	-
snap	1	heuristic-false-positive	no	-
snapshot_doodads	6	script-definition	no	-
snapshot_pages	5	script-definition	no	-
so_far	4	script-definition	no	-
sort	33	native-host-call	yes	0x004ccc30
sort_goals	3	script-definition	no	-
sound	3	heuristic-false-positive	no	-
sound_dict	6	script-definition	no	-
soundfx_string	4	script-definition	no	-
soundfxdict	347	script-definition	no	-
soundopdlg	5	script-definition	no	-
source_army	2	script-definition	no	-
source_army_id	585	script-definition	no	-
source_id	3	script-definition	no	-
source_index	4	heuristic-false-positive	no	-
source_owner	91	script-definition	no	-
source_player	2	script-definition	no	-
source_stack	16	script-definition	no	-
source_unit_num	295	script-definition	no	-
sourcefaith	1	script-definition	no	-
sp	2	script-definition	no	-
sp_bldg	5	script-definition	no	-
sp_faith	3	script-definition	no	-
sp_id	12	script-definition	no	-
space	20	script-definition	no	-
spark	6	script-definition	no	-
spark_damage	2	script-definition	no	-
sparrow	1	heuristic-false-positive	no	-
sparrow_aura	8	heuristic-false-positive	no	-
sparrow_type	4	heuristic-false-positive	no	-
spawn_greater_than	2	script-definition	no	-
spb	10	script-definition	no	-
spbldgdict	4	script-definition	no	-
spbvariable	20	script-definition	no	-
spdrweb	5	heuristic-false-positive	no	-
speaker_ip	10	script-definition	no	-
spear	3	heuristic-false-positive	no	-
special	4	script-definition	no	-
special_altar_of_sacrifice	21	script-definition	no	-
special_army_spoils	1	script-definition	no	-
special_array	2	script-definition	no	-
special_barter_brain_meet_text	5	heuristic-false-positive	no	-
special_barter_dict	3	script-definition	no	-
special_barter_event_dictionary	2	script-definition	no	-
special_barter_id	5	script-definition	no	-
special_barter_list	4	script-definition	no	-
special_barter_preemptive_offer	2	heuristic-false-positive	no	-
special_barter_resource_knowledge	2	heuristic-false-positive	no	-
special_building	7	script-definition	no	-
special_building0_array	2	script-definition	no	-
special_building1_array	2	script-definition	no	-
special_building1_ttype	6	script-definition	no	-
special_building_help_text	2	script-definition	no	-
special_button	1	heuristic-false-positive	no	-
special_effect_box2	2	script-definition	no	-
special_effect_text2	28	script-definition	no	-
special_forge_of_eternal_flame	11	script-definition	no	-
special_leads?	3	script-definition	no	-
special_shrine_of_vitality	15	script-definition	no	-
special_status	10	script-definition	no	-
special_unit	2	script-definition	no	-
special_unit2	2	script-definition	no	-
special_unit_type	3	script-definition	no	-
special_value	4	script-definition	no	-
specialbuildingcallback	3	native-host-call	yes	0x004d86c0
specialcombat_playbook	5	script-definition	no	-
specialorder	2	native-host-call	yes	0x00408fb0
specialsprites?	12	script-definition	no	-
specific_faith_exists?	128	script-definition	no	-
specific_legend_exists?	47	heuristic-false-positive	no	-
specified_player	1	script-definition	no	-
specifycurrentartifact	1	native-host-call	yes	0x0042a280
specifyspelltarget	3	native-host-call	yes	0x00502c50
speech_string	4	script-definition	no	-
speed_dict	1	script-definition	no	-
speeddict	1	heuristic-false-positive	no	-
speedopdlg	6	script-definition	no	-
spel	4	script-definition	no	-
spel_panel_doodad	1	script-definition	no	-
spel_stone_page	1	script-definition	no	-
spell_array	4	script-definition	no	-
spell_attack_sound	2	script-definition	no	-
spell_being_researched	28	script-definition	no	-
spell_being_researched_name	2	script-definition	no	-
spell_buff0_count	3	script-definition	no	-
spell_buff1_count	3	script-definition	no	-
spell_buff2_count	3	script-definition	no	-
spell_button_page0	2	script-definition	no	-
spell_button_page1	2	script-definition	no	-
spell_button_page2	2	script-definition	no	-
spell_button_page3	2	script-definition	no	-
spell_cando?	4	script-definition	no	-
spell_casting_interval	12	script-definition	no	-
spell_container_flag	2	script-definition	no	-
spell_count	9	script-definition	no	-
spell_count_under_128	10	script-definition	no	-
spell_counter	4	script-definition	no	-
spell_damage	126	script-definition	no	-
spell_defend_sound	2	script-definition	no	-
spell_doodad	1	script-definition	no	-
spell_downarrow_button	2	script-definition	no	-
spell_general_sound	2	script-definition	no	-
spell_help_text_dict	16	script-definition	no	-
spell_id	1914	script-definition	no	-
spell_id_level	7	script-definition	no	-
spell_ids	5	script-definition	no	-
spell_image	4	script-definition	no	-
spell_index	23	script-definition	no	-
spell_level	2	script-definition	no	-
spell_log_on?	3	script-definition	no	-
spell_name	24	script-definition	no	-
spell_name_help	12	script-definition	no	-
spell_order_dict	3	script-definition	no	-
spell_research_order	8	script-definition	no	-
spell_research_rating	1	script-definition	no	-
spell_spot_flag	2	heuristic-false-positive	no	-
spell_strings	8	script-definition	no	-
spell_table	11	script-definition	no	-
spell_terraform_sound	2	script-definition	no	-
spell_text_dict	8	script-definition	no	-
spell_time_counter	24	script-definition	no	-
spell_timer_count	24	script-definition	no	-
spell_to_research	2	script-definition	no	-
spell_type	16	script-definition	no	-
spell_type2	2	heuristic-false-positive	no	-
spell_type3	2	heuristic-false-positive	no	-
spell_type_get_name	4	script-definition	no	-
spell_uparrow_button	2	script-definition	no	-
spell_value	5	script-definition	no	-
spell_values_dict	1	script-definition	no	-
spell_values_type13	1	script-definition	no	-
spell_values_type15	2	script-definition	no	-
spell_values_type16	1	script-definition	no	-
spell_values_type17	1	script-definition	no	-
spell_values_type21	1	script-definition	no	-
spell_values_type22	1	script-definition	no	-
spell_values_type23	2	script-definition	no	-
spell_values_type24	2	script-definition	no	-
spell_values_type29	1	script-definition	no	-
spell_values_type31	2	script-definition	no	-
spell_values_type32	1	script-definition	no	-
spell_values_type33	1	script-definition	no	-
spell_values_type34	2	script-definition	no	-
spell_values_type35	1	script-definition	no	-
spell_values_type36	1	script-definition	no	-
spell_values_type38	1	script-definition	no	-
spell_values_type39	1	script-definition	no	-
spell_values_type40	1	script-definition	no	-
spell_values_type41	1	script-definition	no	-
spell_values_type42	1	script-definition	no	-
spell_values_type44	1	script-definition	no	-
spell_values_type45	1	script-definition	no	-
spell_values_type46	2	script-definition	no	-
spell_values_type47	2	script-definition	no	-
spell_values_type48	1	script-definition	no	-
spell_values_type49	1	script-definition	no	-
spell_values_type50	1	script-definition	no	-
spell_values_type51	1	script-definition	no	-
spell_values_type52	1	script-definition	no	-
spell_values_type53	1	script-definition	no	-
spell_values_type55	3	script-definition	no	-
spell_values_type56	1	script-definition	no	-
spell_values_type57	2	script-definition	no	-
spell_values_type58	3	script-definition	no	-
spell_values_type59	1	script-definition	no	-
spell_values_type60	1	script-definition	no	-
spell_values_type61	7	script-definition	no	-
spell_values_type63	2	script-definition	no	-
spell_values_type64	1	script-definition	no	-
spell_values_type65	1	script-definition	no	-
spell_var	36	script-definition	no	-
spell_var0	48	script-definition	no	-
spell_var1	75	script-definition	no	-
spell_var2	4	script-definition	no	-
spellbufflevel?	2	script-definition	no	-
spellcondition?	120	script-definition	no	-
spelldef_id	335	script-definition	no	-
spelldefdict	40	script-definition	no	-
spelldict	850	script-definition	no	-
spellhelpid	2	script-definition	no	-
spellhelpid_strings	2	script-definition	no	-
spellhelpprocs	5	script-definition	no	-
spellhelpstrings	5	script-definition	no	-
spellhit	79	native-host-call	yes	0x004f2970
spellp_bg	2	heuristic-false-positive	no	-
spellp_container_flag	2	script-definition	no	-
spellp_spot_flag	2	heuristic-false-positive	no	-
spellrequest	5	native-host-call	yes	0x004ef540
spells_buffer	4	script-definition	no	-
spells_button	2	heuristic-false-positive	no	-
spells_for_dead	3	script-definition	no	-
spells_known_edit	1	heuristic-false-positive	no	-
spells_known_str	2	script-definition	no	-
spells_known_val	1	script-definition	no	-
spells_ratios_get_play	2	script-definition	no	-
spells_spoils	8	script-definition	no	-
spells_spoils_list	1	script-definition	no	-
spells_str_box	2	heuristic-false-positive	no	-
spells_to_go	20	script-definition	no	-
spells_under_128	1	script-definition	no	-
spellsfaith_box	2	heuristic-false-positive	no	-
spellsfaith_item	4	script-definition	no	-
spelsel_dialog	11	script-definition	no	-
spelsel_dict	5	script-definition	no	-
spend_text1	26	script-definition	no	-
spend_text2	20	script-definition	no	-
spend_text3	8	script-definition	no	-
spid	2	script-definition	no	-
spider_web	3	script-definition	no	-
spirit_melee_bv	2	script-definition	no	-
spirit_missile_bv	2	script-definition	no	-
spitweb	5	native-host-call	yes	0x00409e20
spl_id	2	script-definition	no	-
spl_log_str	1	script-definition	no	-
splashdlg	1	script-definition	no	-
splendor	1	heuristic-false-positive	no	-
splitownership	6	native-host-call	yes	0x00424a40
spoils	231	script-definition	no	-
spoils_string_box	4	script-definition	no	-
spoils_text_array	6	script-definition	no	-
spot_id	335	script-definition	no	-
spot_index	3	script-definition	no	-
spot_num	4	script-definition	no	-
spot_on_boat	10	script-definition	no	-
spots	6	script-definition	no	-
spr	26	script-definition	no	-
spr_level	1	heuristic-false-positive	no	-
spr_lvl	1	heuristic-false-positive	no	-
spr_unit	28	script-definition	no	-
spray	2	heuristic-false-positive	no	-
spread_infection?	2	script-definition	no	-
sprite	4	script-definition	no	0x0051bc30
sprite-id	4	script-definition	no	-
sprite_counter	6	script-definition	no	-
sprite_dbf	1	script-definition	no	-
sprite_description	7	script-definition	no	-
sprite_faith	3	heuristic-false-positive	no	-
sprite_graphic	4	script-definition	no	-
sprite_id	457	script-definition	no	-
sprite_is_mine?	8	heuristic-false-positive	no	-
sprite_progress_lbms	4	script-definition	no	-
sprite_sbf	1	heuristic-false-positive	no	-
sprite_tbf	1	heuristic-false-positive	no	-
sprite_type	10	script-definition	no	-
spriteasxref	12	script-definition	no	-
spriteaxref	12	script-definition	no	-
spritebbxref	69	script-definition	no	-
spritebdxref	12	script-definition	no	-
spritebsxref	21	script-definition	no	-
spritebxref	33	script-definition	no	-
spriteedit_button	3	heuristic-false-positive	no	-
spriteedit_imp	1	heuristic-false-positive	no	-
spriteedit_player	1	heuristic-false-positive	no	-
spriteid	1	script-definition	no	-
spriteprocarray	3	heuristic-false-positive	no	-
sprites_button	1	heuristic-false-positive	no	-
spritestack	42	script-definition	no	-
spritetype	2	native-host-call	yes	0x0047bb50
spy_army_dialog	42	script-definition	no	-
spy_army_id	100	script-definition	no	-
spy_boxes	3	script-definition	no	-
spy_champ	1	script-definition	no	-
spy_change_proc	3	script-definition	no	-
spy_container1	1	heuristic-false-positive	no	-
spy_container2	1	heuristic-false-positive	no	-
spy_container3	1	heuristic-false-positive	no	-
spy_dlg_x	1	script-definition	no	-
spy_dlg_y	1	script-definition	no	-
spy_equation	12	script-definition	no	-
spy_escape_button	4	script-definition	no	-
spy_exit_button	2	script-definition	no	-
spy_exit_button_text	4	script-definition	no	-
spy_experience_boxes	5	script-definition	no	-
spy_experience_proc	1	script-definition	no	-
spy_health_boxes	1	script-definition	no	-
spy_health_proc	1	script-definition	no	-
spy_panel_doodad	2	script-definition	no	-
spy_player	1	script-definition	no	-
spy_result	16	script-definition	no	-
spy_selector	45	script-definition	no	-
spy_skies_page	1	script-definition	no	-
spy_skies_page_doodad	1	script-definition	no	-
spy_spot_on_boat	7	script-definition	no	-
spy_stone_page	2	script-definition	no	-
spy_unit0_exp_bar	1	heuristic-false-positive	no	-
spy_unit0_health_bar	1	heuristic-false-positive	no	-
spy_unit10_exp_bar	1	heuristic-false-positive	no	-
spy_unit10_health_bar	1	heuristic-false-positive	no	-
spy_unit11_exp_bar	1	heuristic-false-positive	no	-
spy_unit11_health_bar	1	heuristic-false-positive	no	-
spy_unit12_exp_bar	1	heuristic-false-positive	no	-
spy_unit12_health_bar	1	heuristic-false-positive	no	-
spy_unit13_exp_bar	1	heuristic-false-positive	no	-
spy_unit13_health_bar	1	heuristic-false-positive	no	-
spy_unit14_exp_bar	1	heuristic-false-positive	no	-
spy_unit14_health_bar	1	heuristic-false-positive	no	-
spy_unit15_exp_bar	1	heuristic-false-positive	no	-
spy_unit1_exp_bar	1	heuristic-false-positive	no	-
spy_unit1_health_bar	1	heuristic-false-positive	no	-
spy_unit2_exp_bar	1	heuristic-false-positive	no	-
spy_unit2_health_bar	1	heuristic-false-positive	no	-
spy_unit3_exp_bar	1	heuristic-false-positive	no	-
spy_unit3_health_bar	1	heuristic-false-positive	no	-
spy_unit4_exp_bar	1	heuristic-false-positive	no	-
spy_unit4_health_bar	1	heuristic-false-positive	no	-
spy_unit5_exp_bar	1	heuristic-false-positive	no	-
spy_unit5_health_bar	1	heuristic-false-positive	no	-
spy_unit6_exp_bar	1	heuristic-false-positive	no	-
spy_unit6_health_bar	1	heuristic-false-positive	no	-
spy_unit7_exp_bar	1	heuristic-false-positive	no	-
spy_unit7_health_bar	1	heuristic-false-positive	no	-
spy_unit8_exp_bar	1	heuristic-false-positive	no	-
spy_unit8_health_bar	1	heuristic-false-positive	no	-
spy_unit9_exp_bar	1	heuristic-false-positive	no	-
spy_unit9_health_bar	1	heuristic-false-positive	no	-
spy_unit_graphic	1	script-definition	no	-
spy_unit_index	99	script-definition	no	-
spy_unit_spot_id	1	script-definition	no	-
sqrt	2	language-primitive	yes	0x004cc0a0
srand	2	native-host-call	yes	0x004cbfd0
srcx	10	script-definition	no	-
srcxstring	2	script-definition	no	-
srcy	10	script-definition	no	-
srcystring	2	script-definition	no	-
ssprite_dbf	5	script-definition	no	-
ssprite_imp	2	heuristic-false-positive	no	-
ssprite_player	2	heuristic-false-positive	no	-
ssprite_sbf	3	heuristic-false-positive	no	-
ssprite_tbf	3	heuristic-false-positive	no	-
st	12	script-definition	no	-
st_bv	2	heuristic-false-positive	no	-
stack	187	script-definition	no	-
stack_found	1	script-definition	no	-
stackdump	4	script-definition	no	-
stackindex	9	script-definition	no	-
staff_cloud	2	script-definition	no	-
staff_drowning	5	script-definition	no	-
staff_electron	4	script-definition	no	-
staff_enlightenment	8	script-definition	no	-
staff_flameshaft	2	script-definition	no	-
staff_golden	2	script-definition	no	-
staff_gorgon	5	script-definition	no	-
staff_healthbringer	2	script-definition	no	-
staff_incineration	4	script-definition	no	-
staff_light	4	script-definition	no	-
staff_lightbringer	6	script-definition	no	-
staff_peacemaker	2	script-definition	no	-
staff_shadow	2	script-definition	no	-
staff_turmoil	6	script-definition	no	-
staff_unholy	6	script-definition	no	-
staff_water	2	script-definition	no	-
stage_mod_art	3	heuristic-false-positive	no	-
stage_mod_spell	3	heuristic-false-positive	no	-
stage_mod_unit	5	heuristic-false-positive	no	-
stage_table	3	script-definition	no	-
standard_barter_value	47	script-definition	no	-
standard_font	12	script-definition	no	-
standard_font_10	699	script-definition	no	-
standard_font_10_blue	15	heuristic-false-positive	no	-
standard_font_15	382	script-definition	no	-
standard_level_procedure	1	script-definition	no	-
standard_unit_strength	13	heuristic-false-positive	no	-
start	1	script-definition	no	-
start_army_index	23	script-definition	no	-
start_artifact	20	script-definition	no	-
start_artifacts	16	script-definition	no	-
start_browsing	1	script-definition	no	-
start_dialog	19	script-definition	no	-
start_loc	103	script-definition	no	-
start_magic_proc	2	script-definition	no	-
start_magic_proc_army_id	8	script-definition	no	-
start_merc_invasion	1	heuristic-false-positive	no	-
start_progress_meter	4	heuristic-false-positive	no	-
start_quest_index	17	script-definition	no	-
start_scenario_group	24	script-definition	no	-
start_spell	28	script-definition	no	-
start_turn	2	script-definition	no	-
startarmy	25	script-definition	no	-
startbartersession	3	native-host-call	yes	0x00432960
startbuildingcombat	1	heuristic-false-positive	no	-
startcombat	14	native-host-call	yes	0x004602d0
startgame	5	native-host-call	yes	0x004c8f20
starting_ale	1	script-definition	no	-
starting_ale_edit	1	heuristic-false-positive	no	-
starting_ale_str	2	script-definition	no	-
starting_ale_val	1	script-definition	no	-
starting_barter_points	12	script-definition	no	-
starting_condition_database	12	script-definition	no	-
starting_crystals	1	script-definition	no	-
starting_crystals_edit	1	heuristic-false-positive	no	-
starting_crystals_str	2	script-definition	no	-
starting_crystals_val	1	script-definition	no	-
starting_exp	2	script-definition	no	-
starting_fame	1	script-definition	no	-
starting_gold	1	script-definition	no	-
starting_gold_edit	1	heuristic-false-positive	no	-
starting_gold_str	2	script-definition	no	-
starting_gold_val	1	script-definition	no	-
startlocation	47	script-definition	no	-
startmagicproc	2	native-host-call	yes	0x004e3220
startmenudialog	19	script-definition	no	-
startmovingstealthily	2	native-host-call	yes	0x004c2e50
startnetgame	8	native-host-call	yes	0x004b4840
startordermode	17	native-host-call	yes	0x00405a50
startstrength	2	script-definition	no	-
startthf_page	2	script-definition	no	-
startturn	2	script-definition	no	-
startwar_page	2	script-definition	no	-
startwiz_page	2	script-definition	no	-
stat_army	26	heuristic-false-positive	no	-
state	3	script-definition	no	-
state_1	42	script-definition	no	-
state_2	42	script-definition	no	-
state_3	42	script-definition	no	-
state_4	42	script-definition	no	-
state_5	42	script-definition	no	-
statement_buffer	10	script-definition	no	-
statement_buffer2	6	script-definition	no	-
stats	1	script-definition	no	-
stats10_item	3	script-definition	no	-
stats1_item	4	script-definition	no	-
stats2_item	4	script-definition	no	-
stats3_item	4	script-definition	no	-
stats4_item	4	script-definition	no	-
stats5_item	4	script-definition	no	-
stats6_item	4	script-definition	no	-
stats7_item	4	script-definition	no	-
stats8_item	4	script-definition	no	-
stats9_item	4	script-definition	no	-
statue	6	heuristic-false-positive	no	-
statue1	9	heuristic-false-positive	no	-
statue2	7	heuristic-false-positive	no	-
statue3	7	heuristic-false-positive	no	-
statue4	7	heuristic-false-positive	no	-
statue5	8	heuristic-false-positive	no	-
statue8	6	heuristic-false-positive	no	-
statue9	6	heuristic-false-positive	no	-
statue_delta	8	script-definition	no	-
statue_win	8	script-definition	no	-
status	1	script-definition	no	-
stayputatloc	4	native-host-call	yes	0x00465eb0
stcapacity	5	script-definition	no	-
steal_artifact_spot	7	script-definition	no	-
steal_button	4	script-definition	no	-
steal_button_text	4	script-definition	no	-
steal_dialog	108	script-definition	no	-
steal_equation	11	script-definition	no	-
steal_exit_button	4	script-definition	no	-
steal_exit_button_text	4	script-definition	no	-
steal_info	4	script-definition	no	-
steal_items	32	script-definition	no	-
steal_panel_doodad	4	script-definition	no	-
steal_result	16	script-definition	no	-
steal_stone_page	2	script-definition	no	-
steal_value	37	script-definition	no	-
stealingfeedbackproc	2	native-host-call	yes	0x005087a0
stealth	3	native-host-call	yes	0x00467c40
stealth_ratio	13	script-definition	no	-
stealth_value	4	script-definition	no	-
steam_amount	6	script-definition	no	-
stfhlyblt	1	script-definition	no	-
sthold_box_pos	2	script-definition	no	-
sthold_box_wh	2	script-definition	no	-
sthold_pos	2	script-definition	no	-
stick	2	heuristic-false-positive	no	-
still_kicking?	2	script-definition	no	-
sting	2	heuristic-false-positive	no	-
stk	9	script-definition	no	-
stone	3	heuristic-false-positive	no	-
stone_energy	1	script-definition	no	-
stone_hands	15	script-definition	no	-
stone_luck	5	script-definition	no	-
stone_meek	2	script-definition	no	-
stone_might	2	script-definition	no	-
stone_page	14	script-definition	no	-
stone_skin	17	script-definition	no	-
stone_touch	5	script-definition	no	-
stonebuttonframe	25	script-definition	no	-
stonehorizontalline	4	script-definition	no	-
stoneoutline	88	script-definition	no	-
stonepanel	57	script-definition	no	-
stop_brains	1	script-definition	no	-
stop_value	1	script-definition	no	-
stopallsoundfx	62	native-host-call	yes	0x0047a720
stopambientloop	20	native-host-call	yes	0x0047ac20
stoparmy	28	native-host-call	yes	0x0041e850
stopmovingstealthily	24	native-host-call	yes	0x004c2f20
stopmusic	3	native-host-call	yes	0x004b3d90
stopsoundfx	2	native-host-call	yes	0x0047a4d0
stopspeech	3	native-host-call	yes	0x004b4440
stopvideo	32	native-host-call	yes	0x005316c0
stormgianttextindex	1	script-definition	no	-
story_color	4	script-definition	no	-
story_colorize?	2	script-definition	no	-
story_counter	6	script-definition	no	-
story_dialog_text	1	script-definition	no	-
story_dlg	458	script-definition	no	-
story_dlg_backdrop	25	script-definition	no	-
story_dlg_dict	79	script-definition	no	-
story_dlg_esc_proc	5	script-definition	no	-
story_dlg_page	25	script-definition	no	-
story_dlg_return_proc	5	script-definition	no	-
story_dlg_text_main	4	script-definition	no	-
story_dlg_text_submain	3	script-definition	no	-
storydict	971	script-definition	no	-
str	37	script-definition	no	-
str_box	2	heuristic-false-positive	no	-
str_mod	1	script-definition	no	-
str_rat	3	heuristic-false-positive	no	-
str_ratio	1	script-definition	no	-
str_stack	4	script-definition	no	-
str_str	12	script-definition	no	-
str_text	2	heuristic-false-positive	no	-
strategic_alliance	1	script-definition	no	-
strcat	1569	native-host-call	yes	0x004cc2a0
strcmp	237	native-host-call	yes	0x004cc430
strcpy	1862	native-host-call	yes	0x004cc140
strdup	6	script-definition	no	-
strength	6	script-definition	no	-
strength_cost	18	script-definition	no	-
strength_death	13	script-definition	no	-
strength_fire	12	script-definition	no	-
strength_mod	5	script-definition	no	-
strength_name	4	script-definition	no	-
strength_needed	1	script-definition	no	-
strength_number	2	heuristic-false-positive	no	-
strength_potion_str1	3	script-definition	no	-
strength_potion_str2	3	script-definition	no	-
strength_ratio_factor	5	script-definition	no	-
strength_text_box	5	heuristic-false-positive	no	-
strength_val	2	script-definition	no	-
strength_value	2	script-definition	no	-
strengthincrement	2	script-definition	no	-
strengthstring1	3	script-definition	no	-
string	1974	language-primitive	yes	0x004ca7d0
string1	3	script-definition	no	-
string2	3	script-definition	no	-
string_count	10	script-definition	no	-
string_id	40	script-definition	no	-
stringarray_init	2	script-definition	no	-
strongeststrength	4	script-definition	no	-
strongestunit	4	script-definition	no	-
stronghold	41	script-definition	no	-
stronghold_box	2	heuristic-false-positive	no	-
stronghold_capacity	10	script-definition	no	-
stronghold_init	50	script-definition	no	-
stronghold_inits	2	script-definition	no	-
stronghold_item	4	script-definition	no	-
stronghold_off_doodad	3	heuristic-false-positive	no	-
stronghold_on_doodad	2	heuristic-false-positive	no	-
stronghold_or_strongholds	1	heuristic-false-positive	no	-
stronghold_price	4	script-definition	no	-
stronghold_purchase_price	20	script-definition	no	-
stronghold_purchase_price2	2	script-definition	no	-
stronghold_text	2	script-definition	no	-
stronghold_text_init	6	script-definition	no	-
strongholdlevel	10	script-definition	no	-
structure_name	1	heuristic-false-positive	no	-
stun_ref	2	heuristic-false-positive	no	-
stun_spell	18	script-definition	no	-
stunned	4	script-definition	no	-
sub	7384	language-primitive	yes	0x004cab10
sub_mps	2	script-definition	no	-
subdue_dict	4	script-definition	no	-
subdue_equation	3	script-definition	no	-
subdue_id	4	script-definition	no	-
subdue_proc	2	script-definition	no	-
suicidecheck	4	script-definition	no	-
summon_army	31	script-definition	no	-
summon_creature_air	14	script-definition	no	-
summon_creature_chaos	23	script-definition	no	-
summon_creature_earth	19	script-definition	no	-
summon_creature_fire	13	script-definition	no	-
summon_creature_life	13	script-definition	no	-
summon_creature_order	18	script-definition	no	-
summon_creature_water	13	script-definition	no	-
summoning_spells	2	script-definition	no	-
superduper	1	heuristic-false-positive	no	-
suppressnetworkmessages	4	native-host-call	yes	0x0048cf50
supreme?	2	script-definition	no	-
surrender	2	native-host-call	yes	0x00467e40
surrender_count	1	script-definition	no	-
survival_value	91	script-definition	no	-
swamp1	1	script-definition	no	-
swamp10	1	script-definition	no	-
swamp11	1	script-definition	no	-
swamp12	1	script-definition	no	-
swamp13	1	script-definition	no	-
swamp14	1	script-definition	no	-
swamp15	1	script-definition	no	-
swamp2	1	script-definition	no	-
swamp3	1	script-definition	no	-
swamp4	1	script-definition	no	-
swamp5	1	script-definition	no	-
swamp6	1	script-definition	no	-
swamp7	1	script-definition	no	-
swamp8	1	script-definition	no	-
swamp9	1	script-definition	no	-
swamp_button	1	heuristic-false-positive	no	-
swamploop	1	script-definition	no	-
swatch_dood_array	9	script-definition	no	-
swatch_highlight_dood	3	heuristic-false-positive	no	-
swatch_index	9	script-definition	no	-
swatch_page	6	heuristic-false-positive	no	-
swatchhelpprocarray	3	script-definition	no	-
swatchprocarray	3	script-definition	no	-
swblit_str	8	script-definition	no	-
swear_fealty?	8	script-definition	no	-
swear_fealty_resource_percent	5	script-definition	no	-
swear_fealty_spell_table	5	script-definition	no	-
swear_fealty_spells	5	script-definition	no	-
swear_fealty_unit_percent	5	script-definition	no	-
swiftness	15	script-definition	no	-
switchcommanders	2	native-host-call	yes	0x00423cb0
switchunits	2	native-host-call	yes	0x00423b10
sword9_wav	1	heuristic-false-positive	no	-
sword_burning	3	script-definition	no	-
sword_crusader	9	script-definition	no	-
sword_dark	2	script-definition	no	-
sword_enlightenment	1	script-definition	no	-
sword_flames	6	script-definition	no	-
sword_ice	2	script-definition	no	-
sword_quality	3	script-definition	no	-
sword_soulstealer	5	script-definition	no	-
sword_spectral	1	script-definition	no	-
sword_thunder	4	script-definition	no	-
sword_wave	5	script-definition	no	-
sword_windbreaker	2	script-definition	no	-
sx	6	script-definition	no	-
sy	6	script-definition	no	-
symbol20	1	script-definition	no	-
sysdlg	54	script-definition	no	-
systemdict	544	native-host-call	yes	0x004c9c10
systemmode	4	native-host-call	yes	0x004da3c0
sz	1	script-definition	no	-
t	66	script-definition	no	-
t1	8	script-definition	no	-
t2	6	script-definition	no	-
t_a	13	script-definition	no	-
t_page	4	script-definition	no	-
t_rat	3	script-definition	no	-
ta	19	script-definition	no	-
tab	317	script-definition	no	-
table	2	script-definition	no	-
targ	9	script-definition	no	-
targ_boats	7	script-definition	no	-
targ_guild	2	script-definition	no	-
targ_num	3	script-definition	no	-
targ_player	1	script-definition	no	-
targ_reachable	1	script-definition	no	-
targ_stack	17	script-definition	no	-
target	241	script-definition	no	-
target_a	9	script-definition	no	-
target_action	11	script-definition	no	-
target_already_modified	2	heuristic-false-positive	no	-
target_already_modified?	148	script-definition	no	-
target_armor	18	script-definition	no	-
target_army	8	script-definition	no	-
target_army_id	40	script-definition	no	-
target_army_location	17	script-definition	no	-
target_army_size	2	script-definition	no	-
target_attack	1	script-definition	no	-
target_aura	11	script-definition	no	-
target_aura_channel	13	script-definition	no	-
target_aura_hotspot	11	script-definition	no	-
target_code	35	script-definition	no	-
target_dexterity	1	script-definition	no	-
target_faith	493	script-definition	no	-
target_health	10	script-definition	no	-
target_hit_points	100	script-definition	no	-
target_id	367	script-definition	no	-
target_ids	156	script-definition	no	-
target_level	141	script-definition	no	-
target_loc	11	script-definition	no	-
target_location	2	heuristic-false-positive	yes	-
target_luck	1	script-definition	no	-
target_lvl	48	script-definition	no	-
target_mana_points	10	script-definition	no	-
target_max_health	19	script-definition	no	-
target_max_hit_points	169	script-definition	no	-
target_max_mana_points	2	script-definition	no	-
target_melee_resistance	2	script-definition	no	-
target_missile_range	2	script-definition	no	-
target_missile_resistance	2	script-definition	no	-
target_name	11	script-definition	no	-
target_num_id	2	script-definition	no	-
target_owner	4	script-definition	no	-
target_palette_effect	4	script-definition	no	-
target_palette_effect_percent	2	script-definition	no	-
target_pct_health	6	script-definition	no	-
target_percent_health	10	script-definition	no	-
target_player	3	script-definition	no	-
target_radius	150	script-definition	no	-
target_ranged_attack	3	script-definition	no	-
target_sight	3	script-definition	no	-
target_stack	6	script-definition	no	-
target_stealthed?	4	script-definition	no	-
target_strength	7	script-definition	no	-
target_terrain_type	1	script-definition	no	-
target_to_destroy	24	script-definition	no	-
target_type	3	script-definition	no	-
target_unit_num	11	script-definition	no	-
target_unittype	4	script-definition	no	-
target_wisdom	4	script-definition	no	-
targeting_procedure	18	script-definition	no	-
targetplayer	3	script-definition	no	-
targettype	5	script-definition	no	-
tarmy	25	script-definition	no	-
task_procs	2	script-definition	no	-
tavern	11	script-definition	no	-
tavern_ale	2	script-definition	no	-
tavern_box	2	heuristic-false-positive	no	-
tavern_box_pos	2	script-definition	no	-
tavern_box_wh	2	script-definition	no	-
tavern_down_fn	2	script-definition	no	-
tavern_init	14	script-definition	no	-
tavern_pop_pos	2	script-definition	no	-
tavern_pos	2	script-definition	no	-
tavern_text_ale	8	script-definition	no	-
tavern_text_init	6	script-definition	no	-
tavern_up_fn	2	script-definition	no	-
tcopydoodad	8	native-host-call	yes	0x004dcb20
team_points_a	9	script-definition	no	-
team_points_d	9	script-definition	no	-
teleport	1	script-definition	no	-
teleport_artifact_air	8	script-definition	no	-
teleport_artifact_chaos	8	script-definition	no	-
teleport_artifact_death	7	script-definition	no	-
teleport_artifact_earth	7	script-definition	no	-
teleport_artifact_fire	7	script-definition	no	-
teleport_artifact_life	7	script-definition	no	-
teleport_artifact_order	7	script-definition	no	-
teleport_artifact_water	8	script-definition	no	-
teleport_to_land?	2	script-definition	no	-
teleportarmy	12	native-host-call	yes	0x00423710
teleportunits	1	native-host-call	yes	0x00424810
telport_to_temple	21	script-definition	no	-
temp	2165	script-definition	no	-
temp1	222	script-definition	no	-
temp1_string	1	script-definition	no	-
temp2	179	script-definition	no	-
temp2_string	3	script-definition	no	-
temp3	19	script-definition	no	-
temp4	9	script-definition	no	-
temp_alarm_id	1	heuristic-false-positive	no	-
temp_ambient	2	script-definition	no	-
temp_amount	15	script-definition	no	-
temp_arm	3	heuristic-false-positive	no	-
temp_army	7	script-definition	no	-
temp_army_id	135	script-definition	no	-
temp_array	1	script-definition	no	-
temp_art	7	script-definition	no	-
temp_artifact	26	script-definition	no	-
temp_artifact_array	2	heuristic-false-positive	no	-
temp_artifact_log	4	script-definition	no	-
temp_atk	3	heuristic-false-positive	no	-
temp_att	12	script-definition	no	-
temp_bh	74	script-definition	no	-
temp_bottom	8	heuristic-false-positive	no	-
temp_bottom_last	4	heuristic-false-positive	no	-
temp_box_h	12	script-definition	no	-
temp_bt	3	script-definition	no	-
temp_buffer	7	script-definition	no	-
temp_bw	88	script-definition	no	-
temp_combat_log	4	script-definition	no	-
temp_cost_army_id	12	script-definition	no	-
temp_count	77	script-definition	no	-
temp_damage	1	script-definition	no	-
temp_dd	2	script-definition	no	-
temp_dialog	56	script-definition	no	-
temp_dn_doodad	6	heuristic-false-positive	no	-
temp_dn_page	11	script-definition	no	-
temp_dn_xywh	12	heuristic-false-positive	no	-
temp_dungeon_id	13	script-definition	no	-
temp_eoturnbuttonpage	1	script-definition	no	-
temp_exp	4	heuristic-false-positive	no	-
temp_extra	1	script-definition	no	-
temp_faith	32	script-definition	no	-
temp_faith_index	9	script-definition	no	-
temp_faith_stack	19	script-definition	no	-
temp_flag	1	script-definition	no	-
temp_font	2	script-definition	no	-
temp_font_characters	18	script-definition	no	-
temp_for_cvs	2	script-definition	no	-
temp_h	86	script-definition	no	-
temp_id	274	script-definition	no	-
temp_ih	40	heuristic-false-positive	no	-
temp_ih_last	4	heuristic-false-positive	no	-
temp_index	23	script-definition	no	-
temp_iw	46	heuristic-false-positive	no	-
temp_iw_last	4	heuristic-false-positive	no	-
temp_last	14	script-definition	no	-
temp_leader	3	heuristic-false-positive	no	-
temp_left	8	heuristic-false-positive	no	-
temp_left_last	4	heuristic-false-positive	no	-
temp_level	20	script-definition	no	-
temp_ll	8	heuristic-false-positive	no	-
temp_lr	8	heuristic-false-positive	no	-
temp_lvl	3	script-definition	no	-
temp_max_level	2	script-definition	no	-
temp_mh	4	heuristic-false-positive	no	-
temp_middle	4	heuristic-false-positive	no	-
temp_mod	2	script-definition	no	-
temp_music	1	script-definition	no	-
temp_mw	10	heuristic-false-positive	no	-
temp_new_htpts	8	heuristic-false-positive	no	-
temp_new_mana	8	heuristic-false-positive	no	-
temp_num	4	script-definition	no	-
temp_old_htpts	8	heuristic-false-positive	no	-
temp_old_mana	8	heuristic-false-positive	no	-
temp_ox	30	script-definition	no	-
temp_oy	30	script-definition	no	-
temp_p0armor	4	script-definition	no	-
temp_p0attack	6	script-definition	no	-
temp_p0attrec	3	script-definition	no	-
temp_p0frames	6	script-definition	no	-
temp_p0rattack	6	script-definition	no	-
temp_p1armor	23	script-definition	no	-
temp_p1attack	18	script-definition	no	-
temp_p1attrec	1	script-definition	no	-
temp_p1meleer	2	script-definition	no	-
temp_p1mrange	1	script-definition	no	-
temp_p1ranger	5	script-definition	no	-
temp_p1rattack	15	script-definition	no	-
temp_page	56	script-definition	no	-
temp_pal	2	script-definition	no	-
temp_phase	1	script-definition	no	-
temp_player_data	12	script-definition	no	-
temp_potion	22	script-definition	no	-
temp_potion_str	21	script-definition	no	-
temp_prod_type	2	script-definition	no	-
temp_rating	6	script-definition	no	-
temp_ratk	3	heuristic-false-positive	no	-
temp_relate	3	script-definition	no	-
temp_right	8	heuristic-false-positive	no	-
temp_right_last	4	heuristic-false-positive	no	-
temp_scroll	2	script-definition	no	-
temp_scroll_combat	2	script-definition	no	-
temp_scroll_world	2	script-definition	no	-
temp_sh	4	script-definition	no	-
temp_soundfx	1	script-definition	no	-
temp_source	42	script-definition	no	-
temp_speech	1	script-definition	no	-
temp_spell	3	script-definition	no	-
temp_spell_id	4	script-definition	no	-
temp_spell_log	1	script-definition	no	-
temp_stack	10	script-definition	no	-
temp_str	24	script-definition	no	-
temp_string	133	script-definition	no	-
temp_sw	4	script-definition	no	-
temp_sx	42	script-definition	no	-
temp_sy	42	script-definition	no	-
temp_tex	2	script-definition	no	-
temp_text	90	script-definition	no	-
temp_text_box1	2	script-definition	no	-
temp_text_box2	2	script-definition	no	-
temp_text_crystal	8	script-definition	no	-
temp_thief_log	4	script-definition	no	-
temp_top	8	heuristic-false-positive	no	-
temp_top_last	4	heuristic-false-positive	no	-
temp_turn_graphic_array	1	script-definition	no	-
temp_type	2	script-definition	no	-
temp_ul	8	heuristic-false-positive	no	-
temp_unique_artifact	1	script-definition	no	-
temp_unit	4	script-definition	no	-
temp_up_doodad	6	heuristic-false-positive	no	-
temp_up_page	11	script-definition	no	-
temp_up_xywh	12	heuristic-false-positive	no	-
temp_ur	8	heuristic-false-positive	no	-
temp_ut	14	script-definition	no	-
temp_val	2	script-definition	no	-
temp_var0	102	script-definition	no	-
temp_var1	25	script-definition	no	-
temp_var2	66	script-definition	no	-
temp_var3	1	script-definition	no	-
temp_var_1	2	heuristic-false-positive	no	-
temp_village_name	1	script-definition	no	-
temp_vulnerability	1	heuristic-false-positive	no	-
temp_w	94	script-definition	no	-
temp_x	12	script-definition	no	-
temp_x1	2	script-definition	no	-
temp_x2	2	script-definition	no	-
temp_x3	3	heuristic-false-positive	no	-
temp_xywh	22	heuristic-false-positive	no	-
temp_y	24	script-definition	no	-
temp_y1	2	script-definition	no	-
temp_y2	2	script-definition	no	-
temp_y3	3	heuristic-false-positive	no	-
temparmy	65	script-definition	no	-
temparmylocation	12	script-definition	no	-
temparmystrength	21	script-definition	no	-
tempbox	2	heuristic-false-positive	no	-
tempbuffsfound?	4	script-definition	no	-
tempbutton	2	heuristic-false-positive	no	-
tempcity	26	script-definition	no	-
tempcurrentunittype	17	heuristic-false-positive	no	-
tempdialog	30	script-definition	no	-
tempdlg	5	script-definition	no	-
tempdood	4	heuristic-false-positive	no	-
tempdoodad	2	script-definition	no	-
tempdungeondata	3	script-definition	no	-
tempf	2	heuristic-false-positive	no	-
tempfaith	3	script-definition	no	-
tempfaitharray	1	heuristic-false-positive	no	-
tempheight	8	script-definition	no	-
templ	1	heuristic-false-positive	no	-
temple	31	script-definition	no	-
temple_artifacts?	8	script-definition	no	-
temple_box	2	heuristic-false-positive	no	-
temple_box_pos	2	script-definition	no	-
temple_box_wh	2	script-definition	no	-
temple_crystal	2	script-definition	no	-
temple_delta	10	script-definition	no	-
temple_dict	11	script-definition	no	-
temple_discover_message	147	script-definition	no	-
temple_done?	3	heuristic-false-positive	no	-
temple_down_fn	2	script-definition	no	-
temple_encounter	9	script-definition	no	-
temple_guard?	2	script-definition	no	-
temple_id	96	script-definition	no	-
temple_imp	2	script-definition	no	-
temple_imp_filename	2	heuristic-false-positive	no	-
temple_imp_player	2	script-definition	no	-
temple_init	14	script-definition	no	-
temple_item	2	script-definition	no	-
temple_loc	18	script-definition	no	-
temple_pop_pos	2	script-definition	no	-
temple_pos	2	script-definition	no	-
temple_setup	148	script-definition	no	-
temple_text_init	6	script-definition	no	-
temple_up_fn	2	script-definition	no	-
temple_win	8	script-definition	no	-
templecanbuildspecialbuilding?	4	script-definition	no	-
templecanbuildthistype	4	native-host-call	yes	0x00510560
templegetcity	12	native-host-call	yes	0x00510780
templehasthisbuildingtype?	7	script-definition	no	-
templehasthisbuildingtypelevel	3	script-definition	no	-
temporary_modifications	2	script-definition	no	-
temppage	71	script-definition	no	-
temppage2	17	script-definition	no	-
temppan_dlg	5	script-definition	no	-
tempplayer	1	script-definition	no	-
tempsprite	14	script-definition	no	-
tempspritedistance	4	script-definition	no	-
tempstack	24	script-definition	no	-
tempstr	3	script-definition	no	-
tempstrengthvalue	4	script-definition	no	-
tempstring	1	script-definition	no	-
tempstringarray	26	script-definition	no	-
tempswatchindex	15	script-definition	no	-
tempunitindex	20	script-definition	no	-
tempval	78	heuristic-false-positive	no	-
tempvar	1	script-definition	no	-
tempw	2	heuristic-false-positive	no	-
tempwidth	7	script-definition	no	-
tempx	47	script-definition	no	-
tempx2	2	script-definition	no	-
tempy	54	script-definition	no	-
tempy2	2	script-definition	no	-
terr_sprite	80	script-definition	no	-
terr_type	2	heuristic-false-positive	no	-
terraform?	3	script-definition	no	-
terraform_type	69	script-definition	no	-
terrain_air	9	script-definition	no	-
terrain_chaos	9	script-definition	no	-
terrain_dbf	5	script-definition	no	-
terrain_death	9	script-definition	no	-
terrain_earth	9	script-definition	no	-
terrain_fire	9	script-definition	no	-
terrain_life	9	script-definition	no	-
terrain_location	19	script-definition	no	-
terrain_name_get	16	script-definition	no	-
terrain_opposite_get	15	script-definition	no	-
terrain_order	11	script-definition	no	-
terrain_sbf	3	heuristic-false-positive	no	-
terrain_selected	6	script-definition	no	-
terrain_special	1	script-definition	no	-
terrain_sprite_for_dialog	105	script-definition	no	-
terrain_tbf	3	heuristic-false-positive	no	-
terrain_type	18	script-definition	no	-
terrain_water	8	script-definition	no	-
terrainspritearray	2	script-definition	no	-
terrainspriteat	16	native-host-call	yes	0x00484720
terrainsprites	523	script-definition	no	-
terraintype	2	script-definition	no	-
terraintypearray	8	script-definition	no	-
terrainx	16	script-definition	no	-
terrainy	16	script-definition	no	-
terredit_button	3	heuristic-false-positive	no	-
terrsprite	56	script-definition	no	-
test_trade_ratio	6	heuristic-false-positive	no	-
text	18	script-definition	no	-
text0_affecting_spells	3	script-definition	no	-
text0_agility	3	script-definition	no	-
text0_attack_recovery	3	script-definition	no	-
text0_attacked	4	script-definition	no	-
text0_average_resistance	3	script-definition	no	-
text0_barter_value	2	script-definition	no	-
text0_combat_speed	3	script-definition	no	-
text0_curhitpts	7	script-definition	no	-
text0_curmana	3	script-definition	no	-
text0_curmovepts	3	script-definition	no	-
text0_defense	3	script-definition	no	-
text0_dexterity_mod	3	script-definition	no	-
text0_exp_pts	3	script-definition	no	-
text0_health_recover	3	script-definition	no	-
text0_hit_recovery	3	script-definition	no	-
text0_hitpts	4	script-definition	no	-
text0_luck	3	script-definition	no	-
text0_mana	4	script-definition	no	-
text0_melee_resistance	5	script-definition	no	-
text0_missile_resistance	5	script-definition	no	-
text0_movepts	6	script-definition	no	-
text0_ranged	3	script-definition	no	-
text0_ranged_strength	3	script-definition	no	-
text0_recover_health	2	script-definition	no	-
text0_recover_health_inside	2	script-definition	no	-
text0_recover_health_moved	2	script-definition	no	-
text0_resist_air	4	script-definition	no	-
text0_resist_chaos	4	script-definition	no	-
text0_resist_death	4	script-definition	no	-
text0_resist_earth	4	script-definition	no	-
text0_resist_fire	4	script-definition	no	-
text0_resist_life	4	script-definition	no	-
text0_resist_order	4	script-definition	no	-
text0_resist_water	4	script-definition	no	-
text0_sight_radius	3	script-definition	no	-
text0_stealth	3	script-definition	no	-
text0_strength	3	script-definition	no	-
text0_strength_mod	3	script-definition	no	-
text0_wisdom	3	script-definition	no	-
text0_wisdom_mod	3	script-definition	no	-
text1	25	heuristic-false-positive	no	-
text1_affecting_spells	3	script-definition	no	-
text1_agility	5	script-definition	no	-
text1_attack_recovery	5	script-definition	no	-
text1_attacked	5	script-definition	no	-
text1_average_resistance	5	script-definition	no	-
text1_barter_value	3	script-definition	no	-
text1_combat_speed	5	script-definition	no	-
text1_curhitpts	9	script-definition	no	-
text1_curmana	6	script-definition	no	-
text1_curmovepts	4	script-definition	no	-
text1_defense	5	script-definition	no	-
text1_dexterity_mod	4	script-definition	no	-
text1_exp_pts	4	script-definition	no	-
text1_h	2	script-definition	no	-
text1_health_recover	5	script-definition	no	-
text1_hit_recovery	5	script-definition	no	-
text1_hitpts	8	script-definition	no	-
text1_luck	5	script-definition	no	-
text1_mana	8	script-definition	no	-
text1_melee_resistance	7	script-definition	no	-
text1_missile_resistance	7	script-definition	no	-
text1_movepts	14	script-definition	no	-
text1_ranged	5	script-definition	no	-
text1_ranged_strength	5	script-definition	no	-
text1_recover_health	2	script-definition	no	-
text1_recover_health_inside	2	script-definition	no	-
text1_recover_health_moved	2	script-definition	no	-
text1_resist_air	8	script-definition	no	-
text1_resist_chaos	8	script-definition	no	-
text1_resist_death	8	script-definition	no	-
text1_resist_earth	8	script-definition	no	-
text1_resist_fire	8	script-definition	no	-
text1_resist_life	8	script-definition	no	-
text1_resist_order	8	script-definition	no	-
text1_resist_water	8	script-definition	no	-
text1_sight_radius	5	script-definition	no	-
text1_stealth	5	script-definition	no	-
text1_strength	5	script-definition	no	-
text1_strength_mod	4	script-definition	no	-
text1_w	2	script-definition	no	-
text1_wisdom	5	script-definition	no	-
text1_wisdom_mod	4	script-definition	no	-
text1_x	2	script-definition	no	-
text1_y	2	script-definition	no	-
text2	24	heuristic-false-positive	no	-
text2_affecting_spells	3	script-definition	no	-
text2_agility	3	script-definition	no	-
text2_attack_recovery	3	script-definition	no	-
text2_attacked	3	script-definition	no	-
text2_average_resistance	3	script-definition	no	-
text2_barter_value	2	script-definition	no	-
text2_combat_speed	3	script-definition	no	-
text2_curhitpts	7	script-definition	no	-
text2_curmana	3	script-definition	no	-
text2_curmovepts	3	script-definition	no	-
text2_defense	3	script-definition	no	-
text2_dexterity_mod	3	script-definition	no	-
text2_exp_pts	3	script-definition	no	-
text2_h	2	script-definition	no	-
text2_health_recover	3	script-definition	no	-
text2_hit_recovery	3	script-definition	no	-
text2_hitpts	4	script-definition	no	-
text2_luck	3	script-definition	no	-
text2_mana	4	script-definition	no	-
text2_melee_resistance	5	script-definition	no	-
text2_missile_resistance	5	script-definition	no	-
text2_movepts	6	script-definition	no	-
text2_ranged	3	script-definition	no	-
text2_ranged_strength	3	script-definition	no	-
text2_recover_health	2	script-definition	no	-
text2_recover_health_inside	2	script-definition	no	-
text2_recover_health_moved	2	script-definition	no	-
text2_resist_air	4	script-definition	no	-
text2_resist_chaos	4	script-definition	no	-
text2_resist_death	4	script-definition	no	-
text2_resist_earth	4	script-definition	no	-
text2_resist_fire	4	script-definition	no	-
text2_resist_life	4	script-definition	no	-
text2_resist_order	4	script-definition	no	-
text2_resist_water	4	script-definition	no	-
text2_sight_radius	3	script-definition	no	-
text2_stealth	3	script-definition	no	-
text2_strength	3	script-definition	no	-
text2_strength_mod	3	script-definition	no	-
text2_w	2	script-definition	no	-
text2_wisdom	3	script-definition	no	-
text2_wisdom_mod	3	script-definition	no	-
text2_x	2	script-definition	no	-
text2_y	2	script-definition	no	-
text3	1	heuristic-false-positive	no	-
text_box	5	script-definition	no	-
text_box_bottom	6	script-definition	no	-
text_box_main	29	script-definition	no	-
text_box_submain	9	script-definition	no	-
text_box_top	13	script-definition	no	-
text_color	16	script-definition	no	-
text_coords	1	script-definition	no	-
text_creature_type	21	script-definition	no	-
text_crystals	8	script-definition	no	-
text_food	8	script-definition	no	-
text_golds	8	script-definition	no	-
text_h	4	script-definition	no	-
text_item	24	script-definition	no	-
text_mod_counter	44	script-definition	no	-
text_steal_crystals	6	script-definition	no	-
text_steal_food	6	script-definition	no	-
text_steal_golds	6	script-definition	no	-
text_total	51	script-definition	no	-
text_w	184	script-definition	no	-
text_x	7	script-definition	no	-
text_x_main	224	script-definition	no	-
text_x_submain	3	script-definition	no	-
text_x_top	2	script-definition	no	-
text_y	7	script-definition	no	-
text_y_main	4	script-definition	no	-
text_y_submain	3	script-definition	no	-
text_y_top	2	script-definition	no	-
textboxwidth	3	script-definition	no	-
textdict	428	script-definition	no	-
textentrydoodad	1	heuristic-false-positive	no	-
textforokbutton	3	script-definition	no	-
texts_affecting_spells	3	script-definition	no	-
texts_name	3	script-definition	no	-
tgil	10	script-definition	no	-
that_panel	2	script-definition	no	-
that_player	15	script-definition	no	-
their_army	7	script-definition	no	-
their_unit	2	script-definition	no	-
theives_guild_village?	1	heuristic-false-positive	no	-
thf_codes	1	script-definition	no	-
thf_log_str	4	script-definition	no	-
thick_sbf	24	heuristic-false-positive	no	-
thick_tbf	24	heuristic-false-positive	no	-
thief_action	8	script-definition	no	-
thief_armies_desired	2	script-definition	no	-
thief_army	248	script-definition	no	-
thief_backdrop	2	heuristic-false-positive	no	-
thief_callback_done	12	script-definition	no	-
thief_count	1	script-definition	no	-
thief_dexterity	7	script-definition	no	-
thief_dialog	60	script-definition	no	-
thief_dict	14	script-definition	no	-
thief_dlg_dict	261	script-definition	no	-
thief_dlg_text	26	script-definition	no	-
thief_dlg_text2	8	script-definition	no	-
thief_dlg_textedit	8	script-definition	no	-
thief_dlg_textedit2	6	script-definition	no	-
thief_exit_button	2	script-definition	no	-
thief_exit_button_text	3	script-definition	no	-
thief_feedback_message	2	script-definition	no	-
thief_fight_button	2	script-definition	no	-
thief_fight_button_text	3	script-definition	no	-
thief_free_button	2	script-definition	no	-
thief_free_button_text	3	script-definition	no	-
thief_goingto_combat	19	script-definition	no	-
thief_health	8	script-definition	no	-
thief_id	231	script-definition	no	-
thief_level	15	script-definition	no	-
thief_log_on?	110	script-definition	no	-
thief_luck	7	script-definition	no	-
thief_lvl	52	script-definition	no	-
thief_max_health	15	script-definition	no	-
thief_num	41	script-definition	no	-
thief_panel_doodad	6	script-definition	no	-
thief_parley_button	2	script-definition	no	-
thief_parley_button_text	3	script-definition	no	-
thief_proc	13	script-definition	no	-
thief_resource_dict	58	script-definition	no	-
thief_sight	1	script-definition	no	-
thief_sprite_owner	44	script-definition	no	-
thief_spy_button	2	script-definition	no	-
thief_spy_button_text	3	script-definition	no	-
thief_steal_button	3	script-definition	no	-
thief_steal_button_text	3	script-definition	no	-
thief_stealth	3	script-definition	no	-
thief_stone_page	6	script-definition	no	-
thief_strength	3	script-definition	no	-
thief_type_check	3	script-definition	no	-
thief_unit	1	script-definition	no	-
thief_wisdom	1	script-definition	no	-
thiefnotificationeproc	2	native-host-call	yes	0x004e2d50
thiefproc	2	native-host-call	yes	0x004e2c70
thiefresolveproc	2	native-host-call	yes	0x004e2ce0
thieftextindex	1	script-definition	no	-
thin_sbf	22	heuristic-false-positive	no	-
thin_tbf	22	heuristic-false-positive	no	-
third_party_dies_dlg	8	script-definition	no	-
this_ai_status	3	script-definition	no	-
this_army	73	script-definition	no	-
this_army_id	3	script-definition	no	-
this_army_is_leader	3	script-definition	no	-
this_army_num	20	script-definition	no	-
this_army_slot	3	script-definition	no	-
this_army_stack	2	script-definition	no	-
this_artifact	13	script-definition	no	-
this_artifact_stack	2	script-definition	no	-
this_artlist	5	script-definition	no	-
this_boat	9	script-definition	no	-
this_box	8	script-definition	no	-
this_building	13	script-definition	no	-
this_category_button_list	2	script-definition	no	-
this_champ	4	script-definition	no	-
this_city	1	script-definition	no	-
this_container_id	3	script-definition	no	-
this_dict	4	script-definition	no	-
this_dip_level	3	script-definition	no	-
this_dist	2	heuristic-false-positive	no	-
this_dlg	537	script-definition	no	-
this_dlg_background	16	script-definition	no	-
this_dlg_page	15	script-definition	no	-
this_dungeon_dict	12	script-definition	no	-
this_font	1	script-definition	no	-
this_home_id	2	script-definition	no	-
this_home_loc	2	script-definition	no	-
this_index	6	script-definition	no	-
this_level	10	script-definition	no	-
this_level_box	2	heuristic-false-positive	no	-
this_level_item	4	script-definition	no	-
this_level_str	21	script-definition	no	-
this_level_text	9	heuristic-false-positive	no	-
this_local_arg	1	script-definition	no	-
this_lvl	1	script-definition	no	-
this_name	7	script-definition	no	-
this_num	3	script-definition	no	-
this_one	12	script-definition	no	-
this_order	16	script-definition	no	-
this_panel	2	script-definition	no	-
this_panel_dlg	32	script-definition	no	-
this_play_num	6	script-definition	no	-
this_player	80	script-definition	no	-
this_proc_id	3	script-definition	no	-
this_procid	4	script-definition	no	-
this_property_stack	4	script-definition	no	-
this_range	10	script-definition	no	-
this_remote_arg	2	script-definition	no	-
this_scen	4	script-definition	no	-
this_spell	3	script-definition	no	-
this_spot_num	2	script-definition	no	-
this_sprite	69	script-definition	no	-
this_sprite_type	6	script-definition	no	-
this_stack	3	script-definition	no	-
this_str	8	script-definition	no	-
this_temple	6	script-definition	no	-
this_terrain	3	script-definition	no	-
this_times_spied	5	script-definition	no	-
this_type	11	script-definition	no	-
this_type_val	2	script-definition	no	-
this_unit	15	script-definition	no	-
this_unit_num	44	script-definition	no	-
this_unit_stack	2	script-definition	no	-
this_ut	1	script-definition	no	-
thiscomputer	30	native-host-call	yes	0x004b8ab0
threat_rating	2	script-definition	no	-
threat_str	5	script-definition	no	-
threats_calculated_by_player	1	script-definition	no	-
threats_calculated_on_turn	1	script-definition	no	-
throw_knife1_wav	1	heuristic-false-positive	no	-
tickalarm	141	native-host-call	yes	0x0040b850
tile_dd	23	heuristic-false-positive	no	-
tile_dd2	4	heuristic-false-positive	no	-
tile_number	6	script-definition	no	-
tile_types	10	script-definition	no	-
tiledistance?	1	script-definition	no	-
tilepage	38	script-definition	no	-
tilepage2	7	script-definition	no	-
tiles	164	script-definition	no	-
tiles_button	1	heuristic-false-positive	no	-
tiles_dbf	1	script-definition	no	-
tiles_sbf	1	heuristic-false-positive	no	-
tiles_tbf	1	heuristic-false-positive	no	-
tileselector	3	heuristic-false-positive	no	-
tileset	2	script-definition	no	-
tileset_list	2	script-definition	no	-
tilesetname	6	script-definition	no	-
tilesets	1	script-definition	no	-
time	8	script-definition	no	-
time_counter	22	script-definition	no	-
time_effect	2	script-definition	no	-
time_limit_strs	1	script-definition	no	-
timeout	2	script-definition	no	-
times	8	script-definition	no	-
tin_armor	5	script-definition	no	-
tiny_sbf	2	script-definition	no	-
tiny_tbf	1	script-definition	no	-
tip_buffer	564	script-definition	no	-
tip_event_dlg_dict	5	script-definition	no	-
title_box	2	script-definition	no	-
title_edit	2	script-definition	no	-
title_editbox	8	heuristic-false-positive	no	-
title_text	22	script-definition	no	-
title_text_box	7	script-definition	no	-
tm_array1	1	script-definition	no	-
tm_array2	1	script-definition	no	-
tm_array3	1	script-definition	no	-
tnumunits	15	script-definition	no	-
to_a	2	script-definition	no	-
to_art_spot_id	105	script-definition	no	-
to_go	1	script-definition	no	-
to_id	28	script-definition	no	-
to_id2	14	script-definition	no	-
to_id3	20	script-definition	no	-
to_loc	12	script-definition	no	-
to_rem	3	script-definition	no	-
to_spot_id	49	script-definition	no	-
to_temple_id	3	script-definition	no	-
toggle_proc	2	script-definition	no	-
togglehelpcheck	23	native-host-call	yes	0x00487090
togglescrollmusic	19	native-host-call	yes	0x004b41e0
token_insane	1	script-definition	no	-
tone	18	script-definition	no	-
tone_balloonhelp	12	script-definition	no	-
tone_button_list	4	script-definition	no	-
tone_display_enabled?	2	script-definition	no	-
tone_help	12	script-definition	no	-
tone_index	7	script-definition	no	-
tone_indicator_dd	2	heuristic-false-positive	no	-
tone_indicator_item_num	2	heuristic-false-positive	no	-
tone_indicator_xy	4	script-definition	no	-
tone_initial_offer_dict	1	script-definition	no	-
tone_list	3	script-definition	no	-
tone_name	14	script-definition	no	-
tone_response_dict	1	script-definition	no	-
tone_select	12	script-definition	no	-
tone_stacks	3	script-definition	no	-
tone_supply_stack	5	heuristic-false-positive	no	-
tone_table	24	script-definition	no	-
tone_x	6	script-definition	no	-
tone_x_offset	1	script-definition	no	-
tone_y	6	script-definition	no	-
tones	2	script-definition	no	-
tooltip	1	native-host-call	yes	0x00474000
tooltip_quick	1	native-host-call	yes	0x00473c80
tooltiptranson	1	native-host-call	yes	0x004747b0
top_barter_sbf	1	heuristic-false-positive	no	-
top_barter_tbf	1	heuristic-false-positive	no	-
top_level	8	script-definition	no	-
topdialog	3	native-host-call	yes	0x0048fd70
torture_equation	12	script-definition	no	-
torture_result	8	script-definition	no	-
tortureprisonerproc	2	native-host-call	yes	0x004e2b90
tortureprisoners	4	native-host-call	yes	0x004c3700
tot_followers_editbox	1	heuristic-false-positive	no	-
tot_followers_item	1	script-definition	no	-
tot_followers_str	2	script-definition	no	-
tot_parties_editbox	1	heuristic-false-positive	no	-
tot_parties_item	1	script-definition	no	-
tot_parties_str	2	script-definition	no	-
tot_units_editbox	1	heuristic-false-positive	no	-
tot_units_item	1	script-definition	no	-
tot_units_str	2	script-definition	no	-
total	13	script-definition	no	-
total_actual_dead_attacker_points	2	script-definition	no	-
total_actual_dead_defender_points	2	script-definition	no	-
total_armies	11	script-definition	no	-
total_army_factor_a	4	script-definition	no	-
total_army_factor_d	4	script-definition	no	-
total_army_level_p0	2	script-definition	no	-
total_army_level_p1	2	script-definition	no	-
total_army_value	8	script-definition	no	-
total_artifact_know	6	script-definition	no	-
total_artifacts	5	script-definition	no	-
total_attack_value_p0	2	script-definition	no	-
total_attack_value_p1	2	script-definition	no	-
total_barter_value	4	script-definition	no	-
total_cities	4	script-definition	no	-
total_combat_units	1	script-definition	no	-
total_combat_value	6	script-definition	no	-
total_cost_text_box	10	heuristic-false-positive	no	-
total_current_health	2	script-definition	no	-
total_damage	18	script-definition	no	-
total_dead_attacker_points	6	script-definition	no	-
total_dead_attacker_value	10	script-definition	no	-
total_dead_defender_points	6	script-definition	no	-
total_dead_defender_value	10	script-definition	no	-
total_defense_value_p0	2	script-definition	no	-
total_defense_value_p1	2	script-definition	no	-
total_dismissed_units	1	script-definition	no	-
total_enemy_str	1	script-definition	no	-
total_fame_loss	1	heuristic-false-positive	no	-
total_files	1	script-definition	no	-
total_goods	4	heuristic-false-positive	no	-
total_hitpoints_p0	6	script-definition	no	-
total_hitpoints_p1	10	script-definition	no	-
total_keep_levels	3	script-definition	no	-
total_level_fired	3	script-definition	no	-
total_maximum_health	2	script-definition	no	-
total_melee	4	script-definition	no	-
total_player_units	4	script-definition	no	-
total_players	1	script-definition	no	-
total_potion_ale_str	3	script-definition	no	-
total_potion_crystals_str	3	script-definition	no	-
total_potion_gold_str	3	script-definition	no	-
total_quest_items	12	script-definition	no	-
total_ranged	4	script-definition	no	-
total_res_won	6	script-definition	no	-
total_res_won2	8	script-definition	no	-
total_share	3	script-definition	no	-
total_special	4	script-definition	no	-
total_spell_knowledge	4	script-definition	no	-
total_spells_know	8	script-definition	no	-
total_strongholds_levels	4	script-definition	no	-
total_trade_ale_str	9	script-definition	no	-
total_trade_crystals_str	9	script-definition	no	-
total_trade_fame_str	9	script-definition	no	-
total_trade_gold_str	9	script-definition	no	-
total_trade_initiates_str	9	script-definition	no	-
total_undead_hitpoints_p0	5	script-definition	no	-
total_undead_hitpoints_p1	5	script-definition	no	-
total_units	1	script-definition	no	-
total_unittypes	2	script-definition	no	-
total_user_initiates_expected	2	script-definition	no	-
total_value	30	script-definition	no	-
total_values	2	heuristic-false-positive	no	-
total_wield_artifacts	5	script-definition	no	-
total_wisdom	2	script-definition	no	-
totalbartervalue	7	heuristic-false-positive	no	-
totalunits_edit	1	script-definition	no	-
tower1	3	heuristic-false-positive	no	-
tower2	1	heuristic-false-positive	no	-
tower3	3	heuristic-false-positive	no	-
tower_win	8	script-definition	no	-
tp	1	script-definition	no	-
tph	1	script-definition	no	-
tpw	1	script-definition	no	-
tr	23	script-definition	no	-
trace	1	native-host-call	yes	0x004ccec0
trade1_down_fn	8	script-definition	no	-
trade1_up_fn	8	script-definition	no	-
trade2_down_fn	6	script-definition	no	-
trade2_up_fn	6	script-definition	no	-
trade3_down_fn	2	script-definition	no	-
trade3_up_fn	2	script-definition	no	-
tradeX1_down_fn	8	script-definition	no	-
tradeX1_up_fn	8	script-definition	no	-
tradeX2_down_fn	6	script-definition	no	-
tradeX2_up_fn	6	script-definition	no	-
trade_button	1	script-definition	no	-
trade_counts	50	script-definition	no	-
trade_descript_str	7	script-definition	no	-
trade_dialog_height	13	script-definition	no	-
trade_item_balloonhelp	4	script-definition	no	-
trade_item_display_enabled?	2	script-definition	no	-
trade_item_select	4	script-definition	no	-
trade_panel_doodad	2	script-definition	no	-
trade_ratio	2	script-definition	no	-
trade_stone_page	2	script-definition	no	-
train_amount	56	script-definition	no	-
train_buildings	1	script-definition	no	-
train_cost0	9	script-definition	no	-
train_cost1	9	script-definition	no	-
train_cost2	9	script-definition	no	-
train_cost3	9	script-definition	no	-
train_cost4	9	script-definition	no	-
train_fame_loss	6	script-definition	no	-
train_hire_multiple_getresourcesinfo	6	native-host-call	yes	0x00442880
train_researchers	1	script-definition	no	-
train_unit_info	3	script-definition	no	-
train_units_from_code_list	1	script-definition	no	-
train_upkeep0	7	script-definition	no	-
train_upkeep1	7	script-definition	no	-
train_upkeep2	6	script-definition	no	-
train_upkeep3	7	script-definition	no	-
train_upkeep4	7	script-definition	no	-
train_upkeep5	7	script-definition	no	-
train_upkeep6	7	script-definition	no	-
train_upkeep7	7	script-definition	no	-
train_upkeep8	7	script-definition	no	-
train_upkeeps	3	script-definition	no	-
training_level	9	script-definition	no	-
trainunit	8	native-host-call	yes	0x00443610
trainunitat	12	native-host-call	yes	0x00443780
trainunitat_if_affordable	1	heuristic-false-positive	no	-
trans_bf	11	heuristic-false-positive	no	-
trans_dn_doodad	1	heuristic-false-positive	no	-
trans_dn_xywh	1	heuristic-false-positive	no	-
trans_full_xywh	2	heuristic-false-positive	no	-
trans_page	16	script-definition	no	-
trans_up_doodad	1	heuristic-false-positive	no	-
trans_up_xywh	1	heuristic-false-positive	no	-
transbuttonframe	25	script-definition	no	-
transfer_units	2	script-definition	no	-
transferartifact	25	native-host-call	yes	0x0042b290
transferartifactandwield	8	native-host-call	yes	0x0042b4e0
transform_air	4	script-definition	no	-
transform_death	5	script-definition	no	-
transform_earth	5	script-definition	no	-
transform_fire	5	script-definition	no	-
transformtouniqueunit	5	native-host-call	yes	0x00427650
transition	2	script-definition	no	-
translucent	70	native-host-call	yes	0x0048ff40
transoutline	1	script-definition	no	-
transpanel	75	script-definition	no	-
transparent	48	native-host-call	yes	0x0048fe80
transparent_dialog	5	script-definition	no	-
tree1	12	heuristic-false-positive	no	-
tree2	10	heuristic-false-positive	no	-
tree3	10	heuristic-false-positive	no	-
tree4	4	heuristic-false-positive	no	-
tree5	2	heuristic-false-positive	no	-
tree6	2	heuristic-false-positive	no	-
tree7	2	heuristic-false-positive	no	-
tree_id	1523	script-definition	no	-
tree_id2	3	script-definition	no	-
tremor	8	script-definition	no	-
trick	6	script-definition	no	-
trllcave	3	heuristic-false-positive	no	-
trrv	12	script-definition	no	-
trrv_table	2	script-definition	no	-
true	3991	language-primitive	yes	0x004cb4e0
trust	1	script-definition	no	-
try_play	6	script-definition	no	-
ts	4	script-definition	no	-
ts_owner	1	script-definition	no	-
tspritedistance	6	script-definition	no	-
tt	27	script-definition	no	-
tt_array	1	script-definition	no	-
tt_desert	14	script-definition	no	-
tt_dirt	12	script-definition	no	-
tt_happy	10	script-definition	no	-
tt_ice	17	script-definition	no	-
tt_imp	20	script-definition	no	-
tt_impassable	45	script-definition	no	-
tt_impplayer	15	script-definition	no	-
tt_land	18	script-definition	no	-
tt_lava	29	script-definition	no	-
tt_meadow	6	script-definition	no	-
tt_mountain	29	script-definition	no	-
tt_plains	6	script-definition	no	-
tt_road	21	script-definition	no	-
tt_rough	3	script-definition	no	-
tt_snow	5	script-definition	no	-
tt_swamp	24	script-definition	no	-
tt_temp	16	script-definition	no	-
tt_water	73	script-definition	no	-
tth	3	script-definition	no	-
tunnel	3	script-definition	no	-
turn_doodad	5	heuristic-false-positive	no	-
turn_graphic_array	3	script-definition	no	-
turn_limit_edit	1	heuristic-false-positive	no	-
turn_limit_str	2	script-definition	no	-
turn_limit_val	1	script-definition	no	-
turn_mod	3	script-definition	no	-
turn_multiplier	4	script-definition	no	-
turn_text	8	script-definition	no	-
turn_to_ice	1	script-definition	no	-
turn_to_stone	20	script-definition	no	-
turn_undead	17	script-definition	no	-
turnai_phase	18	script-definition	no	-
turnaidict	49	script-definition	no	-
turnalarm	18	native-host-call	yes	0x0040c2b0
turnchangeproc	1	native-host-call	yes	0x004e3580
turns_between_arrival	1	script-definition	no	-
turns_edits	2	script-definition	no	-
turns_gain_knowledge	3	script-definition	no	-
turns_left	25	heuristic-false-positive	no	-
turns_out	1	script-definition	no	-
turns_strs	3	script-definition	no	-
turns_to_arrival	1	script-definition	no	-
turnstoheal	3	native-host-call	yes	0x0052a570
turnstring	4	script-definition	no	-
twidth	57	script-definition	no	-
tx	39	script-definition	no	-
txt	1	script-definition	no	-
ty	39	script-definition	no	-
type	30	script-definition	no	0x004cbee0
type1	1	script-definition	no	-
type2	1	script-definition	no	-
type_test	1	script-definition	no	-
typemagicdamage	22	script-definition	no	-
u	1489	script-definition	no	-
u1	18	script-definition	no	-
u2	33	script-definition	no	-
u2_code	1	heuristic-false-positive	no	-
u_percent	15	script-definition	no	-
u_stack	5	script-definition	no	-
ua	1	script-definition	no	-
ub	1	script-definition	no	-
uc	12	script-definition	no	-
ucnt	18	script-definition	no	-
uf	3	heuristic-false-positive	yes	-
ui	14	script-definition	no	-
ui2gp	5	native-host-call	yes	0x004e8910
uid	18	script-definition	no	-
uinfo_dict	2	script-definition	no	-
uinfo_doodad	1	heuristic-false-positive	no	-
uinfocontainerpage	2	script-definition	no	-
uinfopage	7	script-definition	no	-
un	55	script-definition	no	-
uncheck_bitmap	4	heuristic-false-positive	no	-
uncheck_dd	24	heuristic-false-positive	no	-
uncheck_mark	2	heuristic-false-positive	no	-
undead_melee_total_p0	2	script-definition	no	-
undead_melee_total_p1	2	script-definition	no	-
undead_missile_total_p0	2	script-definition	no	-
undead_missile_total_p1	2	script-definition	no	-
undef	128	language-primitive	yes	0x004ca340
unfilled_research_position_array	6	script-definition	no	-
uni_str	5	script-definition	no	-
uniax	2	heuristic-false-positive	no	-
unicorn_army	10	script-definition	no	-
unicorn_event	2	heuristic-false-positive	no	-
unicorn_offer	2	script-definition	no	-
unicorn_player	4	script-definition	no	-
unicorntextindex	1	script-definition	no	-
unique?	1	heuristic-false-positive	no	-
unique_artifact_spoils_dict	1	script-definition	no	-
unique_count?	3	script-definition	no	-
unique_id	38	script-definition	no	-
unit	11	script-definition	no	-
unit0_exp_bar	1	heuristic-false-positive	no	-
unit0_health_bar	1	heuristic-false-positive	no	-
unit0_name_string	6	script-definition	no	-
unit0_realname_string	5	script-definition	no	-
unit10_exp_bar	1	heuristic-false-positive	no	-
unit10_health_bar	1	heuristic-false-positive	no	-
unit11_exp_bar	1	heuristic-false-positive	no	-
unit11_health_bar	1	heuristic-false-positive	no	-
unit12_exp_bar	1	heuristic-false-positive	no	-
unit12_health_bar	1	heuristic-false-positive	no	-
unit13_exp_bar	1	heuristic-false-positive	no	-
unit13_health_bar	1	heuristic-false-positive	no	-
unit14_exp_bar	1	heuristic-false-positive	no	-
unit14_health_bar	1	heuristic-false-positive	no	-
unit15_exp_bar	1	heuristic-false-positive	no	-
unit1_edit	2	script-definition	no	-
unit1_exp_bar	1	heuristic-false-positive	no	-
unit1_health_bar	1	heuristic-false-positive	no	-
unit1_name_string	9	script-definition	no	-
unit1_realname_string	8	script-definition	no	-
unit1_text	4	script-definition	no	-
unit2_edit	4	script-definition	no	-
unit2_exp_bar	1	heuristic-false-positive	no	-
unit2_health_bar	1	heuristic-false-positive	no	-
unit2_name_string	6	script-definition	no	-
unit2_realname_string	5	script-definition	no	-
unit2_text	6	script-definition	no	-
unit3_exp_bar	1	heuristic-false-positive	no	-
unit3_health_bar	1	heuristic-false-positive	no	-
unit4_exp_bar	1	heuristic-false-positive	no	-
unit4_health_bar	1	heuristic-false-positive	no	-
unit5_exp_bar	1	heuristic-false-positive	no	-
unit5_health_bar	1	heuristic-false-positive	no	-
unit6_exp_bar	1	heuristic-false-positive	no	-
unit6_health_bar	1	heuristic-false-positive	no	-
unit7_exp_bar	1	heuristic-false-positive	no	-
unit7_health_bar	1	heuristic-false-positive	no	-
unit8_exp_bar	1	heuristic-false-positive	no	-
unit8_health_bar	1	heuristic-false-positive	no	-
unit9_exp_bar	1	heuristic-false-positive	no	-
unit9_health_bar	1	heuristic-false-positive	no	-
unit_a	20	script-definition	no	-
unit_array	8	script-definition	no	-
unit_bits	1	script-definition	no	-
unit_box	2	heuristic-false-positive	no	-
unit_buffer	27	script-definition	no	-
unit_call_number	3	script-definition	no	-
unit_canlevel?	2	script-definition	no	-
unit_class	17	script-definition	no	-
unit_code	40	script-definition	no	-
unit_code_strings	4	script-definition	no	-
unit_container_flag	2	script-definition	no	-
unit_cost	6	script-definition	no	-
unit_costs	3	script-definition	no	-
unit_count	291	script-definition	no	-
unit_counter	6	script-definition	no	-
unit_crop_id	2	script-definition	no	-
unit_crystal	2	script-definition	no	-
unit_crystal_exp_editbox	1	heuristic-false-positive	no	-
unit_crystal_exp_item	1	script-definition	no	-
unit_crystal_exp_str	2	script-definition	no	-
unit_current	6	script-definition	no	-
unit_d	20	script-definition	no	-
unit_damage_type	8	script-definition	no	-
unit_effect_edit	2	script-definition	no	-
unit_effect_text	10	script-definition	no	-
unit_exp	2	script-definition	no	-
unit_experience_proc	2	script-definition	no	-
unit_experiences	8	script-definition	no	-
unit_faith	18	heuristic-false-positive	no	-
unit_food	2	script-definition	no	-
unit_food_exp_editbox	1	heuristic-false-positive	no	-
unit_food_exp_item	1	script-definition	no	-
unit_food_exp_str	2	script-definition	no	-
unit_gold	2	script-definition	no	-
unit_gold_exp_editbox	1	heuristic-false-positive	no	-
unit_gold_exp_item	1	script-definition	no	-
unit_gold_exp_str	2	script-definition	no	-
unit_graphic	1	script-definition	no	-
unit_graphic_dlg	6	script-definition	no	-
unit_health_dd	1	heuristic-false-positive	no	-
unit_icon_source	20	script-definition	no	-
unit_id	7	script-definition	no	-
unit_ids	26	script-definition	no	-
unit_impp	10	script-definition	no	-
unit_index	650	script-definition	no	-
unit_index1	18	heuristic-false-positive	no	-
unit_index2	5	heuristic-false-positive	no	-
unit_level	8	script-definition	no	-
unit_level_ackground	3	heuristic-false-positive	no	-
unit_level_background	5	heuristic-false-positive	no	-
unit_level_bar	16	script-definition	no	-
unit_level_bar0	2	heuristic-false-positive	no	-
unit_level_bar1	1	heuristic-false-positive	no	-
unit_level_bar2	1	heuristic-false-positive	no	-
unit_level_bars	1	script-definition	no	-
unit_level_blue	6	script-definition	no	-
unit_level_dd	5	heuristic-false-positive	no	-
unit_level_green	6	script-definition	no	-
unit_level_item	2	script-definition	no	-
unit_level_penalty	2	script-definition	no	-
unit_level_table	1	script-definition	no	-
unit_level_text	9	heuristic-false-positive	no	-
unit_level_yellow	6	script-definition	no	-
unit_levels	8	script-definition	no	-
unit_list	2	script-definition	no	-
unit_loc	32	script-definition	no	-
unit_max_level?	8	script-definition	no	-
unit_name	6	script-definition	no	-
unit_name_editbox	1	heuristic-false-positive	no	-
unit_name_help	6	script-definition	no	-
unit_name_item	1	script-definition	no	-
unit_name_str	2	script-definition	no	-
unit_num	1245	script-definition	no	-
unit_portrait_name	13	script-definition	no	-
unit_portrait_page	11	script-definition	no	-
unit_portrait_page0	4	script-definition	no	-
unit_portrait_page1	4	script-definition	no	-
unit_portrait_page2	4	script-definition	no	-
unit_portrait_page3	4	script-definition	no	-
unit_portraitdoodad	3	script-definition	no	-
unit_resources	2	script-definition	no	-
unit_roster_backgound_page	3	script-definition	no	-
unit_roster_button	1	script-definition	no	-
unit_roster_button_dd	1	heuristic-false-positive	no	-
unit_roster_button_frame	1	heuristic-false-positive	no	-
unit_roster_button_in_dd	1	heuristic-false-positive	no	-
unit_roster_dict	22	script-definition	no	-
unit_roster_dlg	71	script-definition	no	-
unit_roster_doodad	5	script-definition	no	-
unit_roster_xywh	4	heuristic-false-positive	no	-
unit_spot	6	script-definition	no	-
unit_spot_flag	2	heuristic-false-positive	no	-
unit_text	3	script-definition	no	-
unit_text_edit	5	script-definition	no	-
unit_text_name	72	script-definition	no	-
unit_training_check?	2	script-definition	no	-
unit_type	60	script-definition	no	-
unit_type_flag	128	script-definition	no	-
unit_types	295	script-definition	no	-
unit_value	21	script-definition	no	-
unit_zoom_letter	17	script-definition	no	-
unitarrays	1	script-definition	no	-
unitbits2unitnum	2	native-host-call	yes	0x00425e00
unitcodegettype	101	native-host-call	yes	0x004447c0
unitdex	30	native-host-call	yes	0x005076f0
unitdict	4	script-definition	no	-
unitdictxref	1188	script-definition	no	-
unitexperience	1	script-definition	no	-
unitexperiencetable	1	script-definition	no	-
unithirecost	6	native-host-call	yes	0x00441d80
unithiremaintenance	6	native-host-call	yes	0x00442140
uniticonimp	9	native-host-call	yes	0x0049b880
unitindex2realarmy	10	native-host-call	yes	0x004e9b10
unitinfo_change_proc	1	script-definition	no	-
unitinfo_container	13	heuristic-false-positive	no	-
unitinfo_container_flag	1	heuristic-false-positive	no	-
unitinfo_dict	214	script-definition	no	-
unitinfo_spot_flag	7	heuristic-false-positive	no	-
unitinfo_staticon	101	script-definition	no	-
unitinfo_staticon5R3A	91	script-definition	no	-
unitinfopage	1	script-definition	no	-
unitinfopanel_0	4	script-definition	no	-
unitinfopanel_1	4	script-definition	no	-
unitinfopanel_2	4	script-definition	no	-
unitinfopanels	19	script-definition	no	-
unitname10_box	2	heuristic-false-positive	no	-
unitname10_item	4	script-definition	no	-
unitname11_box	6	heuristic-false-positive	no	-
unitname11_item	4	script-definition	no	-
unitname12_item	4	script-definition	no	-
unitname13_item	4	script-definition	no	-
unitname1_box	2	heuristic-false-positive	no	-
unitname1_item	4	script-definition	no	-
unitname2_box	2	heuristic-false-positive	no	-
unitname2_item	4	script-definition	no	-
unitname3_box	2	heuristic-false-positive	no	-
unitname3_item	4	script-definition	no	-
unitname4_box	2	heuristic-false-positive	no	-
unitname4_item	4	script-definition	no	-
unitname5_box	2	heuristic-false-positive	no	-
unitname5_item	4	script-definition	no	-
unitname6_box	2	heuristic-false-positive	no	-
unitname6_item	4	script-definition	no	-
unitname7_box	2	heuristic-false-positive	no	-
unitname7_item	4	script-definition	no	-
unitname8_box	2	heuristic-false-positive	no	-
unitname8_item	4	script-definition	no	-
unitname9_box	2	heuristic-false-positive	no	-
unitname9_item	4	script-definition	no	-
unitp_container_flag	2	script-definition	no	-
unitp_spot_flag	22	heuristic-false-positive	no	-
units	3	script-definition	no	-
units_button	2	heuristic-false-positive	no	-
units_edit	1	script-definition	no	-
units_str	3	script-definition	no	-
units_str_box	2	heuristic-false-positive	no	-
units_table	2	script-definition	no	-
units_text_item	1	script-definition	no	-
units_txt_editbox	1	heuristic-false-positive	no	-
units_with_leader	3	script-definition	no	-
unitsfaith_box	2	heuristic-false-positive	no	-
unitsfaith_buffer	4	script-definition	no	-
unitsfaith_item	4	script-definition	no	-
unitsnapshot	1	native-host-call	yes	0x004220f0
unitstackindex	2	script-definition	no	-
unitstrength	17	script-definition	no	-
unittraincost	15	native-host-call	yes	0x00441ba0
unittrainmaintenance	11	native-host-call	yes	0x00441f60
unittype	1	native-host-call	yes	0x00524b60
unittype_alpha_imp_filename	4	script-definition	no	-
unittype_canlevel?	19	script-definition	no	-
unittype_count	4	script-definition	no	-
unittype_getlevels	8	script-definition	no	-
unittype_imp_filename	162	script-definition	no	-
unittype_max_level?	5	script-definition	no	-
unittype_name	8	script-definition	no	-
unittypearray	1	script-definition	no	-
unittypedict	2310	script-definition	no	-
unittypes	1	script-definition	no	-
unittypestack	3	script-definition	no	-
unknowndarken	1	native-host-call	yes	0x004ab3b0
unloadboat	1	native-host-call	yes	0x00521130
unmodify	6	script-definition	no	-
unpauseallarmies	1	native-host-call	yes	0x00530520
unpolymorph	5	native-host-call	yes	0x00527b70
unseen_cutoff	3	script-definition	no	-
unselected_backdrop	2	heuristic-false-positive	no	-
unselectedunitcontainer	2	script-definition	no	-
unsettranslucency	1	native-host-call	yes	0x004982c0
unturn_undead	8	script-definition	no	-
unwieldartifact	130	native-host-call	yes	0x0042b8c0
unwspot	8	script-definition	no	-
up2_xywh	2	heuristic-false-positive	no	-
up_arrow	3	script-definition	no	-
up_arrow_button	4	script-definition	no	-
up_arrow_button01	2	script-definition	no	-
up_arrow_button02	2	script-definition	no	-
up_arrow_button03	2	script-definition	no	-
up_arrow_button04	2	script-definition	no	-
up_arrow_button05	2	script-definition	no	-
up_arrow_button06	2	script-definition	no	-
up_arrow_button07	2	script-definition	no	-
up_arrow_button08	2	script-definition	no	-
up_arrow_button09	2	script-definition	no	-
up_arrow_button10	1	script-definition	no	-
up_arrow_button11	1	script-definition	no	-
up_arrow_button12	1	script-definition	no	-
up_arrow_dbf	1	script-definition	no	-
up_arrow_dd	4	heuristic-false-positive	no	-
up_arrow_in_dbf	2	script-definition	no	-
up_arrow_in_dd	4	heuristic-false-positive	no	-
up_arrow_in_sbf	3	script-definition	no	-
up_arrow_in_tbf	2	script-definition	no	-
up_arrow_off_dood	4	script-definition	no	-
up_arrow_on_dood	4	heuristic-false-positive	no	-
up_arrow_sbf	3	script-definition	no	-
up_arrow_tbf	2	script-definition	no	-
up_bf	29	script-definition	no	-
up_boxwpanel	1	script-definition	no	-
up_button	6	script-definition	no	-
up_button_dd	2	script-definition	no	-
up_button_dd_in	2	script-definition	no	-
up_button_frame	5	script-definition	no	-
up_button_x	2	script-definition	no	-
up_button_y	2	script-definition	no	-
up_doodad	36	heuristic-false-positive	no	-
up_dynamicpanel	1	script-definition	no	-
up_stonepanel	3	script-definition	no	-
up_transpanel	3	script-definition	no	-
up_xywh	34	heuristic-false-positive	no	-
uparrow_b1	2	script-definition	no	-
uparrow_b2	2	script-definition	no	-
uparrow_b3	2	script-definition	no	-
uparrow_b4	2	script-definition	no	-
uparrow_button	10	script-definition	no	-
uparrow_button10	1	script-definition	no	-
uparrow_button11	1	script-definition	no	-
uparrow_button12	1	script-definition	no	-
uparrow_button2	8	script-definition	no	-
uparrow_button3	4	script-definition	no	-
uparrow_button4	2	script-definition	no	-
uparrow_button5	2	script-definition	no	-
uparrow_button6	1	script-definition	no	-
uparrow_button7	3	script-definition	no	-
uparrow_button8	9	script-definition	no	-
uparrow_button9	5	script-definition	no	-
uparrow_frame	46	heuristic-false-positive	no	-
upd_doodad	8	script-definition	no	-
upd_xywh	7	script-definition	no	-
update_ai_unit_experience	1	script-definition	no	-
update_army_roster	7	script-definition	no	-
update_artifacts	13	script-definition	no	-
update_artifacts_won	6	script-definition	no	-
update_barter_points	48	script-definition	no	-
update_buildings	2	script-definition	no	-
update_buttons	2	script-definition	no	-
update_chatbox	1	script-definition	no	-
update_check_mark	23	script-definition	no	-
update_checkbox	3	script-definition	no	-
update_city_buildings_values	2	script-definition	no	-
update_city_init_values	16	script-definition	no	-
update_city_inits_callback_done	14	script-definition	no	-
update_current_artifacts	2	script-definition	no	-
update_data	6	script-definition	no	-
update_data_magistrate	2	script-definition	no	-
update_data_market	2	script-definition	no	-
update_data_stronghold	2	script-definition	no	-
update_data_tavern	2	script-definition	no	-
update_data_temple	2	script-definition	no	-
update_dialogs_for_new_turn	8	script-definition	no	-
update_faith	8	script-definition	no	-
update_file_listings	1	heuristic-false-positive	no	-
update_for_dexterity	2	script-definition	no	-
update_for_health	2	script-definition	no	-
update_for_luck	2	script-definition	no	-
update_for_mana	2	script-definition	no	-
update_for_movement	2	script-definition	no	-
update_for_power	2	script-definition	no	-
update_for_resistance	2	script-definition	no	-
update_for_strength	2	script-definition	no	-
update_for_wisdom	2	script-definition	no	-
update_game_variables	2	heuristic-false-positive	no	-
update_greattemple	14	script-definition	no	-
update_intel_report_all_units	14	script-definition	no	-
update_intel_report_combat	1	script-definition	no	-
update_intel_report_units	4	script-definition	no	-
update_intel_thief	4	script-definition	no	-
update_intel_warrior	4	script-definition	no	-
update_intel_wizard	4	script-definition	no	-
update_level_bar	18	script-definition	no	-
update_lord_name	6	script-definition	no	-
update_options	2	heuristic-false-positive	no	-
update_panels	18	script-definition	no	-
update_players	4	script-definition	no	-
update_portrait	8	script-definition	no	-
update_potions	16	script-definition	no	-
update_progress_meter	9	heuristic-false-positive	no	-
update_purchase_units	4	script-definition	no	-
update_quest_dlg_vars	1	script-definition	no	-
update_quest_roster	4	script-definition	no	-
update_records_dlg	5	script-definition	no	-
update_resource_mode	18	script-definition	no	-
update_resources	10	script-definition	no	-
update_scenario_list	6	script-definition	no	-
update_spell_container	16	script-definition	no	-
update_spells_purchased	2	script-definition	no	-
update_static_text	2	script-definition	no	-
update_stats	33	script-definition	no	-
update_steal_info	6	script-definition	no	-
update_stronghold	12	script-definition	no	-
update_trade_info	62	script-definition	no	-
update_trades	26	script-definition	no	-
update_unit_container	6	script-definition	no	-
update_unit_info	22	script-definition	no	-
update_unit_type	8	script-definition	no	-
update_unitinfo_strings	1	script-definition	no	-
update_unitinfo_strings0	1	script-definition	no	-
update_unitinfo_strings1	1	script-definition	no	-
update_unitinfo_strings2	1	script-definition	no	-
update_unitspyinfo_string1	1	script-definition	no	-
update_unittypeinfo_string1	1	script-definition	no	-
update_upkeep	8	script-definition	no	-
updateactionbuttonpanel	17	heuristic-false-positive	no	-
updatearrows	3	script-definition	no	-
updateartifactreserve	2	script-definition	no	-
updatecitybuildings	1	script-definition	no	-
updatedialogstrings	10	script-definition	no	-
updateinteleffects	12	native-host-call	yes	0x004a0d80
updateitemdict	1	script-definition	no	-
updatescriptwindow	1	native-host-call	yes	0x004e3de0
updatespellsusedincombat	1	native-host-call	yes	0x004a1c70
updatespy_artifacts	1	script-definition	no	-
updateunitbargraphs	16	script-definition	no	-
upgrade_building	6	script-definition	no	-
upgrade_building_info	3	script-definition	no	-
upgrade_button	3	script-definition	no	-
upgrade_full_strongholds	1	script-definition	no	-
upgrade_now_button	2	heuristic-false-positive	no	-
upgradebuilding	7	native-host-call	yes	0x004400e0
upgradebuildingcost	5	native-host-call	yes	0x00443020
upkeep0_item	1	script-definition	no	-
upkeep2_item	2	script-definition	no	-
upkeep_box	7	heuristic-false-positive	no	-
upkeep_item	2	script-definition	no	-
upkeep_unit_info	8	script-definition	no	-
upl_doodad	5	script-definition	no	-
upl_xywh	5	heuristic-false-positive	no	-
upn_doodad	3	script-definition	no	-
upn_xywh	2	script-definition	no	-
upper	4	script-definition	no	-
upper_exp	2	script-definition	no	-
upper_limit	4	script-definition	no	-
use_artifact_healing_potion	2	script-definition	no	-
use_autocalc?	18	script-definition	no	-
use_potion	2	script-definition	no	-
used	5	script-definition	no	-
user_attack_life	22	script-definition	no	-
user_champion_type	19	script-definition	no	-
user_faith_type	38	script-definition	no	-
user_leader_unit_type	3	script-definition	no	-
user_player	4	script-definition	no	-
userdict	1404	script-definition	no	-
uses_wizard_mana	1	script-definition	no	-
usetransdlg?	618	script-definition	no	-
using_artifact_graphic	3	script-definition	no	-
ustack	8	script-definition	no	-
ut	341	script-definition	no	-
ut2	6	script-definition	no	-
ut_code	3	script-definition	no	-
ut_faith	4	script-definition	no	-
ut_stack	8	script-definition	no	-
utilitystring	138	script-definition	no	-
v	285	script-definition	no	-
v1	13	script-definition	no	-
v2	13	script-definition	no	-
val	85	script-definition	no	-
val1	17	script-definition	no	-
val2	15	script-definition	no	-
val_A	144	script-definition	no	-
val_B	130	script-definition	no	-
val_C	157	script-definition	no	-
val_D	125	script-definition	no	-
val_E	72	script-definition	no	-
val_F	27	script-definition	no	-
val_G	21	script-definition	no	-
val_H	14	script-definition	no	-
val_I	9	script-definition	no	-
val_J	2	script-definition	no	-
val_copy	4	script-definition	no	-
val_equation	18	script-definition	no	-
val_hp	3	script-definition	no	-
val_max_hp	2	heuristic-false-positive	no	-
val_string	12	script-definition	no	-
valid_artifact_stack	2	script-definition	no	-
valid_barter_participant?	2	script-definition	no	-
valid_barter_unit?	1	script-definition	no	-
valid_destination?	2	script-definition	no	-
valid_orders?	1	script-definition	no	-
valid_owners	3	script-definition	no	-
valid_tone?	1	script-definition	no	-
valid_unit	2	script-definition	no	-
validcurrentartifact?	92	native-host-call	yes	0x0042a3a0
value	30	script-definition	no	-
value_type	18	script-definition	no	-
values	22	script-definition	no	-
vampyric_attack	8	script-definition	no	-
var	3	script-definition	no	-
var_name	10	script-definition	no	-
venet14	12	script-definition	no	-
venet14r	6	script-definition	no	-
verify_cheat	2	script-definition	no	-
verify_healed	1	script-definition	no	-
verify_something_asked_for	5	script-definition	no	-
verify_something_offered	2	script-definition	no	-
verify_three_champions	1	script-definition	no	-
version_and_build	4	script-definition	no	-
version_string	3	script-definition	no	-
versions_are_different?	4	script-definition	no	-
viability	7	script-definition	no	-
viability_damage	3	script-definition	no	-
viability_of_spell	18	script-definition	no	-
victim_stack	8	script-definition	no	-
video_shutdown_callback	1	native-host-call	yes	0x004d7f50
vilg_array	2	script-definition	no	-
vilg_ttype	10	script-definition	no	-
village0_array	2	script-definition	no	-
village1_array	2	script-definition	no	-
village1_ttype	6	script-definition	no	-
village_codes_dict	2	script-definition	no	-
village_diplo_effect_raze	3	script-definition	no	-
village_name_box	1	heuristic-false-positive	no	-
villagesprites	2	script-definition	no	-
virtmem	1	script-definition	no	-
virtualrectcontentsize	2	script-definition	no	-
virtualrectdict	5	script-definition	no	-
virtualunitselectspeak	2	native-host-call	yes	0x0044df90
visage_of_horror	14	script-definition	no	-
visage_type	1	script-definition	no	-
visible_array	6	script-definition	no	-
visible_to_stack	4	script-definition	no	-
volunteer_amount	28	script-definition	no	-
volunteer_cost0	6	script-definition	no	-
volunteer_cost1	6	script-definition	no	-
volunteer_cost2	6	script-definition	no	-
volunteer_cost3	6	script-definition	no	-
volunteer_cost4	6	script-definition	no	-
volunteer_unit_info	2	script-definition	no	-
volunteer_upkeep0	4	script-definition	no	-
volunteer_upkeep1	4	script-definition	no	-
volunteer_upkeep2	4	script-definition	no	-
volunteer_upkeep3	4	script-definition	no	-
volunteer_upkeep4	4	script-definition	no	-
volunteer_upkeep5	4	script-definition	no	-
volunteer_upkeep6	4	script-definition	no	-
volunteer_upkeep7	4	script-definition	no	-
volunteer_upkeep8	4	script-definition	no	-
volunteer_upkeeps	2	script-definition	no	-
vortex	14	script-definition	no	-
vortex_aura	3	heuristic-false-positive	no	-
vortex_da	5	script-definition	no	-
vortex_dda	5	script-definition	no	-
vortex_turn_time	5	script-definition	no	-
vortex_type	1	heuristic-false-positive	no	-
vstep	36	script-definition	no	-
vulnerability_factor	75	script-definition	no	-
vv	116	script-definition	no	-
vyrm_die	9	script-definition	no	-
vyrm_id	6	script-definition	no	-
vyrm_spoil	3	script-definition	no	-
w	555	script-definition	no	-
w1atk	2	script-definition	no	-
w1atkack_1	1	script-definition	no	-
w1die	1	script-definition	no	-
w1mov	1	script-definition	no	-
w1movack_1	1	script-definition	no	-
w1rng	1	script-definition	no	-
w1selack_1	1	script-definition	no	-
w2atk	1	script-definition	no	-
w2atkack_1	1	script-definition	no	-
w2die	1	script-definition	no	-
w2mov	1	script-definition	no	-
w2movack_1	1	script-definition	no	-
w2selack_1	1	script-definition	no	-
w3atk	1	script-definition	no	-
w3atkack_1	1	script-definition	no	-
w3die	1	script-definition	no	-
w3mov	1	script-definition	no	-
w3movack_1	1	script-definition	no	-
w3rng	1	script-definition	no	-
w3selack_1	1	script-definition	no	-
w4atk	1	script-definition	no	-
w4atkack_1	1	script-definition	no	-
w4die	1	script-definition	no	-
w4mov	1	script-definition	no	-
w4movack_1	1	script-definition	no	-
w4selack_1	1	script-definition	no	-
w5atk	1	script-definition	no	-
w5atkack_1	2	script-definition	no	-
w5atkack_2	1	script-definition	no	-
w5die	1	script-definition	no	-
w5mov	1	script-definition	no	-
w5movack_1	2	script-definition	no	-
w5movack_2	1	script-definition	no	-
w5rng	1	script-definition	no	-
w5selack_1	2	script-definition	no	-
w5selack_2	1	script-definition	no	-
w_rally	2	script-definition	no	-
wa	36	script-definition	no	-
wabrk1	3	script-definition	no	-
wabrk2	6	script-definition	no	-
wabrk3	3	script-definition	no	-
wabrk4	3	script-definition	no	-
wacav	15	script-definition	no	-
wacave	8	script-definition	no	-
wacavm	1	heuristic-false-positive	no	-
wacr1	9	script-definition	no	-
wacr2	14	script-definition	no	-
wacr3	8	script-definition	no	-
wacr4	10	script-definition	no	-
wacr5	19	script-definition	no	-
wadung	1	script-definition	no	-
wafit	29	script-definition	no	-
wafitm	1	heuristic-false-positive	no	-
wainf	17	script-definition	no	-
wait_editbox	4	heuristic-false-positive	no	-
wait_text	10	script-definition	no	-
waiting_dialog	10	script-definition	no	-
wald1	19	script-definition	no	-
wald2	11	script-definition	no	-
waldf	24	script-definition	no	-
waldfm	1	heuristic-false-positive	no	-
waldt	29	script-definition	no	-
waldw	29	script-definition	no	-
walib1	3	script-definition	no	-
walib2	10	script-definition	no	-
wamag1	3	script-definition	no	-
wamag2	6	script-definition	no	-
wamag3	3	script-definition	no	-
wamag4	3	script-definition	no	-
wamgt1	5	script-definition	no	-
wamgt2	2	script-definition	no	-
wamgt3	2	script-definition	no	-
wamgt4	2	script-definition	no	-
wamina	4	script-definition	no	-
waminc	2	script-definition	no	-
waming	1	script-definition	no	-
wamis	16	script-definition	no	-
wamkt1	5	script-definition	no	-
wamkt2	2	script-definition	no	-
wamkt3	2	script-definition	no	-
wamkt4	2	script-definition	no	-
wamult	3	script-definition	no	-
wandering_monster_turnai_dict	1	script-definition	no	-
want	2	script-definition	no	-
want_help_panel?	30	heuristic-false-positive	no	-
want_next_unit_graphics_progress?	1	script-definition	no	-
warn_string	2	script-definition	no	-
warn_text	2	script-definition	no	-
warock	3	heuristic-false-positive	no	-
warrior_backdrop	2	heuristic-false-positive	no	-
warrior_dialog	12	script-definition	no	-
warrior_type_check	3	script-definition	no	-
wasbld	12	script-definition	no	-
wasblda	3	script-definition	no	-
wasbldn	3	script-definition	no	-
wasc1	11	script-definition	no	-
washp	8	script-definition	no	-
wastat	3	script-definition	no	-
watch_tower	9	script-definition	no	-
water1	1	script-definition	no	-
water2	1	script-definition	no	-
water3	1	script-definition	no	-
water4	1	script-definition	no	-
water5	1	script-definition	no	-
water_bits	3	script-definition	no	-
water_button	1	heuristic-false-positive	no	-
water_indicator_aura	1	script-definition	no	-
water_landscape	2	script-definition	no	-
water_loc	1	script-definition	no	-
water_pal	11	script-definition	no	-
water_sbld_button0	1	script-definition	no	-
water_sbld_button1	1	script-definition	no	-
water_sbld_button2	1	script-definition	no	-
water_sbld_button_frame	3	heuristic-false-positive	no	-
water_sbld_info_dd	1	heuristic-false-positive	no	-
water_sbld_info_in_dd	1	heuristic-false-positive	no	-
water_surnames	1	script-definition	no	-
waterloop	1	script-definition	no	-
waterspcr1	4	script-definition	no	-
watf1	19	script-definition	no	-
wathf	28	script-definition	no	-
wathg1	3	script-definition	no	-
wathg2	6	script-definition	no	-
wathg3	3	script-definition	no	-
wathg4	3	script-definition	no	-
watowe	1	script-definition	no	-
watower	2	heuristic-false-positive	no	-
watpl1	5	script-definition	no	-
watpl2	2	script-definition	no	-
watpl3	2	script-definition	no	-
watpl4	2	script-definition	no	-
watvn1	5	script-definition	no	-
watvn2	2	script-definition	no	-
watvn3	2	script-definition	no	-
watvn4	2	script-definition	no	-
wavil	3	heuristic-false-positive	no	-
wawiz	29	script-definition	no	-
wawm2	13	script-definition	no	-
waypointsattack	6	native-host-call	yes	0x00463930
wcatk	1	script-definition	no	-
wcatkack_1	2	script-definition	no	-
wcatkack_2	1	script-definition	no	-
wcdie	1	script-definition	no	-
wcmov	1	script-definition	no	-
wcmovack_1	2	script-definition	no	-
wcmovack_2	1	script-definition	no	-
wcselack_1	2	script-definition	no	-
wcselack_2	1	script-definition	no	-
weaken	4	script-definition	no	-
weaken_ref	3	heuristic-false-positive	no	-
weakest_army	2	script-definition	no	-
weakest_hit_points	1	script-definition	no	-
weakest_id	1	script-definition	no	-
weapon_sound	48	script-definition	no	-
web_aura	1	heuristic-false-positive	no	-
weenie_army	2	script-definition	no	-
welanplate	1	script-definition	no	-
well_army	2	script-definition	no	-
well_unit	2	script-definition	no	-
well_units	1	script-definition	no	-
wexcross	1	script-definition	no	-
wfatk	1	script-definition	no	-
wfatkack_1	3	script-definition	no	-
wfatkack_2	1	script-definition	no	-
wfatkack_3	2	script-definition	no	-
wfdie	1	script-definition	no	-
wfmov	2	script-definition	no	-
wfmovack_1	2	script-definition	no	-
wfmovack_2	1	script-definition	no	-
wfselack_1	2	script-definition	no	-
wfselack_2	1	script-definition	no	-
what	37	script-definition	no	-
what_ai_can_do_to_this_damaged_army	4	script-definition	no	-
what_buildingtype_does_unit_train?	2	script-definition	no	-
what_can_I_give_for_it?	1	script-definition	no	-
what_do_I_want?	3	script-definition	no	-
what_for_what	6	script-definition	no	-
whathappenedtoattackerunit	2	native-host-call	yes	0x00461630
whathappenedtodefenderunit	2	native-host-call	yes	0x004617c0
whatsitsname	4	script-definition	no	-
when_approached_text	17	script-definition	no	-
when_barter_succeeds	43	script-definition	no	-
when_going_to_parley	1	script-definition	no	-
when_other_guy_attacks	1	script-definition	no	-
when_other_guy_cancels_renegotiation	1	script-definition	no	-
when_other_guy_declines	1	script-definition	no	-
when_other_guy_proposes_barter	1	script-definition	no	-
when_other_guy_renegotiates	1	script-definition	no	-
where	1	script-definition	no	-
where?	5	script-definition	no	-
where_they_wait	1	heuristic-false-positive	no	-
whisper_of_the_waves	9	script-definition	no	-
white_numbers	35	heuristic-false-positive	no	-
whitefont	35	script-definition	no	-
who_died	19	script-definition	no	-
who_has_what_I_want?	2	script-definition	no	-
wht_attackerunit	12	script-definition	no	-
wht_defenderunit	12	script-definition	no	-
wht_unit_in_combat	4	script-definition	no	-
wiatk	2	script-definition	no	-
wiatkack_1	4	script-definition	no	-
wiatkack_2	2	script-definition	no	-
wiatkack_3	2	script-definition	no	-
widie	2	script-definition	no	-
width	26	script-definition	no	-
widtharray	3	script-definition	no	-
wield	1	script-definition	no	-
wield_mod	3	script-definition	no	-
wield_mods	2	script-definition	no	-
wieldartifact	16	native-host-call	yes	0x0042b730
wieldartifactifroom	25	native-host-call	yes	0x0042ab20
wielded_artifact_bonus	2	script-definition	no	-
wielded_artifact_value	2	script-definition	no	-
wielder_faith	99	script-definition	no	-
wielder_level	238	script-definition	no	-
wiglaf	6	script-definition	no	-
wimov	2	script-definition	no	-
wimovack_1	4	script-definition	no	-
wimovack_2	2	script-definition	no	-
wimovack_3	2	script-definition	no	-
wind_mills	8	script-definition	no	-
wind_speed	32	script-definition	no	-
windshield_aura	1	heuristic-false-positive	no	-
wingame	2	heuristic-false-positive	no	-
winner	4	script-definition	no	-
winner_c	2	heuristic-false-positive	no	-
winner_f	2	heuristic-false-positive	no	-
winner_g	2	heuristic-false-positive	no	-
winnerarmy	6	script-definition	no	-
winnerunit	6	script-definition	no	-
winningplayer	2	script-definition	no	-
wis_box	2	heuristic-false-positive	no	-
wis_mod	1	script-definition	no	-
wis_str	12	script-definition	no	-
wis_text	2	heuristic-false-positive	no	-
wisdom	4	script-definition	no	-
wisdom_amt	1	script-definition	no	-
wisdom_bonus	1	script-definition	no	-
wisdom_cost	23	script-definition	no	-
wisdom_mod	4	script-definition	no	-
wisdom_name	4	script-definition	no	-
wisdom_number	18	heuristic-false-positive	no	-
wisdom_potion_str1	3	script-definition	no	-
wisdom_potion_str2	3	script-definition	no	-
wisdom_text_box	5	heuristic-false-positive	no	-
wisdom_val	2	script-definition	no	-
wisdom_value	6	script-definition	no	-
wisdomstring1	3	script-definition	no	-
wiselack_1	3	script-definition	no	-
wiselack_2	2	script-definition	no	-
witch_names	1	script-definition	no	-
withinrange	4	script-definition	no	-
wiz_codes	1	script-definition	no	-
wiz_u	7	script-definition	no	-
wizard_array	20	script-definition	no	-
wizard_in_army_a	1	script-definition	no	-
wizard_in_army_d	1	script-definition	no	-
wizard_tower_id	106	script-definition	no	-
wizard_tower_village?	1	script-definition	no	-
wizard_type_check	3	script-definition	no	-
wizt	9	script-definition	no	-
wmatk	1	script-definition	no	-
wmatkack_1	3	script-definition	no	-
wmatkack_2	1	script-definition	no	-
wmatkack_3	1	script-definition	no	-
wmdie	1	script-definition	no	-
wmmov	1	script-definition	no	-
wmmovack_1	2	script-definition	no	-
wmmovack_2	1	script-definition	no	-
wmrng	1	script-definition	no	-
wmselack_1	2	script-definition	no	-
wmselack_2	1	script-definition	no	-
wonisenabled?	1	native-host-call	yes	0x004b6660
world_scrolling	48	script-definition	no	-
worldmodeproc	1	native-host-call	yes	0x004e20e0
worldview	2	native-host-call	yes	0x00483b80
worst_case	26	script-definition	no	-
worth_it?	1	script-definition	no	-
woundedfactor	4	script-definition	no	-
wrappingoff	8	native-host-call	yes	0x0051af80
wrappingon	4	native-host-call	yes	0x0051af70
write	13	native-host-call	yes	0x004cc120
writedata	1	script-definition	no	-
writeelementtypedict	1	script-definition	no	-
writestring	2677	script-definition	no	-
writofcamd	2	script-definition	no	-
wrong_brain?	1	script-definition	no	-
ws_string	4	script-definition	no	-
wsatk	1	script-definition	no	-
wsatkack_1	1	script-definition	no	-
wsc1atk	1	script-definition	no	-
wsc1atkack_1	2	script-definition	no	-
wsc1atkack_2	1	script-definition	no	-
wsc1die	1	script-definition	no	-
wsc1mov	1	script-definition	no	-
wsc1movack_1	2	script-definition	no	-
wsc1movack_2	1	script-definition	no	-
wsc1selack_1	2	script-definition	no	-
wsc1selack_2	1	script-definition	no	-
wsdie	1	script-definition	no	-
wsmov	1	script-definition	no	-
wsmovack_1	1	script-definition	no	-
wspot	6	script-definition	no	-
wsrng	1	script-definition	no	-
wss_string	4	script-definition	no	-
wsselack_1	1	script-definition	no	-
wstring	2	script-definition	no	-
wt	2	script-definition	no	-
wtatk	1	script-definition	no	-
wtatkack_1	2	script-definition	no	-
wtatkack_2	1	script-definition	no	-
wtdie	1	script-definition	no	-
wtf1atk	2	script-definition	no	-
wtf1atkack_1	3	script-definition	no	-
wtf1atkack_2	2	script-definition	no	-
wtf1die	2	script-definition	no	-
wtf1mov	2	script-definition	no	-
wtf1movack_1	3	script-definition	no	-
wtf1movack_2	2	script-definition	no	-
wtf1selack_1	3	script-definition	no	-
wtf1selack_2	2	script-definition	no	-
wtmov	2	script-definition	no	-
wtmovack_1	2	script-definition	no	-
wtmovack_2	1	script-definition	no	-
wtrng	1	script-definition	no	-
wtselack_1	2	script-definition	no	-
wtselack_2	1	script-definition	no	-
wwatk	1	script-definition	no	-
wwatkack_1	3	script-definition	no	-
wwatkack_2	1	script-definition	no	-
wwatkack_3	1	script-definition	no	-
wwdie	2	script-definition	no	-
wwhut	4	heuristic-false-positive	no	-
wwm2atk	1	script-definition	no	-
wwm2atkack_1	1	script-definition	no	-
wwm2die	1	script-definition	no	-
wwm2mov	1	script-definition	no	-
wwm2movack_1	1	script-definition	no	-
wwm2selack_1	1	script-definition	no	-
wwmov	2	script-definition	no	-
wwmovack_1	2	script-definition	no	-
wwmovack_2	1	script-definition	no	-
wwmrkt	7	heuristic-false-positive	no	-
wwselack_1	2	script-definition	no	-
wwselack_2	1	script-definition	no	-
wwvil	3	heuristic-false-positive	no	-
x	830	script-definition	no	-
x0	14	script-definition	no	-
x1	68	script-definition	no	-
x2	45	script-definition	no	-
x3	2	script-definition	no	-
x_y_to_xy	53	native-host-call	yes	0x004e4790
xbolt	5	heuristic-false-positive	no	-
xdict	8	script-definition	no	-
xfer_form	4	script-definition	no	-
xfer_form_champ	2	script-definition	no	-
xp	1	heuristic-false-positive	yes	-
xp_value_high	2	heuristic-false-positive	no	-
xp_value_low	2	heuristic-false-positive	no	-
xspace	29	heuristic-false-positive	no	-
xstring	2	script-definition	no	-
xval	1	script-definition	no	-
xxxtempdialog	4	script-definition	no	-
xy_to_x_y	381	native-host-call	yes	0x004e4900
xywh	377	native-host-call	yes	0x004ddc40
y	659	script-definition	no	-
y0	14	script-definition	no	-
y1	66	script-definition	no	-
y2	45	script-definition	no	-
y3	2	script-definition	no	-
yellow_cityfont	836	script-definition	no	-
yellow_font	2	script-definition	no	-
yellow_numbers	198	heuristic-false-positive	no	-
yes	12	script-definition	no	-
yes_button	5	script-definition	no	-
yes_button_t	1	heuristic-false-positive	no	-
yes_execute_prisoner	3	script-definition	no	-
yes_free_prisoner	3	script-definition	no	-
yes_no_dlg_dict	5	script-definition	no	-
yes_no_modal_string	10	script-definition	no	-
yes_no_result	10	script-definition	no	-
yesno_string	2	script-definition	no	-
you	6	script-definition	no	-
you_id	3	script-definition	no	-
your_army	7	script-definition	no	-
your_army_stack	6	script-definition	no	-
your_artifact_dlg_list	4	script-definition	no	-
your_artifact_stack	6	script-definition	no	-
your_box_backdrop	1	heuristic-false-positive	no	-
your_box_dlg	22	script-definition	no	-
your_box_visible_array	4	heuristic-false-positive	no	-
your_category	4	script-definition	no	-
your_category_button_list	4	script-definition	no	-
your_commodity	3	script-definition	no	-
your_page_dd	1	script-definition	no	-
your_panel_dd	2	script-definition	no	-
your_panel_dlg	42	script-definition	no	-
your_personal_unit_stack	6	script-definition	no	-
your_player	60	script-definition	no	-
your_property_stack	6	script-definition	no	-
your_qty	1	heuristic-false-positive	no	-
your_resource_dlg	10	script-definition	no	-
your_source_stack	2	script-definition	no	-
your_spell_stack	10	script-definition	no	-
your_trade_dict	10	script-definition	no	-
your_trade_stack	6	script-definition	no	-
your_trade_visible_array	4	script-definition	no	-
your_unit_stack	6	script-definition	no	-
your_unit_visible_array	4	heuristic-false-positive	no	-
ystring	2	script-definition	no	-
yval	1	script-definition	no	-
z	9	script-definition	no	-
z1	2	script-definition	no	-
z2	1	script-definition	no	-
zap_amount	3	heuristic-false-positive	no	-
zerocommandbuttons	2	script-definition	no	-
zerovisibility	1	native-host-call	yes	0x004a9210
zoom_b_button	4	heuristic-false-positive	no	-
zoom_c_button	4	heuristic-false-positive	no	-
zoom_d_button	4	heuristic-false-positive	no	-
zoomoutdood	3	script-definition	no	-
|\\	2	heuristic-false-positive	no	-
