symbol	kind	in-vanilla	in-patch302	in-gs5r3	patch302-vs-vanilla	gs5r3-vs-vanilla	gs5r3-vs-patch302	changed-fields
artifact:adventsword	artifact	yes	yes	yes	identical	token-level	token-level	category,questonly?
artifact:ai_stat_bonus	artifact	no	no	yes	identical	only-in-right	only-in-right	-
artifact:amfireprot	artifact	yes	yes	yes	identical	token-level	token-level	category,questonly?
artifact:amiensbld	artifact	yes	yes	yes	identical	token-level	token-level	category,questonly?
artifact:amulet_chance	artifact	no	no	yes	identical	only-in-right	only-in-right	-
artifact:amulet_crystal	artifact	no	no	yes	identical	only-in-right	only-in-right	-
artifact:amulet_defense	artifact	no	no	yes	identical	only-in-right	only-in-right	-
artifact:amulet_demon	artifact	no	no	yes	identical	only-in-right	only-in-right	-
artifact:amulet_fate	artifact	no	no	yes	identical	only-in-right	only-in-right	-
artifact:amulet_ghost	artifact	no	no	yes	identical	only-in-right	only-in-right	-
artifact:amulet_indecision	artifact	no	no	yes	identical	only-in-right	only-in-right	-
artifact:amulet_infestation	artifact	no	no	yes	identical	only-in-right	only-in-right	-
artifact:amulet_of_chance	artifact	yes	yes	no	identical	only-in-left	only-in-left	-
artifact:amulet_of_control	artifact	yes	yes	no	identical	only-in-left	only-in-left	-
artifact:amulet_of_defense	artifact	yes	yes	no	identical	only-in-left	only-in-left	-
artifact:amulet_of_fate	artifact	yes	yes	no	identical	only-in-left	only-in-left	-
artifact:amulet_of_illusion	artifact	yes	yes	no	identical	only-in-left	only-in-left	-
artifact:amulet_of_indecision	artifact	yes	yes	no	identical	only-in-left	only-in-left	-
artifact:amulet_of_order	artifact	yes	yes	no	identical	only-in-left	only-in-left	-
artifact:amulet_of_persuasion	artifact	yes	yes	no	identical	only-in-left	only-in-left	-
artifact:amulet_of_poison	artifact	yes	yes	no	identical	only-in-left	only-in-left	-
artifact:amulet_of_revelation	artifact	yes	yes	no	identical	only-in-left	only-in-left	-
artifact:amulet_poison	artifact	no	no	yes	identical	only-in-right	only-in-right	-
artifact:amulet_revelation	artifact	no	no	yes	identical	only-in-right	only-in-right	-
artifact:amulet_serpent	artifact	no	no	yes	identical	only-in-right	only-in-right	-
artifact:amulet_wisp	artifact	no	no	yes	identical	only-in-right	only-in-right	-
artifact:andvari_ring	artifact	yes	yes	yes	identical	token-level	token-level	category,description,image,mod_proc,questonly?
artifact:anti_tarnaxe	artifact	yes	yes	yes	identical	token-level	token-level	category,questonly?
artifact:aquaring	artifact	yes	yes	no	identical	only-in-left	only-in-left	-
artifact:aramoug_amulet	artifact	yes	yes	no	identical	only-in-left	only-in-left	-
artifact:armor_archon	artifact	no	no	yes	identical	only-in-right	only-in-right	-
artifact:armor_dragonscale	artifact	no	no	yes	identical	only-in-right	only-in-right	-
artifact:armor_ebony_plate	artifact	no	no	yes	identical	only-in-right	only-in-right	-
artifact:armor_elven_chain	artifact	no	no	yes	identical	only-in-right	only-in-right	-
artifact:armor_feather_chain	artifact	no	no	yes	identical	only-in-right	only-in-right	-
artifact:armor_obsidian	artifact	no	no	yes	identical	only-in-right	only-in-right	-
artifact:armor_of_inspiration	artifact	yes	yes	no	identical	only-in-left	only-in-left	-
artifact:armor_urak	artifact	no	no	yes	identical	only-in-right	only-in-right	-
artifact:artart	artifact	yes	yes	yes	identical	token-level	token-level	category,questonly?
artifact:ashes_of_infestation	artifact	yes	yes	no	identical	only-in-left	only-in-left	-
artifact:axe_annihilation	artifact	no	no	yes	identical	only-in-right	only-in-right	-
artifact:axe_great	artifact	no	no	yes	identical	only-in-right	only-in-right	-
artifact:axe_lode	artifact	no	no	yes	identical	only-in-right	only-in-right	-
artifact:axe_of_chaos	artifact	yes	yes	no	identical	only-in-left	only-in-left	-
artifact:axe_of_mauling	artifact	yes	yes	no	identical	only-in-left	only-in-left	-
artifact:axe_orcs	artifact	no	no	yes	identical	only-in-right	only-in-right	-
artifact:axe_swift	artifact	no	no	yes	identical	only-in-right	only-in-right	-
artifact:balkoth_scythe	artifact	yes	yes	no	identical	only-in-left	only-in-left	-
artifact:banner_artifact	artifact	no	no	yes	identical	only-in-right	only-in-right	-
artifact:belt_trollhide	artifact	no	no	yes	identical	only-in-right	only-in-right	-
artifact:blowgun_of_the_amazons	artifact	yes	yes	no	identical	only-in-left	only-in-left	-
artifact:blowgun_waterspitter	artifact	no	no	yes	identical	only-in-right	only-in-right	-
artifact:boots_stealth	artifact	no	no	yes	identical	only-in-right	only-in-right	-
artifact:borchert_torch	artifact	yes	yes	no	identical	only-in-left	only-in-left	-
artifact:bow_earthshaker	artifact	no	no	yes	identical	only-in-right	only-in-right	-
artifact:bow_of_bakal	artifact	yes	yes	no	identical	only-in-left	only-in-left	-
artifact:bow_of_balladrine	artifact	yes	yes	no	identical	only-in-left	only-in-left	-
artifact:bow_of_quaal	artifact	yes	yes	no	identical	only-in-left	only-in-left	-
artifact:bow_reed	artifact	no	no	yes	identical	only-in-right	only-in-right	-
artifact:bow_spirit	artifact	no	no	yes	identical	only-in-right	only-in-right	-
artifact:bow_tornado	artifact	no	no	yes	identical	only-in-right	only-in-right	-
artifact:burning_blade	artifact	yes	yes	no	identical	only-in-left	only-in-left	-
artifact:burnskin_artifact	artifact	yes	yes	no	identical	only-in-left	only-in-left	-
artifact:cap_jester	artifact	no	no	yes	identical	only-in-right	only-in-right	-
artifact:chakram_entropy	artifact	no	no	yes	identical	only-in-right	only-in-right	-
artifact:chakram_of_entropy	artifact	yes	yes	no	identical	only-in-left	only-in-left	-
artifact:chalice_chaos	artifact	no	no	yes	identical	only-in-right	only-in-right	-
artifact:chalice_life	artifact	no	no	yes	identical	only-in-right	only-in-right	-
artifact:chalice_of_life	artifact	yes	yes	no	identical	only-in-left	only-in-left	-
artifact:chalice_rocca	artifact	no	no	yes	identical	only-in-right	only-in-right	-
artifact:champion_stat_bonus	artifact	no	no	yes	identical	only-in-right	only-in-right	-
artifact:choice_artifact	artifact	yes	yes	yes	identical	token-level	token-level	category,questonly?
artifact:cloak_flame	artifact	no	no	yes	identical	only-in-right	only-in-right	-
artifact:cloak_justice	artifact	no	no	yes	identical	only-in-right	only-in-right	-
artifact:cloak_lich	artifact	no	no	yes	identical	only-in-right	only-in-right	-
artifact:cloak_spirit	artifact	no	no	yes	identical	only-in-right	only-in-right	-
artifact:cloak_wyrm	artifact	no	no	yes	identical	only-in-right	only-in-right	-
artifact:cloaktarn	artifact	yes	yes	yes	identical	token-level	token-level	category,image,questonly?
artifact:cloudstaff	artifact	yes	yes	no	identical	only-in-left	only-in-left	-
artifact:cloudsteam_artifact	artifact	yes	yes	no	identical	only-in-left	only-in-left	-
artifact:combat_attacking	artifact	no	no	yes	identical	only-in-right	only-in-right	-
artifact:combat_defending	artifact	no	no	yes	identical	only-in-right	only-in-right	-
artifact:coral_shield	artifact	yes	yes	no	identical	only-in-left	only-in-left	-
artifact:crossbow_balance	artifact	no	no	yes	identical	only-in-right	only-in-right	-
artifact:crossbow_flamethrower	artifact	no	no	yes	identical	only-in-right	only-in-right	-
artifact:crossbow_of_balance	artifact	yes	yes	no	identical	only-in-left	only-in-left	-
artifact:crown_kings	artifact	no	no	yes	identical	only-in-right	only-in-right	-
artifact:crown_noble	artifact	no	no	yes	identical	only-in-right	only-in-right	-
artifact:crystal_ring	artifact	yes	yes	no	identical	only-in-left	only-in-left	-
artifact:crystalmight	artifact	yes	yes	no	identical	only-in-left	only-in-left	-
artifact:dagger_aqua	artifact	no	no	yes	identical	only-in-right	only-in-right	-
artifact:dagger_death	artifact	no	no	yes	identical	only-in-right	only-in-right	-
artifact:dagger_faerie	artifact	no	no	yes	identical	only-in-right	only-in-right	-
artifact:dagger_flint	artifact	no	no	yes	identical	only-in-right	only-in-right	-
artifact:dagger_huntress	artifact	no	no	yes	identical	only-in-right	only-in-right	-
artifact:dagger_life_steal	artifact	no	no	yes	identical	only-in-right	only-in-right	-
artifact:dagger_light	artifact	no	no	yes	identical	only-in-right	only-in-right	-
artifact:dagger_rusted	artifact	no	no	yes	identical	only-in-right	only-in-right	-
artifact:dagger_silver	artifact	no	no	yes	identical	only-in-right	only-in-right	-
artifact:darkblade	artifact	yes	yes	no	identical	only-in-left	only-in-left	-
artifact:death_dagger	artifact	yes	yes	no	identical	only-in-left	only-in-left	-
artifact:dragart	artifact	yes	yes	yes	identical	token-level	token-level	category,questonly?
artifact:dragon_scale	artifact	yes	yes	no	identical	only-in-left	only-in-left	-
artifact:dragonban	artifact	yes	yes	yes	identical	token-level	token-level	category,image,leader,max_charges,max_mana,mod_proc,morale,questonly?,uses_artifact_mana,uses_wizard_mana,wield_champion_types,wield_faiths
artifact:dreamscrl	artifact	yes	yes	yes	identical	token-level	token-level	category,questonly?
artifact:dummy0_artifact	artifact	no	no	yes	identical	only-in-right	only-in-right	-
artifact:dummy1_artifact	artifact	no	no	yes	identical	only-in-right	only-in-right	-
artifact:dummy2_artifact	artifact	no	no	yes	identical	only-in-right	only-in-right	-
artifact:dummy3_artifact	artifact	no	no	yes	identical	only-in-right	only-in-right	-
artifact:dummy4_artifact	artifact	no	no	yes	identical	only-in-right	only-in-right	-
artifact:dummy5_artifact	artifact	no	no	yes	identical	only-in-right	only-in-right	-
artifact:dummy6_artifact	artifact	no	no	yes	identical	only-in-right	only-in-right	-
artifact:dummy7_artifact	artifact	no	no	yes	identical	only-in-right	only-in-right	-
artifact:dwarvenplate	artifact	yes	yes	yes	identical	token-level	token-level	category,description,faith,image,mod_proc,questonly?,unmod_proc,wield_faiths
artifact:ebelsletter	artifact	yes	yes	yes	identical	token-level	token-level	category,questonly?
artifact:ebony_plate	artifact	yes	yes	no	identical	only-in-left	only-in-left	-
artifact:elven_chain	artifact	yes	yes	no	identical	only-in-left	only-in-left	-
artifact:eternal_flame	artifact	yes	yes	no	identical	only-in-left	only-in-left	-
artifact:excalibr	artifact	yes	yes	yes	identical	token-level	token-level	attack_proc,category,image,mod_proc,questonly?
artifact:eyes_of_the_hawk	artifact	yes	yes	no	identical	only-in-left	only-in-left	-
artifact:faerie_ring	artifact	yes	yes	no	identical	only-in-left	only-in-left	-
artifact:feather_chain	artifact	yes	yes	no	identical	only-in-left	only-in-left	-
artifact:flameshaft	artifact	yes	yes	no	identical	only-in-left	only-in-left	-
artifact:flint_ring	artifact	yes	yes	no	identical	only-in-left	only-in-left	-
artifact:gaidonart	artifact	yes	yes	yes	identical	token-level	token-level	category,questonly?
artifact:game_token1	artifact	no	no	yes	identical	only-in-right	only-in-right	-
artifact:game_token2	artifact	no	no	yes	identical	only-in-right	only-in-right	-
artifact:game_token3	artifact	no	no	yes	identical	only-in-right	only-in-right	-
artifact:game_token4	artifact	no	no	yes	identical	only-in-right	only-in-right	-
artifact:game_token5	artifact	no	no	yes	identical	only-in-right	only-in-right	-
artifact:game_token6	artifact	no	no	yes	identical	only-in-right	only-in-right	-
artifact:game_token7	artifact	no	no	yes	identical	only-in-right	only-in-right	-
artifact:game_token8	artifact	no	no	yes	identical	only-in-right	only-in-right	-
artifact:game_token9	artifact	no	no	yes	identical	only-in-right	only-in-right	-
artifact:gateway_artifact	artifact	yes	yes	yes	identical	token-level	token-level	category,questonly?
artifact:gateway_map	artifact	yes	yes	yes	identical	token-level	token-level	category,questonly?
artifact:generic_artifact	artifact	yes	yes	no	identical	only-in-left	only-in-left	-
artifact:generic_stat_bonus	artifact	no	no	yes	identical	only-in-right	only-in-right	-
artifact:giantkirtle	artifact	yes	yes	yes	identical	token-level	token-level	category,mod_proc,questonly?,unmod_proc
artifact:gilbertclo	artifact	yes	yes	yes	identical	token-level	token-level	category,image,mod_proc,questonly?,unmod_proc
artifact:gloves_quickness	artifact	no	no	yes	identical	only-in-right	only-in-right	-
artifact:goldenrod	artifact	yes	yes	no	identical	only-in-left	only-in-left	-
artifact:gonring	artifact	yes	yes	yes	identical	token-level	token-level	category,eameld,earth_meld,max_mana,questonly?
artifact:gorgon_staff	artifact	yes	yes	no	identical	only-in-left	only-in-left	-
artifact:grail2	artifact	yes	yes	yes	identical	token-level	token-level	category,image,mod_proc,questonly?,survey2,terrain_special,unmod_proc
artifact:grailshield	artifact	yes	yes	yes	identical	token-level	token-level	category,mod_proc,questonly?,unmod_proc
artifact:grailsword	artifact	yes	yes	yes	identical	token-level	token-level	category,questonly?
artifact:great_axe	artifact	yes	yes	no	identical	only-in-left	only-in-left	-
artifact:greenscrf	artifact	yes	yes	yes	identical	token-level	token-level	category,faith,image,mod_proc,questonly?,unmod_proc
artifact:guardian	artifact	yes	yes	no	identical	only-in-left	only-in-left	-
artifact:healthbringer	artifact	yes	yes	no	identical	only-in-left	only-in-left	-
artifact:helm_of_assymmetry	artifact	yes	yes	no	identical	only-in-left	only-in-left	-
artifact:helmet_stone	artifact	no	no	yes	identical	only-in-right	only-in-right	-
artifact:helmet_warlord	artifact	no	no	yes	identical	only-in-right	only-in-right	-
artifact:helyesbk	artifact	yes	yes	yes	identical	token-level	token-level	category,questonly?,spirit,summon_creature_order
artifact:herladysbld	artifact	yes	yes	yes	identical	token-level	token-level	category,questonly?
artifact:holygrail	artifact	yes	yes	yes	identical	token-level	token-level	category,image,questonly?
artifact:hrunting	artifact	yes	yes	yes	identical	token-level	token-level	T_artifact_descript_hrunting,T_artifact_name_hrunting,attack_proc,begin_turn_proc,can_be_used,category,description,description_table,detect_fire,image,max_charges,max_mana,mod_proc,name,questonly?,uses_artifact_mana,uses_wizard_mana,wield
artifact:ice_sword	artifact	yes	yes	no	identical	only-in-left	only-in-left	-
artifact:interpscrol	artifact	yes	yes	yes	identical	token-level	token-level	category,questonly?
artifact:ival_axe	artifact	yes	yes	yes	identical	token-level	token-level	attack_proc,category,questonly?
artifact:kapelke_ring	artifact	yes	yes	no	identical	only-in-left	only-in-left	-
artifact:kbcrown	artifact	yes	yes	yes	identical	token-level	token-level	category,image,questonly?
artifact:kdavidswrd	artifact	yes	yes	yes	identical	token-level	token-level	category,image,mod_proc,questonly?,unmod_proc
artifact:kingryonswd	artifact	yes	yes	yes	identical	token-level	token-level	category,image,mod_proc,questonly?
artifact:kings_writ	artifact	yes	yes	yes	identical	token-level	token-level	category,questonly?
artifact:knife_of_lifestealing	artifact	yes	yes	no	identical	only-in-left	only-in-left	-
artifact:lancring	artifact	yes	yes	yes	identical	token-level	token-level	category,mod_proc,questonly?
artifact:lcharge_artifact	artifact	yes	yes	no	identical	only-in-left	only-in-left	-
artifact:lich_cloak	artifact	yes	yes	no	identical	only-in-left	only-in-left	-
artifact:lich_scepter	artifact	yes	yes	yes	identical	token-level	token-level	attack_proc,category,description,image,mod_proc,questonly?,unmod_proc
artifact:lionbelt	artifact	yes	yes	yes	identical	token-level	token-level	category,image,questonly?
artifact:longsper	artifact	yes	yes	yes	identical	token-level	token-level	category,image,questonly?
artifact:lovepot	artifact	yes	yes	yes	identical	token-level	token-level	category,faith,image,portrait_code,questonly?
artifact:luckstone	artifact	yes	yes	no	identical	only-in-left	only-in-left	-
artifact:lyonsrng	artifact	yes	yes	yes	identical	token-level	token-level	category,questonly?
artifact:marrock	artifact	yes	yes	yes	identical	token-level	token-level	category,image,questonly?
artifact:message_artifact	artifact	yes	yes	yes	identical	token-level	token-level	category,questonly?
artifact:military_stat_bonus	artifact	no	no	yes	identical	only-in-right	only-in-right	-
artifact:morgmant	artifact	yes	yes	yes	identical	token-level	token-level	category,questonly?
artifact:nagling	artifact	yes	yes	yes	identical	token-level	token-level	T_artifact_descript_nagling,T_artifact_name_nagling,attack_proc,begin_turn_proc,category,description,description_table,image,mod_proc,name,questonly?,wield
artifact:nothung	artifact	yes	yes	yes	identical	token-level	token-level	attack_proc,category,image,mod_proc,questonly?
artifact:obsidian_plate	artifact	yes	yes	no	identical	only-in-left	only-in-left	-
artifact:orb_wind	artifact	no	no	yes	identical	only-in-right	only-in-right	-
artifact:orfiresword	artifact	yes	yes	yes	identical	token-level	token-level	category,questonly?
artifact:parzring	artifact	yes	yes	yes	identical	token-level	token-level	category,questonly?
artifact:peacemaker	artifact	yes	yes	no	identical	only-in-left	only-in-left	-
artifact:pixiedust	artifact	yes	yes	no	identical	only-in-left	only-in-left	-
artifact:plus1helm	artifact	yes	yes	yes	identical	token-level	token-level	category,faith,image,questonly?
artifact:plus2armor	artifact	yes	yes	yes	identical	token-level	token-level	category,image,questonly?
artifact:potion12	artifact	yes	yes	no	identical	only-in-left	only-in-left	-
artifact:potion_dexterity	artifact	no	no	yes	identical	only-in-right	only-in-right	-
artifact:potion_health	artifact	no	no	yes	identical	only-in-right	only-in-right	-
artifact:potion_luck	artifact	no	no	yes	identical	only-in-right	only-in-right	-
artifact:potion_mana	artifact	no	no	yes	identical	only-in-right	only-in-right	-
artifact:potion_movement	artifact	no	no	yes	identical	only-in-right	only-in-right	-
artifact:potion_of_dexterity	artifact	yes	yes	no	identical	only-in-left	only-in-left	-
artifact:potion_of_healing	artifact	yes	yes	no	identical	only-in-left	only-in-left	-
artifact:potion_of_mana	artifact	yes	yes	no	identical	only-in-left	only-in-left	-
artifact:potion_of_rejuv	artifact	yes	yes	no	identical	only-in-left	only-in-left	-
artifact:potion_of_strength	artifact	yes	yes	no	identical	only-in-left	only-in-left	-
artifact:potion_power	artifact	no	no	yes	identical	only-in-right	only-in-right	-
artifact:potion_rejuvenation	artifact	no	no	yes	identical	only-in-right	only-in-right	-
artifact:potion_resistance	artifact	no	no	yes	identical	only-in-right	only-in-right	-
artifact:potion_strength	artifact	no	no	yes	identical	only-in-right	only-in-right	-
artifact:potion_wisdom	artifact	no	no	yes	identical	only-in-right	only-in-right	-
artifact:potionheal12	artifact	yes	yes	no	identical	only-in-left	only-in-left	-
artifact:priamblm	artifact	yes	yes	yes	identical	token-level	token-level	category,heal,heal_life,questonly?
artifact:priamswd	artifact	yes	yes	yes	identical	token-level	token-level	category,questonly?
artifact:pridwen	artifact	yes	yes	yes	identical	token-level	token-level	category,questonly?
artifact:puresword	artifact	yes	yes	yes	identical	token-level	token-level	category,questonly?
artifact:ragnlsans	artifact	yes	yes	yes	identical	token-level	token-level	category,questonly?
artifact:reed_bow	artifact	yes	yes	no	identical	only-in-left	only-in-left	-
artifact:reginart	artifact	yes	yes	yes	identical	token-level	token-level	category,questonly?
artifact:ring_adventure	artifact	no	no	yes	identical	only-in-right	only-in-right	-
artifact:ring_aqua	artifact	no	no	yes	identical	only-in-right	only-in-right	-
artifact:ring_arcana	artifact	no	no	yes	identical	only-in-right	only-in-right	-
artifact:ring_archons	artifact	no	no	yes	identical	only-in-right	only-in-right	-
artifact:ring_brimstone	artifact	no	no	yes	identical	only-in-right	only-in-right	-
artifact:ring_concentration	artifact	no	no	yes	identical	only-in-right	only-in-right	-
artifact:ring_dexterity	artifact	no	no	yes	identical	only-in-right	only-in-right	-
artifact:ring_elements	artifact	no	no	yes	identical	only-in-right	only-in-right	-
artifact:ring_embers	artifact	no	no	yes	identical	only-in-right	only-in-right	-
artifact:ring_faerie	artifact	no	no	yes	identical	only-in-right	only-in-right	-
artifact:ring_flint	artifact	no	no	yes	identical	only-in-right	only-in-right	-
artifact:ring_four_winds	artifact	no	no	yes	identical	only-in-right	only-in-right	-
artifact:ring_giants	artifact	no	no	yes	identical	only-in-right	only-in-right	-
artifact:ring_healing	artifact	no	no	yes	identical	only-in-right	only-in-right	-
artifact:ring_health	artifact	no	no	yes	identical	only-in-right	only-in-right	-
artifact:ring_leeches	artifact	no	no	yes	identical	only-in-right	only-in-right	-
artifact:ring_luck	artifact	no	no	yes	identical	only-in-right	only-in-right	-
artifact:ring_mana	artifact	no	no	yes	identical	only-in-right	only-in-right	-
artifact:ring_marksmanship	artifact	no	no	yes	identical	only-in-right	only-in-right	-
artifact:ring_necromancy	artifact	no	no	yes	identical	only-in-right	only-in-right	-
artifact:ring_of_anything	artifact	yes	yes	no	identical	only-in-left	only-in-left	-
artifact:ring_of_arcana	artifact	yes	yes	no	identical	only-in-left	only-in-left	-
artifact:ring_of_azz'taruth	artifact	yes	yes	no	identical	only-in-left	only-in-left	-
artifact:ring_of_brimstone	artifact	yes	yes	no	identical	only-in-left	only-in-left	-
artifact:ring_of_concentration	artifact	yes	yes	no	identical	only-in-left	only-in-left	-
artifact:ring_of_dwarves	artifact	yes	yes	yes	identical	token-level	token-level	category,disguise,morphdwarf,questonly?
artifact:ring_of_embers	artifact	yes	yes	no	identical	only-in-left	only-in-left	-
artifact:ring_of_entanglement	artifact	yes	yes	no	identical	only-in-left	only-in-left	-
artifact:ring_of_flame	artifact	yes	yes	no	identical	only-in-left	only-in-left	-
artifact:ring_of_healing	artifact	yes	yes	no	identical	only-in-left	only-in-left	-
artifact:ring_of_leeches	artifact	yes	yes	no	identical	only-in-left	only-in-left	-
artifact:ring_of_marksmanship	artifact	yes	yes	no	identical	only-in-left	only-in-left	-
artifact:ring_of_mazes	artifact	yes	yes	no	identical	only-in-left	only-in-left	-
artifact:ring_of_productivity	artifact	yes	yes	no	identical	only-in-left	only-in-left	-
artifact:ring_of_protection	artifact	yes	yes	no	identical	only-in-left	only-in-left	-
artifact:ring_of_redemption	artifact	yes	yes	no	identical	only-in-left	only-in-left	-
artifact:ring_of_shelter	artifact	yes	yes	no	identical	only-in-left	only-in-left	-
artifact:ring_of_stealth	artifact	yes	yes	no	identical	only-in-left	only-in-left	-
artifact:ring_of_the_elements	artifact	yes	yes	no	identical	only-in-left	only-in-left	-
artifact:ring_of_winds	artifact	yes	yes	no	identical	only-in-left	only-in-left	-
artifact:ring_power	artifact	no	no	yes	identical	only-in-right	only-in-right	-
artifact:ring_protection	artifact	no	no	yes	identical	only-in-right	only-in-right	-
artifact:ring_stealth	artifact	no	no	yes	identical	only-in-right	only-in-right	-
artifact:ring_strength	artifact	no	no	yes	identical	only-in-right	only-in-right	-
artifact:ring_wave	artifact	no	no	yes	identical	only-in-right	only-in-right	-
artifact:ring_windfall	artifact	no	no	yes	identical	only-in-right	only-in-right	-
artifact:ring_wisdom	artifact	no	no	yes	identical	only-in-right	only-in-right	-
artifact:rocca_chalice	artifact	yes	yes	no	identical	only-in-left	only-in-left	-
artifact:scabbard_quality	artifact	no	no	yes	identical	only-in-right	only-in-right	-
artifact:scroll_dexterity	artifact	no	no	yes	identical	only-in-right	only-in-right	-
artifact:scroll_diplomacy	artifact	no	no	yes	identical	only-in-right	only-in-right	-
artifact:scroll_experience_01	artifact	no	no	yes	identical	only-in-right	only-in-right	-
artifact:scroll_experience_02	artifact	no	no	yes	identical	only-in-right	only-in-right	-
artifact:scroll_experience_03	artifact	no	no	yes	identical	only-in-right	only-in-right	-
artifact:scroll_experience_04	artifact	no	no	yes	identical	only-in-right	only-in-right	-
artifact:scroll_faith	artifact	no	no	yes	identical	only-in-right	only-in-right	-
artifact:scroll_health	artifact	no	no	yes	identical	only-in-right	only-in-right	-
artifact:scroll_health_recovery	artifact	no	no	yes	identical	only-in-right	only-in-right	-
artifact:scroll_mana	artifact	no	no	yes	identical	only-in-right	only-in-right	-
artifact:scroll_movement	artifact	no	no	yes	identical	only-in-right	only-in-right	-
artifact:scroll_power	artifact	no	no	yes	identical	only-in-right	only-in-right	-
artifact:scroll_resistance	artifact	no	no	yes	identical	only-in-right	only-in-right	-
artifact:scroll_sages	artifact	no	no	yes	identical	only-in-right	only-in-right	-
artifact:scroll_strength	artifact	no	no	yes	identical	only-in-right	only-in-right	-
artifact:scroll_wisdom	artifact	no	no	yes	identical	only-in-right	only-in-right	-
artifact:scythe_balkoth	artifact	no	no	yes	identical	only-in-right	only-in-right	-
artifact:sequence	artifact	yes	yes	yes	identical	token-level	token-level	attack_proc,category,questonly?
artifact:shadowstaff	artifact	yes	yes	no	identical	only-in-left	only-in-left	-
artifact:sharktooth	artifact	yes	yes	no	identical	only-in-left	only-in-left	-
artifact:shield_balkoth	artifact	no	no	yes	identical	only-in-right	only-in-right	-
artifact:shield_coral	artifact	no	no	yes	identical	only-in-right	only-in-right	-
artifact:shield_of_righteousness	artifact	yes	yes	no	identical	only-in-left	only-in-left	-
artifact:shield_quality	artifact	no	no	yes	identical	only-in-right	only-in-right	-
artifact:shield_righteousness	artifact	no	no	yes	identical	only-in-right	only-in-right	-
artifact:shieldofval	artifact	yes	yes	yes	identical	token-level	token-level	category,questonly?
artifact:sleep_artifact	artifact	yes	yes	no	identical	only-in-left	only-in-left	-
artifact:soul_stealer	artifact	yes	yes	no	identical	only-in-left	only-in-left	-
artifact:spear_maiden	artifact	no	no	yes	identical	only-in-right	only-in-right	-
artifact:special_altar_of_sacrifice	artifact	yes	yes	yes	identical	token-level	token-level	category,description_table,image,mod_proc,portrait_code,rechargeable?
artifact:special_forge_of_eternal_flame	artifact	yes	yes	yes	identical	token-level	token-level	begin_turn_proc,can_be_used,category,description_table,detect_fire,image,max_charges,mod_proc,portrait_code,rechargeable?,unmod_proc,uses_artifact_mana,uses_wizard_mana,wield_champion_types
artifact:special_shrine_of_vitality	artifact	yes	yes	yes	identical	token-level	token-level	autocalc_end_combat_proc,category,description_table,end_combat_proc,image,mod_proc,portrait_code,rechargeable?
artifact:spitfire	artifact	yes	yes	no	identical	only-in-left	only-in-left	-
artifact:staff_cloud	artifact	no	no	yes	identical	only-in-right	only-in-right	-
artifact:staff_drowning	artifact	no	no	yes	identical	only-in-right	only-in-right	-
artifact:staff_electron	artifact	no	no	yes	identical	only-in-right	only-in-right	-
artifact:staff_enlightenment	artifact	no	no	yes	identical	only-in-right	only-in-right	-
artifact:staff_flameshaft	artifact	no	no	yes	identical	only-in-right	only-in-right	-
artifact:staff_golden	artifact	no	no	yes	identical	only-in-right	only-in-right	-
artifact:staff_gorgon	artifact	no	no	yes	identical	only-in-right	only-in-right	-
artifact:staff_healthbringer	artifact	no	no	yes	identical	only-in-right	only-in-right	-
artifact:staff_incineration	artifact	no	no	yes	identical	only-in-right	only-in-right	-
artifact:staff_light	artifact	no	no	yes	identical	only-in-right	only-in-right	-
artifact:staff_lightbringer	artifact	no	no	yes	identical	only-in-right	only-in-right	-
artifact:staff_of_animation	artifact	yes	yes	no	identical	only-in-left	only-in-left	-
artifact:staff_of_asphyxiation	artifact	yes	yes	no	identical	only-in-left	only-in-left	-
artifact:staff_of_drowning	artifact	yes	yes	no	identical	only-in-left	only-in-left	-
artifact:staff_of_enlightenment	artifact	yes	yes	no	identical	only-in-left	only-in-left	-
artifact:staff_of_incineration	artifact	yes	yes	no	identical	only-in-left	only-in-left	-
artifact:staff_of_light	artifact	yes	yes	no	identical	only-in-left	only-in-left	-
artifact:staff_of_polymorphing	artifact	yes	yes	no	identical	only-in-left	only-in-left	-
artifact:staff_of_resurrection	artifact	yes	yes	no	identical	only-in-left	only-in-left	-
artifact:staff_peacemaker	artifact	no	no	yes	identical	only-in-right	only-in-right	-
artifact:staff_quality	artifact	no	no	yes	identical	only-in-right	only-in-right	-
artifact:staff_shadow	artifact	no	no	yes	identical	only-in-right	only-in-right	-
artifact:staff_turmoil	artifact	no	no	yes	identical	only-in-right	only-in-right	-
artifact:staff_unholy	artifact	no	no	yes	identical	only-in-right	only-in-right	-
artifact:staff_water	artifact	no	no	yes	identical	only-in-right	only-in-right	-
artifact:staff_wicked	artifact	no	no	yes	identical	only-in-right	only-in-right	-
artifact:stat1_bonus	artifact	no	no	yes	identical	only-in-right	only-in-right	-
artifact:stat2_bonus	artifact	no	no	yes	identical	only-in-right	only-in-right	-
artifact:stat3_bonus	artifact	no	no	yes	identical	only-in-right	only-in-right	-
artifact:stfhlyblt	artifact	yes	yes	yes	identical	token-level	token-level	bolt_fire,category,fdart,questonly?
artifact:stone_artifact	artifact	yes	yes	no	identical	only-in-left	only-in-left	-
artifact:stone_energy	artifact	no	no	yes	identical	only-in-right	only-in-right	-
artifact:stone_luck	artifact	no	no	yes	identical	only-in-right	only-in-right	-
artifact:stone_meek	artifact	no	no	yes	identical	only-in-right	only-in-right	-
artifact:stone_might	artifact	no	no	yes	identical	only-in-right	only-in-right	-
artifact:stone_ring	artifact	yes	yes	no	identical	only-in-left	only-in-left	-
artifact:sundial_key	artifact	yes	yes	yes	identical	token-level	token-level	category,image,questonly?
artifact:swift_axe	artifact	yes	yes	no	identical	only-in-left	only-in-left	-
artifact:sword_burning	artifact	no	no	yes	identical	only-in-right	only-in-right	-
artifact:sword_crusader	artifact	no	no	yes	identical	only-in-right	only-in-right	-
artifact:sword_dark	artifact	no	no	yes	identical	only-in-right	only-in-right	-
artifact:sword_enlightenment	artifact	no	no	yes	identical	only-in-right	only-in-right	-
artifact:sword_flames	artifact	no	no	yes	identical	only-in-right	only-in-right	-
artifact:sword_ice	artifact	no	no	yes	identical	only-in-right	only-in-right	-
artifact:sword_of_flames	artifact	yes	yes	no	identical	only-in-left	only-in-left	-
artifact:sword_of_quality	artifact	yes	yes	no	identical	only-in-left	only-in-left	-
artifact:sword_quality	artifact	no	no	yes	identical	only-in-right	only-in-right	-
artifact:sword_soulstealer	artifact	no	no	yes	identical	only-in-right	only-in-right	-
artifact:sword_spectral	artifact	no	no	yes	identical	only-in-right	only-in-right	-
artifact:sword_thunder	artifact	no	no	yes	identical	only-in-right	only-in-right	-
artifact:sword_wave	artifact	no	no	yes	identical	only-in-right	only-in-right	-
artifact:sword_windbreaker	artifact	no	no	yes	identical	only-in-right	only-in-right	-
artifact:thiefart	artifact	yes	yes	yes	identical	token-level	token-level	category,questonly?
artifact:thunderblade	artifact	yes	yes	no	identical	only-in-left	only-in-left	-
artifact:tidalblade	artifact	yes	yes	no	identical	only-in-left	only-in-left	-
artifact:token_insane	artifact	no	no	yes	identical	only-in-right	only-in-right	-
artifact:turn_stat_bonus	artifact	no	no	yes	identical	only-in-right	only-in-right	-
artifact:waterstaff	artifact	yes	yes	no	identical	only-in-left	only-in-left	-
artifact:welanhelm	artifact	yes	yes	yes	identical	token-level	token-level	category,healing_waters,healwater,image,questonly?
artifact:welanmail	artifact	yes	yes	yes	identical	token-level	token-level	category,questonly?
artifact:welanplate	artifact	yes	yes	yes	identical	token-level	token-level	category,questonly?,ricause,righteous_cause
artifact:wexcross	artifact	yes	yes	yes	identical	token-level	token-level	T_artifact_descript_wexcross,T_artifact_name_wexcross,attack_proc,category,description,faith,image,mod_proc,name,questonly?,unmod_proc
artifact:windbreaker	artifact	yes	yes	no	identical	only-in-left	only-in-left	-
artifact:writofcamd	artifact	yes	yes	yes	identical	token-level	token-level	category,questonly?
building:BARRACKS	building	yes	yes	yes	identical	token-level	token-level	-
building:HUT	building	yes	yes	yes	identical	token-level	token-level	-
building:KEEP	building	yes	yes	yes	identical	token-level	token-level	-
building:LIBRARY	building	yes	yes	yes	identical	token-level	token-level	-
building:MAGISTRATE	building	yes	yes	yes	identical	token-level	token-level	-
building:MARKETPLACE	building	yes	yes	yes	identical	token-level	token-level	-
building:SPECIAL_BUILDING	building	yes	yes	yes	identical	token-level	token-level	-
building:TAVERN	building	yes	yes	yes	identical	token-level	token-level	-
building:TEMPLE	building	yes	yes	yes	identical	token-level	token-level	-
building:THIEVES_GUILD	building	yes	yes	yes	identical	token-level	token-level	-
building:WATCH_TOWER	building	yes	yes	yes	identical	token-level	token-level	-
building:WIZARDS_TOWER	building	yes	yes	yes	identical	token-level	token-level	-
encounter:aigtem	encounter	yes	yes	no	identical	only-in-left	only-in-left	-
encounter:air/aicave	encounter	no	no	yes	identical	only-in-right	only-in-right	-
encounter:air/aidung	encounter	no	no	yes	identical	only-in-right	only-in-right	-
encounter:air/aigtem	encounter	no	no	yes	identical	only-in-right	only-in-right	-
encounter:air/aimina	encounter	no	no	yes	identical	only-in-right	only-in-right	-
encounter:air/aiminc	encounter	no	no	yes	identical	only-in-right	only-in-right	-
encounter:air/aiming	encounter	no	no	yes	identical	only-in-right	only-in-right	-
encounter:air/aimult	encounter	no	no	yes	identical	only-in-right	only-in-right	-
encounter:air/airmult	encounter	yes	yes	yes	identical	token-level	token-level	name,type_override,unknown_name
encounter:air/aistat	encounter	no	no	yes	identical	only-in-right	only-in-right	-
encounter:air/aitowe	encounter	no	no	yes	identical	only-in-right	only-in-right	-
encounter:air/frost_dragoncave	encounter	no	no	yes	identical	only-in-right	only-in-right	-
encounter:air/gen_sprite	encounter	no	no	yes	identical	only-in-right	only-in-right	-
encounter:air/genair	encounter	yes	yes	yes	identical	identical	identical	-
encounter:bridge	encounter	yes	yes	no	identical	only-in-left	only-in-left	-
encounter:chaos/chaosmult	encounter	yes	yes	yes	identical	token-level	token-level	name,type_override,unknown_name
encounter:chaos/chcave	encounter	no	no	yes	identical	only-in-right	only-in-right	-
encounter:chaos/chdung	encounter	no	no	yes	identical	only-in-right	only-in-right	-
encounter:chaos/chgtem	encounter	no	no	yes	identical	only-in-right	only-in-right	-
encounter:chaos/chmina	encounter	no	no	yes	identical	only-in-right	only-in-right	-
encounter:chaos/chminc	encounter	no	no	yes	identical	only-in-right	only-in-right	-
encounter:chaos/chming	encounter	no	no	yes	identical	only-in-right	only-in-right	-
encounter:chaos/chmult	encounter	no	no	yes	identical	only-in-right	only-in-right	-
encounter:chaos/chstat	encounter	no	no	yes	identical	only-in-right	only-in-right	-
encounter:chaos/chtowe	encounter	no	no	yes	identical	only-in-right	only-in-right	-
encounter:chaos/cyclopscave	encounter	no	no	yes	identical	only-in-right	only-in-right	-
encounter:chaos/genchaos	encounter	yes	yes	yes	identical	token-level	token-level	CAV1,CAV2,CAVS,CBIG1,CBIG2,CBIGS,CHAMPS,CMID1,CMID2,CMIDS,CSMALL1,CSMALL2,CSMALLS,FIT1,FIT2,FITS,INF1,INF2,INFS,MILS,MIS1,MIS2,MISS,SQUAD_HIGH,SQUAD_LOW,SQUAD_MED,THF1,THF2,THFS,WIZ1,WIZ2,WIZS,army_specification,mapfile,tileset
encounter:chaos/genorc	encounter	yes	yes	yes	identical	token-level	token-level	CHAMP1,CHAMP2,CHAMP3,CHAMPS,MIL1,MIL2,MIL3,MILS,army_specification
encounter:chaos/witchtowr	encounter	no	no	yes	identical	only-in-right	only-in-right	-
encounter:chgtem	encounter	yes	yes	no	identical	only-in-left	only-in-left	-
encounter:cyclopscave	encounter	yes	yes	no	identical	only-in-left	only-in-left	-
encounter:death/altosac	encounter	yes	yes	no	identical	only-in-left	only-in-left	-
encounter:death/deathcaves	encounter	yes	yes	no	identical	only-in-left	only-in-left	-
encounter:death/deathgt	encounter	yes	yes	no	identical	only-in-left	only-in-left	-
encounter:death/deathmult	encounter	yes	yes	yes	identical	token-level	token-level	name,unknown_name
encounter:death/decave	encounter	no	no	yes	identical	only-in-right	only-in-right	-
encounter:death/dedung	encounter	no	no	yes	identical	only-in-right	only-in-right	-
encounter:death/degtem	encounter	no	no	yes	identical	only-in-right	only-in-right	-
encounter:death/demina	encounter	no	no	yes	identical	only-in-right	only-in-right	-
encounter:death/deminc	encounter	no	no	yes	identical	only-in-right	only-in-right	-
encounter:death/deming	encounter	no	no	yes	identical	only-in-right	only-in-right	-
encounter:death/demult	encounter	no	no	yes	identical	only-in-right	only-in-right	-
encounter:death/destat	encounter	no	no	yes	identical	only-in-right	only-in-right	-
encounter:death/detowe	encounter	no	no	yes	identical	only-in-right	only-in-right	-
encounter:death/encounter2	encounter	yes	yes	no	identical	only-in-left	only-in-left	-
encounter:death/encounter3	encounter	yes	yes	no	identical	only-in-left	only-in-left	-
encounter:death/encounter4a	encounter	yes	yes	no	identical	only-in-left	only-in-left	-
encounter:death/encounter4b	encounter	yes	yes	no	identical	only-in-left	only-in-left	-
encounter:death/encounter4c	encounter	yes	yes	no	identical	only-in-left	only-in-left	-
encounter:death/encounter5	encounter	yes	yes	no	identical	only-in-left	only-in-left	-
encounter:death/gen_undead	encounter	no	no	yes	identical	only-in-right	only-in-right	-
encounter:death/gendeath	encounter	yes	yes	yes	identical	identical	identical	-
encounter:death/lichcastle	encounter	no	no	yes	identical	only-in-right	only-in-right	-
encounter:death/quest/altosac	encounter	no	no	yes	identical	only-in-right	only-in-right	-
encounter:death/quest/deathcaves	encounter	no	no	yes	identical	only-in-right	only-in-right	-
encounter:death/quest/deathgt	encounter	no	no	yes	identical	only-in-right	only-in-right	-
encounter:death/quest/encounter2	encounter	no	no	yes	identical	only-in-right	only-in-right	-
encounter:death/quest/encounter3	encounter	no	no	yes	identical	only-in-right	only-in-right	-
encounter:death/quest/encounter4a	encounter	no	no	yes	identical	only-in-right	only-in-right	-
encounter:death/quest/encounter4b	encounter	no	no	yes	identical	only-in-right	only-in-right	-
encounter:death/quest/encounter4c	encounter	no	no	yes	identical	only-in-right	only-in-right	-
encounter:death/quest/encounter5	encounter	no	no	yes	identical	only-in-right	only-in-right	-
encounter:death/vamp_nest	encounter	no	no	yes	identical	only-in-right	only-in-right	-
encounter:degtem	encounter	yes	yes	no	identical	only-in-left	only-in-left	-
encounter:dragoncave	encounter	yes	yes	no	identical	only-in-left	only-in-left	-
encounter:dummy	encounter	yes	yes	yes	identical	formatting-only	formatting-only	-
encounter:eagtem	encounter	yes	yes	no	identical	only-in-left	only-in-left	-
encounter:earth/barrow2	encounter	yes	yes	no	identical	only-in-left	only-in-left	-
encounter:earth/barrows	encounter	yes	yes	no	identical	only-in-left	only-in-left	-
encounter:earth/bridge	encounter	no	no	yes	identical	only-in-right	only-in-right	-
encounter:earth/eacave	encounter	no	no	yes	identical	only-in-right	only-in-right	-
encounter:earth/eadung	encounter	no	no	yes	identical	only-in-right	only-in-right	-
encounter:earth/eagtem	encounter	no	no	yes	identical	only-in-right	only-in-right	-
encounter:earth/eamina	encounter	no	no	yes	identical	only-in-right	only-in-right	-
encounter:earth/eaminc	encounter	no	no	yes	identical	only-in-right	only-in-right	-
encounter:earth/eaming	encounter	no	no	yes	identical	only-in-right	only-in-right	-
encounter:earth/eamult	encounter	no	no	yes	identical	only-in-right	only-in-right	-
encounter:earth/earthmult	encounter	yes	yes	yes	identical	token-level	token-level	name,tileset,unknown_name
encounter:earth/eastat	encounter	no	no	yes	identical	only-in-right	only-in-right	-
encounter:earth/eatowe	encounter	no	no	yes	identical	only-in-right	only-in-right	-
encounter:earth/encounter1	encounter	yes	yes	no	identical	only-in-left	only-in-left	-
encounter:earth/encounter10	encounter	yes	yes	no	identical	only-in-left	only-in-left	-
encounter:earth/encounter11	encounter	yes	yes	no	identical	only-in-left	only-in-left	-
encounter:earth/encounter12	encounter	yes	yes	no	identical	only-in-left	only-in-left	-
encounter:earth/encounter13	encounter	yes	yes	no	identical	only-in-left	only-in-left	-
encounter:earth/encounter14	encounter	yes	yes	no	identical	only-in-left	only-in-left	-
encounter:earth/encounter15	encounter	yes	yes	no	identical	only-in-left	only-in-left	-
encounter:earth/encounter16	encounter	yes	yes	no	identical	only-in-left	only-in-left	-
encounter:earth/encounter17	encounter	yes	yes	no	identical	only-in-left	only-in-left	-
encounter:earth/encounter18	encounter	yes	yes	no	identical	only-in-left	only-in-left	-
encounter:earth/encounter19	encounter	yes	yes	no	identical	only-in-left	only-in-left	-
encounter:earth/encounter2	encounter	yes	yes	no	identical	only-in-left	only-in-left	-
encounter:earth/encounter20	encounter	yes	yes	no	identical	only-in-left	only-in-left	-
encounter:earth/encounter21	encounter	yes	yes	no	identical	only-in-left	only-in-left	-
encounter:earth/encounter22	encounter	yes	yes	no	identical	only-in-left	only-in-left	-
encounter:earth/encounter23	encounter	yes	yes	no	identical	only-in-left	only-in-left	-
encounter:earth/encounter24	encounter	yes	yes	no	identical	only-in-left	only-in-left	-
encounter:earth/encounter25	encounter	yes	yes	no	identical	only-in-left	only-in-left	-
encounter:earth/encounter26	encounter	yes	yes	no	identical	only-in-left	only-in-left	-
encounter:earth/encounter27	encounter	yes	yes	no	identical	only-in-left	only-in-left	-
encounter:earth/encounter27B	encounter	yes	yes	no	identical	only-in-left	only-in-left	-
encounter:earth/encounter28	encounter	yes	yes	no	identical	only-in-left	only-in-left	-
encounter:earth/encounter28B	encounter	yes	yes	no	identical	only-in-left	only-in-left	-
encounter:earth/encounter29	encounter	yes	yes	no	identical	only-in-left	only-in-left	-
encounter:earth/encounter3	encounter	yes	yes	no	identical	only-in-left	only-in-left	-
encounter:earth/encounter30	encounter	yes	yes	no	identical	only-in-left	only-in-left	-
encounter:earth/encounter31	encounter	yes	yes	no	identical	only-in-left	only-in-left	-
encounter:earth/encounter32	encounter	yes	yes	no	identical	only-in-left	only-in-left	-
encounter:earth/encounter4	encounter	yes	yes	no	identical	only-in-left	only-in-left	-
encounter:earth/encounter5	encounter	yes	yes	no	identical	only-in-left	only-in-left	-
encounter:earth/encounter6	encounter	yes	yes	no	identical	only-in-left	only-in-left	-
encounter:earth/encounter7	encounter	yes	yes	no	identical	only-in-left	only-in-left	-
encounter:earth/encounter8	encounter	yes	yes	no	identical	only-in-left	only-in-left	-
encounter:earth/encounter9	encounter	yes	yes	no	identical	only-in-left	only-in-left	-
encounter:earth/genbrew	encounter	yes	yes	no	identical	only-in-left	only-in-left	-
encounter:earth/gencrys	encounter	yes	yes	no	identical	only-in-left	only-in-left	-
encounter:earth/genearth	encounter	yes	yes	yes	identical	formatting-only	formatting-only	-
encounter:earth/gengold	encounter	yes	yes	no	identical	only-in-left	only-in-left	-
encounter:earth/gentroll	encounter	yes	yes	yes	identical	token-level	token-level	army_specification,mapfile,type_override
encounter:earth/orccave	encounter	no	no	yes	identical	only-in-right	only-in-right	-
encounter:earth/orccaves	encounter	yes	yes	no	identical	only-in-left	only-in-left	-
encounter:earth/orccaves2	encounter	yes	yes	no	identical	only-in-left	only-in-left	-
encounter:earth/orccaves3	encounter	yes	yes	no	identical	only-in-left	only-in-left	-
encounter:earth/quest/barrow2	encounter	no	no	yes	identical	only-in-right	only-in-right	-
encounter:earth/quest/barrows	encounter	no	no	yes	identical	only-in-right	only-in-right	-
encounter:earth/quest/encounter1	encounter	no	no	yes	identical	only-in-right	only-in-right	-
encounter:earth/quest/encounter10	encounter	no	no	yes	identical	only-in-right	only-in-right	-
encounter:earth/quest/encounter11	encounter	no	no	yes	identical	only-in-right	only-in-right	-
encounter:earth/quest/encounter12	encounter	no	no	yes	identical	only-in-right	only-in-right	-
encounter:earth/quest/encounter13	encounter	no	no	yes	identical	only-in-right	only-in-right	-
encounter:earth/quest/encounter14	encounter	no	no	yes	identical	only-in-right	only-in-right	-
encounter:earth/quest/encounter15	encounter	no	no	yes	identical	only-in-right	only-in-right	-
encounter:earth/quest/encounter16	encounter	no	no	yes	identical	only-in-right	only-in-right	-
encounter:earth/quest/encounter17	encounter	no	no	yes	identical	only-in-right	only-in-right	-
encounter:earth/quest/encounter18	encounter	no	no	yes	identical	only-in-right	only-in-right	-
encounter:earth/quest/encounter19	encounter	no	no	yes	identical	only-in-right	only-in-right	-
encounter:earth/quest/encounter2	encounter	no	no	yes	identical	only-in-right	only-in-right	-
encounter:earth/quest/encounter20	encounter	no	no	yes	identical	only-in-right	only-in-right	-
encounter:earth/quest/encounter21	encounter	no	no	yes	identical	only-in-right	only-in-right	-
encounter:earth/quest/encounter22	encounter	no	no	yes	identical	only-in-right	only-in-right	-
encounter:earth/quest/encounter23	encounter	no	no	yes	identical	only-in-right	only-in-right	-
encounter:earth/quest/encounter24	encounter	no	no	yes	identical	only-in-right	only-in-right	-
encounter:earth/quest/encounter25	encounter	no	no	yes	identical	only-in-right	only-in-right	-
encounter:earth/quest/encounter26	encounter	no	no	yes	identical	only-in-right	only-in-right	-
encounter:earth/quest/encounter27	encounter	no	no	yes	identical	only-in-right	only-in-right	-
encounter:earth/quest/encounter27B	encounter	no	no	yes	identical	only-in-right	only-in-right	-
encounter:earth/quest/encounter28	encounter	no	no	yes	identical	only-in-right	only-in-right	-
encounter:earth/quest/encounter28B	encounter	no	no	yes	identical	only-in-right	only-in-right	-
encounter:earth/quest/encounter29	encounter	no	no	yes	identical	only-in-right	only-in-right	-
encounter:earth/quest/encounter3	encounter	no	no	yes	identical	only-in-right	only-in-right	-
encounter:earth/quest/encounter30	encounter	no	no	yes	identical	only-in-right	only-in-right	-
encounter:earth/quest/encounter31	encounter	no	no	yes	identical	only-in-right	only-in-right	-
encounter:earth/quest/encounter32	encounter	no	no	yes	identical	only-in-right	only-in-right	-
encounter:earth/quest/encounter4	encounter	no	no	yes	identical	only-in-right	only-in-right	-
encounter:earth/quest/encounter5	encounter	no	no	yes	identical	only-in-right	only-in-right	-
encounter:earth/quest/encounter6	encounter	no	no	yes	identical	only-in-right	only-in-right	-
encounter:earth/quest/encounter7	encounter	no	no	yes	identical	only-in-right	only-in-right	-
encounter:earth/quest/encounter8	encounter	no	no	yes	identical	only-in-right	only-in-right	-
encounter:earth/quest/encounter9	encounter	no	no	yes	identical	only-in-right	only-in-right	-
encounter:earth/quest/genbrew	encounter	no	no	yes	identical	only-in-right	only-in-right	-
encounter:earth/quest/gencrys	encounter	no	no	yes	identical	only-in-right	only-in-right	-
encounter:earth/quest/gengold	encounter	no	no	yes	identical	only-in-right	only-in-right	-
encounter:earth/quest/orccaves	encounter	no	no	yes	identical	only-in-right	only-in-right	-
encounter:earth/quest/orccaves2	encounter	no	no	yes	identical	only-in-right	only-in-right	-
encounter:earth/quest/orccaves3	encounter	no	no	yes	identical	only-in-right	only-in-right	-
encounter:earth/quest/spiderwebs	encounter	no	no	yes	identical	only-in-right	only-in-right	-
encounter:earth/quest/swampcaves	encounter	no	no	yes	identical	only-in-right	only-in-right	-
encounter:earth/quest/trollcaves	encounter	no	no	yes	identical	only-in-right	only-in-right	-
encounter:earth/spiderwebs	encounter	yes	yes	no	identical	only-in-left	only-in-left	-
encounter:earth/swampcaves	encounter	yes	yes	no	identical	only-in-left	only-in-left	-
encounter:earth/trollcaves	encounter	yes	yes	no	identical	only-in-left	only-in-left	-
encounter:encountert	encounter	yes	yes	yes	identical	token-level	token-level	-
encounter:figtem	encounter	yes	yes	no	identical	only-in-left	only-in-left	-
encounter:fire/encounter1	encounter	yes	yes	no	identical	only-in-left	only-in-left	-
encounter:fire/encounter2	encounter	yes	yes	no	identical	only-in-left	only-in-left	-
encounter:fire/encounter2alt	encounter	yes	yes	no	identical	only-in-left	only-in-left	-
encounter:fire/encounter3	encounter	yes	yes	no	identical	only-in-left	only-in-left	-
encounter:fire/encounter4	encounter	yes	yes	no	identical	only-in-left	only-in-left	-
encounter:fire/encounter4a	encounter	yes	yes	no	identical	only-in-left	only-in-left	-
encounter:fire/encounter4b	encounter	yes	yes	no	identical	only-in-left	only-in-left	-
encounter:fire/encounter4c	encounter	yes	yes	no	identical	only-in-left	only-in-left	-
encounter:fire/encounter5	encounter	yes	yes	no	identical	only-in-left	only-in-left	-
encounter:fire/encounter6	encounter	yes	yes	no	identical	only-in-left	only-in-left	-
encounter:fire/encounter7	encounter	yes	yes	no	identical	only-in-left	only-in-left	-
encounter:fire/encounter8	encounter	yes	yes	no	identical	only-in-left	only-in-left	-
encounter:fire/ficave	encounter	no	no	yes	identical	only-in-right	only-in-right	-
encounter:fire/fidung	encounter	no	no	yes	identical	only-in-right	only-in-right	-
encounter:fire/figtem	encounter	no	no	yes	identical	only-in-right	only-in-right	-
encounter:fire/fimina	encounter	no	no	yes	identical	only-in-right	only-in-right	-
encounter:fire/fiminc	encounter	no	no	yes	identical	only-in-right	only-in-right	-
encounter:fire/fiming	encounter	no	no	yes	identical	only-in-right	only-in-right	-
encounter:fire/fimult	encounter	no	no	yes	identical	only-in-right	only-in-right	-
encounter:fire/fire_dragoncave	encounter	no	no	yes	identical	only-in-right	only-in-right	-
encounter:fire/firecaves2	encounter	yes	yes	no	identical	only-in-left	only-in-left	-
encounter:fire/firemult	encounter	yes	yes	yes	identical	token-level	token-level	name,unknown_name
encounter:fire/fistat	encounter	no	no	yes	identical	only-in-right	only-in-right	-
encounter:fire/fitowe	encounter	no	no	yes	identical	only-in-right	only-in-right	-
encounter:fire/gen_demon	encounter	no	no	yes	identical	only-in-right	only-in-right	-
encounter:fire/genfire	encounter	yes	yes	yes	identical	identical	identical	-
encounter:fire/quest/encounter1	encounter	no	no	yes	identical	only-in-right	only-in-right	-
encounter:fire/quest/encounter2	encounter	no	no	yes	identical	only-in-right	only-in-right	-
encounter:fire/quest/encounter2alt	encounter	no	no	yes	identical	only-in-right	only-in-right	-
encounter:fire/quest/encounter3	encounter	no	no	yes	identical	only-in-right	only-in-right	-
encounter:fire/quest/encounter4	encounter	no	no	yes	identical	only-in-right	only-in-right	-
encounter:fire/quest/encounter4a	encounter	no	no	yes	identical	only-in-right	only-in-right	-
encounter:fire/quest/encounter4b	encounter	no	no	yes	identical	only-in-right	only-in-right	-
encounter:fire/quest/encounter4c	encounter	no	no	yes	identical	only-in-right	only-in-right	-
encounter:fire/quest/encounter5	encounter	no	no	yes	identical	only-in-right	only-in-right	-
encounter:fire/quest/encounter6	encounter	no	no	yes	identical	only-in-right	only-in-right	-
encounter:fire/quest/encounter7	encounter	no	no	yes	identical	only-in-right	only-in-right	-
encounter:fire/quest/encounter8	encounter	no	no	yes	identical	only-in-right	only-in-right	-
encounter:fire/quest/firecaves2	encounter	no	no	yes	identical	only-in-right	only-in-right	-
encounter:generate/aicave	encounter	yes	yes	no	identical	only-in-left	only-in-left	-
encounter:generate/aidung	encounter	yes	yes	no	identical	only-in-left	only-in-left	-
encounter:generate/aimina	encounter	yes	yes	no	identical	only-in-left	only-in-left	-
encounter:generate/aiminc	encounter	yes	yes	no	identical	only-in-left	only-in-left	-
encounter:generate/aiming	encounter	yes	yes	no	identical	only-in-left	only-in-left	-
encounter:generate/aimult	encounter	yes	yes	no	identical	only-in-left	only-in-left	-
encounter:generate/aistat	encounter	yes	yes	no	identical	only-in-left	only-in-left	-
encounter:generate/aitowe	encounter	yes	yes	no	identical	only-in-left	only-in-left	-
encounter:generate/chcave	encounter	yes	yes	no	identical	only-in-left	only-in-left	-
encounter:generate/chdung	encounter	yes	yes	no	identical	only-in-left	only-in-left	-
encounter:generate/chmina	encounter	yes	yes	no	identical	only-in-left	only-in-left	-
encounter:generate/chminc	encounter	yes	yes	no	identical	only-in-left	only-in-left	-
encounter:generate/chming	encounter	yes	yes	no	identical	only-in-left	only-in-left	-
encounter:generate/chmult	encounter	yes	yes	no	identical	only-in-left	only-in-left	-
encounter:generate/chstat	encounter	yes	yes	no	identical	only-in-left	only-in-left	-
encounter:generate/chtowe	encounter	yes	yes	no	identical	only-in-left	only-in-left	-
encounter:generate/decave	encounter	yes	yes	no	identical	only-in-left	only-in-left	-
encounter:generate/dedung	encounter	yes	yes	no	identical	only-in-left	only-in-left	-
encounter:generate/demina	encounter	yes	yes	no	identical	only-in-left	only-in-left	-
encounter:generate/deminc	encounter	yes	yes	no	identical	only-in-left	only-in-left	-
encounter:generate/deming	encounter	yes	yes	no	identical	only-in-left	only-in-left	-
encounter:generate/demult	encounter	yes	yes	no	identical	only-in-left	only-in-left	-
encounter:generate/destat	encounter	yes	yes	no	identical	only-in-left	only-in-left	-
encounter:generate/detowe	encounter	yes	yes	no	identical	only-in-left	only-in-left	-
encounter:generate/eacave	encounter	yes	yes	no	identical	only-in-left	only-in-left	-
encounter:generate/eadung	encounter	yes	yes	no	identical	only-in-left	only-in-left	-
encounter:generate/eamina	encounter	yes	yes	no	identical	only-in-left	only-in-left	-
encounter:generate/eaminc	encounter	yes	yes	no	identical	only-in-left	only-in-left	-
encounter:generate/eaming	encounter	yes	yes	no	identical	only-in-left	only-in-left	-
encounter:generate/eamult	encounter	yes	yes	no	identical	only-in-left	only-in-left	-
encounter:generate/eastat	encounter	yes	yes	no	identical	only-in-left	only-in-left	-
encounter:generate/eatowe	encounter	yes	yes	no	identical	only-in-left	only-in-left	-
encounter:generate/ficave	encounter	yes	yes	no	identical	only-in-left	only-in-left	-
encounter:generate/fidung	encounter	yes	yes	no	identical	only-in-left	only-in-left	-
encounter:generate/fimina	encounter	yes	yes	no	identical	only-in-left	only-in-left	-
encounter:generate/fiminc	encounter	yes	yes	no	identical	only-in-left	only-in-left	-
encounter:generate/fiming	encounter	yes	yes	no	identical	only-in-left	only-in-left	-
encounter:generate/fimult	encounter	yes	yes	no	identical	only-in-left	only-in-left	-
encounter:generate/fistat	encounter	yes	yes	no	identical	only-in-left	only-in-left	-
encounter:generate/fitowe	encounter	yes	yes	no	identical	only-in-left	only-in-left	-
encounter:generate/licave	encounter	yes	yes	no	identical	only-in-left	only-in-left	-
encounter:generate/lidung	encounter	yes	yes	no	identical	only-in-left	only-in-left	-
encounter:generate/limina	encounter	yes	yes	no	identical	only-in-left	only-in-left	-
encounter:generate/liminc	encounter	yes	yes	no	identical	only-in-left	only-in-left	-
encounter:generate/liming	encounter	yes	yes	no	identical	only-in-left	only-in-left	-
encounter:generate/limult	encounter	yes	yes	no	identical	only-in-left	only-in-left	-
encounter:generate/listat	encounter	yes	yes	no	identical	only-in-left	only-in-left	-
encounter:generate/litowe	encounter	yes	yes	no	identical	only-in-left	only-in-left	-
encounter:generate/orcave	encounter	yes	yes	no	identical	only-in-left	only-in-left	-
encounter:generate/ordung	encounter	yes	yes	no	identical	only-in-left	only-in-left	-
encounter:generate/ormina	encounter	yes	yes	no	identical	only-in-left	only-in-left	-
encounter:generate/orminc	encounter	yes	yes	no	identical	only-in-left	only-in-left	-
encounter:generate/orming	encounter	yes	yes	no	identical	only-in-left	only-in-left	-
encounter:generate/ormult	encounter	yes	yes	no	identical	only-in-left	only-in-left	-
encounter:generate/orstat	encounter	yes	yes	no	identical	only-in-left	only-in-left	-
encounter:generate/ortowe	encounter	yes	yes	no	identical	only-in-left	only-in-left	-
encounter:generate/wacave	encounter	yes	yes	no	identical	only-in-left	only-in-left	-
encounter:generate/wadung	encounter	yes	yes	no	identical	only-in-left	only-in-left	-
encounter:generate/wamina	encounter	yes	yes	no	identical	only-in-left	only-in-left	-
encounter:generate/waminc	encounter	yes	yes	no	identical	only-in-left	only-in-left	-
encounter:generate/waming	encounter	yes	yes	no	identical	only-in-left	only-in-left	-
encounter:generate/wamult	encounter	yes	yes	no	identical	only-in-left	only-in-left	-
encounter:generate/wastat	encounter	yes	yes	no	identical	only-in-left	only-in-left	-
encounter:generate/watowe	encounter	yes	yes	no	identical	only-in-left	only-in-left	-
encounter:hidden/encounter1	encounter	yes	yes	yes	identical	identical	identical	-
encounter:hidden/encounter10	encounter	yes	yes	yes	identical	token-level	token-level	-
encounter:hidden/encounter11	encounter	yes	yes	yes	identical	identical	identical	-
encounter:hidden/encounter12	encounter	yes	yes	yes	identical	token-level	token-level	-
encounter:hidden/encounter2	encounter	yes	yes	yes	identical	token-level	token-level	-
encounter:hidden/encounter3	encounter	yes	yes	yes	identical	identical	identical	-
encounter:hidden/encounter4	encounter	yes	yes	yes	identical	identical	identical	-
encounter:hidden/encounter5	encounter	yes	yes	yes	identical	token-level	token-level	-
encounter:hidden/encounter6	encounter	yes	yes	yes	identical	identical	identical	-
encounter:hidden/encounter7	encounter	yes	yes	yes	identical	token-level	token-level	-
encounter:hidden/encounter8	encounter	yes	yes	yes	identical	identical	identical	-
encounter:hidden/encounter9	encounter	yes	yes	yes	identical	token-level	token-level	-
encounter:hidden/genbrew	encounter	yes	yes	yes	identical	identical	identical	-
encounter:hidden/gencrys	encounter	yes	yes	yes	identical	identical	identical	-
encounter:hidden/gengold	encounter	yes	yes	yes	identical	identical	identical	-
encounter:lichcastle	encounter	yes	yes	no	identical	only-in-left	only-in-left	-
encounter:life/genbeast	encounter	yes	yes	yes	identical	token-level	token-level	army_specification
encounter:life/genlife	encounter	yes	yes	yes	identical	identical	identical	-
encounter:life/licave	encounter	no	no	yes	identical	only-in-right	only-in-right	-
encounter:life/lidung	encounter	no	no	yes	identical	only-in-right	only-in-right	-
encounter:life/lifemult	encounter	yes	yes	yes	identical	token-level	token-level	name,unknown_name
encounter:life/ligtem	encounter	no	no	yes	identical	only-in-right	only-in-right	-
encounter:life/limina	encounter	no	no	yes	identical	only-in-right	only-in-right	-
encounter:life/liminc	encounter	no	no	yes	identical	only-in-right	only-in-right	-
encounter:life/liming	encounter	no	no	yes	identical	only-in-right	only-in-right	-
encounter:life/limult	encounter	no	no	yes	identical	only-in-right	only-in-right	-
encounter:life/listat	encounter	no	no	yes	identical	only-in-right	only-in-right	-
encounter:life/litowe	encounter	no	no	yes	identical	only-in-right	only-in-right	-
encounter:ligtem	encounter	yes	yes	no	identical	only-in-left	only-in-left	-
encounter:mnstrnospawn	encounter	yes	yes	yes	identical	token-level	token-level	-
encounter:orccave	encounter	yes	yes	no	identical	only-in-left	only-in-left	-
encounter:order/encounter1	encounter	yes	yes	no	identical	only-in-left	only-in-left	-
encounter:order/encounter10	encounter	yes	yes	no	identical	only-in-left	only-in-left	-
encounter:order/encounter100	encounter	yes	yes	no	identical	only-in-left	only-in-left	-
encounter:order/encounter101	encounter	yes	yes	no	identical	only-in-left	only-in-left	-
encounter:order/encounter102	encounter	yes	yes	no	identical	only-in-left	only-in-left	-
encounter:order/encounter103	encounter	yes	yes	no	identical	only-in-left	only-in-left	-
encounter:order/encounter104	encounter	yes	yes	no	identical	only-in-left	only-in-left	-
encounter:order/encounter105	encounter	yes	yes	no	identical	only-in-left	only-in-left	-
encounter:order/encounter106	encounter	yes	yes	no	identical	only-in-left	only-in-left	-
encounter:order/encounter107	encounter	yes	yes	no	identical	only-in-left	only-in-left	-
encounter:order/encounter108	encounter	yes	yes	no	identical	only-in-left	only-in-left	-
encounter:order/encounter109	encounter	yes	yes	no	identical	only-in-left	only-in-left	-
encounter:order/encounter11	encounter	yes	yes	no	identical	only-in-left	only-in-left	-
encounter:order/encounter110	encounter	yes	yes	no	identical	only-in-left	only-in-left	-
encounter:order/encounter111	encounter	yes	yes	no	identical	only-in-left	only-in-left	-
encounter:order/encounter112	encounter	yes	yes	no	identical	only-in-left	only-in-left	-
encounter:order/encounter113	encounter	yes	yes	no	identical	only-in-left	only-in-left	-
encounter:order/encounter114	encounter	yes	yes	no	identical	only-in-left	only-in-left	-
encounter:order/encounter115	encounter	yes	yes	no	identical	only-in-left	only-in-left	-
encounter:order/encounter116	encounter	yes	yes	no	identical	only-in-left	only-in-left	-
encounter:order/encounter118	encounter	yes	yes	no	identical	only-in-left	only-in-left	-
encounter:order/encounter12	encounter	yes	yes	no	identical	only-in-left	only-in-left	-
encounter:order/encounter13	encounter	yes	yes	no	identical	only-in-left	only-in-left	-
encounter:order/encounter14	encounter	yes	yes	no	identical	only-in-left	only-in-left	-
encounter:order/encounter16	encounter	yes	yes	no	identical	only-in-left	only-in-left	-
encounter:order/encounter17	encounter	yes	yes	no	identical	only-in-left	only-in-left	-
encounter:order/encounter18	encounter	yes	yes	no	identical	only-in-left	only-in-left	-
encounter:order/encounter19	encounter	yes	yes	no	identical	only-in-left	only-in-left	-
encounter:order/encounter2	encounter	yes	yes	no	identical	only-in-left	only-in-left	-
encounter:order/encounter20	encounter	yes	yes	no	identical	only-in-left	only-in-left	-
encounter:order/encounter20b	encounter	yes	yes	no	identical	only-in-left	only-in-left	-
encounter:order/encounter21	encounter	yes	yes	no	identical	only-in-left	only-in-left	-
encounter:order/encounter22	encounter	yes	yes	no	identical	only-in-left	only-in-left	-
encounter:order/encounter23	encounter	yes	yes	no	identical	only-in-left	only-in-left	-
encounter:order/encounter24	encounter	yes	yes	no	identical	only-in-left	only-in-left	-
encounter:order/encounter25	encounter	yes	yes	no	identical	only-in-left	only-in-left	-
encounter:order/encounter26	encounter	yes	yes	no	identical	only-in-left	only-in-left	-
encounter:order/encounter27	encounter	yes	yes	no	identical	only-in-left	only-in-left	-
encounter:order/encounter28	encounter	yes	yes	no	identical	only-in-left	only-in-left	-
encounter:order/encounter29	encounter	yes	yes	no	identical	only-in-left	only-in-left	-
encounter:order/encounter3	encounter	yes	yes	no	identical	only-in-left	only-in-left	-
encounter:order/encounter30	encounter	yes	yes	no	identical	only-in-left	only-in-left	-
encounter:order/encounter31	encounter	yes	yes	no	identical	only-in-left	only-in-left	-
encounter:order/encounter32	encounter	yes	yes	no	identical	only-in-left	only-in-left	-
encounter:order/encounter33	encounter	yes	yes	no	identical	only-in-left	only-in-left	-
encounter:order/encounter34	encounter	yes	yes	no	identical	only-in-left	only-in-left	-
encounter:order/encounter35	encounter	yes	yes	no	identical	only-in-left	only-in-left	-
encounter:order/encounter36	encounter	yes	yes	no	identical	only-in-left	only-in-left	-
encounter:order/encounter37	encounter	yes	yes	no	identical	only-in-left	only-in-left	-
encounter:order/encounter38	encounter	yes	yes	no	identical	only-in-left	only-in-left	-
encounter:order/encounter39	encounter	yes	yes	no	identical	only-in-left	only-in-left	-
encounter:order/encounter4	encounter	yes	yes	no	identical	only-in-left	only-in-left	-
encounter:order/encounter40	encounter	yes	yes	no	identical	only-in-left	only-in-left	-
encounter:order/encounter41	encounter	yes	yes	no	identical	only-in-left	only-in-left	-
encounter:order/encounter42	encounter	yes	yes	no	identical	only-in-left	only-in-left	-
encounter:order/encounter43	encounter	yes	yes	no	identical	only-in-left	only-in-left	-
encounter:order/encounter44	encounter	yes	yes	no	identical	only-in-left	only-in-left	-
encounter:order/encounter45	encounter	yes	yes	no	identical	only-in-left	only-in-left	-
encounter:order/encounter46	encounter	yes	yes	no	identical	only-in-left	only-in-left	-
encounter:order/encounter47	encounter	yes	yes	no	identical	only-in-left	only-in-left	-
encounter:order/encounter48	encounter	yes	yes	no	identical	only-in-left	only-in-left	-
encounter:order/encounter49	encounter	yes	yes	no	identical	only-in-left	only-in-left	-
encounter:order/encounter5	encounter	yes	yes	no	identical	only-in-left	only-in-left	-
encounter:order/encounter50	encounter	yes	yes	no	identical	only-in-left	only-in-left	-
encounter:order/encounter51	encounter	yes	yes	no	identical	only-in-left	only-in-left	-
encounter:order/encounter52	encounter	yes	yes	no	identical	only-in-left	only-in-left	-
encounter:order/encounter53	encounter	yes	yes	no	identical	only-in-left	only-in-left	-
encounter:order/encounter54	encounter	yes	yes	no	identical	only-in-left	only-in-left	-
encounter:order/encounter55	encounter	yes	yes	no	identical	only-in-left	only-in-left	-
encounter:order/encounter56	encounter	yes	yes	no	identical	only-in-left	only-in-left	-
encounter:order/encounter57	encounter	yes	yes	no	identical	only-in-left	only-in-left	-
encounter:order/encounter58	encounter	yes	yes	no	identical	only-in-left	only-in-left	-
encounter:order/encounter59	encounter	yes	yes	no	identical	only-in-left	only-in-left	-
encounter:order/encounter6	encounter	yes	yes	no	identical	only-in-left	only-in-left	-
encounter:order/encounter60	encounter	yes	yes	no	identical	only-in-left	only-in-left	-
encounter:order/encounter61	encounter	yes	yes	no	identical	only-in-left	only-in-left	-
encounter:order/encounter62	encounter	yes	yes	no	identical	only-in-left	only-in-left	-
encounter:order/encounter63	encounter	yes	yes	no	identical	only-in-left	only-in-left	-
encounter:order/encounter64	encounter	yes	yes	no	identical	only-in-left	only-in-left	-
encounter:order/encounter65	encounter	yes	yes	no	identical	only-in-left	only-in-left	-
encounter:order/encounter66	encounter	yes	yes	no	identical	only-in-left	only-in-left	-
encounter:order/encounter67	encounter	yes	yes	no	identical	only-in-left	only-in-left	-
encounter:order/encounter68	encounter	yes	yes	no	identical	only-in-left	only-in-left	-
encounter:order/encounter69	encounter	yes	yes	no	identical	only-in-left	only-in-left	-
encounter:order/encounter7	encounter	yes	yes	no	identical	only-in-left	only-in-left	-
encounter:order/encounter70	encounter	yes	yes	no	identical	only-in-left	only-in-left	-
encounter:order/encounter71	encounter	yes	yes	no	identical	only-in-left	only-in-left	-
encounter:order/encounter72	encounter	yes	yes	no	identical	only-in-left	only-in-left	-
encounter:order/encounter73	encounter	yes	yes	no	identical	only-in-left	only-in-left	-
encounter:order/encounter74	encounter	yes	yes	no	identical	only-in-left	only-in-left	-
encounter:order/encounter75	encounter	yes	yes	no	identical	only-in-left	only-in-left	-
encounter:order/encounter76	encounter	yes	yes	no	identical	only-in-left	only-in-left	-
encounter:order/encounter77	encounter	yes	yes	no	identical	only-in-left	only-in-left	-
encounter:order/encounter78	encounter	yes	yes	no	identical	only-in-left	only-in-left	-
encounter:order/encounter79	encounter	yes	yes	no	identical	only-in-left	only-in-left	-
encounter:order/encounter8	encounter	yes	yes	no	identical	only-in-left	only-in-left	-
encounter:order/encounter80	encounter	yes	yes	no	identical	only-in-left	only-in-left	-
encounter:order/encounter81	encounter	yes	yes	no	identical	only-in-left	only-in-left	-
encounter:order/encounter82	encounter	yes	yes	no	identical	only-in-left	only-in-left	-
encounter:order/encounter83	encounter	yes	yes	no	identical	only-in-left	only-in-left	-
encounter:order/encounter84a	encounter	yes	yes	no	identical	only-in-left	only-in-left	-
encounter:order/encounter84b	encounter	yes	yes	no	identical	only-in-left	only-in-left	-
encounter:order/encounter85	encounter	yes	yes	no	identical	only-in-left	only-in-left	-
encounter:order/encounter86	encounter	yes	yes	no	identical	only-in-left	only-in-left	-
encounter:order/encounter87	encounter	yes	yes	no	identical	only-in-left	only-in-left	-
encounter:order/encounter88	encounter	yes	yes	no	identical	only-in-left	only-in-left	-
encounter:order/encounter89	encounter	yes	yes	no	identical	only-in-left	only-in-left	-
encounter:order/encounter90	encounter	yes	yes	no	identical	only-in-left	only-in-left	-
encounter:order/encounter91a	encounter	yes	yes	no	identical	only-in-left	only-in-left	-
encounter:order/encounter91b	encounter	yes	yes	no	identical	only-in-left	only-in-left	-
encounter:order/encounter92	encounter	yes	yes	no	identical	only-in-left	only-in-left	-
encounter:order/encounter93	encounter	yes	yes	no	identical	only-in-left	only-in-left	-
encounter:order/encounter94	encounter	yes	yes	no	identical	only-in-left	only-in-left	-
encounter:order/encounter97	encounter	yes	yes	no	identical	only-in-left	only-in-left	-
encounter:order/encounter98	encounter	yes	yes	no	identical	only-in-left	only-in-left	-
encounter:order/encounter99	encounter	yes	yes	no	identical	only-in-left	only-in-left	-
encounter:order/gencentaur	encounter	yes	yes	yes	identical	token-level	token-level	CHAMP1,CHAMP2,CHAMP3,CHAMPS,MIL1,MIL2,MIL3,MILS,army_specification
encounter:order/genorder	encounter	yes	yes	yes	identical	identical	identical	-
encounter:order/guenver	encounter	yes	yes	no	identical	only-in-left	only-in-left	-
encounter:order/orcave	encounter	no	no	yes	identical	only-in-right	only-in-right	-
encounter:order/ordermult	encounter	yes	yes	yes	identical	token-level	token-level	name,unknown_name
encounter:order/ordung	encounter	no	no	yes	identical	only-in-right	only-in-right	-
encounter:order/orgtem	encounter	no	no	yes	identical	only-in-right	only-in-right	-
encounter:order/ormina	encounter	no	no	yes	identical	only-in-right	only-in-right	-
encounter:order/orminc	encounter	no	no	yes	identical	only-in-right	only-in-right	-
encounter:order/orming	encounter	no	no	yes	identical	only-in-right	only-in-right	-
encounter:order/ormult	encounter	no	no	yes	identical	only-in-right	only-in-right	-
encounter:order/orstat	encounter	no	no	yes	identical	only-in-right	only-in-right	-
encounter:order/ortowe	encounter	no	no	yes	identical	only-in-right	only-in-right	-
encounter:order/quest/encounter1	encounter	no	no	yes	identical	only-in-right	only-in-right	-
encounter:order/quest/encounter10	encounter	no	no	yes	identical	only-in-right	only-in-right	-
encounter:order/quest/encounter100	encounter	no	no	yes	identical	only-in-right	only-in-right	-
encounter:order/quest/encounter101	encounter	no	no	yes	identical	only-in-right	only-in-right	-
encounter:order/quest/encounter102	encounter	no	no	yes	identical	only-in-right	only-in-right	-
encounter:order/quest/encounter103	encounter	no	no	yes	identical	only-in-right	only-in-right	-
encounter:order/quest/encounter104	encounter	no	no	yes	identical	only-in-right	only-in-right	-
encounter:order/quest/encounter105	encounter	no	no	yes	identical	only-in-right	only-in-right	-
encounter:order/quest/encounter106	encounter	no	no	yes	identical	only-in-right	only-in-right	-
encounter:order/quest/encounter107	encounter	no	no	yes	identical	only-in-right	only-in-right	-
encounter:order/quest/encounter108	encounter	no	no	yes	identical	only-in-right	only-in-right	-
encounter:order/quest/encounter109	encounter	no	no	yes	identical	only-in-right	only-in-right	-
encounter:order/quest/encounter11	encounter	no	no	yes	identical	only-in-right	only-in-right	-
encounter:order/quest/encounter110	encounter	no	no	yes	identical	only-in-right	only-in-right	-
encounter:order/quest/encounter111	encounter	no	no	yes	identical	only-in-right	only-in-right	-
encounter:order/quest/encounter112	encounter	no	no	yes	identical	only-in-right	only-in-right	-
encounter:order/quest/encounter113	encounter	no	no	yes	identical	only-in-right	only-in-right	-
encounter:order/quest/encounter114	encounter	no	no	yes	identical	only-in-right	only-in-right	-
encounter:order/quest/encounter115	encounter	no	no	yes	identical	only-in-right	only-in-right	-
encounter:order/quest/encounter116	encounter	no	no	yes	identical	only-in-right	only-in-right	-
encounter:order/quest/encounter118	encounter	no	no	yes	identical	only-in-right	only-in-right	-
encounter:order/quest/encounter12	encounter	no	no	yes	identical	only-in-right	only-in-right	-
encounter:order/quest/encounter13	encounter	no	no	yes	identical	only-in-right	only-in-right	-
encounter:order/quest/encounter14	encounter	no	no	yes	identical	only-in-right	only-in-right	-
encounter:order/quest/encounter16	encounter	no	no	yes	identical	only-in-right	only-in-right	-
encounter:order/quest/encounter17	encounter	no	no	yes	identical	only-in-right	only-in-right	-
encounter:order/quest/encounter18	encounter	no	no	yes	identical	only-in-right	only-in-right	-
encounter:order/quest/encounter19	encounter	no	no	yes	identical	only-in-right	only-in-right	-
encounter:order/quest/encounter2	encounter	no	no	yes	identical	only-in-right	only-in-right	-
encounter:order/quest/encounter20	encounter	no	no	yes	identical	only-in-right	only-in-right	-
encounter:order/quest/encounter20b	encounter	no	no	yes	identical	only-in-right	only-in-right	-
encounter:order/quest/encounter21	encounter	no	no	yes	identical	only-in-right	only-in-right	-
encounter:order/quest/encounter22	encounter	no	no	yes	identical	only-in-right	only-in-right	-
encounter:order/quest/encounter23	encounter	no	no	yes	identical	only-in-right	only-in-right	-
encounter:order/quest/encounter24	encounter	no	no	yes	identical	only-in-right	only-in-right	-
encounter:order/quest/encounter25	encounter	no	no	yes	identical	only-in-right	only-in-right	-
encounter:order/quest/encounter26	encounter	no	no	yes	identical	only-in-right	only-in-right	-
encounter:order/quest/encounter27	encounter	no	no	yes	identical	only-in-right	only-in-right	-
encounter:order/quest/encounter28	encounter	no	no	yes	identical	only-in-right	only-in-right	-
encounter:order/quest/encounter29	encounter	no	no	yes	identical	only-in-right	only-in-right	-
encounter:order/quest/encounter3	encounter	no	no	yes	identical	only-in-right	only-in-right	-
encounter:order/quest/encounter30	encounter	no	no	yes	identical	only-in-right	only-in-right	-
encounter:order/quest/encounter31	encounter	no	no	yes	identical	only-in-right	only-in-right	-
encounter:order/quest/encounter32	encounter	no	no	yes	identical	only-in-right	only-in-right	-
encounter:order/quest/encounter33	encounter	no	no	yes	identical	only-in-right	only-in-right	-
encounter:order/quest/encounter34	encounter	no	no	yes	identical	only-in-right	only-in-right	-
encounter:order/quest/encounter35	encounter	no	no	yes	identical	only-in-right	only-in-right	-
encounter:order/quest/encounter36	encounter	no	no	yes	identical	only-in-right	only-in-right	-
encounter:order/quest/encounter37	encounter	no	no	yes	identical	only-in-right	only-in-right	-
encounter:order/quest/encounter38	encounter	no	no	yes	identical	only-in-right	only-in-right	-
encounter:order/quest/encounter39	encounter	no	no	yes	identical	only-in-right	only-in-right	-
encounter:order/quest/encounter4	encounter	no	no	yes	identical	only-in-right	only-in-right	-
encounter:order/quest/encounter40	encounter	no	no	yes	identical	only-in-right	only-in-right	-
encounter:order/quest/encounter41	encounter	no	no	yes	identical	only-in-right	only-in-right	-
encounter:order/quest/encounter42	encounter	no	no	yes	identical	only-in-right	only-in-right	-
encounter:order/quest/encounter43	encounter	no	no	yes	identical	only-in-right	only-in-right	-
encounter:order/quest/encounter44	encounter	no	no	yes	identical	only-in-right	only-in-right	-
encounter:order/quest/encounter45	encounter	no	no	yes	identical	only-in-right	only-in-right	-
encounter:order/quest/encounter46	encounter	no	no	yes	identical	only-in-right	only-in-right	-
encounter:order/quest/encounter47	encounter	no	no	yes	identical	only-in-right	only-in-right	-
encounter:order/quest/encounter48	encounter	no	no	yes	identical	only-in-right	only-in-right	-
encounter:order/quest/encounter49	encounter	no	no	yes	identical	only-in-right	only-in-right	-
encounter:order/quest/encounter5	encounter	no	no	yes	identical	only-in-right	only-in-right	-
encounter:order/quest/encounter50	encounter	no	no	yes	identical	only-in-right	only-in-right	-
encounter:order/quest/encounter51	encounter	no	no	yes	identical	only-in-right	only-in-right	-
encounter:order/quest/encounter52	encounter	no	no	yes	identical	only-in-right	only-in-right	-
encounter:order/quest/encounter53	encounter	no	no	yes	identical	only-in-right	only-in-right	-
encounter:order/quest/encounter54	encounter	no	no	yes	identical	only-in-right	only-in-right	-
encounter:order/quest/encounter55	encounter	no	no	yes	identical	only-in-right	only-in-right	-
encounter:order/quest/encounter56	encounter	no	no	yes	identical	only-in-right	only-in-right	-
encounter:order/quest/encounter57	encounter	no	no	yes	identical	only-in-right	only-in-right	-
encounter:order/quest/encounter58	encounter	no	no	yes	identical	only-in-right	only-in-right	-
encounter:order/quest/encounter59	encounter	no	no	yes	identical	only-in-right	only-in-right	-
encounter:order/quest/encounter6	encounter	no	no	yes	identical	only-in-right	only-in-right	-
encounter:order/quest/encounter60	encounter	no	no	yes	identical	only-in-right	only-in-right	-
encounter:order/quest/encounter61	encounter	no	no	yes	identical	only-in-right	only-in-right	-
encounter:order/quest/encounter62	encounter	no	no	yes	identical	only-in-right	only-in-right	-
encounter:order/quest/encounter63	encounter	no	no	yes	identical	only-in-right	only-in-right	-
encounter:order/quest/encounter64	encounter	no	no	yes	identical	only-in-right	only-in-right	-
encounter:order/quest/encounter65	encounter	no	no	yes	identical	only-in-right	only-in-right	-
encounter:order/quest/encounter66	encounter	no	no	yes	identical	only-in-right	only-in-right	-
encounter:order/quest/encounter67	encounter	no	no	yes	identical	only-in-right	only-in-right	-
encounter:order/quest/encounter68	encounter	no	no	yes	identical	only-in-right	only-in-right	-
encounter:order/quest/encounter69	encounter	no	no	yes	identical	only-in-right	only-in-right	-
encounter:order/quest/encounter7	encounter	no	no	yes	identical	only-in-right	only-in-right	-
encounter:order/quest/encounter70	encounter	no	no	yes	identical	only-in-right	only-in-right	-
encounter:order/quest/encounter71	encounter	no	no	yes	identical	only-in-right	only-in-right	-
encounter:order/quest/encounter72	encounter	no	no	yes	identical	only-in-right	only-in-right	-
encounter:order/quest/encounter73	encounter	no	no	yes	identical	only-in-right	only-in-right	-
encounter:order/quest/encounter74	encounter	no	no	yes	identical	only-in-right	only-in-right	-
encounter:order/quest/encounter75	encounter	no	no	yes	identical	only-in-right	only-in-right	-
encounter:order/quest/encounter76	encounter	no	no	yes	identical	only-in-right	only-in-right	-
encounter:order/quest/encounter77	encounter	no	no	yes	identical	only-in-right	only-in-right	-
encounter:order/quest/encounter78	encounter	no	no	yes	identical	only-in-right	only-in-right	-
encounter:order/quest/encounter79	encounter	no	no	yes	identical	only-in-right	only-in-right	-
encounter:order/quest/encounter8	encounter	no	no	yes	identical	only-in-right	only-in-right	-
encounter:order/quest/encounter80	encounter	no	no	yes	identical	only-in-right	only-in-right	-
encounter:order/quest/encounter81	encounter	no	no	yes	identical	only-in-right	only-in-right	-
encounter:order/quest/encounter82	encounter	no	no	yes	identical	only-in-right	only-in-right	-
encounter:order/quest/encounter83	encounter	no	no	yes	identical	only-in-right	only-in-right	-
encounter:order/quest/encounter84a	encounter	no	no	yes	identical	only-in-right	only-in-right	-
encounter:order/quest/encounter84b	encounter	no	no	yes	identical	only-in-right	only-in-right	-
encounter:order/quest/encounter85	encounter	no	no	yes	identical	only-in-right	only-in-right	-
encounter:order/quest/encounter86	encounter	no	no	yes	identical	only-in-right	only-in-right	-
encounter:order/quest/encounter87	encounter	no	no	yes	identical	only-in-right	only-in-right	-
encounter:order/quest/encounter88	encounter	no	no	yes	identical	only-in-right	only-in-right	-
encounter:order/quest/encounter89	encounter	no	no	yes	identical	only-in-right	only-in-right	-
encounter:order/quest/encounter90	encounter	no	no	yes	identical	only-in-right	only-in-right	-
encounter:order/quest/encounter91a	encounter	no	no	yes	identical	only-in-right	only-in-right	-
encounter:order/quest/encounter91b	encounter	no	no	yes	identical	only-in-right	only-in-right	-
encounter:order/quest/encounter92	encounter	no	no	yes	identical	only-in-right	only-in-right	-
encounter:order/quest/encounter93	encounter	no	no	yes	identical	only-in-right	only-in-right	-
encounter:order/quest/encounter94	encounter	no	no	yes	identical	only-in-right	only-in-right	-
encounter:order/quest/encounter97	encounter	no	no	yes	identical	only-in-right	only-in-right	-
encounter:order/quest/encounter98	encounter	no	no	yes	identical	only-in-right	only-in-right	-
encounter:order/quest/encounter99	encounter	no	no	yes	identical	only-in-right	only-in-right	-
encounter:order/quest/guenver	encounter	no	no	yes	identical	only-in-right	only-in-right	-
encounter:orgtem	encounter	yes	yes	no	identical	only-in-left	only-in-left	-
encounter:sampexit	encounter	yes	yes	yes	identical	identical	identical	-
encounter:sampkrk	encounter	yes	yes	yes	identical	identical	identical	-
encounter:sample	encounter	yes	yes	yes	identical	token-level	token-level	-
encounter:shipwreck	encounter	yes	yes	no	identical	only-in-left	only-in-left	-
encounter:spiderweb	encounter	yes	yes	no	identical	only-in-left	only-in-left	-
encounter:tutorialmult	encounter	yes	yes	yes	identical	identical	identical	-
encounter:wagtem	encounter	yes	yes	no	identical	only-in-left	only-in-left	-
encounter:water/gen_grendel	encounter	no	no	yes	identical	only-in-right	only-in-right	-
encounter:water/genwater	encounter	yes	yes	yes	identical	identical	identical	-
encounter:water/shipwreck	encounter	no	no	yes	identical	only-in-right	only-in-right	-
encounter:water/spiderweb	encounter	no	no	yes	identical	only-in-right	only-in-right	-
encounter:water/wacave	encounter	no	no	yes	identical	only-in-right	only-in-right	-
encounter:water/wadung	encounter	no	no	yes	identical	only-in-right	only-in-right	-
encounter:water/wagtem	encounter	no	no	yes	identical	only-in-right	only-in-right	-
encounter:water/wamina	encounter	no	no	yes	identical	only-in-right	only-in-right	-
encounter:water/waminc	encounter	no	no	yes	identical	only-in-right	only-in-right	-
encounter:water/waming	encounter	no	no	yes	identical	only-in-right	only-in-right	-
encounter:water/wamult	encounter	no	no	yes	identical	only-in-right	only-in-right	-
encounter:water/wastat	encounter	no	no	yes	identical	only-in-right	only-in-right	-
encounter:water/watermult	encounter	yes	yes	yes	identical	token-level	token-level	name,unknown_name
encounter:water/watowe	encounter	no	no	yes	identical	only-in-right	only-in-right	-
encounter:wilderness_land	encounter	no	no	yes	identical	only-in-right	only-in-right	-
encounter:wilderness_sea	encounter	no	no	yes	identical	only-in-right	only-in-right	-
encounter:witchtowr	encounter	yes	yes	no	identical	only-in-left	only-in-left	-
faction:AIR	faction	yes	yes	yes	identical	identical	identical	-
faction:CHAOS	faction	yes	yes	yes	identical	identical	identical	-
faction:DEATH	faction	yes	yes	yes	identical	identical	identical	-
faction:EARTH	faction	yes	yes	yes	identical	identical	identical	-
faction:FIRE	faction	yes	yes	yes	identical	identical	identical	-
faction:LIFE	faction	yes	yes	yes	identical	identical	identical	-
faction:ORDER	faction	yes	yes	yes	identical	identical	identical	-
faction:WATER	faction	yes	yes	yes	identical	identical	identical	-
spell:aftershock	spell	no	no	yes	identical	only-in-right	only-in-right	-
spell:air_detect	spell	yes	yes	no	identical	only-in-left	only-in-left	-
spell:air_dispell	spell	yes	yes	no	identical	only-in-left	only-in-left	-
spell:air_seer	spell	yes	yes	no	identical	only-in-left	only-in-left	-
spell:air_telart	spell	yes	yes	no	identical	only-in-left	only-in-left	-
spell:alchemy	spell	no	no	yes	identical	only-in-right	only-in-right	-
spell:animate_dead	spell	no	no	yes	identical	only-in-right	only-in-right	-
spell:anything	spell	no	no	yes	identical	only-in-right	only-in-right	-
spell:areastun	spell	yes	yes	no	identical	only-in-left	only-in-left	-
spell:asphyxiate	spell	yes	yes	no	identical	only-in-left	only-in-left	-
spell:backdraf	spell	yes	yes	no	identical	only-in-left	only-in-left	-
spell:backdraft	spell	no	no	yes	identical	only-in-right	only-in-right	-
spell:balki	spell	yes	yes	no	identical	only-in-left	only-in-left	-
spell:balkoths_word	spell	no	no	yes	identical	only-in-right	only-in-right	-
spell:balleech	spell	yes	yes	no	identical	only-in-left	only-in-left	-
spell:berserk	spell	yes	yes	no	identical	only-in-left	only-in-left	-
spell:blades	spell	yes	yes	no	identical	only-in-left	only-in-left	-
spell:blades_of_fury	spell	no	no	yes	identical	only-in-right	only-in-right	-
spell:bleeding	spell	no	no	yes	identical	only-in-right	only-in-right	-
spell:bless	spell	yes	yes	yes	identical	token-level	token-level	can_accumulate?,cure_amount,duration,invoke_effects,mana,permanent_modifications,pre_mods,research_cost,spellcondition?,temp_var0,temp_var1,temp_var2,temporary_modifications,tip_buffer,viability
spell:blessed_armor	spell	no	no	yes	identical	only-in-right	only-in-right	-
spell:blessing	spell	yes	yes	no	identical	only-in-left	only-in-left	-
spell:blind_rage	spell	yes	yes	yes	identical	token-level	token-level	can_accumulate?,dummy,duration,invoke_effects,maintenance,pre_mods,research_cost,spellcondition?,temporary_modifications,tip_buffer,viability
spell:blindness	spell	no	no	yes	identical	only-in-right	only-in-right	-
spell:blink	spell	yes	yes	yes	identical	token-level	token-level	duration,invoke_effects,maintenance,mana,permanent_modifications,recover_ticks,research_cost,temporary_modifications,tip_buffer
spell:blizzard	spell	no	no	yes	identical	only-in-right	only-in-right	-
spell:blood_lust	spell	no	no	yes	identical	only-in-right	only-in-right	-
spell:body_and_spirit	spell	no	no	yes	identical	only-in-right	only-in-right	-
spell:bolt_air	spell	no	no	yes	identical	only-in-right	only-in-right	-
spell:bolt_air2	spell	no	no	yes	identical	only-in-right	only-in-right	-
spell:bolt_death	spell	no	no	yes	identical	only-in-right	only-in-right	-
spell:bolt_earth	spell	no	no	yes	identical	only-in-right	only-in-right	-
spell:bolt_fire	spell	no	no	yes	identical	only-in-right	only-in-right	-
spell:bolt_fury	spell	no	no	yes	identical	only-in-right	only-in-right	-
spell:bolt_life	spell	no	no	yes	identical	only-in-right	only-in-right	-
spell:bolt_order	spell	no	no	yes	identical	only-in-right	only-in-right	-
spell:bolt_water	spell	no	no	yes	identical	only-in-right	only-in-right	-
spell:bureaucracy	spell	yes	yes	no	identical	only-in-left	only-in-left	-
spell:burning_skin	spell	no	no	yes	identical	only-in-right	only-in-right	-
spell:burnskin	spell	yes	yes	no	identical	only-in-left	only-in-left	-
spell:cauterize	spell	yes	yes	no	identical	only-in-left	only-in-left	-
spell:chain_lightning	spell	no	no	yes	identical	only-in-right	only-in-right	-
spell:change_of_fate	spell	no	no	yes	identical	only-in-right	only-in-right	-
spell:chaos_detect	spell	yes	yes	no	identical	only-in-left	only-in-left	-
spell:chaos_dispell	spell	yes	yes	no	identical	only-in-left	only-in-left	-
spell:chaos_telart	spell	yes	yes	no	identical	only-in-left	only-in-left	-
spell:clay	spell	yes	yes	no	identical	only-in-left	only-in-left	-
spell:clay_armor	spell	no	no	yes	identical	only-in-right	only-in-right	-
spell:cleansewounds	spell	yes	yes	no	identical	only-in-left	only-in-left	-
spell:cloud_of_steam	spell	yes	yes	yes	identical	token-level	token-level	dummy,duration,invoke_effects,maintenance,mana,modifier_aura,name,permanent_modifications,research_cost,spellcondition?,target_aura,temporary_modifications,tip_buffer
spell:cloud_of_war	spell	no	no	yes	identical	only-in-right	only-in-right	-
spell:cloudwar	spell	yes	yes	no	identical	only-in-left	only-in-left	-
spell:commune_with_nature	spell	no	no	yes	identical	only-in-right	only-in-right	-
spell:cone_of_cold	spell	no	no	yes	identical	only-in-right	only-in-right	-
spell:conecold	spell	yes	yes	no	identical	only-in-left	only-in-left	-
spell:confusion	spell	yes	yes	yes	identical	token-level	token-level	duration,level,maintenance,mana,permanent_modifications,post_mods,research_cost,spellcondition?,temporary_modifications,tip_buffer,viability
spell:cracked_armor	spell	no	no	yes	identical	only-in-right	only-in-right	-
spell:crash	spell	yes	yes	no	identical	only-in-left	only-in-left	-
spell:createplain	spell	yes	yes	no	identical	only-in-left	only-in-left	-
spell:createriver	spell	yes	yes	no	identical	only-in-left	only-in-left	-
spell:createrocks	spell	yes	yes	no	identical	only-in-left	only-in-left	-
spell:cripple	spell	no	no	yes	identical	only-in-right	only-in-right	-
spell:crusade	spell	yes	yes	yes	identical	token-level	token-level	duration,invoke_effects,level,maintenance,mana,research_cost,temp_var0,temporary_modifications,tip_buffer,viability
spell:cure_wounds	spell	yes	yes	yes	identical	token-level	token-level	can_accumulate?,cure_amount,dummy,duration,invoke_effects,maintenance,modifier_aura,permanent_modifications,repeat_count,repeat_modifications,repeat_time,research_cost,spellcondition?,target_radius,temporary_modifications,tip_buffer,viability
spell:curse	spell	yes	yes	no	identical	only-in-left	only-in-left	-
spell:dark_shadow	spell	no	no	yes	identical	only-in-right	only-in-right	-
spell:dcave	spell	yes	yes	no	identical	only-in-left	only-in-left	-
spell:death_detect	spell	yes	yes	no	identical	only-in-left	only-in-left	-
spell:death_dispell	spell	yes	yes	no	identical	only-in-left	only-in-left	-
spell:death_telart	spell	yes	yes	no	identical	only-in-left	only-in-left	-
spell:death_touch	spell	no	no	yes	identical	only-in-right	only-in-right	-
spell:decay	spell	yes	yes	yes	identical	token-level	token-level	duration,image,invoke_effects,maintenance,repeat_count,repeat_modifications,repeat_time,research_cost,spell_damage,spellcondition?,target_radius,temporary_modifications,tip_buffer,viability
spell:decoy	spell	no	no	yes	identical	only-in-right	only-in-right	-
spell:deep_wounds	spell	no	no	yes	identical	only-in-right	only-in-right	-
spell:destruction	spell	no	no	yes	identical	only-in-right	only-in-right	-
spell:detect_air	spell	no	no	yes	identical	only-in-right	only-in-right	-
spell:detect_cave	spell	no	no	yes	identical	only-in-right	only-in-right	-
spell:detect_chaos	spell	no	no	yes	identical	only-in-right	only-in-right	-
spell:detect_death	spell	no	no	yes	identical	only-in-right	only-in-right	-
spell:detect_earth	spell	no	no	yes	identical	only-in-right	only-in-right	-
spell:detect_fire	spell	no	no	yes	identical	only-in-right	only-in-right	-
spell:detect_life	spell	no	no	yes	identical	only-in-right	only-in-right	-
spell:detect_order	spell	no	no	yes	identical	only-in-right	only-in-right	-
spell:detect_water	spell	no	no	yes	identical	only-in-right	only-in-right	-
spell:disguise	spell	no	no	yes	identical	only-in-right	only-in-right	-
spell:dispel_magic_air	spell	no	no	yes	identical	only-in-right	only-in-right	-
spell:dispel_magic_chaos	spell	no	no	yes	identical	only-in-right	only-in-right	-
spell:dispel_magic_death	spell	no	no	yes	identical	only-in-right	only-in-right	-
spell:dispel_magic_earth	spell	no	no	yes	identical	only-in-right	only-in-right	-
spell:dispel_magic_fire	spell	no	no	yes	identical	only-in-right	only-in-right	-
spell:dispel_magic_life	spell	no	no	yes	identical	only-in-right	only-in-right	-
spell:dispel_magic_order	spell	no	no	yes	identical	only-in-right	only-in-right	-
spell:dispel_magic_water	spell	no	no	yes	identical	only-in-right	only-in-right	-
spell:dragon_breath	spell	no	no	yes	identical	only-in-right	only-in-right	-
spell:drowning	spell	yes	yes	yes	identical	token-level	token-level	cast_ticks,duration,mana,modifier_aura,repeat_count,repeat_invoke_effects,repeat_modifications,repeat_time,research_cost,spell_damage,spellcondition?,target_radius,temporary_modifications,tip_buffer,viability
spell:dshadows	spell	yes	yes	no	identical	only-in-left	only-in-left	-
spell:eabind	spell	yes	yes	no	identical	only-in-left	only-in-left	-
spell:eameld	spell	yes	yes	no	identical	only-in-left	only-in-left	-
spell:earth_bind	spell	no	no	yes	identical	only-in-right	only-in-right	-
spell:earth_detect	spell	yes	yes	no	identical	only-in-left	only-in-left	-
spell:earth_dispell	spell	yes	yes	no	identical	only-in-left	only-in-left	-
spell:earth_meld	spell	no	no	yes	identical	only-in-right	only-in-right	-
spell:earth_telart	spell	yes	yes	no	identical	only-in-left	only-in-left	-
spell:earthquake	spell	no	no	yes	identical	only-in-right	only-in-right	-
spell:embgolg	spell	yes	yes	no	identical	only-in-left	only-in-left	-
spell:embrace_of_golgoth	spell	no	no	yes	identical	only-in-right	only-in-right	-
spell:enchant_weapon_air	spell	no	no	yes	identical	only-in-right	only-in-right	-
spell:enchant_weapon_chaos	spell	no	no	yes	identical	only-in-right	only-in-right	-
spell:enchant_weapon_death	spell	no	no	yes	identical	only-in-right	only-in-right	-
spell:enchant_weapon_earth	spell	no	no	yes	identical	only-in-right	only-in-right	-
spell:enchant_weapon_fire	spell	no	no	yes	identical	only-in-right	only-in-right	-
spell:enchant_weapon_life	spell	no	no	yes	identical	only-in-right	only-in-right	-
spell:enchant_weapon_order	spell	no	no	yes	identical	only-in-right	only-in-right	-
spell:enchant_weapon_water	spell	no	no	yes	identical	only-in-right	only-in-right	-
spell:entangle	spell	yes	yes	yes	identical	token-level	token-level	dummy,duration,effect,invoke_effects,mana,name,research_cost,reset_entangle_effect,spellcondition?,temporary_modifications,tip_buffer,viability
spell:equake	spell	yes	yes	no	identical	only-in-left	only-in-left	-
spell:erosion	spell	no	no	yes	identical	only-in-right	only-in-right	-
spell:ether_gauze	spell	yes	yes	no	identical	only-in-left	only-in-left	-
spell:explode	spell	no	no	yes	identical	only-in-right	only-in-right	-
spell:falcons_eye	spell	no	no	yes	identical	only-in-right	only-in-right	-
spell:faleye	spell	yes	yes	no	identical	only-in-left	only-in-left	-
spell:fdart	spell	yes	yes	no	identical	only-in-left	only-in-left	-
spell:feather_sword	spell	no	no	yes	identical	only-in-right	only-in-right	-
spell:fire_breath	spell	yes	yes	no	identical	only-in-left	only-in-left	-
spell:fire_detect	spell	yes	yes	no	identical	only-in-left	only-in-left	-
spell:fire_dispell	spell	yes	yes	no	identical	only-in-left	only-in-left	-
spell:fire_telart	spell	yes	yes	no	identical	only-in-left	only-in-left	-
spell:fireball	spell	yes	yes	yes	identical	token-level	token-level	can_accumulate?,dummy,duration,engulfed,expire_mods,missile_effects,missile_hit_aura,permanent_modifications,research_cost,target_radius,temporary_modifications,tip_buffer,viability,viability_damage
spell:fireheal	spell	yes	yes	no	identical	only-in-left	only-in-left	-
spell:fireworks	spell	yes	yes	yes	identical	token-level	token-level	invoke_effects,research_cost,spellcondition?,tip_buffer
spell:firstaid	spell	yes	yes	no	identical	only-in-left	only-in-left	-
spell:flame_arrows	spell	no	no	yes	identical	only-in-right	only-in-right	-
spell:flarrow	spell	yes	yes	no	identical	only-in-left	only-in-left	-
spell:flood	spell	no	no	yes	identical	only-in-right	only-in-right	-
spell:fog	spell	yes	yes	yes	identical	token-level	token-level	display_updates,duration,name,permanent_modifications,research_cost,temporary_modifications,tip_buffer,viability
spell:formrch	spell	yes	yes	no	identical	only-in-left	only-in-left	-
spell:freeze	spell	yes	yes	yes	identical	token-level	token-level	cast_ticks,duration,expire_mods,maintenance,repeat_count,repeat_invoke_effects,repeat_modifications,repeat_time,research_cost,spellcondition?,target_palette_effect,temp_var0,temp_var1,temporary_modifications,tip_buffer,viability
spell:frenzy	spell	yes	yes	yes	identical	token-level	token-level	disabled_repeat_invoke_effects,dummy,duration,image,invoke_effects,mana,permanent_modifications,repeat_count,repeat_modifications,repeat_time,research_cost,spellcondition?,target_aura,target_palette_effect,target_palette_effect_percent,temporary_modifications,tip_buffer,viability
spell:frost_breath	spell	yes	yes	no	identical	only-in-left	only-in-left	-
spell:frozen_armor	spell	no	no	yes	identical	only-in-right	only-in-right	-
spell:fstorm	spell	yes	yes	no	identical	only-in-left	only-in-left	-
spell:fsword	spell	yes	yes	no	identical	only-in-left	only-in-left	-
spell:funmrch	spell	yes	yes	no	identical	only-in-left	only-in-left	-
spell:fury	spell	yes	yes	no	identical	only-in-left	only-in-left	-
spell:fury_fire	spell	no	no	yes	identical	only-in-right	only-in-right	-
spell:gamble	spell	no	no	yes	identical	only-in-right	only-in-right	-
spell:gen_missile	spell	no	no	yes	identical	only-in-right	only-in-right	-
spell:gift_of_life	spell	no	no	yes	identical	only-in-right	only-in-right	-
spell:giftolife	spell	yes	yes	no	identical	only-in-left	only-in-left	-
spell:gold_rush	spell	yes	yes	yes	identical	token-level	token-level	invoke_effects,research_cost,spellcondition?,tip_buffer
spell:golggift	spell	yes	yes	no	identical	only-in-left	only-in-left	-
spell:golgoths_gift	spell	no	no	yes	identical	only-in-right	only-in-right	-
spell:guard_waves	spell	yes	yes	no	identical	only-in-left	only-in-left	-
spell:guard_winds	spell	yes	yes	no	identical	only-in-left	only-in-left	-
spell:guardian_waves	spell	no	no	yes	identical	only-in-right	only-in-right	-
spell:guardian_winds	spell	no	no	yes	identical	only-in-right	only-in-right	-
spell:hand_of_fate	spell	no	no	yes	identical	only-in-right	only-in-right	-
spell:handofate	spell	yes	yes	no	identical	only-in-left	only-in-left	-
spell:headwind	spell	yes	yes	yes	identical	token-level	token-level	duration,invoke_effects,name,research_cost,spellcondition?,target_radius,temp_var0,temporary_modifications,tip_buffer,viability,wind_speed
spell:heal	spell	yes	yes	no	identical	only-in-left	only-in-left	-
spell:heal_fire	spell	no	no	yes	identical	only-in-right	only-in-right	-
spell:heal_life	spell	no	no	yes	identical	only-in-right	only-in-right	-
spell:heal_self	spell	yes	yes	yes	identical	token-level	token-level	cast_ticks,dummy,invoke_effects,permanent_modifications,research_cost,tip_buffer,viability
spell:healing_waters	spell	no	no	yes	identical	only-in-right	only-in-right	-
spell:healwater	spell	yes	yes	no	identical	only-in-left	only-in-left	-
spell:heat	spell	yes	yes	no	identical	only-in-left	only-in-left	-
spell:heat_metal	spell	no	no	yes	identical	only-in-right	only-in-right	-
spell:heat_shield	spell	yes	yes	yes	identical	token-level	token-level	duration,invoke_effects,post_mods,research_cost,spellcondition?,temporary_modifications,tip_buffer,viability
spell:heroic_demise	spell	yes	yes	yes	identical	token-level	token-level	duration,maintenance,permanent_modifications,research_cost,tip_buffer
spell:holy_ench	spell	yes	yes	no	identical	only-in-left	only-in-left	-
spell:holy_enchantment	spell	no	no	yes	identical	only-in-right	only-in-right	-
spell:holy_ghost	spell	no	no	yes	identical	only-in-right	only-in-right	-
spell:holy_visit	spell	yes	yes	yes	identical	token-level	token-level	can_accumulate?,cure_amount,dummy,duration,invoke_effects,maintenance,mana,permanent_modifications,pre_mods,recover_ticks,repeat_count,repeat_invoke_effects,repeat_modifications,repeat_time,research_cost,spellcondition?,temp_var0,temp_var1,temp_var2,temporary_modifications,tip_buffer,viability
spell:hover	spell	yes	yes	no	identical	only-in-left	only-in-left	-
spell:hypothermia	spell	no	no	yes	identical	only-in-right	only-in-right	-
spell:ice	spell	yes	yes	no	identical	only-in-left	only-in-left	-
spell:ice_comet	spell	no	no	yes	identical	only-in-right	only-in-right	-
spell:icebolt	spell	yes	yes	no	identical	only-in-left	only-in-left	-
spell:icy_coffin	spell	no	no	yes	identical	only-in-right	only-in-right	-
spell:icycoff	spell	yes	yes	no	identical	only-in-left	only-in-left	-
spell:immolation	spell	no	no	yes	identical	only-in-right	only-in-right	-
spell:imolate	spell	yes	yes	no	identical	only-in-left	only-in-left	-
spell:inferno	spell	yes	yes	yes	identical	token-level	token-level	can_accumulate?,cast_ticks,engulfed,expire_mods,invoke_effects,maintenance,mana,post_mods,recover_ticks,repeat_count,repeat_invoke_effects,repeat_modifications,repeatwithoutbuff?,research_cost,spell_damage,spellcondition?,target_aura,temporary_modifications,tip_buffer,unfreeze,viability
spell:infest_cave	spell	no	no	yes	identical	only-in-right	only-in-right	-
spell:inspire	spell	yes	yes	yes	identical	token-level	token-level	invoke_effects,research_cost,spellcondition?,tip_buffer
spell:invig	spell	yes	yes	no	identical	only-in-left	only-in-left	-
spell:invoke_fate	spell	yes	yes	yes	identical	token-level	token-level	invoke_effects,mana,research_cost,spellcondition?,tip_buffer
spell:invulnerability	spell	no	no	yes	identical	only-in-right	only-in-right	-
spell:iron_skin	spell	no	no	yes	identical	only-in-right	only-in-right	-
spell:justice	spell	yes	yes	yes	identical	token-level	token-level	can_accumulate?,cast_ticks,maintenance,mana,permanent_modifications,recover_ticks,research_cost,spell_damage,spellcondition?,target_radius,tip_buffer,viability
spell:lavaflow	spell	yes	yes	no	identical	only-in-left	only-in-left	-
spell:lcharge	spell	yes	yes	no	identical	only-in-left	only-in-left	-
spell:leader	spell	yes	yes	no	identical	only-in-left	only-in-left	-
spell:leadership	spell	no	no	yes	identical	only-in-right	only-in-right	-
spell:leeches	spell	yes	yes	yes	identical	token-level	token-level	book,can_accumulate?,casterlink?,image,level,maintenance,mana,mode,permanent_modifications,repeat_count,repeat_invoke_effects,repeat_modifications,repeat_time,repeatcondition?,repeatondead?,repeatwithoutbuff?,research_cost,tip_buffer,viability
spell:life_detect	spell	yes	yes	no	identical	only-in-left	only-in-left	-
spell:life_dispell	spell	yes	yes	no	identical	only-in-left	only-in-left	-
spell:life_telart	spell	yes	yes	no	identical	only-in-left	only-in-left	-
spell:light_rain	spell	no	no	yes	identical	only-in-right	only-in-right	-
spell:lightning_charge	spell	no	no	yes	identical	only-in-right	only-in-right	-
spell:lightning_spll	spell	yes	yes	no	identical	only-in-left	only-in-left	-
spell:lightrain	spell	yes	yes	no	identical	only-in-left	only-in-left	-
spell:locust	spell	yes	yes	yes	identical	token-level	token-level	display_updates,dummy,duration,locust_type,maintenance,mana,missile_flags,missile_gravity,missile_lifespan,missile_type,more_damage,permanent_modifications,post_mods,pre_mods,repeat_count,repeat_modifications,repeat_time,research_cost,spell_damage,spellcondition?,temporary_modifications,tip_buffer,viability
spell:locust_swarm	spell	no	no	yes	identical	only-in-right	only-in-right	-
spell:lost_soul	spell	no	no	yes	identical	only-in-right	only-in-right	-
spell:lostsoul	spell	yes	yes	no	identical	only-in-left	only-in-left	-
spell:lower_resistance_death	spell	no	no	yes	identical	only-in-right	only-in-right	-
spell:march_air	spell	no	no	yes	identical	only-in-right	only-in-right	-
spell:march_chaos	spell	no	no	yes	identical	only-in-right	only-in-right	-
spell:march_death	spell	no	no	yes	identical	only-in-right	only-in-right	-
spell:march_earth	spell	no	no	yes	identical	only-in-right	only-in-right	-
spell:march_fire	spell	no	no	yes	identical	only-in-right	only-in-right	-
spell:march_life	spell	no	no	yes	identical	only-in-right	only-in-right	-
spell:march_order	spell	no	no	yes	identical	only-in-right	only-in-right	-
spell:march_water	spell	no	no	yes	identical	only-in-right	only-in-right	-
spell:meteor	spell	yes	yes	no	identical	only-in-left	only-in-left	-
spell:meteor_shower	spell	no	no	yes	identical	only-in-right	only-in-right	-
spell:mighty_blow	spell	no	no	yes	identical	only-in-right	only-in-right	-
spell:mind_control	spell	no	no	yes	identical	only-in-right	only-in-right	-
spell:minor_fate	spell	no	no	yes	identical	only-in-right	only-in-right	-
spell:minor_rust	spell	no	no	yes	identical	only-in-right	only-in-right	-
spell:minorust	spell	yes	yes	no	identical	only-in-left	only-in-left	-
spell:missile_protection	spell	no	no	yes	identical	only-in-right	only-in-right	-
spell:morale	spell	yes	yes	yes	identical	token-level	token-level	book,casting_aura_type,duration,image,invoke_effects,maintenance,mana,mode,morale_mod,research_cost,spellcondition?,target,target_aura,temporary_modifications,tip_buffer,viability
spell:morphdwarf	spell	yes	yes	no	identical	only-in-left	only-in-left	-
spell:morpho	spell	yes	yes	no	identical	only-in-left	only-in-left	-
spell:morphs	spell	yes	yes	no	identical	only-in-left	only-in-left	-
spell:mud_slide	spell	no	no	yes	identical	only-in-right	only-in-right	-
spell:multi_shot	spell	no	no	yes	identical	only-in-right	only-in-right	-
spell:neutralize	spell	no	no	yes	identical	only-in-right	only-in-right	-
spell:order_detect	spell	yes	yes	no	identical	only-in-left	only-in-left	-
spell:order_dispell	spell	yes	yes	no	identical	only-in-left	only-in-left	-
spell:order_seer	spell	yes	yes	no	identical	only-in-left	only-in-left	-
spell:order_telart	spell	yes	yes	no	identical	only-in-left	only-in-left	-
spell:pacify	spell	no	no	yes	identical	only-in-right	only-in-right	-
spell:pestilence	spell	yes	yes	no	identical	only-in-left	only-in-left	-
spell:petrify	spell	yes	yes	yes	identical	token-level	token-level	cast_ticks,dummy,duration,expire_mods,image,maintenance,mana,modifier_aura,repeat_count,repeat_invoke_effects,repeat_modifications,repeat_time,research_cost,spellcondition?,target_aura,target_palette_effect,temp_var0,temporary_modifications,tip_buffer,viability
spell:phoenix_grace	spell	no	no	yes	identical	only-in-right	only-in-right	-
spell:pixies	spell	yes	yes	yes	identical	token-level	token-level	can_accumulate?,cast_ticks,duration,image,maintenance,mana,missile_effects,missile_flags,mode,modifier_flag,permanent_modifications,recover_ticks,research_cost,spellcondition?,spread_infection?,target_aura_channel,target_radius,tip_buffer
spell:poison	spell	no	no	yes	identical	only-in-right	only-in-right	-
spell:poison_cloud	spell	yes	yes	yes	identical	token-level	token-level	book,duration,invoke_effects,maintenance,mana,modifier_aura,repeat_count,repeat_invoke_effects,repeat_modifications,repeat_time,research_cost,spell_damage,spellcondition?,target_radius,temporary_modifications,tip_buffer,viability
spell:poltice	spell	yes	yes	no	identical	only-in-left	only-in-left	-
spell:polymorph_other	spell	no	no	yes	identical	only-in-right	only-in-right	-
spell:polymorph_self	spell	no	no	yes	identical	only-in-right	only-in-right	-
spell:possession	spell	yes	yes	yes	identical	token-level	token-level	cast_ticks,duration,level,maintenance,recover_ticks,research_cost,spellcondition?,tip_buffer,viability
spell:potion_dexterity	spell	no	no	yes	identical	only-in-right	only-in-right	-
spell:potion_health	spell	no	no	yes	identical	only-in-right	only-in-right	-
spell:potion_luck	spell	no	no	yes	identical	only-in-right	only-in-right	-
spell:potion_mana	spell	no	no	yes	identical	only-in-right	only-in-right	-
spell:potion_movement	spell	no	no	yes	identical	only-in-right	only-in-right	-
spell:potion_power	spell	no	no	yes	identical	only-in-right	only-in-right	-
spell:potion_rejuvenation	spell	no	no	yes	identical	only-in-right	only-in-right	-
spell:potion_resistance	spell	no	no	yes	identical	only-in-right	only-in-right	-
spell:potion_strength	spell	no	no	yes	identical	only-in-right	only-in-right	-
spell:potion_wisdom	spell	no	no	yes	identical	only-in-right	only-in-right	-
spell:potiond	spell	yes	yes	no	identical	only-in-left	only-in-left	-
spell:potionh	spell	yes	yes	no	identical	only-in-left	only-in-left	-
spell:potionm	spell	yes	yes	no	identical	only-in-left	only-in-left	-
spell:potionr	spell	yes	yes	no	identical	only-in-left	only-in-left	-
spell:potions	spell	yes	yes	no	identical	only-in-left	only-in-left	-
spell:primal_fear	spell	no	no	yes	identical	only-in-right	only-in-right	-
spell:primfear	spell	yes	yes	no	identical	only-in-left	only-in-left	-
spell:prismatic_hand	spell	no	no	yes	identical	only-in-right	only-in-right	-
spell:protect	spell	yes	yes	no	identical	only-in-left	only-in-left	-
spell:protection	spell	yes	yes	yes	identical	token-level	token-level	duration,invoke_effects,maintenance,protection_mod,research_cost,spellcondition?,temporary_modifications,tip_buffer,viability
spell:purgewounds	spell	yes	yes	no	identical	only-in-left	only-in-left	-
spell:purifywounds	spell	yes	yes	no	identical	only-in-left	only-in-left	-
spell:qsilver	spell	yes	yes	no	identical	only-in-left	only-in-left	-
spell:quick_silver	spell	no	no	yes	identical	only-in-right	only-in-right	-
spell:raise_elevation	spell	no	no	yes	identical	only-in-right	only-in-right	-
spell:raise_frozen_shade	spell	no	no	yes	identical	only-in-right	only-in-right	-
spell:raise_shade	spell	no	no	yes	identical	only-in-right	only-in-right	-
spell:raise_skeleton	spell	no	no	yes	identical	only-in-right	only-in-right	-
spell:raise_zombie	spell	no	no	yes	identical	only-in-right	only-in-right	-
spell:random_bolt	spell	no	no	yes	identical	only-in-right	only-in-right	-
spell:randomi	spell	yes	yes	no	identical	only-in-left	only-in-left	-
spell:rangers_vision	spell	no	no	yes	identical	only-in-right	only-in-right	-
spell:rangvis	spell	yes	yes	no	identical	only-in-left	only-in-left	-
spell:ray_of_hope	spell	no	no	yes	identical	only-in-right	only-in-right	-
spell:rayohope	spell	yes	yes	no	identical	only-in-left	only-in-left	-
spell:recon	spell	yes	yes	no	identical	only-in-left	only-in-left	-
spell:recover_air	spell	no	no	yes	identical	only-in-right	only-in-right	-
spell:recover_chaos	spell	no	no	yes	identical	only-in-right	only-in-right	-
spell:recover_death	spell	no	no	yes	identical	only-in-right	only-in-right	-
spell:recover_earth	spell	no	no	yes	identical	only-in-right	only-in-right	-
spell:recover_fire	spell	no	no	yes	identical	only-in-right	only-in-right	-
spell:recover_life	spell	no	no	yes	identical	only-in-right	only-in-right	-
spell:recover_order	spell	no	no	yes	identical	only-in-right	only-in-right	-
spell:recover_water	spell	no	no	yes	identical	only-in-right	only-in-right	-
spell:reflect_missile	spell	no	no	yes	identical	only-in-right	only-in-right	-
spell:reflect_shield	spell	yes	yes	no	identical	only-in-left	only-in-left	-
spell:reflection_shield	spell	no	no	yes	identical	only-in-right	only-in-right	-
spell:regen	spell	yes	yes	no	identical	only-in-left	only-in-left	-
spell:regen3	spell	yes	yes	no	identical	only-in-left	only-in-left	-
spell:regen7	spell	yes	yes	no	identical	only-in-left	only-in-left	-
spell:regenerate_army	spell	no	no	yes	identical	only-in-right	only-in-right	-
spell:regenerate_life	spell	no	no	yes	identical	only-in-right	only-in-right	-
spell:rein	spell	yes	yes	no	identical	only-in-left	only-in-left	-
spell:reincarnation	spell	no	no	yes	identical	only-in-right	only-in-right	-
spell:relocarm	spell	yes	yes	no	identical	only-in-left	only-in-left	-
spell:relocate_army	spell	no	no	yes	identical	only-in-right	only-in-right	-
spell:remove_impairments	spell	no	no	yes	identical	only-in-right	only-in-right	-
spell:resist_magic_order	spell	no	no	yes	identical	only-in-right	only-in-right	-
spell:resurrect	spell	yes	yes	yes	identical	token-level	token-level	cast_ticks,dummy,duration,level,maintenance,mana,permanent_modifications,research_cost,temporary_modifications,tip_buffer,viability
spell:ribolt	spell	yes	yes	no	identical	only-in-left	only-in-left	-
spell:ricause	spell	yes	yes	no	identical	only-in-left	only-in-left	-
spell:righteous_cause	spell	no	no	yes	identical	only-in-right	only-in-right	-
spell:ring_of_anything	spell	yes	yes	no	identical	only-in-left	only-in-left	-
spell:riptide	spell	yes	yes	no	identical	only-in-left	only-in-left	-
spell:roccapotion	spell	yes	yes	no	identical	only-in-left	only-in-left	-
spell:rocksling	spell	yes	yes	no	identical	only-in-left	only-in-left	-
spell:roulette	spell	no	no	yes	identical	only-in-right	only-in-right	-
spell:rust	spell	yes	yes	yes	identical	token-level	token-level	duration,research_cost,spellcondition?,temp_var0,temporary_modifications,tip_buffer,viability
spell:sanctuary	spell	yes	yes	yes	identical	token-level	token-level	image,invoke_effects,research_cost,spellcondition?,tip_buffer
spell:sands_of_sleep	spell	no	no	yes	identical	only-in-right	only-in-right	-
spell:sandst	spell	yes	yes	no	identical	only-in-left	only-in-left	-
spell:scald	spell	yes	yes	no	identical	only-in-left	only-in-left	-
spell:seer_air	spell	no	no	yes	identical	only-in-right	only-in-right	-
spell:seer_chaos	spell	no	no	yes	identical	only-in-right	only-in-right	-
spell:seer_death	spell	no	no	yes	identical	only-in-right	only-in-right	-
spell:seer_earth	spell	no	no	yes	identical	only-in-right	only-in-right	-
spell:seer_fire	spell	no	no	yes	identical	only-in-right	only-in-right	-
spell:seer_life	spell	no	no	yes	identical	only-in-right	only-in-right	-
spell:seer_order	spell	no	no	yes	identical	only-in-right	only-in-right	-
spell:seer_water	spell	no	no	yes	identical	only-in-right	only-in-right	-
spell:shade	spell	yes	yes	no	identical	only-in-left	only-in-left	-
spell:shaken	spell	no	no	yes	identical	only-in-right	only-in-right	-
spell:shands	spell	yes	yes	no	identical	only-in-left	only-in-left	-
spell:shim_veil	spell	yes	yes	no	identical	only-in-left	only-in-left	-
spell:shimmering_veil	spell	no	no	yes	identical	only-in-right	only-in-right	-
spell:skel	spell	yes	yes	no	identical	only-in-left	only-in-left	-
spell:sleep	spell	yes	yes	no	identical	only-in-left	only-in-left	-
spell:slow	spell	yes	yes	yes	identical	token-level	token-level	duration,invoke_effects,research_cost,slow_down,spellcondition?,target_radius,temp_var0,temporary_modifications,tip_buffer,viability
spell:spark	spell	yes	yes	yes	identical	token-level	token-level	can_accumulate?,duration,engulfed,image,maintenance,missile_gravity,missile_hit_aura,missile_speed,missile_type,name,permanent_modifications,post_mods,pre_mods,research_cost,target_aura,target_radius,temporary_modifications,tip_buffer,viability
spell:sparrow	spell	yes	yes	no	identical	only-in-left	only-in-left	-
spell:spawn	spell	yes	yes	no	identical	only-in-left	only-in-left	-
spell:spawn_mushroom	spell	no	no	yes	identical	only-in-right	only-in-right	-
spell:spider_web	spell	yes	yes	yes	identical	token-level	token-level	dummy,duration,image,level,maintenance,mana,research_cost,tip_buffer,viability
spell:spirit	spell	yes	yes	no	identical	only-in-left	only-in-left	-
spell:stone_hands	spell	no	no	yes	identical	only-in-right	only-in-right	-
spell:stone_skin	spell	no	no	yes	identical	only-in-right	only-in-right	-
spell:stone_touch	spell	no	no	yes	identical	only-in-right	only-in-right	-
spell:stoneskin	spell	yes	yes	no	identical	only-in-left	only-in-left	-
spell:strength_death	spell	no	no	yes	identical	only-in-right	only-in-right	-
spell:strength_fire	spell	no	no	yes	identical	only-in-right	only-in-right	-
spell:stun	spell	yes	yes	no	identical	only-in-left	only-in-left	-
spell:stun_spell	spell	no	no	yes	identical	only-in-right	only-in-right	-
spell:stunned	spell	no	no	yes	identical	only-in-right	only-in-right	-
spell:summon_creature_air	spell	no	no	yes	identical	only-in-right	only-in-right	-
spell:summon_creature_chaos	spell	no	no	yes	identical	only-in-right	only-in-right	-
spell:summon_creature_earth	spell	no	no	yes	identical	only-in-right	only-in-right	-
spell:summon_creature_fire	spell	no	no	yes	identical	only-in-right	only-in-right	-
spell:summon_creature_life	spell	no	no	yes	identical	only-in-right	only-in-right	-
spell:summon_creature_order	spell	no	no	yes	identical	only-in-right	only-in-right	-
spell:summon_creature_water	spell	no	no	yes	identical	only-in-right	only-in-right	-
spell:survey	spell	yes	yes	no	identical	only-in-left	only-in-left	-
spell:survey2	spell	yes	yes	no	identical	only-in-left	only-in-left	-
spell:swiftness	spell	yes	yes	yes	identical	token-level	token-level	duration,invoke_effects,maintenance,pre_mods,research_cost,spell_var0,spell_var1,spellcondition?,temporary_modifications,tip_buffer,viability
spell:teleport_artifact_air	spell	no	no	yes	identical	only-in-right	only-in-right	-
spell:teleport_artifact_chaos	spell	no	no	yes	identical	only-in-right	only-in-right	-
spell:teleport_artifact_death	spell	no	no	yes	identical	only-in-right	only-in-right	-
spell:teleport_artifact_earth	spell	no	no	yes	identical	only-in-right	only-in-right	-
spell:teleport_artifact_fire	spell	no	no	yes	identical	only-in-right	only-in-right	-
spell:teleport_artifact_life	spell	no	no	yes	identical	only-in-right	only-in-right	-
spell:teleport_artifact_order	spell	no	no	yes	identical	only-in-right	only-in-right	-
spell:teleport_artifact_water	spell	no	no	yes	identical	only-in-right	only-in-right	-
spell:terrain_air	spell	no	no	yes	identical	only-in-right	only-in-right	-
spell:terrain_chaos	spell	no	no	yes	identical	only-in-right	only-in-right	-
spell:terrain_death	spell	no	no	yes	identical	only-in-right	only-in-right	-
spell:terrain_earth	spell	no	no	yes	identical	only-in-right	only-in-right	-
spell:terrain_fire	spell	no	no	yes	identical	only-in-right	only-in-right	-
spell:terrain_life	spell	no	no	yes	identical	only-in-right	only-in-right	-
spell:terrain_order	spell	no	no	yes	identical	only-in-right	only-in-right	-
spell:terrain_special	spell	no	no	yes	identical	only-in-right	only-in-right	-
spell:terrain_water	spell	no	no	yes	identical	only-in-right	only-in-right	-
spell:tin_armor	spell	no	no	yes	identical	only-in-right	only-in-right	-
spell:trailblaze	spell	yes	yes	no	identical	only-in-left	only-in-left	-
spell:transform_air	spell	no	no	yes	identical	only-in-right	only-in-right	-
spell:transform_death	spell	no	no	yes	identical	only-in-right	only-in-right	-
spell:transform_earth	spell	no	no	yes	identical	only-in-right	only-in-right	-
spell:transform_fire	spell	no	no	yes	identical	only-in-right	only-in-right	-
spell:tremor	spell	yes	yes	yes	identical	token-level	token-level	book,can_accumulate?,cast_ticks,dummy,duration,image,invoke_effects,maintenance,mana,mode,modifier_aura,permanent_modifications,recover_ticks,repeat_count,repeat_modifications,repeat_time,repeatwithoutbuff?,research_cost,spell_damage,spellcondition?,target,target_aura,temporary_modifications,tip_buffer,viability
spell:trick	spell	no	no	yes	identical	only-in-right	only-in-right	-
spell:tunnel	spell	no	no	yes	identical	only-in-right	only-in-right	-
spell:turn_to_stone	spell	no	no	yes	identical	only-in-right	only-in-right	-
spell:turn_undead	spell	yes	yes	yes	identical	token-level	token-level	can_accumulate?,cast_ticks,duration,invoke_effects,mode,permanent_modifications,pre_mods,recover_ticks,research_cost,slow_undead,spell_damage,spellcondition?,temporary_modifications,tip_buffer,viability
spell:turnicate	spell	yes	yes	no	identical	only-in-left	only-in-left	-
spell:turnstone	spell	yes	yes	no	identical	only-in-left	only-in-left	-
spell:unturn_undead	spell	no	no	yes	identical	only-in-right	only-in-right	-
spell:unword	spell	yes	yes	no	identical	only-in-left	only-in-left	-
spell:visage	spell	yes	yes	no	identical	only-in-left	only-in-left	-
spell:visage_of_horror	spell	no	no	yes	identical	only-in-right	only-in-right	-
spell:vortex	spell	yes	yes	yes	identical	token-level	token-level	dummy,maintenance,missile_effects,missile_flags,missile_lifespan,permanent_modifications,research_cost,spell_damage,tip_buffer,viability,vortex_turn_time
spell:walk	spell	yes	yes	no	identical	only-in-left	only-in-left	-
spell:wanderlust	spell	yes	yes	no	identical	only-in-left	only-in-left	-
spell:watch_tower	spell	yes	yes	yes	identical	token-level	token-level	image,invoke_effects,research_cost,spellcondition?,tip_buffer
spell:water_detect	spell	yes	yes	no	identical	only-in-left	only-in-left	-
spell:water_dispell	spell	yes	yes	no	identical	only-in-left	only-in-left	-
spell:water_seer	spell	yes	yes	no	identical	only-in-left	only-in-left	-
spell:water_telart	spell	yes	yes	no	identical	only-in-left	only-in-left	-
spell:weaken	spell	no	no	yes	identical	only-in-right	only-in-right	-
spell:wheel	spell	yes	yes	no	identical	only-in-left	only-in-left	-
spell:whisper_of_the_waves	spell	no	no	yes	identical	only-in-right	only-in-right	-
spell:whiswave	spell	yes	yes	no	identical	only-in-left	only-in-left	-
spell:wildfire	spell	yes	yes	no	identical	only-in-left	only-in-left	-
spell:wind_mills	spell	yes	yes	yes	identical	token-level	token-level	invoke_effects,name,research_cost,spellcondition?,tip_buffer
spell:windsoch	spell	yes	yes	no	identical	only-in-left	only-in-left	-
spell:windwalk	spell	yes	yes	no	identical	only-in-left	only-in-left	-
spell:zaprad	spell	yes	yes	no	identical	only-in-left	only-in-left	-
unit:aicav	unit	yes	yes	yes	identical	token-level	token-level	air_resistance,armor,attack_recovery_ticks,dexterity,earth_resistance,fire_resistance,food_to_build,gold_to_build,man_turns,marketplace_required,melee_attack_resistance,missile_attack_resistance,recover_hitpoints,recover_hitpoints_inside,recover_hitpoints_moved,stables_required,stealth_noise_factor,strength,water_resistance,wisdom
unit:aicr1	unit	yes	yes	yes	identical	token-level	token-level	air_resistance,armor,attack,attack_recovery_ticks,chaos_resistance,death_resistance,dexterity,earth_resistance,fire_resistance,food_to_build,get_hit_recovery_ticks,hit_points,level_procedure,life_resistance,magic_crystals_to_build,melee_attack_resistance,missile_attack_resistance,mps,order_resistance,recover_hitpoints,recover_hitpoints_inside,recover_hitpoints_moved,sight_radius,strength,water_resistance,wisdom
unit:aicr2	unit	yes	yes	yes	identical	token-level	token-level	armor,attack,attack_recovery_ticks,chaos_resistance,death_resistance,dexterity,earth_resistance,fire_resistance,flags,food_to_build,get_hit_recovery_ticks,hit_points,level_procedure,life_resistance,magic_crystals_to_build,magic_crystals_used_per_turn,melee_attack_resistance,military_units,missile_attack_resistance,mps,order_resistance,recover_hitpoints,recover_hitpoints_inside,recover_hitpoints_moved,strength,water_resistance,wisdom
unit:aicr3	unit	yes	yes	yes	identical	token-level	token-level	armor,attack,attack_recovery_ticks,death_resistance,dexterity,earth_resistance,fire_resistance,flags,food_to_build,food_used_per_turn,get_hit_recovery_ticks,gold_to_build,gold_used_per_turn,hit_points,magic_crystals_used_per_turn,missile_attack_resistance,missile_range,order_resistance,ranged_attack,recover_hitpoints,recover_hitpoints_inside,recover_hitpoints_moved,strength,water_resistance
unit:aicr4	unit	yes	yes	yes	identical	token-level	token-level	armor,flags,gold_to_build,level_procedure,recover_hitpoints,recover_hitpoints_inside,recover_hitpoints_moved
unit:aicr5	unit	yes	yes	yes	identical	token-level	token-level	T_legendary1,air_resistance,armor,attack,attack_recovery_ticks,dexterity,earth_resistance,fire_resistance,flags,food_to_build,food_used_per_turn,get_hit_recovery_ticks,gold_to_build,gold_used_per_turn,hit_points,magic_crystals_to_build,magic_crystals_used_per_turn,missile_attack_resistance,missile_range,name,order_resistance,ranged_attack,recover_hitpoints,recover_hitpoints_inside,recover_hitpoints_moved,strength
unit:aifit	unit	yes	yes	yes	identical	token-level	token-level	air_resistance,armor,attack,attack_recovery_ticks,dexterity,earth_resistance,fire_resistance,flags,food_to_build,get_hit_recovery_ticks,gold_to_build,hit_points,melee_attack_resistance,morale_bar_x,morale_bar_y,mps,recover_hitpoints,recover_hitpoints_inside,recover_hitpoints_moved,sight_radius,stealth_noise_factor,strength,water_resistance,wisdom
unit:aiinf	unit	yes	yes	yes	identical	token-level	token-level	air_resistance,armor,attack,attack_recovery_ticks,dexterity,earth_resistance,fire_resistance,food_to_build,get_hit_recovery_ticks,gold_to_build,hit_points,magic_crystals_to_build,melee_attack_resistance,missile_attack_resistance,recover_hitpoints,recover_hitpoints_inside,recover_hitpoints_moved,strength,water_resistance
unit:aildf	unit	yes	yes	yes	identical	token-level	token-level	air_resistance,armor,attack_recovery_ticks,dexterity,flags,food_to_build,food_used_per_turn,frames_per_grid,get_hit_recovery_ticks,gold_to_build,gold_used_per_turn,hit_points,initiates_to_build,level_procedure,magic_crystals_to_build,magic_crystals_used_per_turn,melee_attack_resistance,missile_attack_resistance,mps,recover_hitpoints,recover_hitpoints_inside,recover_hitpoints_moved,sight_radius,strength,thieves_guild_required,water_resistance,wizards_tower_required
unit:aildt	unit	yes	yes	yes	identical	token-level	token-level	air_resistance,armor,attack,attack_recovery_ticks,barracks_required,dexterity,food_to_build,food_used_per_turn,frames_per_grid,get_hit_recovery_ticks,gold_to_build,gold_used_per_turn,hit_points,initiates_to_build,level_procedure,magic_crystals_to_build,magic_crystals_used_per_turn,melee_attack_resistance,missile_attack_resistance,missile_range,ranged_attack,recover_hitpoints,recover_hitpoints_inside,recover_hitpoints_moved,sight_radius,stealth_noise_factor,strength,water_resistance,wizards_tower_required
unit:aildw	unit	yes	yes	yes	identical	token-level	token-level	air_resistance,armor,attack,attack_recovery_ticks,barracks_required,dexterity,flags,food_to_build,food_used_per_turn,frames_per_grid,get_hit_recovery_ticks,gold_to_build,gold_used_per_turn,hit_points,initiates_to_build,level_procedure,magic_crystals_to_build,magic_crystals_used_per_turn,missile_attack_resistance,name,recover_hitpoints,recover_hitpoints_inside,recover_hitpoints_moved,sight_radius,thieves_guild_required,water_resistance,wisdom
unit:aimis	unit	yes	yes	yes	identical	token-level	token-level	air_resistance,armor,attack,attack_recovery_ticks,dexterity,earth_resistance,fire_resistance,get_hit_recovery_ticks,gold_to_build,magic_crystals_to_build,man_turns,melee_attack_resistance,missile_attack_resistance,missile_range,ranged_attack,recover_hitpoints,recover_hitpoints_inside,strength,water_resistance,wisdom
unit:aishp	unit	yes	yes	yes	identical	token-level	token-level	armor,attack,attack_recovery_ticks,food_to_build,get_hit_recovery_ticks,gold_to_build,hit_points,magic_crystals_to_build,melee_attack_resistance,missile_attack_resistance,ranged_attack,recover_hitpoints,recover_hitpoints_inside,recover_hitpoints_moved
unit:aithf	unit	yes	yes	yes	identical	token-level	token-level	air_resistance,armor,attack_recovery_ticks,dexterity,earth_resistance,fire_resistance,food_to_build,get_hit_recovery_ticks,gold_to_build,hit_points,magic_crystals_to_build,melee_attack_resistance,missile_attack_resistance,missile_range,missile_speed,ranged_attack,recover_hitpoints,recover_hitpoints_inside,sight_radius,stealth_noise_factor,strength,water_resistance,wisdom
unit:aiwiz	unit	yes	yes	yes	identical	token-level	token-level	air_resistance,armor,attack_recovery_ticks,earth_resistance,fire_resistance,food_to_build,get_hit_recovery_ticks,gold_to_build,hit_points,magic_crystals_to_build,maximum_mana,missile_attack_resistance,mps,recover_hitpoints,recover_hitpoints_inside,recover_hitpoints_moved,sight_radius,stealth_noise_factor,water_resistance,wisdom
unit:aiwm1	unit	yes	yes	yes	identical	token-level	token-level	air_resistance,armor,attack,attack_recovery_ticks,barracks_required,earth_resistance,fire_resistance,food_to_build,get_hit_recovery_ticks,gold_to_build,hit_points,initiates_to_build,magic_crystals_to_build,melee_attack_resistance,missile_attack_resistance,mps,recover_hitpoints,recover_hitpoints_inside,recover_hitpoints_moved,thieves_guild_required,water_resistance,wizards_tower_required
unit:aiwm2	unit	yes	yes	yes	identical	token-level	token-level	air_resistance,armor,attack,attack_recovery_ticks,barracks_required,earth_resistance,fire_resistance,food_to_build,get_hit_recovery_ticks,gold_to_build,hit_points,initiates_to_build,magic_crystals_to_build,magic_crystals_used_per_turn,recover_hitpoints,recover_hitpoints_inside,recover_hitpoints_moved,thieves_guild_required,water_resistance,wizards_tower_required
unit:aiwm3	unit	yes	yes	yes	identical	token-level	token-level	armor,barracks_required,food_to_build,gold_to_build,initiates_to_build,magic_crystals_to_build,thieves_guild_required,wizards_tower_required
unit:boat	unit	yes	yes	no	identical	only-in-left	only-in-left	-
unit:chcav	unit	yes	yes	yes	identical	token-level	token-level	armor,attack,attack_recovery_ticks,chaos_resistance,death_resistance,dexterity,flags,food_to_build,get_hit_recovery_ticks,gold_to_build,hit_points,life_resistance,melee_attack_resistance,missile_attack_resistance,missile_range,missile_speed,missile_type,mps,order_resistance,ranged_attack,recover_hitpoints,recover_hitpoints_inside,recover_hitpoints_moved,sight_radius,stealth_noise_factor,strength,wisdom
unit:chcr1	unit	yes	yes	yes	identical	token-level	token-level	air_resistance,armor,attack,attack_recovery_ticks,chaos_resistance,death_resistance,dexterity,fire_resistance,flags,food_to_build,get_hit_recovery_ticks,gold_to_build,hit_points,level_procedure,life_resistance,magic_crystals_to_build,melee_attack_resistance,missile_attack_resistance,mps,order_resistance,race,recover_hitpoints,recover_hitpoints_inside,recover_hitpoints_moved,strength,water_resistance,wisdom
unit:chcr2	unit	yes	yes	yes	identical	token-level	token-level	air_resistance,armor,attack,attack_recovery_ticks,chaos_resistance,death_resistance,fire_resistance,food_to_build,get_hit_recovery_ticks,gold_to_build,hit_points,level_procedure,life_resistance,magic_crystals_to_build,magic_crystals_used_per_turn,melee_attack_resistance,missile_attack_resistance,mps,order_resistance,recover_hitpoints,recover_hitpoints_inside,recover_hitpoints_moved,strength,water_resistance
unit:chcr3	unit	yes	yes	yes	identical	token-level	token-level	air_resistance,armor,attack,attack_recovery_ticks,dexterity,earth_resistance,fire_resistance,flags,food_to_build,food_used_per_turn,get_hit_recovery_ticks,gold_to_build,gold_used_per_turn,hit_points,life_resistance,magic_crystals_to_build,magic_crystals_used_per_turn,melee_attack_resistance,missile_range,mps,order_resistance,ranged_attack,recover_hitpoints,recover_hitpoints_inside,recover_hitpoints_moved,water_resistance,wisdom
unit:chcr4	unit	yes	yes	yes	identical	token-level	token-level	armor,flags,gold_to_build,level_procedure,mps,recover_hitpoints,recover_hitpoints_inside,recover_hitpoints_moved
unit:chcr5	unit	yes	yes	yes	identical	token-level	token-level	T_legendary1,air_resistance,armor,attack,attack_recovery_ticks,death_resistance,dexterity,earth_resistance,fire_resistance,flags,get_hit_recovery_ticks,gold_to_build,gold_used_per_turn,hit_points,life_resistance,magic_crystals_to_build,missile_attack_resistance,mps,name,order_resistance,recover_hitpoints_moved,sight_radius,strength,water_resistance,wisdom
unit:chfit	unit	yes	yes	yes	identical	token-level	token-level	air_resistance,armor,attack,attack_recovery_ticks,chaos_resistance,death_resistance,dexterity,earth_resistance,fire_resistance,food_to_build,get_hit_recovery_ticks,gold_to_build,hit_points,life_resistance,missile_attack_resistance,mps,order_resistance,recover_hitpoints,recover_hitpoints_inside,recover_hitpoints_moved,sight_radius,stealth_noise_factor,strength,water_resistance,wisdom
unit:chinf	unit	yes	yes	yes	identical	token-level	token-level	armor,attack,attack_recovery_ticks,chaos_resistance,death_resistance,dexterity,food_to_build,get_hit_recovery_ticks,gold_to_build,hit_points,life_resistance,melee_attack_resistance,missile_attack_resistance,mps,order_resistance,recover_hitpoints,recover_hitpoints_inside,recover_hitpoints_moved,strength,wisdom
unit:chld1	unit	no	no	yes	identical	only-in-right	only-in-right	-
unit:chld2	unit	no	no	yes	identical	only-in-right	only-in-right	-
unit:chldf	unit	yes	yes	yes	identical	token-level	token-level	air_resistance,armor,attack,attack_recovery_ticks,chaos_resistance,death_resistance,dexterity,earth_resistance,fire_resistance,food_to_build,food_used_per_turn,frames_per_grid,get_hit_recovery_ticks,gold_to_build,gold_used_per_turn,hit_points,initiates_to_build,level_procedure,life_resistance,magic_crystals_to_build,magic_crystals_used_per_turn,missile_attack_resistance,mps,name,order_resistance,recover_hitpoints_moved,sight_radius,strength,thieves_guild_required,water_resistance,wizards_tower_required
unit:chldt	unit	yes	yes	yes	identical	token-level	token-level	armor,attack,attack_recovery_ticks,barracks_required,chaos_resistance,death_resistance,dexterity,food_to_build,food_used_per_turn,frames_per_grid,get_hit_recovery_ticks,gold_to_build,gold_used_per_turn,initiates_to_build,level_procedure,magic_crystals_to_build,magic_crystals_used_per_turn,melee_attack_resistance,missile_attack_resistance,missile_range,mps,name,ranged_attack,recover_hitpoints,recover_hitpoints_inside,recover_hitpoints_moved,sight_radius,strength,wizards_tower_required
unit:chldw	unit	yes	yes	yes	identical	token-level	token-level	armor,attack,attack_recovery_ticks,barracks_required,chaos_resistance,death_resistance,dexterity,flags,food_to_build,food_used_per_turn,frames_per_grid,get_hit_recovery_ticks,gold_to_build,gold_used_per_turn,hit_points,initiates_to_build,level_procedure,magic_crystals_to_build,magic_crystals_used_per_turn,melee_attack_resistance,missile_attack_resistance,mps,name,recover_hitpoints,recover_hitpoints_inside,recover_hitpoints_moved,sight_radius,strength,thieves_guild_required,wisdom
unit:chmis	unit	yes	yes	yes	identical	token-level	token-level	attack,attack_recovery_ticks,chaos_resistance,death_resistance,dexterity,food_to_build,get_hit_recovery_ticks,gold_to_build,hit_points,life_resistance,magic_crystals_to_build,man_turns,missile_range,mps,order_resistance,ranged_attack,recover_hitpoints,recover_hitpoints_inside,recover_hitpoints_moved,strength
unit:chshp	unit	yes	yes	yes	identical	token-level	token-level	armor,attack,food_to_build,get_hit_recovery_ticks,gold_to_build,hit_points,magic_crystals_to_build,melee_attack_resistance,missile_attack_resistance,mps,ranged_attack,recover_hitpoints,recover_hitpoints_inside,recover_hitpoints_moved
unit:chthf	unit	yes	yes	yes	identical	token-level	token-level	armor,attack,attack_recovery_ticks,chaos_resistance,death_resistance,dexterity,food_to_build,get_hit_recovery_ticks,gold_to_build,hit_points,life_resistance,magic_crystals_to_build,melee_attack_resistance,missile_attack_resistance,missile_range,mps,order_resistance,ranged_attack,recover_hitpoints,recover_hitpoints_inside,recover_hitpoints_moved,sight_radius,strength,wisdom
unit:chwiz	unit	yes	yes	yes	identical	token-level	token-level	armor,attack_recovery_ticks,chaos_resistance,death_resistance,dexterity,food_to_build,get_hit_recovery_ticks,gold_to_build,hit_points,life_resistance,magic_crystals_to_build,maximum_mana,melee_attack_resistance,missile_attack_resistance,mps,order_resistance,recover_hitpoints,recover_hitpoints_inside,recover_hitpoints_moved,sight_radius,stealth_noise_factor,strength,wisdom
unit:chwm1	unit	yes	yes	yes	identical	token-level	token-level	armor,attack,attack_recovery_ticks,barracks_required,chaos_resistance,dexterity,food_to_build,get_hit_recovery_ticks,gold_to_build,hit_points,initiates_to_build,magic_crystals_to_build,order_resistance,recover_hitpoints,strength,thieves_guild_required,wisdom,wizards_tower_required
unit:chwm2	unit	yes	yes	yes	identical	token-level	token-level	armor,attack,attack_recovery_ticks,barracks_required,chaos_resistance,dexterity,food_to_build,food_used_per_turn,get_hit_recovery_ticks,gold_to_build,hit_points,initiates_to_build,magic_crystals_to_build,magic_crystals_used_per_turn,melee_attack_resistance,missile_attack_resistance,order_resistance,recover_hitpoints,recover_hitpoints_inside,recover_hitpoints_moved,thieves_guild_required,wisdom,wizards_tower_required
unit:chwmc	unit	yes	yes	yes	identical	token-level	token-level	armor,attack,attack_recovery_ticks,barracks_required,chaos_resistance,death_resistance,food_to_build,get_hit_recovery_ticks,gold_to_build,hit_points,initiates_to_build,level_procedure,life_resistance,magic_crystals_to_build,melee_attack_resistance,missile_attack_resistance,mps,order_resistance,recover_hitpoints,recover_hitpoints_inside,recover_hitpoints_moved,strength,thieves_guild_required,wisdom,wizards_tower_required
unit:chwmf	unit	yes	yes	yes	identical	token-level	token-level	armor,attack,attack_recovery_ticks,barracks_required,chaos_resistance,death_resistance,dexterity,food_to_build,frames_per_grid,get_hit_recovery_ticks,gold_to_build,hit_points,initiates_to_build,life_resistance,magic_crystals_to_build,melee_attack_resistance,missile_attack_resistance,mps,name,order_resistance,race,recover_hitpoints_moved,sight_radius,stealth_noise_factor,strength,thieves_guild_required,wizards_tower_required
unit:chwmf2	unit	no	no	yes	identical	only-in-right	only-in-right	-
unit:chwmi	unit	yes	yes	yes	identical	token-level	token-level	armor,attack,attack_recovery_ticks,barracks_required,chaos_resistance,death_resistance,dexterity,food_to_build,get_hit_recovery_ticks,gold_to_build,initiates_to_build,level_procedure,life_resistance,magic_crystals_to_build,melee_attack_resistance,missile_attack_resistance,mps,name,order_resistance,recover_hitpoints,recover_hitpoints_inside,recover_hitpoints_moved,strength,thieves_guild_required,wisdom,wizards_tower_required
unit:chwmm	unit	yes	yes	yes	identical	token-level	token-level	armor,attack,barracks_required,chaos_resistance,death_resistance,dexterity,food_to_build,get_hit_recovery_ticks,gold_to_build,hit_points,initiates_to_build,level_procedure,life_resistance,magic_crystals_to_build,mps,order_resistance,race,ranged_attack,recover_hitpoints_moved,strength,thieves_guild_required,wisdom,wizards_tower_required
unit:chwmm2	unit	yes	yes	yes	identical	token-level	token-level	armor,chaos_resistance,death_resistance,dexterity,life_resistance,man_turns,missile_range,order_resistance,ranged_attack,strength
unit:chwmt	unit	yes	yes	no	identical	only-in-left	only-in-left	-
unit:chwmw	unit	yes	yes	yes	identical	token-level	token-level	armor,attack,dexterity,fame_to_build,food_to_build,level_procedure,magic_crystals_to_build,mps,name,strength,wisdom,wizards_tower_required
unit:chwz2	unit	yes	yes	yes	identical	token-level	token-level	air_resistance,armor,attack,barracks_required,chaos_resistance,death_resistance,dexterity,earth_resistance,fire_resistance,food_to_build,frames_per_grid,get_hit_recovery_ticks,gold_to_build,gold_used_per_turn,hit_points,initiates_to_build,life_resistance,magic_crystals_to_build,magic_crystals_used_per_turn,mps,order_resistance,recover_hitpoints,recover_hitpoints_inside,recover_hitpoints_moved,strength,thieves_guild_required,water_resistance,wisdom,wizards_tower_required
unit:chwz22	unit	no	no	yes	identical	only-in-right	only-in-right	-
unit:decav	unit	yes	yes	yes	identical	token-level	token-level	armor,attack,attack_recovery_ticks,chaos_resistance,code,death_resistance,dexterity,flags,food_to_build,food_used_per_turn,frames_per_grid,get_hit_recovery_ticks,gold_to_build,gold_used_per_turn,health_bar_x,health_bar_y,hit_points,initiates_to_build,keep_required,level_procedure,life_resistance,magic_crystals_to_build,magic_crystals_used_per_turn,man_turns,marketplace_required,melee_attack_resistance,military_units,missile_attack_resistance,morale_bar_x,morale_bar_y,mps,order_resistance,portrait_doodad,production_doodad,recover_hitpoints,recover_hitpoints_inside,recover_hitpoints_moved,sight_radius,small_doodad,stables_required,stealth_noise_factor,strength,wisdom
unit:decr1	unit	yes	yes	yes	identical	token-level	token-level	air_resistance,armor,attack,attack_recovery_ticks,chaos_resistance,death_resistance,dexterity,earth_resistance,fire_resistance,flags,food_to_build,get_hit_recovery_ticks,gold_to_build,health_bar_x,health_bar_y,hit_points,level_procedure,life_resistance,magic_crystals_to_build,melee_attack_resistance,missile_attack_resistance,morale_bar_x,morale_bar_y,mps,name,order_resistance,recover_hitpoints,recover_hitpoints_inside,recover_hitpoints_moved,small_doodad,stealth_noise_factor,water_resistance,wizards_tower_required
unit:decr2	unit	yes	yes	yes	identical	token-level	token-level	armor,attack,attack_recovery_ticks,chaos_resistance,dexterity,earth_resistance,food_to_build,get_hit_recovery_ticks,gold_to_build,hit_points,life_resistance,magic_crystals_to_build,magic_crystals_used_per_turn,melee_attack_resistance,mps,order_resistance,ranged_attack,wisdom
unit:decr2b	unit	no	no	yes	identical	only-in-right	only-in-right	-
unit:decr3	unit	yes	yes	yes	identical	token-level	token-level	air_resistance,armor,attack,attack_recovery_ticks,dexterity,earth_resistance,fire_resistance,flags,food_to_build,food_used_per_turn,get_hit_recovery_ticks,gold_used_per_turn,hit_points,life_resistance,magic_crystals_to_build,magic_crystals_used_per_turn,melee_attack_resistance,missile_attack_resistance,order_resistance,strength,water_resistance,wisdom
unit:decr4	unit	yes	yes	yes	identical	token-level	token-level	armor,attack,attack_recovery_ticks,code,dexterity,flags,food_to_build,food_used_per_turn,frames_per_grid,get_hit_recovery_ticks,gold_to_build,gold_used_per_turn,health_bar_x,health_bar_y,hit_points,initiates_to_build,level_procedure,magic_crystals_to_build,magic_crystals_used_per_turn,morale_bar_x,morale_bar_y,mps,portrait_doodad,production_doodad,recover_hitpoints,recover_hitpoints_inside,recover_hitpoints_moved,sight_radius,small_doodad,stealth_noise_factor,strength,thieves_guild_required,wisdom
unit:defit	unit	yes	yes	yes	identical	token-level	token-level	attack,attack_recovery_ticks,chaos_resistance,death_resistance,dexterity,food_to_build,get_hit_recovery_ticks,gold_to_build,hit_points,life_resistance,magic_crystals_to_build,missile_attack_resistance,mps,order_resistance,recover_hitpoints_inside,sight_radius,stealth_noise_factor,strength,wisdom
unit:deinf	unit	yes	yes	yes	identical	token-level	token-level	armor,attack,attack_recovery_ticks,chaos_resistance,death_resistance,dexterity,food_to_build,get_hit_recovery_ticks,hit_points,life_resistance,melee_attack_resistance,missile_attack_resistance,mps,order_resistance,recover_hitpoints_inside,strength,wisdom
unit:deld1	unit	no	no	yes	identical	only-in-right	only-in-right	-
unit:deldf	unit	yes	yes	yes	identical	token-level	token-level	air_resistance,attack,attack_recovery_ticks,casting_aura_type,chaos_resistance,death_resistance,dexterity,earth_resistance,fire_resistance,food_to_build,food_used_per_turn,frames_per_grid,get_hit_recovery_ticks,gold_to_build,gold_used_per_turn,hit_points,initiates_to_build,level_procedure,life_resistance,magic_crystals_to_build,magic_crystals_used_per_turn,melee_attack_resistance,missile_attack_resistance,name,order_resistance,recover_hitpoints_inside,sight_radius,strength,thieves_guild_required,water_resistance,wisdom,wizards_tower_required
unit:deldr	unit	yes	yes	yes	identical	token-level	token-level	air_resistance,armor,attack,attack_recovery_ticks,chaos_resistance,code,dexterity,earth_resistance,fire_resistance,flags,frames_per_grid,get_hit_recovery_ticks,hit_points,level_procedure,life_resistance,maximum_mana,melee_attack_resistance,missile_attack_resistance,missile_range,missile_speed,mps,order_resistance,ranged_attack,sight_radius,strength,water_resistance,wisdom
unit:deldt	unit	yes	yes	yes	identical	token-level	token-level	air_resistance,armor,attack,attack_recovery_ticks,barracks_required,chaos_resistance,death_resistance,dexterity,earth_resistance,fire_resistance,food_to_build,food_used_per_turn,frames_per_grid,get_hit_recovery_ticks,gold_to_build,gold_used_per_turn,hit_points,initiates_to_build,level_procedure,life_resistance,magic_crystals_to_build,magic_crystals_used_per_turn,melee_attack_resistance,missile_attack_resistance,missile_range,mps,name,order_resistance,ranged_attack,recover_hitpoints,recover_hitpoints_inside,sight_radius,stealth_noise_factor,strength,water_resistance,wisdom,wizards_tower_required
unit:deldw	unit	yes	yes	yes	identical	token-level	token-level	air_resistance,armor,attack,attack_recovery_ticks,barracks_required,chaos_resistance,death_resistance,earth_resistance,fire_resistance,flags,food_to_build,food_used_per_turn,frames_per_grid,get_hit_recovery_ticks,gold_to_build,gold_used_per_turn,hit_points,initiates_to_build,level_procedure,life_resistance,magic_crystals_to_build,magic_crystals_used_per_turn,mps,name,order_resistance,recover_hitpoints,recover_hitpoints_inside,sight_radius,strength,thieves_guild_required,water_resistance
unit:demis	unit	yes	yes	yes	identical	token-level	token-level	attack,attack_recovery_ticks,chaos_resistance,death_resistance,dexterity,food_to_build,get_hit_recovery_ticks,gold_to_build,hit_points,life_resistance,magic_crystals_to_build,man_turns,missile_range,mps,order_resistance,ranged_attack,wisdom
unit:deshp	unit	yes	yes	yes	identical	token-level	token-level	armor,attack,attack_recovery_ticks,food_to_build,get_hit_recovery_ticks,gold_to_build,hit_points,magic_crystals_to_build,melee_attack_resistance,missile_attack_resistance,mps,ranged_attack,recover_hitpoints,recover_hitpoints_inside
unit:dethf	unit	yes	yes	yes	identical	token-level	token-level	armor,attack,attack_recovery_ticks,chaos_resistance,death_resistance,dexterity,food_to_build,get_hit_recovery_ticks,gold_to_build,hit_points,life_resistance,magic_crystals_to_build,melee_attack_resistance,missile_range,mps,order_resistance,ranged_attack,stealth_noise_factor,strength,wisdom
unit:dewiz	unit	yes	yes	yes	identical	token-level	token-level	armor,attack,attack_recovery_ticks,casting_aura_type,chaos_resistance,code,death_resistance,dexterity,flags,food_to_build,food_used_per_turn,frames_per_grid,get_hit_recovery_ticks,gold_to_build,gold_used_per_turn,health_bar_x,health_bar_y,hit_points,initiates_to_build,keep_required,level_procedure,library_required,life_resistance,magic_crystals_to_build,magic_crystals_used_per_turn,man_turns,maximum_mana,morale_bar_x,morale_bar_y,mps,order_resistance,portrait_doodad,production_doodad,recover_hitpoints,recover_hitpoints_inside,recover_hitpoints_moved,sight_radius,small_doodad,stealth_noise_factor,strength,temple_required,wisdom
unit:dewm1	unit	yes	yes	yes	identical	token-level	token-level	air_resistance,armor,attack,attack_recovery_ticks,barracks_required,chaos_resistance,death_resistance,dexterity,earth_resistance,food_to_build,get_hit_recovery_ticks,gold_to_build,hit_points,initiates_to_build,life_resistance,magic_crystals_to_build,magic_crystals_used_per_turn,melee_attack_resistance,missile_attack_resistance,mps,order_resistance,race,thieves_guild_required,water_resistance,wizards_tower_required
unit:dewm2	unit	no	no	yes	identical	only-in-right	only-in-right	-
unit:dewz2	unit	yes	yes	yes	identical	token-level	token-level	T_legendary1,air_resistance,armor,attack,attack_recovery_ticks,chaos_resistance,dexterity,earth_resistance,fire_resistance,flags,food_to_build,get_hit_recovery_ticks,gold_to_build,hit_points,level_procedure,life_resistance,magic_crystals_to_build,magic_crystals_used_per_turn,melee_attack_resistance,missile_attack_resistance,mps,name,order_resistance,sight_radius,small_doodad,stealth_noise_factor,water_resistance,wisdom
unit:dummy	unit	no	no	yes	identical	only-in-right	only-in-right	-
unit:eacav	unit	yes	yes	yes	identical	token-level	token-level	air_resistance,armor,attack_recovery_ticks,dexterity,earth_resistance,fire_resistance,food_to_build,frames_per_grid,get_hit_recovery_ticks,gold_to_build,hit_points,melee_attack_resistance,missile_attack_resistance,recover_hitpoints_inside,strength,water_resistance,wisdom
unit:eacr1	unit	yes	yes	yes	identical	token-level	token-level	air_resistance,attack,attack_recovery_ticks,chaos_resistance,death_resistance,dexterity,earth_resistance,fire_resistance,flags,food_to_build,get_hit_recovery_ticks,hit_points,level_procedure,life_resistance,magic_crystals_to_build,military_units,missile_attack_resistance,mps,order_resistance,recover_hitpoints,recover_hitpoints_inside,recover_hitpoints_moved,strength,water_resistance,wisdom
unit:eacr2	unit	yes	yes	yes	identical	token-level	token-level	air_resistance,armor,attack,chaos_resistance,dexterity,earth_resistance,fire_resistance,flags,food_to_build,get_hit_recovery_ticks,gold_to_build,hit_points,level_procedure,magic_crystals_to_build,magic_crystals_used_per_turn,mps,order_resistance,recover_hitpoints,recover_hitpoints_inside,recover_hitpoints_moved,strength,water_resistance
unit:eacr3	unit	yes	yes	yes	identical	token-level	token-level	air_resistance,armor,attack,attack_recovery_ticks,chaos_resistance,death_resistance,dexterity,fire_resistance,food_to_build,food_used_per_turn,get_hit_recovery_ticks,gold_to_build,gold_used_per_turn,hit_points,life_resistance,magic_crystals_to_build,magic_crystals_used_per_turn,melee_attack_resistance,missile_range,mps,order_resistance,ranged_attack,recover_hitpoints,recover_hitpoints_inside,recover_hitpoints_moved,strength,water_resistance,wisdom
unit:eacr4	unit	yes	yes	yes	identical	token-level	token-level	armor,dexterity,flags,level_procedure,mps,recover_hitpoints,recover_hitpoints_inside,recover_hitpoints_moved,strength
unit:eacr5	unit	yes	yes	yes	identical	token-level	token-level	T_legendary1,air_resistance,armor,attack,attack_recovery_ticks,death_resistance,dexterity,earth_resistance,fire_resistance,flags,get_hit_recovery_ticks,gold_to_build,gold_used_per_turn,hit_points,life_resistance,magic_crystals_to_build,melee_attack_resistance,name,order_resistance,recover_hitpoints,recover_hitpoints_inside,recover_hitpoints_moved,strength,water_resistance,wisdom
unit:eafit	unit	yes	yes	yes	identical	token-level	token-level	air_resistance,armor,attack,attack_recovery_ticks,dexterity,earth_resistance,fire_resistance,food_to_build,get_hit_recovery_ticks,gold_to_build,hit_points,melee_attack_resistance,missile_attack_resistance,mps,recover_hitpoints,recover_hitpoints_inside,recover_hitpoints_moved,sight_radius,stealth_noise_factor,strength,water_resistance,wisdom
unit:eainf	unit	yes	yes	yes	identical	token-level	token-level	air_resistance,attack,attack_recovery_ticks,earth_resistance,fire_resistance,get_hit_recovery_ticks,gold_to_build,hit_points,melee_attack_resistance,missile_attack_resistance,mps,recover_hitpoints,strength,water_resistance
unit:eald1	unit	no	no	yes	identical	only-in-right	only-in-right	-
unit:ealdf	unit	yes	yes	yes	identical	token-level	token-level	air_resistance,armor,attack,attack_recovery_ticks,chaos_resistance,death_resistance,dexterity,earth_resistance,fire_resistance,food_to_build,food_used_per_turn,frames_per_grid,get_hit_recovery_ticks,gold_to_build,gold_used_per_turn,hit_points,initiates_to_build,level_procedure,life_resistance,magic_crystals_to_build,magic_crystals_used_per_turn,melee_attack_resistance,missile_attack_resistance,mps,order_resistance,recover_hitpoints,recover_hitpoints_inside,recover_hitpoints_moved,sight_radius,strength,thieves_guild_required,water_resistance,wisdom,wizards_tower_required
unit:ealdt	unit	yes	yes	yes	identical	token-level	token-level	air_resistance,armor,attack,attack_recovery_ticks,barracks_required,earth_resistance,fire_resistance,food_to_build,food_used_per_turn,frames_per_grid,get_hit_recovery_ticks,gold_to_build,gold_used_per_turn,initiates_to_build,level_procedure,magic_crystals_to_build,magic_crystals_used_per_turn,missile_attack_resistance,missile_range,mps,ranged_attack,recover_hitpoints,recover_hitpoints_inside,recover_hitpoints_moved,sight_radius,stealth_noise_factor,strength,water_resistance,wisdom,wizards_tower_required
unit:ealdw	unit	yes	yes	yes	identical	token-level	token-level	air_resistance,armor,attack,attack_recovery_ticks,barracks_required,dexterity,earth_resistance,fire_resistance,flags,food_to_build,food_used_per_turn,frames_per_grid,get_hit_recovery_ticks,gold_to_build,gold_used_per_turn,initiates_to_build,level_procedure,magic_crystals_to_build,magic_crystals_used_per_turn,melee_attack_resistance,missile_attack_resistance,mps,name,recover_hitpoints,recover_hitpoints_inside,recover_hitpoints_moved,sight_radius,strength,thieves_guild_required,water_resistance,wisdom
unit:eamis	unit	yes	yes	yes	identical	token-level	token-level	air_resistance,armor,attack,attack_recovery_ticks,dexterity,earth_resistance,fire_resistance,food_to_build,get_hit_recovery_ticks,gold_to_build,magic_crystals_to_build,man_turns,missile_range,mps,ranged_attack,recover_hitpoints_inside,strength,water_resistance,wisdom
unit:eashp	unit	yes	yes	yes	identical	token-level	token-level	armor,attack,attack_recovery_ticks,food_to_build,get_hit_recovery_ticks,gold_to_build,hit_points,magic_crystals_to_build,melee_attack_resistance,missile_attack_resistance,mps,ranged_attack,recover_hitpoints,recover_hitpoints_inside,recover_hitpoints_moved
unit:eathf	unit	yes	yes	yes	identical	token-level	token-level	air_resistance,armor,attack_recovery_ticks,dexterity,earth_resistance,fire_resistance,food_to_build,get_hit_recovery_ticks,gold_to_build,hit_points,magic_crystals_to_build,missile_attack_resistance,missile_range,mps,ranged_attack,recover_hitpoints,recover_hitpoints_inside,recover_hitpoints_moved,sight_radius,stealth_noise_factor,strength,water_resistance,wisdom
unit:eawiz	unit	yes	yes	yes	identical	token-level	token-level	air_resistance,armor,attack,attack_recovery_ticks,dexterity,earth_resistance,fire_resistance,food_to_build,get_hit_recovery_ticks,gold_to_build,magic_crystals_to_build,maximum_mana,mps,recover_hitpoints,recover_hitpoints_inside,recover_hitpoints_moved,sight_radius,stealth_noise_factor,strength,water_resistance,wisdom
unit:eawm1	unit	yes	yes	yes	identical	token-level	token-level	air_resistance,armor,attack,attack_recovery_ticks,barracks_required,dexterity,earth_resistance,fire_resistance,flags,food_to_build,get_hit_recovery_ticks,gold_to_build,hit_points,initiates_to_build,magic_crystals_to_build,magic_crystals_used_per_turn,melee_attack_resistance,missile_attack_resistance,mps,strength,thieves_guild_required,water_resistance,wisdom,wizards_tower_required
unit:eawmi	unit	yes	yes	yes	identical	token-level	token-level	air_resistance,armor,attack,attack_recovery_ticks,barracks_required,dexterity,earth_resistance,food_to_build,get_hit_recovery_ticks,gold_to_build,hit_points,initiates_to_build,level_procedure,magic_crystals_to_build,melee_attack_resistance,missile_attack_resistance,mps,recover_hitpoints,recover_hitpoints_inside,recover_hitpoints_moved,strength,thieves_guild_required,water_resistance,wisdom,wizards_tower_required
unit:ficav	unit	yes	yes	yes	identical	token-level	token-level	air_resistance,armor,attack,attack_recovery_ticks,dexterity,earth_resistance,fire_resistance,food_to_build,get_hit_recovery_ticks,gold_to_build,hit_points,melee_attack_resistance,missile_attack_resistance,mps,recover_hitpoints,recover_hitpoints_inside,recover_hitpoints_moved,stealth_noise_factor,strength,water_resistance,wisdom
unit:ficr1	unit	yes	yes	yes	identical	token-level	token-level	air_resistance,armor,attack,attack_recovery_ticks,dexterity,earth_resistance,flags,food_to_build,get_hit_recovery_ticks,level_procedure,life_resistance,magic_crystals_to_build,magic_crystals_used_per_turn,military_units,mps,order_resistance,recover_hitpoints,recover_hitpoints_inside,recover_hitpoints_moved,strength,water_resistance,wisdom
unit:ficr2	unit	yes	yes	yes	identical	token-level	token-level	air_resistance,armor,attack,attack_recovery_ticks,chaos_resistance,death_resistance,dexterity,earth_resistance,fire_resistance,food_to_build,food_used_per_turn,get_hit_recovery_ticks,gold_to_build,gold_used_per_turn,hit_points,life_resistance,magic_crystals_to_build,magic_crystals_used_per_turn,missile_speed,order_resistance,ranged_attack,recover_hitpoints,recover_hitpoints_moved,strength,water_resistance
unit:ficr3	unit	yes	yes	yes	identical	token-level	token-level	air_resistance,armor,attack,attack_recovery_ticks,dexterity,earth_resistance,flags,food_to_build,food_used_per_turn,get_hit_recovery_ticks,gold_to_build,gold_used_per_turn,hit_points,life_resistance,magic_crystals_to_build,magic_crystals_used_per_turn,missile_attack_resistance,missile_range,order_resistance,ranged_attack,recover_hitpoints,recover_hitpoints_inside,recover_hitpoints_moved,strength,water_resistance,wisdom
unit:ficr4	unit	yes	yes	yes	identical	token-level	token-level	armor,attack_recovery_ticks,flags,gold_to_build,level_procedure,mps,recover_hitpoints,recover_hitpoints_inside,recover_hitpoints_moved
unit:ficr5	unit	yes	yes	yes	identical	token-level	token-level	T_legendary1,air_resistance,armor,attack,attack_recovery_ticks,dexterity,earth_resistance,flags,food_to_build,food_used_per_turn,get_hit_recovery_ticks,gold_to_build,gold_used_per_turn,hit_points,magic_crystals_to_build,magic_crystals_used_per_turn,missile_attack_resistance,missile_range,missile_speed,missile_type,name,ranged_attack,recover_hitpoints,recover_hitpoints_inside,recover_hitpoints_moved,strength
unit:fifit	unit	yes	yes	yes	identical	token-level	token-level	air_resistance,armor,attack_recovery_ticks,dexterity,earth_resistance,fire_resistance,flags,food_to_build,get_hit_recovery_ticks,gold_to_build,hit_points,magic_crystals_to_build,melee_attack_resistance,mps,recover_hitpoints,recover_hitpoints_inside,recover_hitpoints_moved,sight_radius,stealth_noise_factor,strength,water_resistance,wisdom
unit:fiinf	unit	yes	yes	yes	identical	token-level	token-level	air_resistance,armor,attack,attack_recovery_ticks,dexterity,earth_resistance,fire_resistance,food_to_build,get_hit_recovery_ticks,gold_to_build,hit_points,melee_attack_resistance,missile_attack_resistance,mps,name,recover_hitpoints,recover_hitpoints_inside,recover_hitpoints_moved,strength,water_resistance,wisdom
unit:fildf	unit	yes	yes	yes	identical	token-level	token-level	armor,attack,attack_recovery_ticks,dexterity,earth_resistance,fire_resistance,flags,food_to_build,food_used_per_turn,frames_per_grid,get_hit_recovery_ticks,gold_to_build,gold_used_per_turn,hit_points,initiates_to_build,level_procedure,magic_crystals_to_build,magic_crystals_used_per_turn,melee_attack_resistance,mps,recover_hitpoints,recover_hitpoints_inside,recover_hitpoints_moved,sight_radius,strength,thieves_guild_required,wisdom,wizards_tower_required
unit:fildt	unit	yes	yes	yes	identical	token-level	token-level	attack,attack_recovery_ticks,barracks_required,dexterity,earth_resistance,fire_resistance,food_to_build,food_used_per_turn,frames_per_grid,get_hit_recovery_ticks,gold_to_build,gold_used_per_turn,hit_points,initiates_to_build,level_procedure,magic_crystals_to_build,magic_crystals_used_per_turn,melee_attack_resistance,mps,name,recover_hitpoints,recover_hitpoints_inside,recover_hitpoints_moved,sight_radius,stealth_noise_factor,strength,wizards_tower_required
unit:fildw	unit	yes	yes	yes	identical	token-level	token-level	attack,attack_recovery_ticks,barracks_required,earth_resistance,fire_resistance,flags,food_to_build,food_used_per_turn,frames_per_grid,get_hit_recovery_ticks,gold_to_build,gold_used_per_turn,hit_points,initiates_to_build,level_procedure,magic_crystals_to_build,magic_crystals_used_per_turn,missile_attack_resistance,name,recover_hitpoints,recover_hitpoints_inside,recover_hitpoints_moved,sight_radius,strength,thieves_guild_required,wisdom
unit:fimis	unit	yes	yes	yes	identical	token-level	token-level	air_resistance,armor,attack,attack_recovery_ticks,earth_resistance,fire_resistance,food_to_build,get_hit_recovery_ticks,gold_to_build,hit_points,magic_crystals_to_build,man_turns,melee_attack_resistance,military_units,missile_attack_resistance,missile_range,ranged_attack,recover_hitpoints,recover_hitpoints_inside,recover_hitpoints_moved,strength,water_resistance,wisdom
unit:fishp	unit	yes	yes	yes	identical	token-level	token-level	armor,attack,attack_recovery_ticks,food_to_build,get_hit_recovery_ticks,gold_to_build,hit_points,magic_crystals_to_build,melee_attack_resistance,missile_attack_resistance,mps,ranged_attack,recover_hitpoints,recover_hitpoints_inside,recover_hitpoints_moved
unit:fithf	unit	yes	yes	yes	identical	token-level	token-level	air_resistance,attack,dexterity,earth_resistance,fire_resistance,food_to_build,get_hit_recovery_ticks,gold_to_build,hit_points,magic_crystals_to_build,melee_attack_resistance,mps,name,ranged_attack,recover_hitpoints,recover_hitpoints_inside,recover_hitpoints_moved,sight_radius,stealth_noise_factor,strength,water_resistance,wisdom
unit:fiwiz	unit	yes	yes	yes	identical	token-level	token-level	air_resistance,attack,attack_recovery_ticks,dexterity,earth_resistance,fire_resistance,food_to_build,get_hit_recovery_ticks,gold_to_build,hit_points,magic_crystals_to_build,maximum_mana,missile_attack_resistance,mps,recover_hitpoints,recover_hitpoints_inside,recover_hitpoints_moved,sight_radius,stealth_noise_factor,strength,water_resistance,wisdom
unit:gate	unit	yes	yes	yes	identical	token-level	token-level	armor,code,frames_per_grid,hit_points,impfile_proc,name
unit:lgate	unit	yes	yes	yes	identical	token-level	token-level	frames_per_grid
unit:licav	unit	yes	yes	yes	identical	token-level	token-level	armor,attack_recovery_ticks,chaos_resistance,death_resistance,dexterity,food_to_build,get_hit_recovery_ticks,gold_to_build,life_resistance,man_turns,melee_attack_resistance,missile_attack_resistance,order_resistance,recover_hitpoints,recover_hitpoints_inside,recover_hitpoints_moved,stealth_noise_factor,strength,wisdom
unit:licr1	unit	yes	yes	yes	identical	token-level	token-level	air_resistance,armor,attack,attack_recovery_ticks,chaos_resistance,death_resistance,dexterity,fire_resistance,food_to_build,gold_to_build,hit_points,level_procedure,life_resistance,magic_crystals_to_build,military_units,missile_attack_resistance,missile_range,mps,order_resistance,ranged_attack,recover_hitpoints,recover_hitpoints_inside,recover_hitpoints_moved,strength
unit:licr2	unit	yes	yes	yes	identical	token-level	token-level	armor,attack,attack_recovery_ticks,chaos_resistance,death_resistance,dexterity,food_to_build,hit_points,level_procedure,magic_crystals_to_build,magic_crystals_used_per_turn,melee_attack_resistance,missile_attack_resistance,order_resistance,recover_hitpoints,recover_hitpoints_inside,recover_hitpoints_moved,strength
unit:licr3	unit	yes	yes	yes	identical	token-level	token-level	air_resistance,armor,attack,attack_recovery_ticks,chaos_resistance,code,death_impfile_proc,death_resistance,dexterity,earth_resistance,fire_resistance,flags,food_to_build,food_used_per_turn,frames_per_grid,get_hit_recovery_ticks,gold_to_build,gold_used_per_turn,health_bar_x,health_bar_y,hit_points,initiates_to_build,level_procedure,life_resistance,magic_crystals_to_build,magic_crystals_used_per_turn,melee_attack_resistance,missile_attack_resistance,morale_bar_x,morale_bar_y,mount_type,mps,name,order_resistance,portrait_doodad,production_doodad,race,recover_hitpoints,recover_hitpoints_inside,recover_hitpoints_moved,shadow_impfile_proc,small_doodad,stealth_noise_factor,strength,water_resistance,wisdom,wizards_tower_required
unit:licr4	unit	yes	yes	yes	identical	token-level	token-level	armor,flags,gold_to_build,level_procedure,recover_hitpoints_moved
unit:licr5	unit	yes	yes	yes	identical	token-level	token-level	T_legendary1,air_resistance,armor,attack,attack_recovery_ticks,chaos_resistance,death_resistance,dexterity,earth_resistance,flags,food_to_build,food_used_per_turn,get_hit_recovery_ticks,gold_to_build,gold_used_per_turn,hit_points,life_resistance,magic_crystals_to_build,missile_attack_resistance,missile_range,missile_speed,missile_type,name,order_resistance,ranged_attack,recover_hitpoints,recover_hitpoints_inside,recover_hitpoints_moved,strength,water_resistance,wisdom
unit:lifit	unit	yes	yes	yes	identical	token-level	token-level	armor,attack,attack_recovery_ticks,chaos_resistance,death_resistance,dexterity,food_to_build,get_hit_recovery_ticks,gold_to_build,hit_points,life_resistance,magic_crystals_to_build,mps,order_resistance,recover_hitpoints,recover_hitpoints_inside,recover_hitpoints_moved,sight_radius,stealth_noise_factor,strength,wisdom
unit:liinf	unit	yes	yes	yes	identical	token-level	token-level	armor,attack,attack_recovery_ticks,chaos_resistance,death_resistance,dexterity,food_to_build,get_hit_recovery_ticks,gold_to_build,hit_points,life_resistance,melee_attack_resistance,missile_attack_resistance,mps,order_resistance,recover_hitpoints,recover_hitpoints_inside,recover_hitpoints_moved,strength,wisdom
unit:lildf	unit	yes	yes	yes	identical	token-level	token-level	armor,attack_recovery_ticks,dexterity,food_to_build,food_used_per_turn,frames_per_grid,get_hit_recovery_ticks,gold_to_build,gold_used_per_turn,hit_points,initiates_to_build,level_procedure,life_resistance,magic_crystals_to_build,magic_crystals_used_per_turn,name,order_resistance,recover_hitpoints,recover_hitpoints_inside,recover_hitpoints_moved,sight_radius,strength,thieves_guild_required,wisdom,wizards_tower_required
unit:lildr	unit	yes	yes	yes	identical	token-level	token-level	air_resistance,armor,attack,attack_recovery_ticks,chaos_resistance,death_resistance,dexterity,earth_resistance,fire_resistance,flags,food_to_build,food_used_per_turn,frames_per_grid,get_hit_recovery_ticks,gold_to_build,gold_used_per_turn,health_bar_x,health_bar_y,hit_points,initiates_to_build,level_procedure,life_resistance,magic_crystals_to_build,magic_crystals_used_per_turn,maximum_mana,melee_attack_resistance,missile_attack_resistance,missile_range,missile_speed,missile_type,morale_bar_x,morale_bar_y,mps,name,order_resistance,portrait_doodad,race,ranged_attack,recover_hitpoints,recover_hitpoints_inside,recover_hitpoints_moved,small_doodad,special_unit_type,stealth_noise_factor,strength,water_resistance,wisdom,wizards_tower_required
unit:lildt	unit	yes	yes	yes	identical	token-level	token-level	armor,attack,attack_recovery_ticks,barracks_required,dexterity,food_to_build,food_used_per_turn,frames_per_grid,get_hit_recovery_ticks,gold_to_build,gold_used_per_turn,hit_points,initiates_to_build,level_procedure,life_resistance,magic_crystals_to_build,magic_crystals_used_per_turn,missile_attack_resistance,missile_range,mps,name,order_resistance,recover_hitpoints,recover_hitpoints_inside,recover_hitpoints_moved,sight_radius,stealth_noise_factor,wisdom,wizards_tower_required
unit:lildw	unit	yes	yes	yes	identical	token-level	token-level	armor,attack,attack_recovery_ticks,barracks_required,flags,food_to_build,food_used_per_turn,frames_per_grid,get_hit_recovery_ticks,gold_to_build,gold_used_per_turn,hit_points,initiates_to_build,level_procedure,life_resistance,magic_crystals_to_build,magic_crystals_used_per_turn,mps,name,order_resistance,recover_hitpoints,recover_hitpoints_inside,recover_hitpoints_moved,sight_radius,strength,thieves_guild_required,wisdom
unit:limis	unit	yes	yes	yes	identical	token-level	token-level	attack,attack_recovery_ticks,chaos_resistance,death_resistance,dexterity,gold_to_build,hit_points,life_resistance,magic_crystals_to_build,man_turns,missile_attack_resistance,missile_range,mps,order_resistance,ranged_attack,recover_hitpoints,recover_hitpoints_moved,strength,wisdom
unit:lishp	unit	yes	yes	yes	identical	token-level	token-level	armor,attack,attack_recovery_ticks,food_to_build,get_hit_recovery_ticks,gold_to_build,hit_points,magic_crystals_to_build,melee_attack_resistance,missile_attack_resistance,mps,ranged_attack,recover_hitpoints,recover_hitpoints_inside,recover_hitpoints_moved
unit:lithf	unit	yes	yes	yes	identical	token-level	token-level	armor,attack,attack_recovery_ticks,chaos_resistance,death_resistance,dexterity,food_to_build,get_hit_recovery_ticks,gold_to_build,hit_points,life_resistance,magic_crystals_to_build,missile_attack_resistance,missile_range,mps,order_resistance,ranged_attack,recover_hitpoints,recover_hitpoints_inside,recover_hitpoints_moved,sight_radius,stealth_noise_factor,strength,wisdom
unit:liwiz	unit	yes	yes	yes	identical	token-level	token-level	armor,attack,attack_recovery_ticks,chaos_resistance,death_resistance,food_to_build,get_hit_recovery_ticks,gold_to_build,hit_points,life_resistance,magic_crystals_to_build,maximum_mana,mps,order_resistance,recover_hitpoints,recover_hitpoints_inside,recover_hitpoints_moved,sight_radius,stealth_noise_factor,strength,wisdom
unit:liwm1	unit	yes	yes	yes	identical	token-level	token-level	armor,attack,attack_recovery_ticks,barracks_required,food_to_build,get_hit_recovery_ticks,gold_to_build,hit_points,initiates_to_build,magic_crystals_to_build,magic_crystals_used_per_turn,mps,recover_hitpoints,recover_hitpoints_inside,strength,thieves_guild_required,wizards_tower_required
unit:liwm2	unit	yes	yes	yes	identical	token-level	token-level	armor,attack,attack_recovery_ticks,barracks_required,dexterity,food_to_build,get_hit_recovery_ticks,gold_to_build,initiates_to_build,magic_crystals_to_build,magic_crystals_used_per_turn,melee_attack_resistance,missile_attack_resistance,strength,thieves_guild_required,wisdom,wizards_tower_required
unit:orcav	unit	yes	yes	yes	identical	token-level	token-level	armor,attack,attack_recovery_ticks,chaos_resistance,death_resistance,dexterity,food_to_build,get_hit_recovery_ticks,gold_to_build,hit_points,life_resistance,man_turns,melee_attack_resistance,missile_attack_resistance,mps,order_resistance,recover_hitpoints,recover_hitpoints_inside,recover_hitpoints_moved,sight_radius,strength,wisdom
unit:orcav2	unit	yes	yes	yes	identical	token-level	token-level	armor,attack,attack_recovery_ticks,chaos_resistance,death_resistance,dexterity,food_to_build,frames_per_grid,get_hit_recovery_ticks,gold_to_build,hit_points,life_resistance,man_turns,melee_attack_resistance,missile_attack_resistance,mps,order_resistance,recover_hitpoints,recover_hitpoints_inside,recover_hitpoints_moved,sight_radius,stealth_noise_factor,strength,wisdom
unit:orcr1	unit	yes	yes	yes	identical	token-level	token-level	air_resistance,armor,attack,attack_recovery_ticks,chaos_resistance,death_resistance,dexterity,earth_resistance,fire_resistance,food_to_build,gold_to_build,level_procedure,life_resistance,magic_crystals_to_build,melee_attack_resistance,missile_attack_resistance,order_resistance,recover_hitpoints,recover_hitpoints_inside,recover_hitpoints_moved,strength,water_resistance,wisdom
unit:orcr2	unit	yes	yes	yes	identical	token-level	token-level	armor,attack,chaos_resistance,dexterity,flags,food_to_build,frames_per_grid,get_hit_recovery_ticks,gold_to_build,hit_points,level_procedure,life_resistance,magic_crystals_to_build,magic_crystals_used_per_turn,military_units,mps,order_resistance,recover_hitpoints,recover_hitpoints_inside,recover_hitpoints_moved,strength,wisdom
unit:orcr3	unit	yes	yes	yes	identical	token-level	token-level	air_resistance,armor,attack,attack_recovery_ticks,chaos_resistance,death_resistance,dexterity,earth_resistance,fire_resistance,flags,food_to_build,food_used_per_turn,get_hit_recovery_ticks,gold_to_build,gold_used_per_turn,hit_points,life_resistance,magic_crystals_to_build,magic_crystals_used_per_turn,missile_range,mps,ranged_attack,recover_hitpoints,recover_hitpoints_inside,recover_hitpoints_moved,water_resistance
unit:orcr4	unit	yes	yes	yes	identical	token-level	token-level	flags,gold_to_build,level_procedure,mps,recover_hitpoints,recover_hitpoints_inside,recover_hitpoints_moved
unit:orfit	unit	yes	yes	yes	identical	token-level	token-level	armor,attack,attack_recovery_ticks,chaos_resistance,death_resistance,dexterity,food_to_build,get_hit_recovery_ticks,gold_to_build,hit_points,life_resistance,missile_attack_resistance,mps,order_resistance,recover_hitpoints,recover_hitpoints_inside,recover_hitpoints_moved,sight_radius,stealth_noise_factor,strength,wisdom
unit:orft2	unit	yes	yes	yes	identical	token-level	token-level	air_resistance,armor,attack,attack_recovery_ticks,dexterity,earth_resistance,fire_resistance,food_to_build,food_used_per_turn,get_hit_recovery_ticks,gold_to_build,gold_used_per_turn,hit_points,initiates_to_build,level_procedure,life_resistance,magic_crystals_used_per_turn,melee_attack_resistance,missile_attack_resistance,mps,order_resistance,recover_hitpoints_inside,recover_hitpoints_moved,sight_radius,strength,water_resistance,wisdom
unit:orinf	unit	yes	yes	yes	identical	token-level	token-level	attack,attack_recovery_ticks,chaos_resistance,death_resistance,dexterity,food_to_build,get_hit_recovery_ticks,gold_to_build,hit_points,life_resistance,melee_attack_resistance,missile_attack_resistance,mps,order_resistance,recover_hitpoints_inside,recover_hitpoints_moved,strength,wisdom
unit:orld1	unit	yes	yes	yes	identical	token-level	token-level	armor,attack_recovery_ticks,chaos_resistance,death_resistance,dexterity,flags,get_hit_recovery_ticks,health_bar_y,hit_points,level_procedure,life_resistance,melee_attack_resistance,missile_attack_resistance,morale_bar_y,mps,order_resistance,recover_hitpoints,recover_hitpoints_inside,recover_hitpoints_moved,stealth_noise_factor,strength,wisdom
unit:orld2	unit	yes	yes	yes	identical	token-level	token-level	armor,attack,attack_recovery_ticks,chaos_resistance,death_resistance,dexterity,flags,get_hit_recovery_ticks,health_bar_y,hit_points,level_procedure,life_resistance,melee_attack_resistance,missile_attack_resistance,morale_bar_y,order_resistance,recover_hitpoints,recover_hitpoints_inside,recover_hitpoints_moved,strength,wisdom
unit:orld3	unit	yes	yes	yes	identical	token-level	token-level	armor,attack,attack_recovery_ticks,chaos_resistance,death_resistance,dexterity,frames_per_grid,get_hit_recovery_ticks,level_procedure,life_resistance,melee_attack_resistance,missile_attack_resistance,mps,name,order_resistance,recover_hitpoints,recover_hitpoints_inside,recover_hitpoints_moved,sight_radius,strength,wisdom
unit:orldf	unit	yes	yes	yes	identical	token-level	token-level	attack,attack_recovery_ticks,casting_aura_type,dexterity,food_to_build,food_used_per_turn,frames_per_grid,get_hit_recovery_ticks,gold_to_build,gold_used_per_turn,hit_points,initiates_to_build,level_procedure,life_resistance,magic_crystals_to_build,magic_crystals_used_per_turn,missile_attack_resistance,mps,name,order_resistance,recover_hitpoints_inside,recover_hitpoints_moved,sight_radius,strength,thieves_guild_required,wisdom,wizards_tower_required
unit:orldt	unit	yes	yes	yes	identical	token-level	token-level	armor,attack,attack_recovery_ticks,barracks_required,food_to_build,food_used_per_turn,frames_per_grid,get_hit_recovery_ticks,gold_to_build,gold_used_per_turn,hit_points,initiates_to_build,level_procedure,life_resistance,magic_crystals_to_build,magic_crystals_used_per_turn,missile_attack_resistance,mps,name,order_resistance,recover_hitpoints,recover_hitpoints_inside,recover_hitpoints_moved,sight_radius,stealth_noise_factor,strength,wisdom,wizards_tower_required
unit:orldw	unit	yes	yes	yes	identical	token-level	token-level	armor,attack,attack_recovery_ticks,barracks_required,dexterity,flags,food_to_build,food_used_per_turn,frames_per_grid,get_hit_recovery_ticks,gold_to_build,gold_used_per_turn,hit_points,initiates_to_build,level_procedure,life_resistance,magic_crystals_to_build,magic_crystals_used_per_turn,missile_attack_resistance,mps,name,order_resistance,recover_hitpoints,recover_hitpoints_inside,recover_hitpoints_moved,sight_radius,strength,thieves_guild_required,wisdom
unit:ormis	unit	yes	yes	yes	identical	token-level	token-level	armor,attack,attack_recovery_ticks,chaos_resistance,death_resistance,get_hit_recovery_ticks,gold_to_build,life_resistance,magic_crystals_to_build,man_turns,missile_range,mps,order_resistance,ranged_attack,recover_hitpoints,recover_hitpoints_inside,wisdom
unit:orshp	unit	yes	yes	yes	identical	token-level	token-level	armor,attack,attack_recovery_ticks,food_to_build,frames_per_grid,get_hit_recovery_ticks,gold_to_build,hit_points,magic_crystals_to_build,melee_attack_resistance,missile_attack_resistance,mps,ranged_attack,recover_hitpoints,recover_hitpoints_inside,recover_hitpoints_moved
unit:orthf	unit	yes	yes	yes	identical	token-level	token-level	armor,attack,attack_recovery_ticks,chaos_resistance,death_resistance,dexterity,food_to_build,get_hit_recovery_ticks,gold_to_build,hit_points,life_resistance,magic_crystals_to_build,missile_attack_resistance,mps,order_resistance,ranged_attack,recover_hitpoints,recover_hitpoints_inside,recover_hitpoints_moved,sight_radius,stealth_noise_factor,strength,wisdom
unit:orwiz	unit	yes	yes	yes	identical	token-level	token-level	armor,attack,attack_recovery_ticks,chaos_resistance,death_resistance,dexterity,food_to_build,get_hit_recovery_ticks,gold_to_build,hit_points,life_resistance,magic_crystals_to_build,maximum_mana,missile_attack_resistance,mps,order_resistance,recover_hitpoints,recover_hitpoints_inside,recover_hitpoints_moved,sight_radius,stealth_noise_factor,strength,wisdom
unit:orwmi	unit	yes	yes	yes	identical	token-level	token-level	armor,attack,attack_recovery_ticks,barracks_required,dexterity,food_to_build,get_hit_recovery_ticks,gold_to_build,hit_points,level_procedure,magic_crystals_to_build,melee_attack_resistance,missile_attack_resistance,recover_hitpoints_inside,recover_hitpoints_moved,strength,thieves_guild_required,wisdom,wizards_tower_required
unit:orwmm	unit	yes	yes	yes	identical	token-level	token-level	armor,attack,attack_recovery_ticks,barracks_required,dexterity,food_to_build,get_hit_recovery_ticks,gold_to_build,initiates_to_build,level_procedure,magic_crystals_to_build,man_turns,mps,recover_hitpoints,recover_hitpoints_inside,strength,thieves_guild_required,wisdom,wizards_tower_required
unit:pychi	unit	yes	yes	yes	identical	token-level	token-level	food_to_build,food_used_per_turn,gold_to_build,gold_used_per_turn,initiates_to_build,magic_crystals_to_build,magic_crystals_used_per_turn
unit:pycow	unit	yes	yes	yes	identical	token-level	token-level	food_to_build,food_used_per_turn,gold_to_build,gold_used_per_turn,initiates_to_build,magic_crystals_to_build,magic_crystals_used_per_turn
unit:pyele	unit	yes	yes	yes	identical	token-level	token-level	food_to_build,food_used_per_turn,gold_to_build,gold_used_per_turn,initiates_to_build,magic_crystals_to_build,magic_crystals_used_per_turn
unit:pygoa	unit	yes	yes	yes	identical	token-level	token-level	armor,food_to_build,food_used_per_turn,gold_to_build,gold_used_per_turn,initiates_to_build,magic_crystals_to_build
unit:rgate	unit	yes	yes	yes	identical	token-level	token-level	frames_per_grid
unit:wacav	unit	yes	yes	yes	identical	token-level	token-level	air_resistance,armor,attack,attack_recovery_ticks,dexterity,earth_resistance,fire_resistance,food_to_build,frames_per_grid,get_hit_recovery_ticks,gold_to_build,hit_points,man_turns,melee_attack_resistance,missile_attack_resistance,mps,recover_hitpoints_inside,sight_radius,strength,water_resistance,wisdom
unit:wacr1	unit	yes	yes	yes	identical	token-level	token-level	air_resistance,armor,attack,attack_recovery_ticks,dexterity,earth_resistance,fire_resistance,flags,food_to_build,get_hit_recovery_ticks,hit_points,magic_crystals_to_build,magic_crystals_used_per_turn,melee_attack_resistance,missile_attack_resistance,missile_range,missile_speed,missile_type,ranged_attack,recover_hitpoints,recover_hitpoints_inside,recover_hitpoints_moved,stealth_noise_factor,strength,water_resistance,wizards_tower_required
unit:wacr2	unit	yes	yes	yes	identical	token-level	token-level	air_resistance,armor,attack,attack_recovery_ticks,chaos_resistance,death_resistance,dexterity,fire_resistance,flags,food_to_build,get_hit_recovery_ticks,gold_to_build,hit_points,level_procedure,life_resistance,magic_crystals_to_build,military_units,mps,order_resistance,recover_hitpoints,recover_hitpoints_inside,recover_hitpoints_moved,strength,wisdom,wizards_tower_required
unit:wacr3	unit	yes	yes	yes	identical	token-level	token-level	air_resistance,armor,attack,attack_recovery_ticks,chaos_resistance,death_resistance,dexterity,fire_resistance,food_to_build,food_used_per_turn,get_hit_recovery_ticks,gold_to_build,gold_used_per_turn,hit_points,life_resistance,magic_crystals_to_build,magic_crystals_used_per_turn,missile_range,order_resistance,ranged_attack,recover_hitpoints,recover_hitpoints_inside,recover_hitpoints_moved,strength,wisdom
unit:wacr4	unit	yes	yes	yes	identical	token-level	token-level	armor,flags,gold_to_build,level_procedure,recover_hitpoints,recover_hitpoints_inside,recover_hitpoints_moved
unit:wacr5	unit	yes	yes	yes	identical	token-level	token-level	T_legendary1,air_resistance,armor,attack,attack_recovery_ticks,barracks_required,dexterity,earth_resistance,fire_resistance,flags,food_to_build,food_used_per_turn,get_hit_recovery_ticks,gold_to_build,gold_used_per_turn,hit_points,magic_crystals_to_build,magic_crystals_used_per_turn,melee_attack_resistance,missile_attack_resistance,mps,name,recover_hitpoints,recover_hitpoints_inside,strength,thieves_guild_required,water_resistance,wisdom
unit:wafit	unit	yes	yes	yes	identical	token-level	token-level	air_resistance,armor,attack,attack_recovery_ticks,dexterity,earth_resistance,fire_resistance,food_to_build,get_hit_recovery_ticks,gold_to_build,hit_points,magic_crystals_to_build,melee_attack_resistance,missile_attack_resistance,mps,recover_hitpoints,recover_hitpoints_inside,recover_hitpoints_moved,sight_radius,stealth_noise_factor,strength,water_resistance,wisdom
unit:wainf	unit	yes	yes	yes	identical	token-level	token-level	air_resistance,armor,attack,attack_recovery_ticks,dexterity,earth_resistance,fire_resistance,food_to_build,frames_per_grid,get_hit_recovery_ticks,gold_to_build,hit_points,melee_attack_resistance,missile_attack_resistance,recover_hitpoints_inside,strength,water_resistance,wisdom
unit:wald1	unit	no	no	yes	identical	only-in-right	only-in-right	-
unit:wald2	unit	no	no	yes	identical	only-in-right	only-in-right	-
unit:waldf	unit	yes	yes	yes	identical	token-level	token-level	air_resistance,armor,attack,attack_recovery_ticks,dexterity,earth_resistance,fire_resistance,food_to_build,food_used_per_turn,frames_per_grid,get_hit_recovery_ticks,gold_to_build,gold_used_per_turn,hit_points,initiates_to_build,level_procedure,magic_crystals_to_build,magic_crystals_used_per_turn,melee_attack_resistance,missile_attack_resistance,mps,name,recover_hitpoints_inside,sight_radius,strength,thieves_guild_required,water_resistance,wisdom,wizards_tower_required
unit:waldt	unit	yes	yes	yes	identical	token-level	token-level	air_resistance,armor,attack,attack_recovery_ticks,barracks_required,dexterity,earth_resistance,fire_resistance,food_to_build,food_used_per_turn,frames_per_grid,get_hit_recovery_ticks,gold_to_build,gold_used_per_turn,hit_points,initiates_to_build,level_procedure,magic_crystals_to_build,magic_crystals_used_per_turn,missile_attack_resistance,missile_range,mps,name,recover_hitpoints_inside,recover_hitpoints_moved,sight_radius,strength,water_resistance,wisdom,wizards_tower_required
unit:waldw	unit	yes	yes	yes	identical	token-level	token-level	air_resistance,armor,attack,barracks_required,dexterity,earth_resistance,fire_resistance,flags,food_to_build,food_used_per_turn,frames_per_grid,get_hit_recovery_ticks,gold_to_build,gold_used_per_turn,hit_points,initiates_to_build,level_procedure,magic_crystals_to_build,magic_crystals_used_per_turn,melee_attack_resistance,missile_attack_resistance,mps,name,recover_hitpoints,recover_hitpoints_inside,recover_hitpoints_moved,sight_radius,thieves_guild_required,water_resistance,wisdom
unit:wamis	unit	yes	yes	yes	identical	token-level	token-level	air_resistance,armor,attack,attack_recovery_ticks,earth_resistance,fire_resistance,frames_per_grid,get_hit_recovery_ticks,gold_to_build,hit_points,magic_crystals_to_build,man_turns,missile_range,ranged_attack,recover_hitpoints_inside,strength,water_resistance
unit:wasc1	unit	yes	yes	yes	identical	token-level	token-level	attack
unit:washp	unit	yes	yes	yes	identical	token-level	token-level	armor,attack,attack_recovery_ticks,food_to_build,get_hit_recovery_ticks,gold_to_build,hit_points,magic_crystals_to_build,melee_attack_resistance,missile_attack_resistance,mps,ranged_attack,recover_hitpoints,recover_hitpoints_inside,recover_hitpoints_moved
unit:watf1	unit	yes	yes	yes	identical	token-level	token-level	air_resistance,armor,attack,attack_recovery_ticks,dexterity,earth_resistance,fire_resistance,get_hit_recovery_ticks,gold_to_build,gold_used_per_turn,hit_points,initiates_to_build,magic_crystals_to_build,missile_attack_resistance,missile_range,mps,name,ranged_attack,recover_hitpoints,recover_hitpoints_inside,recover_hitpoints_moved,sight_radius,stealth_noise_factor,strength,thieves_guild_required,water_resistance
unit:wathf	unit	yes	yes	yes	identical	token-level	token-level	air_resistance,armor,attack_recovery_ticks,dexterity,earth_resistance,fire_resistance,food_to_build,get_hit_recovery_ticks,gold_to_build,hit_points,magic_crystals_to_build,missile_attack_resistance,missile_range,mps,ranged_attack,recover_hitpoints_inside,recover_hitpoints_moved,sight_radius,strength,water_resistance,wisdom
unit:wawiz	unit	yes	yes	yes	identical	token-level	token-level	air_resistance,armor,attack,dexterity,earth_resistance,fire_resistance,food_to_build,get_hit_recovery_ticks,gold_to_build,hit_points,magic_crystals_to_build,maximum_mana,melee_attack_resistance,missile_attack_resistance,mps,recover_hitpoints,recover_hitpoints_inside,recover_hitpoints_moved,sight_radius,water_resistance,wisdom
unit:wawm2	unit	yes	yes	yes	identical	token-level	token-level	air_resistance,armor,attack,attack_recovery_ticks,barracks_required,dexterity,earth_resistance,fire_resistance,flags,food_to_build,food_used_per_turn,get_hit_recovery_ticks,gold_to_build,hit_points,initiates_to_build,magic_crystals_to_build,magic_crystals_used_per_turn,melee_attack_resistance,missile_attack_resistance,mps,recover_hitpoints,recover_hitpoints_inside,recover_hitpoints_moved,strength,thieves_guild_required,water_resistance,wisdom,wizards_tower_required
