name	kind	evidence	profiles	member	line	byte-offset	registered-in	display-name	fields	references	anchor
adventsword	artifact	registered-by-operator	vanilla,patch302,gs5r3	gs\artifact\adventsword.gs	1	0	gs\artifact.gs	-	15	5	artifact-adventsword
ai_stat_bonus	artifact	registered-by-operator	gs5r3	gs\artifact\_custom\misc\ai_stat_bonus.gs	1	0	gs\artifact.gs	AI Stat Bonus	17	1	artifact-ai-stat-bonus
amfireprot	artifact	registered-by-operator	vanilla,patch302,gs5r3	gs\artifact\amfireprot.gs	1	0	gs\artifact.gs	-	14	3	artifact-amfireprot
amiensbld	artifact	registered-by-operator	vanilla,patch302,gs5r3	gs\artifact\amiensbld.gs	1	0	gs\artifact.gs	-	13	4	artifact-amiensbld
amulet_chance	artifact	registered-by-operator	gs5r3	gs\artifact\CHAOS\amulet_chance.gs	1	0	gs\artifact.gs	Amulet of Chance	30	7	artifact-amulet-chance
amulet_crystal	artifact	registered-by-operator	gs5r3	gs\artifact\EARTH\amulet_crystal.gs	1	0	gs\artifact.gs	Crystal Amulet	36	7	artifact-amulet-crystal
amulet_defense	artifact	registered-by-operator	gs5r3	gs\artifact\ORDER\amulet_defense.gs	1	0	gs\artifact.gs	Amulet of Defense	30	6	artifact-amulet-defense
amulet_demon	artifact	registered-by-operator	gs5r3	gs\artifact\FIRE\amulet_demon.gs	1	0	gs\artifact.gs	Demon's Torch	34	6	artifact-amulet-demon
amulet_fate	artifact	registered-by-operator	gs5r3	gs\artifact\CHAOS\amulet_fate.gs	1	0	gs\artifact.gs	Legendary - Amulet of Fate	32	7	artifact-amulet-fate
amulet_ghost	artifact	registered-by-operator	gs5r3	gs\artifact\_custom\amulet_ghost.gs	1	0	gs\artifact.gs	Ghostly Pendant	34	5	artifact-amulet-ghost
amulet_indecision	artifact	registered-by-operator	gs5r3	gs\artifact\CHAOS\amulet_indecision.gs	1	0	gs\artifact.gs	Amulet of Indecision	31	6	artifact-amulet-indecision
amulet_infestation	artifact	registered-by-operator	gs5r3	gs\artifact\DEATH\amulet_infestation.gs	1	0	gs\artifact.gs	Ashes of Infestation	33	7	artifact-amulet-infestation
amulet_of_chance	artifact	registered-by-operator	vanilla,patch302	gs\artifact\amulchan.gs	1	0	gs\artifact.gs	Amulet of Chance	19	7	artifact-amulet-of-chance
amulet_of_control	artifact	registered-by-operator	vanilla,patch302	gs\artifact\amulcon.gs	1	0	gs\artifact.gs	Amulet of Control	18	5	artifact-amulet-of-control
amulet_of_defense	artifact	registered-by-operator	vanilla,patch302	gs\artifact\amuldefe.gs	1	0	gs\artifact.gs	Amulet of Defense	18	7	artifact-amulet-of-defense
amulet_of_fate	artifact	registered-by-operator	vanilla,patch302	gs\artifact\amulfate.gs	1	0	gs\artifact.gs	Greater Artifact - Amulet of Fate	21	5	artifact-amulet-of-fate
amulet_of_illusion	artifact	registered-by-operator	vanilla,patch302	gs\artifact\amulillu.gs	1	0	gs\artifact.gs	Amulet of Illusion	18	8	artifact-amulet-of-illusion
amulet_of_indecision	artifact	registered-by-operator	vanilla,patch302	gs\artifact\amulinde.gs	1	0	gs\artifact.gs	Amulet of Indecision	19	7	artifact-amulet-of-indecision
amulet_of_order	artifact	registered-by-operator	vanilla,patch302	gs\artifact\amuorder.gs	1	0	gs\artifact.gs	Amulet of Order	16	10	artifact-amulet-of-order
amulet_of_persuasion	artifact	registered-by-operator	vanilla,patch302	gs\artifact\amulpers.gs	1	0	gs\artifact.gs	Amulet of Persuasion	17	7	artifact-amulet-of-persuasion
amulet_of_poison	artifact	registered-by-operator	vanilla,patch302	gs\artifact\amulpois.gs	1	0	gs\artifact.gs	Amulet of Poison	18	7	artifact-amulet-of-poison
amulet_of_revelation	artifact	registered-by-operator	vanilla,patch302	gs\artifact\amulrev.gs	1	0	gs\artifact.gs	Amulet of Revelation	19	7	artifact-amulet-of-revelation
amulet_poison	artifact	registered-by-operator	gs5r3	gs\artifact\DEATH\amulet_poison.gs	1	0	gs\artifact.gs	Amulet of Poison	37	9	artifact-amulet-poison
amulet_revelation	artifact	registered-by-operator	gs5r3	gs\artifact\LIFE\amulet_revelation.gs	1	0	gs\artifact.gs	Amulet of Revelation	33	6	artifact-amulet-revelation
amulet_serpent	artifact	registered-by-operator	gs5r3	gs\artifact\WATER\amulet_serpent.gs	1	0	gs\artifact.gs	Amulet of the Serpent	33	9	artifact-amulet-serpent
amulet_wisp	artifact	registered-by-operator	gs5r3	gs\artifact\AIR\amulet_wisp.gs	1	0	gs\artifact.gs	Amulet of the Wisp	33	7	artifact-amulet-wisp
andvari_ring	artifact	registered-by-operator	vanilla,patch302,gs5r3	gs\artifact\ringand.gs	1	0	gs\artifact.gs	Andvari's Ring	14	2	artifact-andvari-ring
anti_tarnaxe	artifact	registered-by-operator	vanilla,patch302,gs5r3	gs\artifact\antitarnaxe.gs	1	0	gs\artifact.gs	Antitarnaxe	14	1	artifact-anti-tarnaxe
aquaring	artifact	registered-by-operator	vanilla,patch302	gs\artifact\aquaring.gs	1	0	gs\artifact.gs	Aquaring	18	7	artifact-aquaring
aramoug_amulet	artifact	registered-by-operator	vanilla,patch302	gs\artifact\aramoug.gs	1	0	gs\artifact.gs	Aramoug's Amulet	18	8	artifact-aramoug-amulet
armor_archon	artifact	registered-by-operator	gs5r3	gs\artifact\ORDER\armor_archon.gs	1	0	gs\artifact.gs	Armor of the Archons	35	23	artifact-armor-archon
armor_dragonscale	artifact	registered-by-operator	gs5r3	gs\artifact\FIRE\armor_dragonscale.gs	1	0	gs\artifact.gs	Dragonscale Armor	35	18	artifact-armor-dragonscale
armor_ebony_plate	artifact	registered-by-operator	gs5r3	gs\artifact\DEATH\armor_ebony_plate.gs	1	0	gs\artifact.gs	Ebony Plate of the Void	33	28	artifact-armor-ebony-plate
armor_elven_chain	artifact	registered-by-operator	gs5r3	gs\artifact\LIFE\armor_elven_chain.gs	1	0	gs\artifact.gs	Elven Chain Mail	35	15	artifact-armor-elven-chain
armor_feather_chain	artifact	registered-by-operator	gs5r3	gs\artifact\AIR\armor_feather_chain.gs	1	0	gs\artifact.gs	Feather Chain Mail	36	16	artifact-armor-feather-chain
armor_obsidian	artifact	registered-by-operator	gs5r3	gs\artifact\EARTH\armor_obsidian.gs	1	0	gs\artifact.gs	Obsidian Plate	33	17	artifact-armor-obsidian
armor_of_inspiration	artifact	registered-by-operator	vanilla,patch302	gs\artifact\armorins.gs	1	0	gs\artifact.gs	Armor of Inspiration	19	6	artifact-armor-of-inspiration
armor_urak	artifact	registered-by-operator	gs5r3	gs\artifact\armor_urak.gs	1	0	gs\artifact.gs	Urakian Armor	31	22	artifact-armor-urak
artart	artifact	registered-by-operator	vanilla,patch302,gs5r3	gs\artifact\artart.gs	1	0	gs\artifact.gs	artart	12	1	artifact-artart
ashes_of_infestation	artifact	registered-by-operator	vanilla,patch302	gs\artifact\ashesinf.gs	1	0	gs\artifact.gs	Ashes of Infestation	19	9	artifact-ashes-of-infestation
axe_annihilation	artifact	registered-by-operator	gs5r3	gs\artifact\CHAOS\axe_annihilation.gs	1	0	gs\artifact.gs	Legendary - Axe of Annihilation	28	12	artifact-axe-annihilation
axe_great	artifact	registered-by-operator	gs5r3	gs\artifact\CHAOS\axe_great.gs	1	0	gs\artifact.gs	Great Axe	29	12	artifact-axe-great
axe_lode	artifact	registered-by-operator	gs5r3	gs\artifact\EARTH\axe_lode.gs	1	0	gs\artifact.gs	Legendary - Lode Axe	32	11	artifact-axe-lode
axe_of_chaos	artifact	registered-by-operator	vanilla,patch302	gs\artifact\axechaos.gs	1	0	gs\artifact.gs	Greater Artifact - Axe of Chaos	21	6	artifact-axe-of-chaos
axe_of_mauling	artifact	registered-by-operator	vanilla,patch302	gs\artifact\axemaul.gs	1	0	gs\artifact.gs	Greater Artifact - Axe of Mauling	18	5	artifact-axe-of-mauling
axe_orcs	artifact	registered-by-operator	gs5r3	gs\artifact\_custom\axe_orcs.gs	1	0	gs\artifact.gs	Axe of the Orcs	33	10	artifact-axe-orcs
axe_swift	artifact	registered-by-operator	gs5r3	gs\artifact\EARTH\axe_swift.gs	1	0	gs\artifact.gs	Swift Axe	29	12	artifact-axe-swift
balkoth_scythe	artifact	registered-by-operator	vanilla,patch302	gs\artifact\balkscyt.gs	1	0	gs\artifact.gs	Unique Artifact - Balkoth's Scythe	19	6	artifact-balkoth-scythe
banner_artifact	artifact	registered-by-operator	gs5r3	gs\artifact\_custom\misc\banner_artifact.gs	1	0	gs\artifact.gs	Banner	17	12	artifact-banner-artifact
belt_trollhide	artifact	registered-by-operator	gs5r3	gs\artifact\_custom\belt_trollhide.gs	1	0	gs\artifact.gs	Trollhide Belt	32	3	artifact-belt-trollhide
blowgun_of_the_amazons	artifact	registered-by-operator	vanilla,patch302	gs\artifact\blowamaz.gs	1	0	gs\artifact.gs	Greater Artifact-Blowgun of the Amazons	19	5	artifact-blowgun-of-the-amazons
blowgun_waterspitter	artifact	registered-by-operator	gs5r3	gs\artifact\WATER\blowgun_waterspitter.gs	1	0	gs\artifact.gs	Legendary - Water Spitter	32	6	artifact-blowgun-waterspitter
boots_stealth	artifact	registered-by-operator	gs5r3	gs\artifact\_custom\boots_stealth.gs	1	0	gs\artifact.gs	Boots of Stealth	29	2	artifact-boots-stealth
borchert_torch	artifact	registered-by-operator	vanilla,patch302	gs\artifact\bortorch.gs	1	0	gs\artifact.gs	Borchert's Torch	17	7	artifact-borchert-torch
bow_earthshaker	artifact	registered-by-operator	gs5r3	gs\artifact\EARTH\bow_earthshaker.gs	1	0	gs\artifact.gs	Legendary - Earthshaker Bow	33	6	artifact-bow-earthshaker
bow_of_bakal	artifact	registered-by-operator	vanilla,patch302	gs\artifact\bowbakal.gs	1	0	gs\artifact.gs	Greater Artifact - Bow of Bakal	18	5	artifact-bow-of-bakal
bow_of_balladrine	artifact	registered-by-operator	vanilla,patch302	gs\artifact\bowballa.gs	1	0	gs\artifact.gs	Greater Artifact - Bow of Balladrine	18	5	artifact-bow-of-balladrine
bow_of_quaal	artifact	registered-by-operator	vanilla,patch302	gs\artifact\bowquaal.gs	1	0	gs\artifact.gs	Greater Artifact - Bow of Quaal	14	5	artifact-bow-of-quaal
bow_reed	artifact	registered-by-operator	gs5r3	gs\artifact\EARTH\bow_reed.gs	1	0	gs\artifact.gs	Reed Bow	30	9	artifact-bow-reed
bow_spirit	artifact	registered-by-operator	gs5r3	gs\artifact\LIFE\bow_spirit.gs	1	0	gs\artifact.gs	Legendary - Spirit Bow	33	5	artifact-bow-spirit
bow_tornado	artifact	registered-by-operator	gs5r3	gs\artifact\AIR\bow_tornado.gs	1	0	gs\artifact.gs	Legendary - Tornado Bow	33	5	artifact-bow-tornado
burning_blade	artifact	registered-by-operator	vanilla,patch302	gs\artifact\burnblad.gs	1	0	gs\artifact.gs	Burning Blade	19	8	artifact-burning-blade
burnskin_artifact	artifact	registered-by-operator	vanilla,patch302	gs\artifact\burnart.gs	1	0	gs\artifact.gs	Burnskin	14	2	artifact-burnskin-artifact
cap_jester	artifact	registered-by-operator	gs5r3	gs\artifact\_custom\cap_jester.gs	1	0	gs\artifact.gs	Jester's Cap	33	2	artifact-cap-jester
chakram_entropy	artifact	registered-by-operator	gs5r3	gs\artifact\CHAOS\chakram_entropy.gs	1	0	gs\artifact.gs	Chakram of Entropy	32	5	artifact-chakram-entropy
chakram_of_entropy	artifact	registered-by-operator	vanilla,patch302	gs\artifact\chakentr.gs	1	0	gs\artifact.gs	Chakram of Entropy	19	6	artifact-chakram-of-entropy
chalice_chaos	artifact	registered-by-operator	gs5r3	gs\artifact\CHAOS\chalice_chaos.gs	1	0	gs\artifact.gs	Chalice of Chaos	34	10	artifact-chalice-chaos
chalice_life	artifact	registered-by-operator	gs5r3	gs\artifact\LIFE\chalice_life.gs	1	0	gs\artifact.gs	Chalice of Life	34	5	artifact-chalice-life
chalice_of_life	artifact	registered-by-operator	vanilla,patch302	gs\artifact\challife.gs	1	0	gs\artifact.gs	Chalice Of Life	18	6	artifact-chalice-of-life
chalice_rocca	artifact	registered-by-operator	gs5r3	gs\artifact\WATER\chalice_rocca.gs	1	0	gs\artifact.gs	Rocca's Chalice	32	6	artifact-chalice-rocca
champion_stat_bonus	artifact	registered-by-operator	gs5r3	gs\artifact\_custom\misc\champion_stat_bonus.gs	1	0	gs\artifact.gs	Stat Bonus (Combat Only)	17	1	artifact-champion-stat-bonus
choice_artifact	artifact	registered-by-operator	vanilla,patch302,gs5r3	gs\artifact\choiceart.gs	1	0	gs\artifact.gs	-	13	5	artifact-choice-artifact
cloak_flame	artifact	registered-by-operator	gs5r3	gs\artifact\FIRE\cloak_flame.gs	1	0	gs\artifact.gs	Cloak of the Eternal Flame	33	11	artifact-cloak-flame
cloak_justice	artifact	registered-by-operator	gs5r3	gs\artifact\ORDER\cloak_justice.gs	1	0	gs\artifact.gs	Cloak of Justice	32	9	artifact-cloak-justice
cloak_lich	artifact	registered-by-operator	gs5r3	gs\artifact\DEATH\cloak_lich.gs	1	0	gs\artifact.gs	Cloak of the Lich	34	13	artifact-cloak-lich
cloak_spirit	artifact	registered-by-operator	gs5r3	gs\artifact\CHAOS\cloak_spirit.gs	1	0	gs\artifact.gs	Raimant of the Spirits	27	15	artifact-cloak-spirit
cloak_wyrm	artifact	registered-by-operator	gs5r3	gs\artifact\EARTH\cloak_wyrm.gs	1	0	gs\artifact.gs	Cloak of the Wyrm	33	9	artifact-cloak-wyrm
cloaktarn	artifact	registered-by-operator	vanilla,patch302,gs5r3	gs\artifact\cloaktarn.gs	1	0	gs\artifact.gs	-	14	2	artifact-cloaktarn
cloudstaff	artifact	registered-by-operator	vanilla,patch302	gs\artifact\cloudstf.gs	1	0	gs\artifact.gs	Cloudstaff	18	10	artifact-cloudstaff
cloudsteam_artifact	artifact	registered-by-operator	vanilla,patch302	gs\artifact\cloustart.gs	1	0	gs\artifact.gs	Cloud Steam	13	2	artifact-cloudsteam-artifact
combat_attacking	artifact	registered-by-operator	gs5r3	gs\artifact\_custom\misc\combat_attacking.gs	1	0	gs\artifact.gs	Combat Attacking	19	1	artifact-combat-attacking
combat_defending	artifact	registered-by-operator	gs5r3	gs\artifact\_custom\misc\combat_defending.gs	1	0	gs\artifact.gs	Combat Defending	19	1	artifact-combat-defending
coral_shield	artifact	registered-by-operator	vanilla,patch302	gs\artifact\corlshld.gs	1	0	gs\artifact.gs	Coral Shield	17	5	artifact-coral-shield
crossbow_balance	artifact	registered-by-operator	gs5r3	gs\artifact\ORDER\crossbow_balance.gs	1	0	gs\artifact.gs	Legendary - Crossbow of Balance	33	5	artifact-crossbow-balance
crossbow_flamethrower	artifact	registered-by-operator	gs5r3	gs\artifact\FIRE\crossbow_flamethrower.gs	1	0	gs\artifact.gs	Legendary - Flame Thrower	33	5	artifact-crossbow-flamethrower
crossbow_of_balance	artifact	registered-by-operator	vanilla,patch302	gs\artifact\crossbal.gs	1	0	gs\artifact.gs	Greater Artifact - Crossbow of Balance	18	5	artifact-crossbow-of-balance
crown_kings	artifact	registered-by-operator	gs5r3	gs\artifact\_custom\crown_kings.gs	1	0	gs\artifact.gs	Crown of Kings	33	6	artifact-crown-kings
crown_noble	artifact	registered-by-operator	gs5r3	gs\artifact\_custom\crown_noble.gs	1	0	gs\artifact.gs	Noble Crown	32	6	artifact-crown-noble
crystal_ring	artifact	registered-by-operator	vanilla,patch302	gs\artifact\crysring.gs	1	0	gs\artifact.gs	Crystal Ring	18	7	artifact-crystal-ring
crystalmight	artifact	registered-by-operator	vanilla,patch302	gs\artifact\crysmigt.gs	1	0	gs\artifact.gs	Crystalmight	16	5	artifact-crystalmight
dagger_aqua	artifact	registered-by-operator	gs5r3	gs\artifact\WATER\dagger_aqua.gs	1	0	gs\artifact.gs	Aqua Dagger	30	5	artifact-dagger-aqua
dagger_death	artifact	registered-by-operator	gs5r3	gs\artifact\DEATH\dagger_death.gs	1	0	gs\artifact.gs	Death Dagger	30	6	artifact-dagger-death
dagger_faerie	artifact	registered-by-operator	gs5r3	gs\artifact\AIR\dagger_faerie.gs	1	0	gs\artifact.gs	Faerie Dagger	30	5	artifact-dagger-faerie
dagger_flint	artifact	registered-by-operator	gs5r3	gs\artifact\FIRE\dagger_flint.gs	1	0	gs\artifact.gs	Flint Dagger	31	4	artifact-dagger-flint
dagger_huntress	artifact	registered-by-operator	gs5r3	gs\artifact\CHAOS\dagger_huntress.gs	1	0	gs\artifact.gs	Huntress Dagger	30	7	artifact-dagger-huntress
dagger_life_steal	artifact	registered-by-operator	gs5r3	gs\artifact\DEATH\dagger_life_steal.gs	1	0	gs\artifact.gs	Legendary - Life Stealing Blade	34	8	artifact-dagger-life-steal
dagger_light	artifact	registered-by-operator	gs5r3	gs\artifact\LIFE\dagger_light.gs	1	0	gs\artifact.gs	Light Dagger	30	5	artifact-dagger-light
dagger_rusted	artifact	registered-by-operator	gs5r3	gs\artifact\EARTH\dagger_rusted.gs	1	0	gs\artifact.gs	Rusted Dagger	32	6	artifact-dagger-rusted
dagger_silver	artifact	registered-by-operator	gs5r3	gs\artifact\ORDER\dagger_silver.gs	1	0	gs\artifact.gs	Silver Dagger	37	8	artifact-dagger-silver
darkblade	artifact	registered-by-operator	vanilla,patch302	gs\artifact\darkblad.gs	1	0	gs\artifact.gs	Darkblade	18	8	artifact-darkblade
death_dagger	artifact	registered-by-operator	vanilla,patch302	gs\artifact\deathdag.gs	1	0	gs\artifact.gs	Death Dagger	17	8	artifact-death-dagger
dragart	artifact	registered-by-operator	vanilla,patch302,gs5r3	gs\artifact\dragart.gs	1	0	gs\artifact.gs	drag	14	2	artifact-dragart
dragon_scale	artifact	registered-by-operator	vanilla,patch302	gs\artifact\dragscal.gs	1	0	gs\artifact.gs	Dragonscale Armor	18	8	artifact-dragon-scale
dragonban	artifact	registered-by-operator	vanilla,patch302,gs5r3	gs\artifact\dragonban.gs	1	0	gs\artifact.gs	-	17	3	artifact-dragonban
dreamscrl	artifact	registered-by-operator	vanilla,patch302,gs5r3	gs\artifact\dreamscrl.gs	1	0	gs\artifact.gs	-	13	2	artifact-dreamscrl
dummy0_artifact	artifact	registered-by-operator	gs5r3	gs\artifact\_custom\misc\dummy_artifact.gs	1	0	gs\artifact.gs	Dummy Artifact	18	1	artifact-dummy0-artifact
dummy1_artifact	artifact	registered-by-operator	gs5r3	gs\artifact\_custom\misc\dummy_artifact.gs	1	0	gs\artifact.gs	Dummy Artifact	18	1	artifact-dummy1-artifact
dummy2_artifact	artifact	registered-by-operator	gs5r3	gs\artifact\_custom\misc\dummy_artifact.gs	1	0	gs\artifact.gs	Dummy Artifact	18	1	artifact-dummy2-artifact
dummy3_artifact	artifact	registered-by-operator	gs5r3	gs\artifact\_custom\misc\dummy_artifact.gs	1	0	gs\artifact.gs	Dummy Artifact	18	1	artifact-dummy3-artifact
dummy4_artifact	artifact	registered-by-operator	gs5r3	gs\artifact\_custom\misc\dummy_artifact.gs	1	0	gs\artifact.gs	Dummy Artifact	18	1	artifact-dummy4-artifact
dummy5_artifact	artifact	registered-by-operator	gs5r3	gs\artifact\_custom\misc\dummy_artifact.gs	1	0	gs\artifact.gs	Dummy Artifact	18	1	artifact-dummy5-artifact
dummy6_artifact	artifact	registered-by-operator	gs5r3	gs\artifact\_custom\misc\dummy_artifact.gs	1	0	gs\artifact.gs	Dummy Artifact	18	1	artifact-dummy6-artifact
dummy7_artifact	artifact	registered-by-operator	gs5r3	gs\artifact\_custom\misc\dummy_artifact.gs	1	0	gs\artifact.gs	Dummy Artifact	18	1	artifact-dummy7-artifact
dwarvenplate	artifact	registered-by-operator	vanilla,patch302,gs5r3	gs\artifact\dwarvenpl.gs	1	0	gs\artifact.gs	+1 Dwarven Plate Mail	13	2	artifact-dwarvenplate
ebelsletter	artifact	registered-by-operator	vanilla,patch302,gs5r3	gs\artifact\ebelsletter.gs	1	0	gs\artifact.gs	-	13	2	artifact-ebelsletter
ebony_plate	artifact	registered-by-operator	vanilla,patch302	gs\artifact\ebonplat.gs	1	0	gs\artifact.gs	Ebony Plate of the Void	18	7	artifact-ebony-plate
elven_chain	artifact	registered-by-operator	vanilla,patch302	gs\artifact\elvnchai.gs	1	0	gs\artifact.gs	Elven Chain Mail	17	21	artifact-elven-chain
eternal_flame	artifact	registered-by-operator	vanilla,patch302	gs\artifact\eterflam.gs	1	0	gs\artifact.gs	Eternal Flame	20	7	artifact-eternal-flame
excalibr	artifact	registered-by-operator	vanilla,patch302,gs5r3	gs\artifact\excalibr.gs	1	0	gs\artifact.gs	-	18	3	artifact-excalibr
eyes_of_the_hawk	artifact	registered-by-operator	vanilla,patch302	gs\artifact\eyeshawk.gs	1	0	gs\artifact.gs	Eyes of the Hawk	18	5	artifact-eyes-of-the-hawk
faerie_ring	artifact	registered-by-operator	vanilla,patch302	gs\artifact\faerring.gs	1	0	gs\artifact.gs	Faerie Ring	18	7	artifact-faerie-ring
feather_chain	artifact	registered-by-operator	vanilla,patch302	gs\artifact\feachain.gs	1	0	gs\artifact.gs	Feather Chain Mail	13	6	artifact-feather-chain
flameshaft	artifact	registered-by-operator	vanilla,patch302	gs\artifact\flameshf.gs	1	0	gs\artifact.gs	Flameshaft	18	10	artifact-flameshaft
flint_ring	artifact	registered-by-operator	vanilla,patch302	gs\artifact\flintrng.gs	1	0	gs\artifact.gs	Flint Ring	18	7	artifact-flint-ring
gaidonart	artifact	registered-by-operator	vanilla,patch302,gs5r3	gs\artifact\gaidonart.gs	1	0	gs\artifact.gs	Gaidon	14	2	artifact-gaidonart
game_token1	artifact	registered-by-operator	gs5r3	gs\artifact\_custom\tokens\game_token1.gs	1	0	gs\artifact.gs	Dummy Artifact	13	1	artifact-game-token1
game_token2	artifact	registered-by-operator	gs5r3	gs\artifact\_custom\tokens\game_token2.gs	1	0	gs\artifact.gs	Dummy Artifact	13	1	artifact-game-token2
game_token3	artifact	registered-by-operator	gs5r3	gs\artifact\_custom\tokens\game_token3.gs	1	0	gs\artifact.gs	Dummy Artifact	13	1	artifact-game-token3
game_token4	artifact	registered-by-operator	gs5r3	gs\artifact\_custom\tokens\game_token4.gs	1	0	gs\artifact.gs	Dummy Artifact	13	1	artifact-game-token4
game_token5	artifact	registered-by-operator	gs5r3	gs\artifact\_custom\tokens\game_token5.gs	1	0	gs\artifact.gs	Dummy Artifact	13	1	artifact-game-token5
game_token6	artifact	registered-by-operator	gs5r3	gs\artifact\_custom\tokens\game_token6.gs	1	0	gs\artifact.gs	Dummy Artifact	13	1	artifact-game-token6
game_token7	artifact	registered-by-operator	gs5r3	gs\artifact\_custom\tokens\game_token7.gs	1	0	gs\artifact.gs	Dummy Artifact	13	1	artifact-game-token7
game_token8	artifact	registered-by-operator	gs5r3	gs\artifact\_custom\tokens\game_token8.gs	1	0	gs\artifact.gs	Dummy Artifact	13	1	artifact-game-token8
game_token9	artifact	registered-by-operator	gs5r3	gs\artifact\_custom\tokens\game_token9.gs	1	0	gs\artifact.gs	Dummy Artifact	13	1	artifact-game-token9
gateway_artifact	artifact	registered-by-operator	vanilla,patch302,gs5r3	gs\artifact\gateway.gs	1	0	gs\artifact.gs	Gateway	13	6	artifact-gateway-artifact
gateway_map	artifact	registered-by-operator	vanilla,patch302,gs5r3	gs\artifact\gatemap.gs	1	0	gs\artifact.gs	Gateway Map	11	2	artifact-gateway-map
generic_artifact	artifact	registered-by-operator	vanilla,patch302	gs\artifact\generic.gs	1	0	gs\artifact.gs	Amulet of Genric	14	1	artifact-generic-artifact
generic_stat_bonus	artifact	registered-by-operator	gs5r3	gs\artifact\_custom\misc\generic_stat_bonus.gs	1	0	gs\artifact.gs	Stat Bonus (Combat Only)	17	252	artifact-generic-stat-bonus
giantkirtle	artifact	registered-by-operator	vanilla,patch302,gs5r3	gs\artifact\giantkirtle.gs	1	0	gs\artifact.gs	-	14	2	artifact-giantkirtle
gilbertclo	artifact	registered-by-operator	vanilla,patch302,gs5r3	gs\artifact\gilbertclo.gs	1	0	gs\artifact.gs	-	14	3	artifact-gilbertclo
gloves_quickness	artifact	registered-by-operator	gs5r3	gs\artifact\_custom\gloves_quickness.gs	1	0	gs\artifact.gs	Gloves of Quickness	30	2	artifact-gloves-quickness
goldenrod	artifact	registered-by-operator	vanilla,patch302	gs\artifact\goldenrd.gs	1	0	gs\artifact.gs	Goldenrod	18	7	artifact-goldenrod
gonring	artifact	registered-by-operator	vanilla,patch302,gs5r3	gs\artifact\gonring.gs	1	0	gs\artifact.gs	-	17	3	artifact-gonring
gorgon_staff	artifact	registered-by-operator	vanilla,patch302	gs\artifact\gorgstaf.gs	1	0	gs\artifact.gs	Greater Artifact - Gorgon's Staff	19	5	artifact-gorgon-staff
grail2	artifact	registered-by-operator	vanilla,patch302,gs5r3	gs\artifact\grail2.gs	1	0	gs\artifact.gs	-	18	3	artifact-grail2
grailshield	artifact	registered-by-operator	vanilla,patch302,gs5r3	gs\artifact\grailshield.gs	1	0	gs\artifact.gs	-	14	4	artifact-grailshield
grailsword	artifact	registered-by-operator	vanilla,patch302,gs5r3	gs\artifact\grailsword.gs	1	0	gs\artifact.gs	-	14	3	artifact-grailsword
great_axe	artifact	registered-by-operator	vanilla,patch302	gs\artifact\greataxe.gs	1	0	gs\artifact.gs	Great Axe	18	7	artifact-great-axe
greenscrf	artifact	registered-by-operator	vanilla,patch302,gs5r3	gs\artifact\greenscrf.gs	1	0	gs\artifact.gs	-	13	3	artifact-greenscrf
guardian	artifact	registered-by-operator	vanilla,patch302	gs\artifact\guardian.gs	1	0	gs\artifact.gs	Greater Artifact - Guardian	20	5	artifact-guardian
healthbringer	artifact	registered-by-operator	vanilla,patch302	gs\artifact\healbrin.gs	1	0	gs\artifact.gs	Healthbringer	18	7	artifact-healthbringer
helm_of_assymmetry	artifact	registered-by-operator	vanilla,patch302	gs\artifact\helmassy.gs	1	0	gs\artifact.gs	Helm Of Asymmetry	18	5	artifact-helm-of-assymmetry
helmet_stone	artifact	registered-by-operator	gs5r3	gs\artifact\EARTH\helmet_stone.gs	1	0	gs\artifact.gs	Helmet of Stone	34	11	artifact-helmet-stone
helmet_warlord	artifact	registered-by-operator	gs5r3	gs\artifact\CHAOS\helmet_warlord.gs	1	0	gs\artifact.gs	Warlord's Helmet	35	12	artifact-helmet-warlord
helyesbk	artifact	registered-by-operator	vanilla,patch302,gs5r3	gs\artifact\helyesbk.gs	1	0	gs\artifact.gs	-	16	3	artifact-helyesbk
herladysbld	artifact	registered-by-operator	vanilla,patch302,gs5r3	gs\artifact\herladysbld.gs	1	0	gs\artifact.gs	-	13	2	artifact-herladysbld
holygrail	artifact	registered-by-operator	vanilla,patch302,gs5r3	gs\artifact\holygrail.gs	1	0	gs\artifact.gs	-	13	3	artifact-holygrail
hrunting	artifact	registered-by-operator	vanilla,patch302,gs5r3	gs\artifact\hrunting.gs	1	0	gs\artifact.gs	-	14	2	artifact-hrunting
ice_sword	artifact	registered-by-operator	vanilla,patch302	gs\artifact\icesword.gs	1	0	gs\artifact.gs	Ice Sword	18	7	artifact-ice-sword
interpscrol	artifact	registered-by-operator	vanilla,patch302,gs5r3	gs\artifact\interpscrol.gs	1	0	gs\artifact.gs	-	13	2	artifact-interpscrol
ival_axe	artifact	registered-by-operator	vanilla,patch302,gs5r3	gs\artifact\ivaldaxe.gs	1	0	gs\artifact.gs	-	14	2	artifact-ival-axe
kapelke_ring	artifact	registered-by-operator	vanilla,patch302	gs\artifact\kapelke.gs	1	0	gs\artifact.gs	Kapelke's Ring	19	8	artifact-kapelke-ring
kbcrown	artifact	registered-by-operator	vanilla,patch302,gs5r3	gs\artifact\kbcrown.gs	1	0	gs\artifact.gs	-	14	3	artifact-kbcrown
kdavidswrd	artifact	registered-by-operator	vanilla,patch302,gs5r3	gs\artifact\kdavidswrd.gs	1	0	gs\artifact.gs	-	13	2	artifact-kdavidswrd
kingryonswd	artifact	registered-by-operator	vanilla,patch302,gs5r3	gs\artifact\kingryonswd.gs	1	0	gs\artifact.gs	-	14	4	artifact-kingryonswd
kings_writ	artifact	registered-by-operator	vanilla,patch302,gs5r3	gs\artifact\kingwrit.gs	1	0	gs\artifact.gs	Writ from the king	11	6	artifact-kings-writ
knife_of_lifestealing	artifact	registered-by-operator	vanilla,patch302	gs\artifact\knifelif.gs	1	0	gs\artifact.gs	Greater Artifact - Life Stealing Blade	18	6	artifact-knife-of-lifestealing
lancring	artifact	registered-by-operator	vanilla,patch302,gs5r3	gs\artifact\lancring.gs	1	0	gs\artifact.gs	-	14	1	artifact-lancring
lcharge_artifact	artifact	registered-by-operator	vanilla,patch302	gs\artifact\lchargeart.gs	1	0	gs\artifact.gs	lchargeart	19	2	artifact-lcharge-artifact
lich_cloak	artifact	registered-by-operator	vanilla,patch302	gs\artifact\lichcloa.gs	1	0	gs\artifact.gs	Cloak of the Vampire	14	8	artifact-lich-cloak
lich_scepter	artifact	registered-by-operator	vanilla,patch302,gs5r3	gs\artifact\sceptlich.gs	1	0	gs\artifact.gs	-	12	2	artifact-lich-scepter
lionbelt	artifact	registered-by-operator	vanilla,patch302,gs5r3	gs\artifact\lionbelt.gs	1	0	gs\artifact.gs	-	12	3	artifact-lionbelt
longsper	artifact	registered-by-operator	vanilla,patch302,gs5r3	gs\artifact\longsper.gs	1	0	gs\artifact.gs	-	13	3	artifact-longsper
lovepot	artifact	registered-by-operator	vanilla,patch302,gs5r3	gs\artifact\lovepot.gs	1	0	gs\artifact.gs	-	13	2	artifact-lovepot
luckstone	artifact	registered-by-operator	vanilla,patch302	gs\artifact\luckston.gs	1	0	gs\artifact.gs	Luckstone	18	8	artifact-luckstone
lyonsrng	artifact	registered-by-operator	vanilla,patch302,gs5r3	gs\artifact\lyonsrng.gs	1	0	gs\artifact.gs	-	13	2	artifact-lyonsrng
marrock	artifact	registered-by-operator	vanilla,patch302,gs5r3	gs\artifact\marrock.gs	1	0	gs\artifact.gs	-	11	3	artifact-marrock
message_artifact	artifact	registered-by-operator	vanilla,patch302,gs5r3	gs\artifact\messart.gs	1	0	gs\artifact.gs	-	12	3	artifact-message-artifact
military_stat_bonus	artifact	registered-by-operator	gs5r3	gs\artifact\_custom\misc\military_stat_bonus.gs	1	0	gs\artifact.gs	Military Stat Bonus	17	1	artifact-military-stat-bonus
morgmant	artifact	registered-by-operator	vanilla,patch302,gs5r3	gs\artifact\morgmant.gs	1	0	gs\artifact.gs	-	14	2	artifact-morgmant
nagling	artifact	registered-by-operator	vanilla,patch302,gs5r3	gs\artifact\nagling.gs	1	0	gs\artifact.gs	-	14	2	artifact-nagling
nothung	artifact	registered-by-operator	vanilla,patch302,gs5r3	gs\artifact\nothung.gs	1	0	gs\artifact.gs	-	15	11	artifact-nothung
obsidian_plate	artifact	registered-by-operator	vanilla,patch302	gs\artifact\obsplate.gs	1	0	gs\artifact.gs	Obsidian Plate	20	5	artifact-obsidian-plate
orb_wind	artifact	registered-by-operator	gs5r3	gs\artifact\AIR\orb_wind.gs	1	0	gs\artifact.gs	Orb of Wind	24	4	artifact-orb-wind
orfiresword	artifact	registered-by-operator	vanilla,patch302,gs5r3	gs\artifact\orfiresword.gs	1	0	gs\artifact.gs	-	13	2	artifact-orfiresword
parzring	artifact	registered-by-operator	vanilla,patch302,gs5r3	gs\artifact\parzring.gs	1	0	gs\artifact.gs	-	13	4	artifact-parzring
peacemaker	artifact	registered-by-operator	vanilla,patch302	gs\artifact\peacemak.gs	1	0	gs\artifact.gs	Peacemaker	18	7	artifact-peacemaker
pixiedust	artifact	registered-by-operator	vanilla,patch302	gs\artifact\pixiedus.gs	1	0	gs\artifact.gs	Pixie Dust	19	6	artifact-pixiedust
plus1helm	artifact	registered-by-operator	vanilla,patch302,gs5r3	gs\artifact\p1helm.gs	1	0	gs\artifact.gs	+1 Helmet	13	4	artifact-plus1helm
plus2armor	artifact	registered-by-operator	vanilla,patch302,gs5r3	gs\artifact\p2dwarch.gs	1	0	gs\artifact.gs	+2 Plate Mail	13	9	artifact-plus2armor
potion12	artifact	registered-by-operator	vanilla,patch302	gs\artifact\potionmana12.gs	1	0	gs\artifact.gs	Potion of Mana	18	28	artifact-potion12
potion_dexterity	artifact	registered-by-operator	gs5r3	gs\artifact\potion_dexterity.gs	1	0	gs\artifact.gs	Potion of Dexterity	26	29	artifact-potion-dexterity
potion_health	artifact	registered-by-operator	gs5r3	gs\artifact\potion_health.gs	1	0	gs\artifact.gs	Potion of Health	26	75	artifact-potion-health
potion_luck	artifact	registered-by-operator	gs5r3	gs\artifact\potion_luck.gs	1	0	gs\artifact.gs	Potion of Luck	24	14	artifact-potion-luck
potion_mana	artifact	registered-by-operator	gs5r3	gs\artifact\potion_mana.gs	1	0	gs\artifact.gs	Potion of Mana	24	74	artifact-potion-mana
potion_movement	artifact	registered-by-operator	gs5r3	gs\artifact\potion_movement.gs	1	0	gs\artifact.gs	Potion of Movement	24	17	artifact-potion-movement
potion_of_dexterity	artifact	registered-by-operator	vanilla,patch302	gs\artifact\potiondex.gs	1	0	gs\artifact.gs	Potion of Dexterity	17	1	artifact-potion-of-dexterity
potion_of_healing	artifact	registered-by-operator	vanilla,patch302	gs\artifact\potionheal.gs	1	0	gs\artifact.gs	Potion of Healing	18	8	artifact-potion-of-healing
potion_of_mana	artifact	registered-by-operator	vanilla,patch302	gs\artifact\potionmana.gs	1	0	gs\artifact.gs	Potion of Mana	18	8	artifact-potion-of-mana
potion_of_rejuv	artifact	registered-by-operator	vanilla,patch302	gs\artifact\potionrejuv.gs	1	0	gs\artifact.gs	Potion of Rejuvination	16	10	artifact-potion-of-rejuv
potion_of_strength	artifact	registered-by-operator	vanilla,patch302	gs\artifact\potionstr.gs	1	0	gs\artifact.gs	Potion of Strength	17	1	artifact-potion-of-strength
potion_power	artifact	registered-by-operator	gs5r3	gs\artifact\potion_power.gs	1	0	gs\artifact.gs	Potion of Power	24	25	artifact-potion-power
potion_rejuvenation	artifact	registered-by-operator	gs5r3	gs\artifact\potion_rejuvenation.gs	1	0	gs\artifact.gs	Potion of Rejuvenation	20	16	artifact-potion-rejuvenation
potion_resistance	artifact	registered-by-operator	gs5r3	gs\artifact\potion_resistance.gs	1	0	gs\artifact.gs	Potion of Resistance	24	25	artifact-potion-resistance
potion_strength	artifact	registered-by-operator	gs5r3	gs\artifact\potion_strength.gs	1	0	gs\artifact.gs	Potion of Strength	24	29	artifact-potion-strength
potion_wisdom	artifact	registered-by-operator	gs5r3	gs\artifact\potion_wisdom.gs	1	0	gs\artifact.gs	Potion of Wisdom	24	34	artifact-potion-wisdom
potionheal12	artifact	registered-by-operator	vanilla,patch302	gs\artifact\potionheal12.gs	1	0	gs\artifact.gs	Potion of Healing	18	9	artifact-potionheal12
priamblm	artifact	registered-by-operator	vanilla,patch302,gs5r3	gs\artifact\priamblm.gs	1	0	gs\artifact.gs	-	20	4	artifact-priamblm
priamswd	artifact	registered-by-operator	vanilla,patch302,gs5r3	gs\artifact\priamswd.gs	1	0	gs\artifact.gs	-	14	3	artifact-priamswd
pridwen	artifact	registered-by-operator	vanilla,patch302,gs5r3	gs\artifact\pridwen.gs	1	0	gs\artifact.gs	-	14	4	artifact-pridwen
puresword	artifact	registered-by-operator	vanilla,patch302,gs5r3	gs\artifact\puresword.gs	1	0	gs\artifact.gs	-	15	5	artifact-puresword
ragnlsans	artifact	registered-by-operator	vanilla,patch302,gs5r3	gs\artifact\ragnlsans.gs	1	0	gs\artifact.gs	-	13	3	artifact-ragnlsans
reed_bow	artifact	registered-by-operator	vanilla,patch302	gs\artifact\reedbow.gs	1	0	gs\artifact.gs	Reed Bow	18	9	artifact-reed-bow
reginart	artifact	registered-by-operator	vanilla,patch302,gs5r3	gs\artifact\reginart.gs	1	0	gs\artifact.gs	reginart	12	2	artifact-reginart
ring_adventure	artifact	registered-by-operator	gs5r3	gs\artifact\_custom\ring_adventure.gs	1	0	gs\artifact.gs	Adventurer's Ring	32	2	artifact-ring-adventure
ring_aqua	artifact	registered-by-operator	gs5r3	gs\artifact\WATER\ring_aqua.gs	1	0	gs\artifact.gs	Aqua Ring	29	7	artifact-ring-aqua
ring_arcana	artifact	registered-by-operator	gs5r3	gs\artifact\LIFE\ring_arcana.gs	1	0	gs\artifact.gs	Ring of Arcana	32	7	artifact-ring-arcana
ring_archons	artifact	registered-by-operator	gs5r3	gs\artifact\ORDER\ring_archons.gs	1	0	gs\artifact.gs	Legendary - Archon Ring	38	12	artifact-ring-archons
ring_brimstone	artifact	registered-by-operator	gs5r3	gs\artifact\FIRE\ring_brimstone.gs	1	0	gs\artifact.gs	Ring of Brimstone	28	12	artifact-ring-brimstone
ring_concentration	artifact	registered-by-operator	gs5r3	gs\artifact\ORDER\ring_concentration.gs	1	0	gs\artifact.gs	Ring of Concentration	38	5	artifact-ring-concentration
ring_dexterity	artifact	registered-by-operator	gs5r3	gs\artifact\_custom\ring_dexterity.gs	1	0	gs\artifact.gs	Ring of Dexterity	30	2	artifact-ring-dexterity
ring_elements	artifact	registered-by-operator	gs5r3	gs\artifact\WATER\ring_elements.gs	1	0	gs\artifact.gs	Ring of the Elements	29	5	artifact-ring-elements
ring_embers	artifact	registered-by-operator	gs5r3	gs\artifact\FIRE\ring_embers.gs	1	0	gs\artifact.gs	Ring of Embers	33	5	artifact-ring-embers
ring_faerie	artifact	registered-by-operator	gs5r3	gs\artifact\AIR\ring_faerie.gs	1	0	gs\artifact.gs	Faerie Ring	29	6	artifact-ring-faerie
ring_flint	artifact	registered-by-operator	gs5r3	gs\artifact\FIRE\ring_flint.gs	1	0	gs\artifact.gs	Flint Ring	29	6	artifact-ring-flint
ring_four_winds	artifact	registered-by-operator	gs5r3	gs\artifact\AIR\ring_four_winds.gs	1	0	gs\artifact.gs	Ring of the Four Winds	30	8	artifact-ring-four-winds
ring_giants	artifact	registered-by-operator	gs5r3	gs\artifact\AIR\ring_giants.gs	1	0	gs\artifact.gs	Ring of Giants	31	9	artifact-ring-giants
ring_healing	artifact	registered-by-operator	gs5r3	gs\artifact\LIFE\ring_healing.gs	1	0	gs\artifact.gs	Ring of Healing	32	9	artifact-ring-healing
ring_health	artifact	registered-by-operator	gs5r3	gs\artifact\_custom\ring_health.gs	1	0	gs\artifact.gs	Ring of Health	33	2	artifact-ring-health
ring_leeches	artifact	registered-by-operator	gs5r3	gs\artifact\DEATH\ring_leeches.gs	1	0	gs\artifact.gs	Ring of Leeches	30	7	artifact-ring-leeches
ring_luck	artifact	registered-by-operator	gs5r3	gs\artifact\_custom\ring_luck.gs	1	0	gs\artifact.gs	Lucky Ring	30	2	artifact-ring-luck
ring_mana	artifact	registered-by-operator	gs5r3	gs\artifact\_custom\ring_mana.gs	1	0	gs\artifact.gs	Ring of Mana	31	2	artifact-ring-mana
ring_marksmanship	artifact	registered-by-operator	gs5r3	gs\artifact\LIFE\ring_marksmanship.gs	1	0	gs\artifact.gs	Ring of Marksmanship	29	6	artifact-ring-marksmanship
ring_necromancy	artifact	registered-by-operator	gs5r3	gs\artifact\DEATH\ring_necromancy.gs	1	0	gs\artifact.gs	Ring of Necromancy	29	7	artifact-ring-necromancy
ring_of_anything	artifact	registered-by-operator	vanilla,patch302	gs\artifact\ringany.gs	1	0	gs\artifact.gs	Ring of Anything	20	10	artifact-ring-of-anything
ring_of_arcana	artifact	registered-by-operator	vanilla,patch302	gs\artifact\ringarca.gs	1	0	gs\artifact.gs	Ring Of Arcana	18	8	artifact-ring-of-arcana
ring_of_azz'taruth	artifact	registered-by-operator	vanilla,patch302	gs\artifact\ringazzt.gs	1	0	gs\artifact.gs	Ring of Azz'taruth	18	9	artifact-ring-of-azz-taruth
ring_of_brimstone	artifact	registered-by-operator	vanilla,patch302	gs\artifact\ringbrim.gs	1	0	gs\artifact.gs	Ring of Brimstone	20	9	artifact-ring-of-brimstone
ring_of_concentration	artifact	registered-by-operator	vanilla,patch302	gs\artifact\ringcon.gs	1	0	gs\artifact.gs	Ring of Concentraion	16	6	artifact-ring-of-concentration
ring_of_dwarves	artifact	registered-by-operator	vanilla,patch302,gs5r3	gs\artifact\ringdwar.gs	1	0	gs\artifact.gs	Ring of the Dwarves	16	3	artifact-ring-of-dwarves
ring_of_embers	artifact	registered-by-operator	vanilla,patch302	gs\artifact\ringembr.gs	1	0	gs\artifact.gs	Ring of Embers	18	6	artifact-ring-of-embers
ring_of_entanglement	artifact	registered-by-operator	vanilla,patch302	gs\artifact\ringentg.gs	1	0	gs\artifact.gs	Ring of Entanglement	18	8	artifact-ring-of-entanglement
ring_of_flame	artifact	registered-by-operator	vanilla,patch302	gs\artifact\ringflam.gs	1	0	gs\artifact.gs	Ring of the Dancing Flame	17	5	artifact-ring-of-flame
ring_of_healing	artifact	registered-by-operator	vanilla,patch302	gs\artifact\ringheal.gs	1	0	gs\artifact.gs	Ring of Healing	19	8	artifact-ring-of-healing
ring_of_leeches	artifact	registered-by-operator	vanilla,patch302	gs\artifact\ringleec.gs	1	0	gs\artifact.gs	Ring of Leeches	18	9	artifact-ring-of-leeches
ring_of_marksmanship	artifact	registered-by-operator	vanilla,patch302	gs\artifact\ringmark.gs	1	0	gs\artifact.gs	Ring of Marksmanship	18	7	artifact-ring-of-marksmanship
ring_of_mazes	artifact	registered-by-operator	vanilla,patch302	gs\artifact\ringmaze.gs	1	0	gs\artifact.gs	Ring of Mazes	18	8	artifact-ring-of-mazes
ring_of_productivity	artifact	registered-by-operator	vanilla,patch302	gs\artifact\ringprod.gs	1	0	gs\artifact.gs	Greater Artifact-Ring of Productivity	19	8	artifact-ring-of-productivity
ring_of_protection	artifact	registered-by-operator	vanilla,patch302	gs\artifact\ringprot.gs	1	0	gs\artifact.gs	Ring of Protection	18	7	artifact-ring-of-protection
ring_of_redemption	artifact	registered-by-operator	vanilla,patch302	gs\artifact\ringred.gs	1	0	gs\artifact.gs	Ring of Redemption	18	6	artifact-ring-of-redemption
ring_of_shelter	artifact	registered-by-operator	vanilla,patch302	gs\artifact\ringshel.gs	1	0	gs\artifact.gs	Ring of Shelter	18	6	artifact-ring-of-shelter
ring_of_stealth	artifact	registered-by-operator	vanilla,patch302	gs\artifact\ringstea.gs	1	0	gs\artifact.gs	Ring of Stealth	18	7	artifact-ring-of-stealth
ring_of_the_elements	artifact	registered-by-operator	vanilla,patch302	gs\artifact\ringelem.gs	1	0	gs\artifact.gs	Ring of the Elements	17	6	artifact-ring-of-the-elements
ring_of_winds	artifact	registered-by-operator	vanilla,patch302	gs\artifact\ringwind.gs	1	0	gs\artifact.gs	Ring of the Four Winds	13	9	artifact-ring-of-winds
ring_power	artifact	registered-by-operator	gs5r3	gs\artifact\_custom\ring_power.gs	1	0	gs\artifact.gs	Ring of Power	30	2	artifact-ring-power
ring_protection	artifact	registered-by-operator	gs5r3	gs\artifact\ORDER\ring_protection.gs	1	0	gs\artifact.gs	Ring of Protection	30	6	artifact-ring-protection
ring_stealth	artifact	registered-by-operator	gs5r3	gs\artifact\CHAOS\ring_stealth.gs	1	0	gs\artifact.gs	Ring of Stealth	29	6	artifact-ring-stealth
ring_strength	artifact	registered-by-operator	gs5r3	gs\artifact\_custom\ring_strength.gs	1	0	gs\artifact.gs	Ring of Strength	30	2	artifact-ring-strength
ring_wave	artifact	registered-by-operator	gs5r3	gs\artifact\WATER\ring_wave.gs	1	0	gs\artifact.gs	Wave Ring	32	7	artifact-ring-wave
ring_windfall	artifact	registered-by-operator	gs5r3	gs\artifact\EARTH\ring_windfall.gs	1	0	gs\artifact.gs	Ring of Windfall	36	4	artifact-ring-windfall
ring_wisdom	artifact	registered-by-operator	gs5r3	gs\artifact\_custom\ring_wisdom.gs	1	0	gs\artifact.gs	Ring of Wisdom	30	2	artifact-ring-wisdom
rocca_chalice	artifact	registered-by-operator	vanilla,patch302	gs\artifact\rocchal.gs	1	0	gs\artifact.gs	Rocca's Chalice	19	7	artifact-rocca-chalice
scabbard_quality	artifact	registered-by-operator	gs5r3	gs\artifact\_custom\scabbard_quality.gs	1	0	gs\artifact.gs	Scabbard of Quality	31	2	artifact-scabbard-quality
scroll_dexterity	artifact	registered-by-operator	gs5r3	gs\artifact\_custom\scrolls\scroll_dexterity.gs	1	0	gs\artifact.gs	Scroll of Dexterity	23	4	artifact-scroll-dexterity
scroll_diplomacy	artifact	registered-by-operator	gs5r3	gs\artifact\_custom\scrolls\scroll_diplomacy.gs	1	0	gs\artifact.gs	Scroll of Diplomacy	21	2	artifact-scroll-diplomacy
scroll_experience_01	artifact	registered-by-operator	gs5r3	gs\artifact\_custom\scrolls\scroll_experience_01.gs	1	0	gs\artifact.gs	Lesser Scroll of Experience	22	10	artifact-scroll-experience-01
scroll_experience_02	artifact	registered-by-operator	gs5r3	gs\artifact\_custom\scrolls\scroll_experience_02.gs	1	0	gs\artifact.gs	Scroll of Experience	22	10	artifact-scroll-experience-02
scroll_experience_03	artifact	registered-by-operator	gs5r3	gs\artifact\_custom\scrolls\scroll_experience_03.gs	1	0	gs\artifact.gs	Greater Scroll of Experience	22	10	artifact-scroll-experience-03
scroll_experience_04	artifact	registered-by-operator	gs5r3	gs\artifact\_custom\scrolls\scroll_experience_04.gs	1	0	gs\artifact.gs	Ultimate Scroll of Experience	22	2	artifact-scroll-experience-04
scroll_faith	artifact	registered-by-operator	gs5r3	gs\artifact\_custom\scrolls\scroll_faith.gs	1	0	gs\artifact.gs	Scroll of Faith	21	2	artifact-scroll-faith
scroll_health	artifact	registered-by-operator	gs5r3	gs\artifact\_custom\scrolls\scroll_health.gs	1	0	gs\artifact.gs	Scroll of Health	23	4	artifact-scroll-health
scroll_health_recovery	artifact	registered-by-operator	gs5r3	gs\artifact\_custom\scrolls\scroll_health_recovery.gs	1	0	gs\artifact.gs	Scroll of Restoration	23	3	artifact-scroll-health-recovery
scroll_mana	artifact	registered-by-operator	gs5r3	gs\artifact\_custom\scrolls\scroll_mana.gs	1	0	gs\artifact.gs	Scroll of Mana	23	4	artifact-scroll-mana
scroll_movement	artifact	registered-by-operator	gs5r3	gs\artifact\_custom\scrolls\scroll_movement.gs	1	0	gs\artifact.gs	Scroll of Movement	23	3	artifact-scroll-movement
scroll_power	artifact	registered-by-operator	gs5r3	gs\artifact\_custom\scrolls\scroll_power.gs	1	0	gs\artifact.gs	Scroll of Power	25	3	artifact-scroll-power
scroll_resistance	artifact	registered-by-operator	gs5r3	gs\artifact\_custom\scrolls\scroll_resistance.gs	1	0	gs\artifact.gs	Scroll of Resistance	23	3	artifact-scroll-resistance
scroll_sages	artifact	registered-by-operator	gs5r3	gs\artifact\_custom\scrolls\scroll_sages.gs	1	0	gs\artifact.gs	Scroll of the Sages	27	6	artifact-scroll-sages
scroll_strength	artifact	registered-by-operator	gs5r3	gs\artifact\_custom\scrolls\scroll_strength.gs	1	0	gs\artifact.gs	Scroll of Strength	23	4	artifact-scroll-strength
scroll_wisdom	artifact	registered-by-operator	gs5r3	gs\artifact\_custom\scrolls\scroll_wisdom.gs	1	0	gs\artifact.gs	Scroll of Wisdom	23	4	artifact-scroll-wisdom
scythe_balkoth	artifact	registered-by-operator	gs5r3	gs\artifact\DEATH\scythe_balkoth.gs	1	0	gs\artifact.gs	The Scythe of Balkoth	31	10	artifact-scythe-balkoth
sequence	artifact	registered-by-operator	vanilla,patch302,gs5r3	gs\artifact\sequence.gs	1	0	gs\artifact.gs	-	14	2	artifact-sequence
shadowstaff	artifact	registered-by-operator	vanilla,patch302	gs\artifact\shadowst.gs	1	0	gs\artifact.gs	Shadowstaff	18	8	artifact-shadowstaff
sharktooth	artifact	registered-by-operator	vanilla,patch302	gs\artifact\shrktoth.gs	1	0	gs\artifact.gs	Sharktooth	21	9	artifact-sharktooth
shield_balkoth	artifact	registered-by-operator	gs5r3	gs\artifact\_custom\shield_balkoth.gs	1	0	gs\artifact.gs	Shield of Balkoth	37	3	artifact-shield-balkoth
shield_coral	artifact	registered-by-operator	gs5r3	gs\artifact\WATER\shield_coral.gs	1	0	gs\artifact.gs	Coral Shield	33	27	artifact-shield-coral
shield_of_righteousness	artifact	registered-by-operator	vanilla,patch302	gs\artifact\shldrght.gs	1	0	gs\artifact.gs	Shield of Righteousness	18	6	artifact-shield-of-righteousness
shield_quality	artifact	registered-by-operator	gs5r3	gs\artifact\_custom\shield_quality.gs	1	0	gs\artifact.gs	Shield of Quality	31	23	artifact-shield-quality
shield_righteousness	artifact	registered-by-operator	gs5r3	gs\artifact\ORDER\shield_righteousness.gs	1	0	gs\artifact.gs	Shield of Righteousness	33	25	artifact-shield-righteousness
shieldofval	artifact	registered-by-operator	vanilla,patch302,gs5r3	gs\artifact\shieldofval.gs	1	0	gs\artifact.gs	-	14	3	artifact-shieldofval
sleep_artifact	artifact	registered-by-operator	vanilla,patch302	gs\artifact\sleepart.gs	1	0	gs\artifact.gs	sleepart	19	2	artifact-sleep-artifact
soul_stealer	artifact	registered-by-operator	vanilla,patch302	gs\artifact\soulstlr.gs	1	0	gs\artifact.gs	Greater Artifact - Soul Stealer	19	7	artifact-soul-stealer
spear_maiden	artifact	registered-by-operator	gs5r3	gs\artifact\_custom\spear_maiden.gs	1	0	gs\artifact.gs	Maiden Spear	35	2	artifact-spear-maiden
special_altar_of_sacrifice	artifact	registered-by-operator	vanilla,patch302,gs5r3	gs\artifact\altofsac.gs	1	0	gs\artifact.gs	Altar of Sacrifice	14	8	artifact-special-altar-of-sacrifice
special_forge_of_eternal_flame	artifact	registered-by-operator	vanilla,patch302,gs5r3	gs\artifact\foreflam.gs	1	0	gs\artifact.gs	Forge of Eternal Flame	15	4	artifact-special-forge-of-eternal-flame
special_shrine_of_vitality	artifact	registered-by-operator	vanilla,patch302,gs5r3	gs\artifact\shrineofvit.gs	1	0	gs\artifact.gs	Shrine of Vitality	15	6	artifact-special-shrine-of-vitality
spitfire	artifact	registered-by-operator	vanilla,patch302	gs\artifact\spitfire.gs	1	0	gs\artifact.gs	Greater Artifact - The 'Spitfire'	19	5	artifact-spitfire
staff_cloud	artifact	registered-by-operator	gs5r3	gs\artifact\AIR\staff_cloud.gs	1	0	gs\artifact.gs	Cloudstaff	30	27	artifact-staff-cloud
staff_drowning	artifact	registered-by-operator	gs5r3	gs\artifact\WATER\staff_drowning.gs	1	0	gs\artifact.gs	Legendary - Staff of Drowning	34	24	artifact-staff-drowning
staff_electron	artifact	registered-by-operator	gs5r3	gs\artifact\AIR\staff_electron.gs	1	0	gs\artifact.gs	Legendary - Electron Staff	31	23	artifact-staff-electron
staff_enlightenment	artifact	registered-by-operator	gs5r3	gs\artifact\ORDER\staff_enlightenment.gs	1	0	gs\artifact.gs	Staff of Enlightenment	33	27	artifact-staff-enlightenment
staff_flameshaft	artifact	registered-by-operator	gs5r3	gs\artifact\FIRE\staff_flameshaft.gs	1	0	gs\artifact.gs	Flameshaft	30	27	artifact-staff-flameshaft
staff_golden	artifact	registered-by-operator	gs5r3	gs\artifact\EARTH\staff_golden.gs	1	0	gs\artifact.gs	Golden Rod	30	24	artifact-staff-golden
staff_gorgon	artifact	registered-by-operator	gs5r3	gs\artifact\EARTH\staff_gorgon.gs	1	0	gs\artifact.gs	Legendary - Gorgon Rod	33	24	artifact-staff-gorgon
staff_healthbringer	artifact	registered-by-operator	gs5r3	gs\artifact\LIFE\staff_healthbringer.gs	1	0	gs\artifact.gs	Healthbringer	30	24	artifact-staff-healthbringer
staff_incineration	artifact	registered-by-operator	gs5r3	gs\artifact\FIRE\staff_incineration.gs	1	0	gs\artifact.gs	Legendary - Staff of Incineration	32	23	artifact-staff-incineration
staff_light	artifact	registered-by-operator	gs5r3	gs\artifact\LIFE\staff_light.gs	1	0	gs\artifact.gs	Legendary - Staff of Light	34	36	artifact-staff-light
staff_lightbringer	artifact	registered-by-operator	gs5r3	gs\artifact\LIFE\staff_lightbringer.gs	1	0	gs\artifact.gs	Legendary - Lightbringer Staff	33	25	artifact-staff-lightbringer
staff_of_animation	artifact	registered-by-operator	vanilla,patch302	gs\artifact\stafanim.gs	1	0	gs\artifact.gs	Greater Artifact - Staff of Animation	19	6	artifact-staff-of-animation
staff_of_asphyxiation	artifact	registered-by-operator	vanilla,patch302	gs\artifact\stafasph.gs	1	0	gs\artifact.gs	Greater Artifact-Staff Of Asphyxiation	19	5	artifact-staff-of-asphyxiation
staff_of_drowning	artifact	registered-by-operator	vanilla,patch302	gs\artifact\stafdrwn.gs	1	0	gs\artifact.gs	Greater Artifact - Staff of Drowning	19	5	artifact-staff-of-drowning
staff_of_enlightenment	artifact	registered-by-operator	vanilla,patch302	gs\artifact\staffenl.gs	1	0	gs\artifact.gs	Staff of Enlightenment	18	6	artifact-staff-of-enlightenment
staff_of_incineration	artifact	registered-by-operator	vanilla,patch302	gs\artifact\stafinci.gs	1	0	gs\artifact.gs	Greater Artifact-Staff of Incineration	19	5	artifact-staff-of-incineration
staff_of_light	artifact	registered-by-operator	vanilla,patch302	gs\artifact\stafligh.gs	1	0	gs\artifact.gs	Greater Artifact - Staff of Light	21	18	artifact-staff-of-light
staff_of_polymorphing	artifact	registered-by-operator	vanilla,patch302	gs\artifact\stafpoly.gs	1	0	gs\artifact.gs	Greater Artifact - Polymorph Staff	19	5	artifact-staff-of-polymorphing
staff_of_resurrection	artifact	registered-by-operator	vanilla,patch302	gs\artifact\stafresu.gs	1	0	gs\artifact.gs	Greater Artifact - Resurrection Staff	22	6	artifact-staff-of-resurrection
staff_peacemaker	artifact	registered-by-operator	gs5r3	gs\artifact\LIFE\staff_peacemaker.gs	1	0	gs\artifact.gs	Peacemaker	29	28	artifact-staff-peacemaker
staff_quality	artifact	registered-by-operator	gs5r3	gs\artifact\_custom\staff_quality.gs	1	0	gs\artifact.gs	Staff of Quality	35	20	artifact-staff-quality
staff_shadow	artifact	registered-by-operator	gs5r3	gs\artifact\DEATH\staff_shadow.gs	1	0	gs\artifact.gs	Shadowstaff	30	28	artifact-staff-shadow
staff_turmoil	artifact	registered-by-operator	gs5r3	gs\artifact\CHAOS\staff_turmoil.gs	1	0	gs\artifact.gs	Legendary - Staff of Turmoil	32	25	artifact-staff-turmoil
staff_unholy	artifact	registered-by-operator	gs5r3	gs\artifact\DEATH\staff_unholy.gs	1	0	gs\artifact.gs	Legendary - Staff of the Unholy	33	27	artifact-staff-unholy
staff_water	artifact	registered-by-operator	gs5r3	gs\artifact\WATER\staff_water.gs	1	0	gs\artifact.gs	Water Staff	30	24	artifact-staff-water
staff_wicked	artifact	registered-by-operator	gs5r3	gs\artifact\_custom\staff_wicked.gs	1	0	gs\artifact.gs	Wicked Staff	33	23	artifact-staff-wicked
stat1_bonus	artifact	registered-by-operator	gs5r3	gs\artifact\_custom\misc\stat1_bonus.gs	1	0	gs\artifact.gs	Prime Stat Bonus	17	1	artifact-stat1-bonus
stat2_bonus	artifact	registered-by-operator	gs5r3	gs\artifact\_custom\misc\stat2_bonus.gs	1	0	gs\artifact.gs	Secondary Stat Bonus	17	1	artifact-stat2-bonus
stat3_bonus	artifact	registered-by-operator	gs5r3	gs\artifact\_custom\misc\stat3_bonus.gs	1	0	gs\artifact.gs	Tertiary Stat Bonus	17	1	artifact-stat3-bonus
stfhlyblt	artifact	registered-by-operator	vanilla,patch302,gs5r3	gs\artifact\stfhlyblt.gs	1	0	gs\artifact.gs	-	15	2	artifact-stfhlyblt
stone_artifact	artifact	registered-by-operator	vanilla,patch302	gs\artifact\stoneart.gs	1	0	gs\artifact.gs	stoneart	18	7	artifact-stone-artifact
stone_energy	artifact	registered-by-operator	gs5r3	gs\artifact\_custom\stone_energy.gs	1	0	gs\artifact.gs	Energy Stone	30	2	artifact-stone-energy
stone_luck	artifact	registered-by-operator	gs5r3	gs\artifact\_custom\stone_luck.gs	1	0	gs\artifact.gs	Luckstone	37	6	artifact-stone-luck
stone_meek	artifact	registered-by-operator	gs5r3	gs\artifact\_custom\stone_meek.gs	1	0	gs\artifact.gs	Meekstone	29	3	artifact-stone-meek
stone_might	artifact	registered-by-operator	gs5r3	gs\artifact\_custom\stone_might.gs	1	0	gs\artifact.gs	Mightstone	30	3	artifact-stone-might
stone_ring	artifact	registered-by-operator	vanilla,patch302	gs\artifact\stonring.gs	1	0	gs\artifact.gs	Stone Ring	18	7	artifact-stone-ring
sundial_key	artifact	registered-by-operator	vanilla,patch302,gs5r3	gs\artifact\sunkey.gs	1	0	gs\artifact.gs	Sundial Key	11	4	artifact-sundial-key
swift_axe	artifact	registered-by-operator	vanilla,patch302	gs\artifact\swiftaxe.gs	1	0	gs\artifact.gs	Swift Axe	18	8	artifact-swift-axe
sword_burning	artifact	registered-by-operator	gs5r3	gs\artifact\FIRE\sword_burning.gs	1	0	gs\artifact.gs	Burning Blade	30	18	artifact-sword-burning
sword_crusader	artifact	registered-by-operator	gs5r3	gs\artifact\ORDER\sword_crusader.gs	1	0	gs\artifact.gs	Legendary - Crusader Blade	34	23	artifact-sword-crusader
sword_dark	artifact	registered-by-operator	gs5r3	gs\artifact\DEATH\sword_dark.gs	1	0	gs\artifact.gs	Dark Blade	30	17	artifact-sword-dark
sword_enlightenment	artifact	registered-by-operator	gs5r3	gs\artifact\_custom\sword_enlightenment.gs	1	0	gs\artifact.gs	Sword of Enlightenment	33	13	artifact-sword-enlightenment
sword_flames	artifact	registered-by-operator	gs5r3	gs\artifact\FIRE\sword_flames.gs	1	0	gs\artifact.gs	Legendary - Sword of Flames	35	20	artifact-sword-flames
sword_ice	artifact	registered-by-operator	gs5r3	gs\artifact\WATER\sword_ice.gs	1	0	gs\artifact.gs	Ice Sword	30	17	artifact-sword-ice
sword_of_flames	artifact	registered-by-operator	vanilla,patch302	gs\artifact\swordfla.gs	1	0	gs\artifact.gs	Greater Artifact - Sword of Flames	19	9	artifact-sword-of-flames
sword_of_quality	artifact	registered-by-operator	vanilla,patch302	gs\artifact\swrdqual.gs	1	0	gs\artifact.gs	Sword of Quality	18	8	artifact-sword-of-quality
sword_quality	artifact	registered-by-operator	gs5r3	gs\artifact\ORDER\sword_quality.gs	1	0	gs\artifact.gs	Sword of Quality	30	21	artifact-sword-quality
sword_soulstealer	artifact	registered-by-operator	gs5r3	gs\artifact\DEATH\sword_soulstealer.gs	1	0	gs\artifact.gs	Legendary - Soul Stealer	32	20	artifact-sword-soulstealer
sword_spectral	artifact	registered-by-operator	gs5r3	gs\artifact\_custom\sword_spectral.gs	1	0	gs\artifact.gs	Spectral Sword	34	2	artifact-sword-spectral
sword_thunder	artifact	registered-by-operator	gs5r3	gs\artifact\AIR\sword_thunder.gs	1	0	gs\artifact.gs	Legendary - Thunder Blade	32	31	artifact-sword-thunder
sword_wave	artifact	registered-by-operator	gs5r3	gs\artifact\WATER\sword_wave.gs	1	0	gs\artifact.gs	Legendary - Wave Blade	31	19	artifact-sword-wave
sword_windbreaker	artifact	registered-by-operator	gs5r3	gs\artifact\AIR\sword_windbreaker.gs	1	0	gs\artifact.gs	Windbreaker	30	17	artifact-sword-windbreaker
thiefart	artifact	registered-by-operator	vanilla,patch302,gs5r3	gs\artifact\thiefart.gs	1	0	gs\artifact.gs	thiefart	13	1	artifact-thiefart
thunderblade	artifact	registered-by-operator	vanilla,patch302	gs\artifact\thunblad.gs	1	0	gs\artifact.gs	Greater Artifact - Thunderblade	19	20	artifact-thunderblade
tidalblade	artifact	registered-by-operator	vanilla,patch302	gs\artifact\tidblade.gs	1	0	gs\artifact.gs	Greater Artifact - Tidalblade	19	5	artifact-tidalblade
token_insane	artifact	registered-by-operator	gs5r3	gs\artifact\_custom\tokens\token_insane.gs	1	0	gs\artifact.gs	Insane Mode Token	14	3	artifact-token-insane
turn_stat_bonus	artifact	registered-by-operator	gs5r3	gs\artifact\_custom\misc\turn_stat_bonus.gs	1	0	gs\artifact.gs	Turn Stat Bonus	17	1	artifact-turn-stat-bonus
waterstaff	artifact	registered-by-operator	vanilla,patch302	gs\artifact\waterstf.gs	1	0	gs\artifact.gs	Waterstaff	18	7	artifact-waterstaff
welanhelm	artifact	registered-by-operator	vanilla,patch302,gs5r3	gs\artifact\welanhelm.gs	1	0	gs\artifact.gs	-	16	2	artifact-welanhelm
welanmail	artifact	registered-by-operator	vanilla,patch302,gs5r3	gs\artifact\welanmail.gs	1	0	gs\artifact.gs	-	13	2	artifact-welanmail
welanplate	artifact	registered-by-operator	vanilla,patch302,gs5r3	gs\artifact\welanplate.gs	1	0	gs\artifact.gs	-	17	3	artifact-welanplate
wexcross	artifact	registered-by-operator	vanilla,patch302,gs5r3	gs\artifact\Wexcross.gs	1	0	gs\artifact.gs	-	14	3	artifact-wexcross
windbreaker	artifact	registered-by-operator	vanilla,patch302	gs\artifact\windbrkr.gs	1	0	gs\artifact.gs	Stormbreaker	18	7	artifact-windbreaker
writofcamd	artifact	registered-by-operator	vanilla,patch302,gs5r3	gs\artifact\writofcamd.gs	1	0	gs\artifact.gs	-	13	4	artifact-writofcamd
BARRACKS	building	call-site-tuple	vanilla,patch302,gs5r3	gs\building.gs	1	10795	gs\building.gs	-	3	52	building-barracks
HUT	building	call-site-tuple	vanilla,patch302,gs5r3	gs\building.gs	1	11211	gs\building.gs	-	3	24	building-hut
KEEP	building	call-site-tuple	vanilla,patch302,gs5r3	gs\building.gs	1	10077	gs\building.gs	-	3	102	building-keep
LIBRARY	building	call-site-tuple	vanilla,patch302,gs5r3	gs\building.gs	1	10894	gs\building.gs	-	3	20	building-library
MAGISTRATE	building	call-site-tuple	vanilla,patch302,gs5r3	gs\building.gs	1	10396	gs\building.gs	-	3	41	building-magistrate
MARKETPLACE	building	call-site-tuple	vanilla,patch302,gs5r3	gs\building.gs	1	10687	gs\building.gs	-	3	33	building-marketplace
SPECIAL_BUILDING	building	call-site-tuple	vanilla,patch302,gs5r3	gs\building.gs	1	11097	gs\building.gs	-	3	56	building-special-building
TAVERN	building	call-site-tuple	vanilla,patch302,gs5r3	gs\building.gs	1	10594	gs\building.gs	-	3	34	building-tavern
TEMPLE	building	call-site-tuple	vanilla,patch302,gs5r3	gs\building.gs	1	10501	gs\building.gs	-	3	35	building-temple
THIEVES_GUILD	building	call-site-tuple	vanilla,patch302,gs5r3	gs\building.gs	1	10283	gs\building.gs	-	3	50	building-thieves-guild
WATCH_TOWER	building	call-site-tuple	vanilla,patch302,gs5r3	gs\building.gs	1	10990	gs\building.gs	-	3	29	building-watch-tower
WIZARDS_TOWER	building	call-site-tuple	vanilla,patch302,gs5r3	gs\building.gs	1	10170	gs\building.gs	-	3	57	building-wizards-tower
aigtem	encounter	catalog-entry	vanilla,patch302	gs\dungeons\aigtem.gs	1	0	gs\dungeons.gs	Air Great Temple	15	0	encounter-aigtem
air/aicave	encounter	catalog-entry	gs5r3	gs\dungeons\air\aicave.gs	1	0	gs\DUNGEONS5.gs	-	37	0	encounter-air-aicave
air/aidung	encounter	catalog-entry	gs5r3	gs\dungeons\air\aidung.gs	1	0	gs\DUNGEONS5.gs	Icey Keep	16	0	encounter-air-aidung
air/aigtem	encounter	catalog-entry	gs5r3	gs\dungeons\air\aigtem.gs	1	0	gs\DUNGEONS5.gs	Air Great Temple	15	0	encounter-air-aigtem
air/aimina	encounter	catalog-entry	gs5r3	gs\dungeons\air\aimina.gs	1	0	gs\DUNGEONS5.gs	-	18	0	encounter-air-aimina
air/aiminc	encounter	catalog-entry	gs5r3	gs\dungeons\air\aiminc.gs	1	0	gs\DUNGEONS5.gs	-	18	0	encounter-air-aiminc
air/aiming	encounter	catalog-entry	gs5r3	gs\dungeons\air\aiming.gs	1	0	gs\DUNGEONS5.gs	-	18	0	encounter-air-aiming
air/aimult	encounter	catalog-entry	gs5r3	gs\dungeons\air\aimult.gs	1	0	gs\DUNGEONS5.gs	-	15	0	encounter-air-aimult
air/airmult	encounter	catalog-entry	vanilla,patch302,gs5r3	gs\dungeons\air\airmult.gs	1	0	gs\dungeons.gs	-	15	0	encounter-air-airmult
air/aistat	encounter	catalog-entry	gs5r3	gs\dungeons\air\aistat.gs	1	0	gs\DUNGEONS5.gs	-	18	0	encounter-air-aistat
air/aitowe	encounter	catalog-entry	gs5r3	gs\dungeons\air\aitowe.gs	1	0	gs\DUNGEONS5.gs	-	16	0	encounter-air-aitowe
air/frost_dragoncave	encounter	catalog-entry	gs5r3	gs\dungeons\air\frost_dragoncave.gs	1	0	gs\DUNGEONS5.gs	Frost Dragons' Lair	17	0	encounter-air-frost-dragoncave
air/gen_sprite	encounter	catalog-entry	gs5r3	gs\dungeons\air\gen_sprite.gs	1	0	gs\dungeons.gs	Sprite Cave	15	0	encounter-air-gen-sprite
air/genair	encounter	catalog-entry	vanilla,patch302,gs5r3	gs\dungeons\air\genair.gs	1	0	gs\dungeons.gs	Cave	16	0	encounter-air-genair
bridge	encounter	catalog-entry	vanilla,patch302	gs\dungeons\bridge.gs	1	0	gs\dungeons.gs	-	17	0	encounter-bridge
chaos/chaosmult	encounter	catalog-entry	vanilla,patch302,gs5r3	gs\dungeons\chaos\chaosmult.gs	1	0	gs\dungeons.gs	-	15	0	encounter-chaos-chaosmult
chaos/chcave	encounter	catalog-entry	gs5r3	gs\dungeons\chaos\chcave.gs	1	0	gs\DUNGEONS5.gs	-	37	0	encounter-chaos-chcave
chaos/chdung	encounter	catalog-entry	gs5r3	gs\dungeons\chaos\chdung.gs	1	0	gs\DUNGEONS5.gs	Barbarian Stronghold	16	0	encounter-chaos-chdung
chaos/chgtem	encounter	catalog-entry	gs5r3	gs\dungeons\chaos\chgtem.gs	1	0	gs\DUNGEONS5.gs	Chaos Great Temple	15	0	encounter-chaos-chgtem
chaos/chmina	encounter	catalog-entry	gs5r3	gs\dungeons\chaos\chmina.gs	1	0	gs\DUNGEONS5.gs	-	18	0	encounter-chaos-chmina
chaos/chminc	encounter	catalog-entry	gs5r3	gs\dungeons\chaos\chminc.gs	1	0	gs\DUNGEONS5.gs	-	18	0	encounter-chaos-chminc
chaos/chming	encounter	catalog-entry	gs5r3	gs\dungeons\chaos\chming.gs	1	0	gs\DUNGEONS5.gs	-	18	0	encounter-chaos-chming
chaos/chmult	encounter	catalog-entry	gs5r3	gs\dungeons\chaos\chmult.gs	1	0	gs\DUNGEONS5.gs	-	15	0	encounter-chaos-chmult
chaos/chstat	encounter	catalog-entry	gs5r3	gs\dungeons\chaos\chstat.gs	1	0	gs\DUNGEONS5.gs	-	18	0	encounter-chaos-chstat
chaos/chtowe	encounter	catalog-entry	gs5r3	gs\dungeons\chaos\chtowe.gs	1	0	gs\DUNGEONS5.gs	-	16	0	encounter-chaos-chtowe
chaos/cyclopscave	encounter	catalog-entry	gs5r3	gs\dungeons\chaos\cyclopscave.gs	1	0	gs\DUNGEONS5.gs	-	17	0	encounter-chaos-cyclopscave
chaos/genchaos	encounter	catalog-entry	vanilla,patch302,gs5r3	gs\dungeons\chaos\genchaos.gs	1	0	gs\dungeons.gs	Chaos Encounter	16	0	encounter-chaos-genchaos
chaos/genorc	encounter	catalog-entry	vanilla,patch302,gs5r3	gs\dungeons\chaos\genorc.gs	1	0	gs\dungeons.gs	Orc Lair	15	0	encounter-chaos-genorc
chaos/witchtowr	encounter	catalog-entry	gs5r3	gs\dungeons\chaos\witchtowr.gs	1	0	gs\DUNGEONS5.gs	-	17	0	encounter-chaos-witchtowr
chgtem	encounter	catalog-entry	vanilla,patch302	gs\dungeons\chgtem.gs	1	0	gs\dungeons.gs	Chaos Great Temple	15	0	encounter-chgtem
cyclopscave	encounter	catalog-entry	vanilla,patch302	gs\dungeons\cyclopscave.gs	1	0	gs\dungeons.gs	-	17	0	encounter-cyclopscave
death/altosac	encounter	catalog-entry	vanilla,patch302	gs\dungeons\death\altosac.gs	1	0	gs\dungeons.gs	Altar of Sacrifice	15	0	encounter-death-altosac
death/deathcaves	encounter	catalog-entry	vanilla,patch302	gs\dungeons\death\deathcaves.gs	1	0	gs\dungeons.gs	-	16	0	encounter-death-deathcaves
death/deathgt	encounter	catalog-entry	vanilla,patch302	gs\dungeons\death\deathgt.gs	1	0	gs\dungeons.gs	-	20	0	encounter-death-deathgt
death/deathmult	encounter	catalog-entry	vanilla,patch302,gs5r3	gs\dungeons\death\deathmult.gs	1	0	gs\dungeons.gs	-	15	0	encounter-death-deathmult
death/decave	encounter	catalog-entry	gs5r3	gs\dungeons\death\decave.gs	1	0	gs\DUNGEONS5.gs	-	36	0	encounter-death-decave
death/dedung	encounter	catalog-entry	gs5r3	gs\dungeons\death\dedung.gs	1	0	gs\DUNGEONS5.gs	Golgothan Castle	16	0	encounter-death-dedung
death/degtem	encounter	catalog-entry	gs5r3	gs\dungeons\death\degtem.gs	1	0	gs\DUNGEONS5.gs	Death Great Temple	15	0	encounter-death-degtem
death/demina	encounter	catalog-entry	gs5r3	gs\dungeons\death\demina.gs	1	0	gs\DUNGEONS5.gs	-	18	0	encounter-death-demina
death/deminc	encounter	catalog-entry	gs5r3	gs\dungeons\death\deminc.gs	1	0	gs\DUNGEONS5.gs	-	18	0	encounter-death-deminc
death/deming	encounter	catalog-entry	gs5r3	gs\dungeons\death\deming.gs	1	0	gs\DUNGEONS5.gs	-	18	0	encounter-death-deming
death/demult	encounter	catalog-entry	gs5r3	gs\dungeons\death\demult.gs	1	0	gs\DUNGEONS5.gs	-	15	0	encounter-death-demult
death/destat	encounter	catalog-entry	gs5r3	gs\dungeons\death\destat.gs	1	0	gs\DUNGEONS5.gs	-	18	0	encounter-death-destat
death/detowe	encounter	catalog-entry	gs5r3	gs\dungeons\death\detowe.gs	1	0	gs\DUNGEONS5.gs	-	16	0	encounter-death-detowe
death/encounter2	encounter	catalog-entry	vanilla,patch302	gs\dungeons\death\encounter2.gs	1	0	gs\dungeons.gs	-	18	0	encounter-death-encounter2
death/encounter3	encounter	catalog-entry	vanilla,patch302	gs\dungeons\death\encounter3.gs	1	0	gs\dungeons.gs	-	21	0	encounter-death-encounter3
death/encounter4a	encounter	catalog-entry	vanilla,patch302	gs\dungeons\death\encounter4a.gs	1	0	gs\dungeons.gs	-	18	0	encounter-death-encounter4a
death/encounter4b	encounter	catalog-entry	vanilla,patch302	gs\dungeons\death\encounter4b.gs	1	0	gs\dungeons.gs	-	17	0	encounter-death-encounter4b
death/encounter4c	encounter	catalog-entry	vanilla,patch302	gs\dungeons\death\encounter4c.gs	1	0	gs\dungeons.gs	-	19	0	encounter-death-encounter4c
death/encounter5	encounter	catalog-entry	vanilla,patch302	gs\dungeons\death\encounter5.gs	1	0	gs\dungeons.gs	-	20	0	encounter-death-encounter5
death/gen_undead	encounter	catalog-entry	gs5r3	gs\dungeons\death\gen_undead.gs	1	0	gs\dungeons.gs	Undead Village	17	0	encounter-death-gen-undead
death/gendeath	encounter	catalog-entry	vanilla,patch302,gs5r3	gs\dungeons\death\gendeath.gs	1	0	gs\dungeons.gs	-	17	0	encounter-death-gendeath
death/lichcastle	encounter	catalog-entry	gs5r3	gs\dungeons\death\lichcastle.gs	1	0	gs\DUNGEONS5.gs	Lich Castle	17	0	encounter-death-lichcastle
death/quest/altosac	encounter	catalog-entry	gs5r3	gs\dungeons\death\quest\altosac.gs	1	0	gs\DUNGEONS5.gs	Altar of Sacrifice	15	0	encounter-death-quest-altosac
death/quest/deathcaves	encounter	catalog-entry	gs5r3	gs\dungeons\death\quest\deathcaves.gs	1	0	gs\DUNGEONS5.gs	-	16	0	encounter-death-quest-deathcaves
death/quest/deathgt	encounter	catalog-entry	gs5r3	gs\dungeons\death\quest\deathgt.gs	1	0	gs\DUNGEONS5.gs	-	20	0	encounter-death-quest-deathgt
death/quest/encounter2	encounter	catalog-entry	gs5r3	gs\dungeons\death\quest\encounter2.gs	1	0	gs\DUNGEONS5.gs	-	18	0	encounter-death-quest-encounter2
death/quest/encounter3	encounter	catalog-entry	gs5r3	gs\dungeons\death\quest\encounter3.gs	1	0	gs\DUNGEONS5.gs	-	21	0	encounter-death-quest-encounter3
death/quest/encounter4a	encounter	catalog-entry	gs5r3	gs\dungeons\death\quest\encounter4a.gs	1	0	gs\DUNGEONS5.gs	-	18	0	encounter-death-quest-encounter4a
death/quest/encounter4b	encounter	catalog-entry	gs5r3	gs\dungeons\death\quest\encounter4b.gs	1	0	gs\DUNGEONS5.gs	-	17	0	encounter-death-quest-encounter4b
death/quest/encounter4c	encounter	catalog-entry	gs5r3	gs\dungeons\death\quest\encounter4c.gs	1	0	gs\DUNGEONS5.gs	-	19	0	encounter-death-quest-encounter4c
death/quest/encounter5	encounter	catalog-entry	gs5r3	gs\dungeons\death\quest\encounter5.gs	1	0	gs\DUNGEONS5.gs	-	20	0	encounter-death-quest-encounter5
death/vamp_nest	encounter	catalog-entry	gs5r3	gs\dungeons\death\vamp_nest.gs	1	0	gs\DUNGEONS5.gs	Vampire's Nest	17	0	encounter-death-vamp-nest
degtem	encounter	catalog-entry	vanilla,patch302	gs\dungeons\degtem.gs	1	0	gs\dungeons.gs	Death Great Temple	15	0	encounter-degtem
dragoncave	encounter	catalog-entry	vanilla,patch302	gs\dungeons\dragoncave.gs	1	0	gs\dungeons.gs	-	17	0	encounter-dragoncave
dummy	encounter	catalog-entry	vanilla,patch302,gs5r3	gs\dungeons\dummy.gs	1	0	gs\dungeons.gs	Padding Encounter	13	5609	encounter-dummy
eagtem	encounter	catalog-entry	vanilla,patch302	gs\dungeons\eagtem.gs	1	0	gs\dungeons.gs	Earth Great Temple	15	0	encounter-eagtem
earth/barrow2	encounter	catalog-entry	vanilla,patch302	gs\dungeons\earth\barrow2.gs	1	0	gs\dungeons.gs	-	22	0	encounter-earth-barrow2
earth/barrows	encounter	catalog-entry	vanilla,patch302	gs\dungeons\earth\barrows.gs	1	0	gs\dungeons.gs	-	23	0	encounter-earth-barrows
earth/bridge	encounter	catalog-entry	gs5r3	gs\dungeons\earth\bridge.gs	1	0	gs\DUNGEONS5.gs	-	17	0	encounter-earth-bridge
earth/eacave	encounter	catalog-entry	gs5r3	gs\dungeons\earth\eacave.gs	1	0	gs\DUNGEONS5.gs	-	36	0	encounter-earth-eacave
earth/eadung	encounter	catalog-entry	gs5r3	gs\dungeons\earth\eadung.gs	1	0	gs\DUNGEONS5.gs	Dwarven Stronghold	16	0	encounter-earth-eadung
earth/eagtem	encounter	catalog-entry	gs5r3	gs\dungeons\earth\eagtem.gs	1	0	gs\DUNGEONS5.gs	Earth Great Temple	15	0	encounter-earth-eagtem
earth/eamina	encounter	catalog-entry	gs5r3	gs\dungeons\earth\eamina.gs	1	0	gs\DUNGEONS5.gs	-	18	0	encounter-earth-eamina
earth/eaminc	encounter	catalog-entry	gs5r3	gs\dungeons\earth\eaminc.gs	1	0	gs\DUNGEONS5.gs	-	18	0	encounter-earth-eaminc
earth/eaming	encounter	catalog-entry	gs5r3	gs\dungeons\earth\eaming.gs	1	0	gs\DUNGEONS5.gs	-	18	0	encounter-earth-eaming
earth/eamult	encounter	catalog-entry	gs5r3	gs\dungeons\earth\eamult.gs	1	0	gs\DUNGEONS5.gs	-	15	0	encounter-earth-eamult
earth/earthmult	encounter	catalog-entry	vanilla,patch302,gs5r3	gs\dungeons\earth\earthmult.gs	1	0	gs\dungeons.gs	-	15	0	encounter-earth-earthmult
earth/eastat	encounter	catalog-entry	gs5r3	gs\dungeons\earth\eastat.gs	1	0	gs\DUNGEONS5.gs	-	18	0	encounter-earth-eastat
earth/eatowe	encounter	catalog-entry	gs5r3	gs\dungeons\earth\eatowe.gs	1	0	gs\DUNGEONS5.gs	-	16	0	encounter-earth-eatowe
earth/encounter1	encounter	catalog-entry	vanilla,patch302	gs\dungeons\earth\encounter1.gs	1	0	gs\dungeons.gs	-	20	0	encounter-earth-encounter1
earth/encounter10	encounter	catalog-entry	vanilla,patch302	gs\dungeons\earth\encounter10.gs	1	0	gs\dungeons.gs	-	19	0	encounter-earth-encounter10
earth/encounter11	encounter	catalog-entry	vanilla,patch302	gs\dungeons\earth\encounter11.gs	1	0	gs\dungeons.gs	-	14	0	encounter-earth-encounter11
earth/encounter12	encounter	catalog-entry	vanilla,patch302	gs\dungeons\earth\encounter12.gs	1	0	gs\dungeons.gs	-	24	0	encounter-earth-encounter12
earth/encounter13	encounter	catalog-entry	vanilla,patch302	gs\dungeons\earth\encounter13.gs	1	0	gs\dungeons.gs	-	20	0	encounter-earth-encounter13
earth/encounter14	encounter	catalog-entry	vanilla,patch302	gs\dungeons\earth\encounter14.gs	1	0	gs\dungeons.gs	-	22	0	encounter-earth-encounter14
earth/encounter15	encounter	catalog-entry	vanilla,patch302	gs\dungeons\earth\encounter15.gs	1	0	gs\dungeons.gs	-	21	0	encounter-earth-encounter15
earth/encounter16	encounter	catalog-entry	vanilla,patch302	gs\dungeons\earth\encounter16.gs	1	0	gs\dungeons.gs	-	20	0	encounter-earth-encounter16
earth/encounter17	encounter	catalog-entry	vanilla,patch302	gs\dungeons\earth\encounter17.gs	1	0	gs\dungeons.gs	-	19	0	encounter-earth-encounter17
earth/encounter18	encounter	catalog-entry	vanilla,patch302	gs\dungeons\earth\encounter18.gs	1	0	gs\dungeons.gs	-	20	0	encounter-earth-encounter18
earth/encounter19	encounter	catalog-entry	vanilla,patch302	gs\dungeons\earth\encounter19.gs	1	0	gs\dungeons.gs	-	20	0	encounter-earth-encounter19
earth/encounter2	encounter	catalog-entry	vanilla,patch302	gs\dungeons\earth\encounter2.gs	1	0	gs\dungeons.gs	-	22	0	encounter-earth-encounter2
earth/encounter20	encounter	catalog-entry	vanilla,patch302	gs\dungeons\earth\encounter20.gs	1	0	gs\dungeons.gs	-	20	0	encounter-earth-encounter20
earth/encounter21	encounter	catalog-entry	vanilla,patch302	gs\dungeons\earth\encounter21.gs	1	0	gs\dungeons.gs	-	20	0	encounter-earth-encounter21
earth/encounter22	encounter	catalog-entry	vanilla,patch302	gs\dungeons\earth\encounter22.gs	1	0	gs\dungeons.gs	-	22	0	encounter-earth-encounter22
earth/encounter23	encounter	catalog-entry	vanilla,patch302	gs\dungeons\earth\encounter23.gs	1	0	gs\dungeons.gs	-	23	0	encounter-earth-encounter23
earth/encounter24	encounter	catalog-entry	vanilla,patch302	gs\dungeons\earth\encounter24.gs	1	0	gs\dungeons.gs	-	17	0	encounter-earth-encounter24
earth/encounter25	encounter	catalog-entry	vanilla,patch302	gs\dungeons\earth\encounter25.gs	1	0	gs\dungeons.gs	-	20	0	encounter-earth-encounter25
earth/encounter26	encounter	catalog-entry	vanilla,patch302	gs\dungeons\earth\encounter26.gs	1	0	gs\dungeons.gs	-	21	0	encounter-earth-encounter26
earth/encounter27	encounter	catalog-entry	vanilla,patch302	gs\dungeons\earth\encounter27.gs	1	0	gs\dungeons.gs	-	20	0	encounter-earth-encounter27
earth/encounter27B	encounter	catalog-entry	vanilla,patch302	gs\dungeons\earth\encounter27B.gs	1	0	gs\dungeons.gs	-	21	0	encounter-earth-encounter27b
earth/encounter28	encounter	catalog-entry	vanilla,patch302	gs\dungeons\earth\encounter28.gs	1	0	gs\dungeons.gs	-	19	0	encounter-earth-encounter28
earth/encounter28B	encounter	catalog-entry	vanilla,patch302	gs\dungeons\earth\encounter28B.gs	1	0	gs\dungeons.gs	-	20	0	encounter-earth-encounter28b
earth/encounter29	encounter	catalog-entry	vanilla,patch302	gs\dungeons\earth\encounter29.gs	1	0	gs\dungeons.gs	-	19	0	encounter-earth-encounter29
earth/encounter3	encounter	catalog-entry	vanilla,patch302	gs\dungeons\earth\encounter3.gs	1	0	gs\dungeons.gs	-	24	0	encounter-earth-encounter3
earth/encounter30	encounter	catalog-entry	vanilla,patch302	gs\dungeons\earth\encounter30.gs	1	0	gs\dungeons.gs	-	20	0	encounter-earth-encounter30
earth/encounter31	encounter	catalog-entry	vanilla,patch302	gs\dungeons\earth\encounter31.gs	1	0	gs\dungeons.gs	-	20	0	encounter-earth-encounter31
earth/encounter32	encounter	catalog-entry	vanilla,patch302	gs\dungeons\earth\encounter32.gs	1	0	gs\dungeons.gs	-	20	0	encounter-earth-encounter32
earth/encounter4	encounter	catalog-entry	vanilla,patch302	gs\dungeons\earth\encounter4.gs	1	0	gs\dungeons.gs	-	21	0	encounter-earth-encounter4
earth/encounter5	encounter	catalog-entry	vanilla,patch302	gs\dungeons\earth\encounter5.gs	1	0	gs\dungeons.gs	-	21	0	encounter-earth-encounter5
earth/encounter6	encounter	catalog-entry	vanilla,patch302	gs\dungeons\earth\encounter6.gs	1	0	gs\dungeons.gs	-	21	0	encounter-earth-encounter6
earth/encounter7	encounter	catalog-entry	vanilla,patch302	gs\dungeons\earth\encounter7.gs	1	0	gs\dungeons.gs	-	21	0	encounter-earth-encounter7
earth/encounter8	encounter	catalog-entry	vanilla,patch302	gs\dungeons\earth\encounter8.gs	1	0	gs\dungeons.gs	-	20	0	encounter-earth-encounter8
earth/encounter9	encounter	catalog-entry	vanilla,patch302	gs\dungeons\earth\encounter9.gs	1	0	gs\dungeons.gs	-	22	0	encounter-earth-encounter9
earth/genbrew	encounter	catalog-entry	vanilla,patch302	gs\dungeons\earth\genbrew.gs	1	0	gs\dungeons.gs	-	17	0	encounter-earth-genbrew
earth/gencrys	encounter	catalog-entry	vanilla,patch302	gs\dungeons\earth\gencrys.gs	1	0	gs\dungeons.gs	-	17	0	encounter-earth-gencrys
earth/genearth	encounter	catalog-entry	vanilla,patch302,gs5r3	gs\dungeons\earth\genearth.gs	1	0	gs\dungeons.gs	-	17	0	encounter-earth-genearth
earth/gengold	encounter	catalog-entry	vanilla,patch302	gs\dungeons\earth\gengold.gs	1	0	gs\dungeons.gs	-	17	0	encounter-earth-gengold
earth/gentroll	encounter	catalog-entry	vanilla,patch302,gs5r3	gs\dungeons\earth\gentroll.gs	1	0	gs\dungeons.gs	-	16	0	encounter-earth-gentroll
earth/orccave	encounter	catalog-entry	gs5r3	gs\dungeons\earth\orccave.gs	1	0	gs\DUNGEONS5.gs	Orc Cave	17	0	encounter-earth-orccave
earth/orccaves	encounter	catalog-entry	vanilla,patch302	gs\dungeons\earth\orccaves.gs	1	0	gs\dungeons.gs	-	20	0	encounter-earth-orccaves
earth/orccaves2	encounter	catalog-entry	vanilla,patch302	gs\dungeons\earth\orccaves2.gs	1	0	gs\dungeons.gs	-	18	0	encounter-earth-orccaves2
earth/orccaves3	encounter	catalog-entry	vanilla,patch302	gs\dungeons\earth\orccaves3.gs	1	0	gs\dungeons.gs	-	17	0	encounter-earth-orccaves3
earth/quest/barrow2	encounter	catalog-entry	gs5r3	gs\dungeons\earth\quest\barrow2.gs	1	0	gs\DUNGEONS5.gs	-	22	0	encounter-earth-quest-barrow2
earth/quest/barrows	encounter	catalog-entry	gs5r3	gs\dungeons\earth\quest\barrows.gs	1	0	gs\DUNGEONS5.gs	-	23	0	encounter-earth-quest-barrows
earth/quest/encounter1	encounter	catalog-entry	gs5r3	gs\dungeons\earth\quest\encounter1.gs	1	0	gs\DUNGEONS5.gs	-	20	0	encounter-earth-quest-encounter1
earth/quest/encounter10	encounter	catalog-entry	gs5r3	gs\dungeons\earth\quest\encounter10.gs	1	0	gs\DUNGEONS5.gs	-	19	0	encounter-earth-quest-encounter10
earth/quest/encounter11	encounter	catalog-entry	gs5r3	gs\dungeons\earth\quest\encounter11.gs	1	0	gs\DUNGEONS5.gs	-	14	0	encounter-earth-quest-encounter11
earth/quest/encounter12	encounter	catalog-entry	gs5r3	gs\dungeons\earth\quest\encounter12.gs	1	0	gs\DUNGEONS5.gs	-	24	0	encounter-earth-quest-encounter12
earth/quest/encounter13	encounter	catalog-entry	gs5r3	gs\dungeons\earth\quest\encounter13.gs	1	0	gs\DUNGEONS5.gs	-	20	0	encounter-earth-quest-encounter13
earth/quest/encounter14	encounter	catalog-entry	gs5r3	gs\dungeons\earth\quest\encounter14.gs	1	0	gs\DUNGEONS5.gs	-	22	0	encounter-earth-quest-encounter14
earth/quest/encounter15	encounter	catalog-entry	gs5r3	gs\dungeons\earth\quest\encounter15.gs	1	0	gs\DUNGEONS5.gs	-	21	0	encounter-earth-quest-encounter15
earth/quest/encounter16	encounter	catalog-entry	gs5r3	gs\dungeons\earth\quest\encounter16.gs	1	0	gs\DUNGEONS5.gs	-	20	0	encounter-earth-quest-encounter16
earth/quest/encounter17	encounter	catalog-entry	gs5r3	gs\dungeons\earth\quest\encounter17.gs	1	0	gs\DUNGEONS5.gs	-	19	0	encounter-earth-quest-encounter17
earth/quest/encounter18	encounter	catalog-entry	gs5r3	gs\dungeons\earth\quest\encounter18.gs	1	0	gs\DUNGEONS5.gs	-	20	0	encounter-earth-quest-encounter18
earth/quest/encounter19	encounter	catalog-entry	gs5r3	gs\dungeons\earth\quest\encounter19.gs	1	0	gs\DUNGEONS5.gs	-	20	0	encounter-earth-quest-encounter19
earth/quest/encounter2	encounter	catalog-entry	gs5r3	gs\dungeons\earth\quest\encounter2.gs	1	0	gs\DUNGEONS5.gs	-	22	0	encounter-earth-quest-encounter2
earth/quest/encounter20	encounter	catalog-entry	gs5r3	gs\dungeons\earth\quest\encounter20.gs	1	0	gs\DUNGEONS5.gs	-	20	0	encounter-earth-quest-encounter20
earth/quest/encounter21	encounter	catalog-entry	gs5r3	gs\dungeons\earth\quest\encounter21.gs	1	0	gs\DUNGEONS5.gs	-	20	0	encounter-earth-quest-encounter21
earth/quest/encounter22	encounter	catalog-entry	gs5r3	gs\dungeons\earth\quest\encounter22.gs	1	0	gs\DUNGEONS5.gs	-	22	0	encounter-earth-quest-encounter22
earth/quest/encounter23	encounter	catalog-entry	gs5r3	gs\dungeons\earth\quest\encounter23.gs	1	0	gs\DUNGEONS5.gs	-	23	0	encounter-earth-quest-encounter23
earth/quest/encounter24	encounter	catalog-entry	gs5r3	gs\dungeons\earth\quest\encounter24.gs	1	0	gs\DUNGEONS5.gs	-	17	0	encounter-earth-quest-encounter24
earth/quest/encounter25	encounter	catalog-entry	gs5r3	gs\dungeons\earth\quest\encounter25.gs	1	0	gs\DUNGEONS5.gs	-	20	0	encounter-earth-quest-encounter25
earth/quest/encounter26	encounter	catalog-entry	gs5r3	gs\dungeons\earth\quest\encounter26.gs	1	0	gs\DUNGEONS5.gs	-	21	0	encounter-earth-quest-encounter26
earth/quest/encounter27	encounter	catalog-entry	gs5r3	gs\dungeons\earth\quest\encounter27.gs	1	0	gs\DUNGEONS5.gs	-	20	0	encounter-earth-quest-encounter27
earth/quest/encounter27B	encounter	catalog-entry	gs5r3	gs\dungeons\earth\quest\encounter27B.gs	1	0	gs\DUNGEONS5.gs	-	21	0	encounter-earth-quest-encounter27b
earth/quest/encounter28	encounter	catalog-entry	gs5r3	gs\dungeons\earth\quest\encounter28.gs	1	0	gs\DUNGEONS5.gs	-	19	0	encounter-earth-quest-encounter28
earth/quest/encounter28B	encounter	catalog-entry	gs5r3	gs\dungeons\earth\quest\encounter28B.gs	1	0	gs\DUNGEONS5.gs	-	20	0	encounter-earth-quest-encounter28b
earth/quest/encounter29	encounter	catalog-entry	gs5r3	gs\dungeons\earth\quest\encounter29.gs	1	0	gs\DUNGEONS5.gs	-	19	0	encounter-earth-quest-encounter29
earth/quest/encounter3	encounter	catalog-entry	gs5r3	gs\dungeons\earth\quest\encounter3.gs	1	0	gs\DUNGEONS5.gs	-	24	0	encounter-earth-quest-encounter3
earth/quest/encounter30	encounter	catalog-entry	gs5r3	gs\dungeons\earth\quest\encounter30.gs	1	0	gs\DUNGEONS5.gs	-	20	0	encounter-earth-quest-encounter30
earth/quest/encounter31	encounter	catalog-entry	gs5r3	gs\dungeons\earth\quest\encounter31.gs	1	0	gs\DUNGEONS5.gs	-	20	0	encounter-earth-quest-encounter31
earth/quest/encounter32	encounter	catalog-entry	gs5r3	gs\dungeons\earth\quest\encounter32.gs	1	0	gs\DUNGEONS5.gs	-	20	0	encounter-earth-quest-encounter32
earth/quest/encounter4	encounter	catalog-entry	gs5r3	gs\dungeons\earth\quest\encounter4.gs	1	0	gs\DUNGEONS5.gs	-	21	0	encounter-earth-quest-encounter4
earth/quest/encounter5	encounter	catalog-entry	gs5r3	gs\dungeons\earth\quest\encounter5.gs	1	0	gs\DUNGEONS5.gs	-	21	0	encounter-earth-quest-encounter5
earth/quest/encounter6	encounter	catalog-entry	gs5r3	gs\dungeons\earth\quest\encounter6.gs	1	0	gs\DUNGEONS5.gs	-	21	0	encounter-earth-quest-encounter6
earth/quest/encounter7	encounter	catalog-entry	gs5r3	gs\dungeons\earth\quest\encounter7.gs	1	0	gs\DUNGEONS5.gs	-	21	0	encounter-earth-quest-encounter7
earth/quest/encounter8	encounter	catalog-entry	gs5r3	gs\dungeons\earth\quest\encounter8.gs	1	0	gs\DUNGEONS5.gs	-	20	0	encounter-earth-quest-encounter8
earth/quest/encounter9	encounter	catalog-entry	gs5r3	gs\dungeons\earth\quest\encounter9.gs	1	0	gs\DUNGEONS5.gs	-	22	0	encounter-earth-quest-encounter9
earth/quest/genbrew	encounter	catalog-entry	gs5r3	gs\dungeons\earth\quest\genbrew.gs	1	0	gs\DUNGEONS5.gs	-	17	0	encounter-earth-quest-genbrew
earth/quest/gencrys	encounter	catalog-entry	gs5r3	gs\dungeons\earth\quest\gencrys.gs	1	0	gs\DUNGEONS5.gs	-	17	0	encounter-earth-quest-gencrys
earth/quest/gengold	encounter	catalog-entry	gs5r3	gs\dungeons\earth\quest\gengold.gs	1	0	gs\DUNGEONS5.gs	-	17	0	encounter-earth-quest-gengold
earth/quest/orccaves	encounter	catalog-entry	gs5r3	gs\dungeons\earth\quest\orccaves.gs	1	0	gs\DUNGEONS5.gs	-	20	0	encounter-earth-quest-orccaves
earth/quest/orccaves2	encounter	catalog-entry	gs5r3	gs\dungeons\earth\quest\orccaves2.gs	1	0	gs\DUNGEONS5.gs	-	18	0	encounter-earth-quest-orccaves2
earth/quest/orccaves3	encounter	catalog-entry	gs5r3	gs\dungeons\earth\quest\orccaves3.gs	1	0	gs\DUNGEONS5.gs	-	17	0	encounter-earth-quest-orccaves3
earth/quest/spiderwebs	encounter	catalog-entry	gs5r3	gs\dungeons\earth\quest\spiderwebs.gs	1	0	gs\DUNGEONS5.gs	-	19	0	encounter-earth-quest-spiderwebs
earth/quest/swampcaves	encounter	catalog-entry	gs5r3	gs\dungeons\earth\quest\swampcaves.gs	1	0	gs\DUNGEONS5.gs	-	18	0	encounter-earth-quest-swampcaves
earth/quest/trollcaves	encounter	catalog-entry	gs5r3	gs\dungeons\earth\quest\trollcaves.gs	1	0	gs\DUNGEONS5.gs	-	20	0	encounter-earth-quest-trollcaves
earth/spiderwebs	encounter	catalog-entry	vanilla,patch302	gs\dungeons\earth\spiderwebs.gs	1	0	gs\dungeons.gs	-	19	0	encounter-earth-spiderwebs
earth/swampcaves	encounter	catalog-entry	vanilla,patch302	gs\dungeons\earth\swampcaves.gs	1	0	gs\dungeons.gs	-	18	0	encounter-earth-swampcaves
earth/trollcaves	encounter	catalog-entry	vanilla,patch302	gs\dungeons\earth\trollcaves.gs	1	0	gs\dungeons.gs	-	20	0	encounter-earth-trollcaves
encountert	encounter	catalog-entry	vanilla,patch302,gs5r3	gs\dungeons\encountert.gs	1	0	gs\dungeons.gs	name	26	0	encounter-encountert
figtem	encounter	catalog-entry	vanilla,patch302	gs\dungeons\figtem.gs	1	0	gs\dungeons.gs	Fire Great Temple	15	0	encounter-figtem
fire/encounter1	encounter	catalog-entry	vanilla,patch302	gs\dungeons\fire\encounter1.gs	1	0	gs\dungeons.gs	-	19	0	encounter-fire-encounter1
fire/encounter2	encounter	catalog-entry	vanilla,patch302	gs\dungeons\fire\encounter2.gs	1	0	gs\dungeons.gs	-	17	0	encounter-fire-encounter2
fire/encounter2alt	encounter	catalog-entry	vanilla,patch302	gs\dungeons\fire\encounter2alt.gs	1	0	gs\dungeons.gs	-	17	0	encounter-fire-encounter2alt
fire/encounter3	encounter	catalog-entry	vanilla,patch302	gs\dungeons\fire\encounter3.gs	1	0	gs\dungeons.gs	-	22	0	encounter-fire-encounter3
fire/encounter4	encounter	catalog-entry	vanilla,patch302	gs\dungeons\fire\encounter4.gs	1	0	gs\dungeons.gs	-	20	0	encounter-fire-encounter4
fire/encounter4a	encounter	catalog-entry	vanilla,patch302	gs\dungeons\fire\encounter4a.gs	1	0	gs\dungeons.gs	-	19	0	encounter-fire-encounter4a
fire/encounter4b	encounter	catalog-entry	vanilla,patch302	gs\dungeons\fire\encounter4b.gs	1	0	gs\dungeons.gs	-	21	0	encounter-fire-encounter4b
fire/encounter4c	encounter	catalog-entry	vanilla,patch302	gs\dungeons\fire\encounter4c.gs	1	0	gs\dungeons.gs	-	22	0	encounter-fire-encounter4c
fire/encounter5	encounter	catalog-entry	vanilla,patch302	gs\dungeons\fire\encounter5.gs	1	0	gs\dungeons.gs	-	20	0	encounter-fire-encounter5
fire/encounter6	encounter	catalog-entry	vanilla,patch302	gs\dungeons\fire\encounter6.gs	1	0	gs\dungeons.gs	-	21	0	encounter-fire-encounter6
fire/encounter7	encounter	catalog-entry	vanilla,patch302	gs\dungeons\fire\encounter7.gs	1	0	gs\dungeons.gs	Kraken Start	15	0	encounter-fire-encounter7
fire/encounter8	encounter	catalog-entry	vanilla,patch302	gs\dungeons\fire\encounter8.gs	1	0	gs\dungeons.gs	-	19	0	encounter-fire-encounter8
fire/ficave	encounter	catalog-entry	gs5r3	gs\dungeons\fire\ficave.gs	1	0	gs\DUNGEONS5.gs	-	37	0	encounter-fire-ficave
fire/fidung	encounter	catalog-entry	gs5r3	gs\dungeons\fire\fidung.gs	1	0	gs\DUNGEONS5.gs	Firey Keep	16	0	encounter-fire-fidung
fire/figtem	encounter	catalog-entry	gs5r3	gs\dungeons\fire\figtem.gs	1	0	gs\DUNGEONS5.gs	Fire Great Temple	15	0	encounter-fire-figtem
fire/fimina	encounter	catalog-entry	gs5r3	gs\dungeons\fire\fimina.gs	1	0	gs\DUNGEONS5.gs	-	18	0	encounter-fire-fimina
fire/fiminc	encounter	catalog-entry	gs5r3	gs\dungeons\fire\fiminc.gs	1	0	gs\DUNGEONS5.gs	-	18	0	encounter-fire-fiminc
fire/fiming	encounter	catalog-entry	gs5r3	gs\dungeons\fire\fiming.gs	1	0	gs\DUNGEONS5.gs	-	18	0	encounter-fire-fiming
fire/fimult	encounter	catalog-entry	gs5r3	gs\dungeons\fire\fimult.gs	1	0	gs\DUNGEONS5.gs	-	15	0	encounter-fire-fimult
fire/fire_dragoncave	encounter	catalog-entry	gs5r3	gs\dungeons\fire\fire_dragoncave.gs	1	0	gs\DUNGEONS5.gs	Fire Dragons' Lair	17	0	encounter-fire-fire-dragoncave
fire/firecaves2	encounter	catalog-entry	vanilla,patch302	gs\dungeons\fire\firecaves2.gs	1	0	gs\dungeons.gs	-	19	0	encounter-fire-firecaves2
fire/firemult	encounter	catalog-entry	vanilla,patch302,gs5r3	gs\dungeons\fire\firemult.gs	1	0	gs\dungeons.gs	-	16	0	encounter-fire-firemult
fire/fistat	encounter	catalog-entry	gs5r3	gs\dungeons\fire\fistat.gs	1	0	gs\DUNGEONS5.gs	-	18	0	encounter-fire-fistat
fire/fitowe	encounter	catalog-entry	gs5r3	gs\dungeons\fire\fitowe.gs	1	0	gs\DUNGEONS5.gs	-	16	0	encounter-fire-fitowe
fire/gen_demon	encounter	catalog-entry	gs5r3	gs\dungeons\fire\gen_demon.gs	1	0	gs\dungeons.gs	Demon Cave	17	0	encounter-fire-gen-demon
fire/genfire	encounter	catalog-entry	vanilla,patch302,gs5r3	gs\dungeons\fire\genfire.gs	1	0	gs\dungeons.gs	Fire Encounter	16	0	encounter-fire-genfire
fire/quest/encounter1	encounter	catalog-entry	gs5r3	gs\dungeons\fire\quest\encounter1.gs	1	0	gs\DUNGEONS5.gs	-	19	0	encounter-fire-quest-encounter1
fire/quest/encounter2	encounter	catalog-entry	gs5r3	gs\dungeons\fire\quest\encounter2.gs	1	0	gs\DUNGEONS5.gs	-	17	0	encounter-fire-quest-encounter2
fire/quest/encounter2alt	encounter	catalog-entry	gs5r3	gs\dungeons\fire\quest\encounter2alt.gs	1	0	gs\DUNGEONS5.gs	-	17	0	encounter-fire-quest-encounter2alt
fire/quest/encounter3	encounter	catalog-entry	gs5r3	gs\dungeons\fire\quest\encounter3.gs	1	0	gs\DUNGEONS5.gs	-	22	0	encounter-fire-quest-encounter3
fire/quest/encounter4	encounter	catalog-entry	gs5r3	gs\dungeons\fire\quest\encounter4.gs	1	0	gs\DUNGEONS5.gs	-	20	0	encounter-fire-quest-encounter4
fire/quest/encounter4a	encounter	catalog-entry	gs5r3	gs\dungeons\fire\quest\encounter4a.gs	1	0	gs\DUNGEONS5.gs	-	19	0	encounter-fire-quest-encounter4a
fire/quest/encounter4b	encounter	catalog-entry	gs5r3	gs\dungeons\fire\quest\encounter4b.gs	1	0	gs\DUNGEONS5.gs	-	21	0	encounter-fire-quest-encounter4b
fire/quest/encounter4c	encounter	catalog-entry	gs5r3	gs\dungeons\fire\quest\encounter4c.gs	1	0	gs\DUNGEONS5.gs	-	22	0	encounter-fire-quest-encounter4c
fire/quest/encounter5	encounter	catalog-entry	gs5r3	gs\dungeons\fire\quest\encounter5.gs	1	0	gs\DUNGEONS5.gs	-	20	0	encounter-fire-quest-encounter5
fire/quest/encounter6	encounter	catalog-entry	gs5r3	gs\dungeons\fire\quest\encounter6.gs	1	0	gs\DUNGEONS5.gs	-	21	0	encounter-fire-quest-encounter6
fire/quest/encounter7	encounter	catalog-entry	gs5r3	gs\dungeons\fire\quest\encounter7.gs	1	0	gs\DUNGEONS5.gs	Kraken Start	15	0	encounter-fire-quest-encounter7
fire/quest/encounter8	encounter	catalog-entry	gs5r3	gs\dungeons\fire\quest\encounter8.gs	1	0	gs\DUNGEONS5.gs	-	19	0	encounter-fire-quest-encounter8
fire/quest/firecaves2	encounter	catalog-entry	gs5r3	gs\dungeons\fire\quest\firecaves2.gs	1	0	gs\DUNGEONS5.gs	-	19	0	encounter-fire-quest-firecaves2
generate/aicave	encounter	catalog-entry	vanilla,patch302	gs\dungeons\generate\aicave.gs	1	0	gs\dungeons.gs	-	15	0	encounter-generate-aicave
generate/aidung	encounter	catalog-entry	vanilla,patch302	gs\dungeons\generate\aidung.gs	1	0	gs\dungeons.gs	-	14	0	encounter-generate-aidung
generate/aimina	encounter	catalog-entry	vanilla,patch302	gs\dungeons\generate\aimina.gs	1	0	gs\dungeons.gs	-	15	0	encounter-generate-aimina
generate/aiminc	encounter	catalog-entry	vanilla,patch302	gs\dungeons\generate\aiminc.gs	1	0	gs\dungeons.gs	-	15	0	encounter-generate-aiminc
generate/aiming	encounter	catalog-entry	vanilla,patch302	gs\dungeons\generate\aiming.gs	1	0	gs\dungeons.gs	-	15	0	encounter-generate-aiming
generate/aimult	encounter	catalog-entry	vanilla,patch302	gs\dungeons\generate\aimult.gs	1	0	gs\dungeons.gs	-	14	0	encounter-generate-aimult
generate/aistat	encounter	catalog-entry	vanilla,patch302	gs\dungeons\generate\aistat.gs	1	0	gs\dungeons.gs	-	15	0	encounter-generate-aistat
generate/aitowe	encounter	catalog-entry	vanilla,patch302	gs\dungeons\generate\aitowe.gs	1	0	gs\dungeons.gs	-	12	0	encounter-generate-aitowe
generate/chcave	encounter	catalog-entry	vanilla,patch302	gs\dungeons\generate\chcave.gs	1	0	gs\dungeons.gs	-	14	0	encounter-generate-chcave
generate/chdung	encounter	catalog-entry	vanilla,patch302	gs\dungeons\generate\chdung.gs	1	0	gs\dungeons.gs	-	14	0	encounter-generate-chdung
generate/chmina	encounter	catalog-entry	vanilla,patch302	gs\dungeons\generate\chmina.gs	1	0	gs\dungeons.gs	-	15	0	encounter-generate-chmina
generate/chminc	encounter	catalog-entry	vanilla,patch302	gs\dungeons\generate\chminc.gs	1	0	gs\dungeons.gs	-	15	0	encounter-generate-chminc
generate/chming	encounter	catalog-entry	vanilla,patch302	gs\dungeons\generate\chming.gs	1	0	gs\dungeons.gs	-	15	0	encounter-generate-chming
generate/chmult	encounter	catalog-entry	vanilla,patch302	gs\dungeons\generate\chmult.gs	1	0	gs\dungeons.gs	-	14	0	encounter-generate-chmult
generate/chstat	encounter	catalog-entry	vanilla,patch302	gs\dungeons\generate\chstat.gs	1	0	gs\dungeons.gs	-	15	0	encounter-generate-chstat
generate/chtowe	encounter	catalog-entry	vanilla,patch302	gs\dungeons\generate\chtowe.gs	1	0	gs\dungeons.gs	-	12	0	encounter-generate-chtowe
generate/decave	encounter	catalog-entry	vanilla,patch302	gs\dungeons\generate\decave.gs	1	0	gs\dungeons.gs	-	15	0	encounter-generate-decave
generate/dedung	encounter	catalog-entry	vanilla,patch302	gs\dungeons\generate\dedung.gs	1	0	gs\dungeons.gs	-	14	0	encounter-generate-dedung
generate/demina	encounter	catalog-entry	vanilla,patch302	gs\dungeons\generate\demina.gs	1	0	gs\dungeons.gs	-	15	0	encounter-generate-demina
generate/deminc	encounter	catalog-entry	vanilla,patch302	gs\dungeons\generate\deminc.gs	1	0	gs\dungeons.gs	-	15	0	encounter-generate-deminc
generate/deming	encounter	catalog-entry	vanilla,patch302	gs\dungeons\generate\deming.gs	1	0	gs\dungeons.gs	-	15	0	encounter-generate-deming
generate/demult	encounter	catalog-entry	vanilla,patch302	gs\dungeons\generate\demult.gs	1	0	gs\dungeons.gs	-	14	0	encounter-generate-demult
generate/destat	encounter	catalog-entry	vanilla,patch302	gs\dungeons\generate\destat.gs	1	0	gs\dungeons.gs	-	15	0	encounter-generate-destat
generate/detowe	encounter	catalog-entry	vanilla,patch302	gs\dungeons\generate\detowe.gs	1	0	gs\dungeons.gs	-	12	0	encounter-generate-detowe
generate/eacave	encounter	catalog-entry	vanilla,patch302	gs\dungeons\generate\eacave.gs	1	0	gs\dungeons.gs	-	14	0	encounter-generate-eacave
generate/eadung	encounter	catalog-entry	vanilla,patch302	gs\dungeons\generate\eadung.gs	1	0	gs\dungeons.gs	-	14	0	encounter-generate-eadung
generate/eamina	encounter	catalog-entry	vanilla,patch302	gs\dungeons\generate\eamina.gs	1	0	gs\dungeons.gs	-	15	0	encounter-generate-eamina
generate/eaminc	encounter	catalog-entry	vanilla,patch302	gs\dungeons\generate\eaminc.gs	1	0	gs\dungeons.gs	-	15	0	encounter-generate-eaminc
generate/eaming	encounter	catalog-entry	vanilla,patch302	gs\dungeons\generate\eaming.gs	1	0	gs\dungeons.gs	-	15	0	encounter-generate-eaming
generate/eamult	encounter	catalog-entry	vanilla,patch302	gs\dungeons\generate\eamult.gs	1	0	gs\dungeons.gs	-	14	0	encounter-generate-eamult
generate/eastat	encounter	catalog-entry	vanilla,patch302	gs\dungeons\generate\eastat.gs	1	0	gs\dungeons.gs	-	15	0	encounter-generate-eastat
generate/eatowe	encounter	catalog-entry	vanilla,patch302	gs\dungeons\generate\eatowe.gs	1	0	gs\dungeons.gs	-	12	0	encounter-generate-eatowe
generate/ficave	encounter	catalog-entry	vanilla,patch302	gs\dungeons\generate\ficave.gs	1	0	gs\dungeons.gs	-	15	0	encounter-generate-ficave
generate/fidung	encounter	catalog-entry	vanilla,patch302	gs\dungeons\generate\fidung.gs	1	0	gs\dungeons.gs	-	14	0	encounter-generate-fidung
generate/fimina	encounter	catalog-entry	vanilla,patch302	gs\dungeons\generate\fimina.gs	1	0	gs\dungeons.gs	-	15	0	encounter-generate-fimina
generate/fiminc	encounter	catalog-entry	vanilla,patch302	gs\dungeons\generate\fiminc.gs	1	0	gs\dungeons.gs	-	15	0	encounter-generate-fiminc
generate/fiming	encounter	catalog-entry	vanilla,patch302	gs\dungeons\generate\fiming.gs	1	0	gs\dungeons.gs	-	15	0	encounter-generate-fiming
generate/fimult	encounter	catalog-entry	vanilla,patch302	gs\dungeons\generate\fimult.gs	1	0	gs\dungeons.gs	-	14	0	encounter-generate-fimult
generate/fistat	encounter	catalog-entry	vanilla,patch302	gs\dungeons\generate\fistat.gs	1	0	gs\dungeons.gs	-	15	0	encounter-generate-fistat
generate/fitowe	encounter	catalog-entry	vanilla,patch302	gs\dungeons\generate\fitowe.gs	1	0	gs\dungeons.gs	-	12	0	encounter-generate-fitowe
generate/licave	encounter	catalog-entry	vanilla,patch302	gs\dungeons\generate\licave.gs	1	0	gs\dungeons.gs	-	14	0	encounter-generate-licave
generate/lidung	encounter	catalog-entry	vanilla,patch302	gs\dungeons\generate\lidung.gs	1	0	gs\dungeons.gs	-	14	0	encounter-generate-lidung
generate/limina	encounter	catalog-entry	vanilla,patch302	gs\dungeons\generate\limina.gs	1	0	gs\dungeons.gs	-	15	0	encounter-generate-limina
generate/liminc	encounter	catalog-entry	vanilla,patch302	gs\dungeons\generate\liminc.gs	1	0	gs\dungeons.gs	-	15	0	encounter-generate-liminc
generate/liming	encounter	catalog-entry	vanilla,patch302	gs\dungeons\generate\liming.gs	1	0	gs\dungeons.gs	-	15	0	encounter-generate-liming
generate/limult	encounter	catalog-entry	vanilla,patch302	gs\dungeons\generate\limult.gs	1	0	gs\dungeons.gs	-	14	0	encounter-generate-limult
generate/listat	encounter	catalog-entry	vanilla,patch302	gs\dungeons\generate\listat.gs	1	0	gs\dungeons.gs	-	15	0	encounter-generate-listat
generate/litowe	encounter	catalog-entry	vanilla,patch302	gs\dungeons\generate\litowe.gs	1	0	gs\dungeons.gs	-	12	0	encounter-generate-litowe
generate/orcave	encounter	catalog-entry	vanilla,patch302	gs\dungeons\generate\orcave.gs	1	0	gs\dungeons.gs	-	14	0	encounter-generate-orcave
generate/ordung	encounter	catalog-entry	vanilla,patch302	gs\dungeons\generate\ordung.gs	1	0	gs\dungeons.gs	-	14	0	encounter-generate-ordung
generate/ormina	encounter	catalog-entry	vanilla,patch302	gs\dungeons\generate\ormina.gs	1	0	gs\dungeons.gs	-	15	0	encounter-generate-ormina
generate/orminc	encounter	catalog-entry	vanilla,patch302	gs\dungeons\generate\orminc.gs	1	0	gs\dungeons.gs	-	15	0	encounter-generate-orminc
generate/orming	encounter	catalog-entry	vanilla,patch302	gs\dungeons\generate\orming.gs	1	0	gs\dungeons.gs	-	15	0	encounter-generate-orming
generate/ormult	encounter	catalog-entry	vanilla,patch302	gs\dungeons\generate\ormult.gs	1	0	gs\dungeons.gs	-	14	0	encounter-generate-ormult
generate/orstat	encounter	catalog-entry	vanilla,patch302	gs\dungeons\generate\orstat.gs	1	0	gs\dungeons.gs	-	15	0	encounter-generate-orstat
generate/ortowe	encounter	catalog-entry	vanilla,patch302	gs\dungeons\generate\ortowe.gs	1	0	gs\dungeons.gs	-	12	0	encounter-generate-ortowe
generate/wacave	encounter	catalog-entry	vanilla,patch302	gs\dungeons\generate\wacave.gs	1	0	gs\dungeons.gs	-	14	0	encounter-generate-wacave
generate/wadung	encounter	catalog-entry	vanilla,patch302	gs\dungeons\generate\wadung.gs	1	0	gs\dungeons.gs	-	14	0	encounter-generate-wadung
generate/wamina	encounter	catalog-entry	vanilla,patch302	gs\dungeons\generate\wamina.gs	1	0	gs\dungeons.gs	-	15	0	encounter-generate-wamina
generate/waminc	encounter	catalog-entry	vanilla,patch302	gs\dungeons\generate\waminc.gs	1	0	gs\dungeons.gs	-	15	0	encounter-generate-waminc
generate/waming	encounter	catalog-entry	vanilla,patch302	gs\dungeons\generate\waming.gs	1	0	gs\dungeons.gs	-	15	0	encounter-generate-waming
generate/wamult	encounter	catalog-entry	vanilla,patch302	gs\dungeons\generate\wamult.gs	1	0	gs\dungeons.gs	-	14	0	encounter-generate-wamult
generate/wastat	encounter	catalog-entry	vanilla,patch302	gs\dungeons\generate\wastat.gs	1	0	gs\dungeons.gs	-	15	0	encounter-generate-wastat
generate/watowe	encounter	catalog-entry	vanilla,patch302	gs\dungeons\generate\watowe.gs	1	0	gs\dungeons.gs	-	12	0	encounter-generate-watowe
hidden/encounter1	encounter	catalog-entry	vanilla,patch302,gs5r3	gs\dungeons\hidden\encounter1.gs	1	0	gs\dungeons.gs	-	15	0	encounter-hidden-encounter1
hidden/encounter10	encounter	catalog-entry	vanilla,patch302,gs5r3	gs\dungeons\hidden\encounter10.gs	1	0	gs\dungeons.gs	-	22	0	encounter-hidden-encounter10
hidden/encounter11	encounter	catalog-entry	vanilla,patch302,gs5r3	gs\dungeons\hidden\encounter11.gs	1	0	gs\dungeons.gs	-	17	0	encounter-hidden-encounter11
hidden/encounter12	encounter	catalog-entry	vanilla,patch302,gs5r3	gs\dungeons\hidden\encounter12.gs	1	0	gs\dungeons.gs	-	18	0	encounter-hidden-encounter12
hidden/encounter2	encounter	catalog-entry	vanilla,patch302,gs5r3	gs\dungeons\hidden\encounter2.gs	1	0	gs\dungeons.gs	-	19	0	encounter-hidden-encounter2
hidden/encounter3	encounter	catalog-entry	vanilla,patch302,gs5r3	gs\dungeons\hidden\encounter3.gs	1	0	gs\dungeons.gs	-	18	0	encounter-hidden-encounter3
hidden/encounter4	encounter	catalog-entry	vanilla,patch302,gs5r3	gs\dungeons\hidden\encounter4.gs	1	0	gs\dungeons.gs	-	18	0	encounter-hidden-encounter4
hidden/encounter5	encounter	catalog-entry	vanilla,patch302,gs5r3	gs\dungeons\hidden\encounter5.gs	1	0	gs\dungeons.gs	-	16	0	encounter-hidden-encounter5
hidden/encounter6	encounter	catalog-entry	vanilla,patch302,gs5r3	gs\dungeons\hidden\encounter6.gs	1	0	gs\dungeons.gs	-	19	0	encounter-hidden-encounter6
hidden/encounter7	encounter	catalog-entry	vanilla,patch302,gs5r3	gs\dungeons\hidden\encounter7.gs	1	0	gs\dungeons.gs	-	19	0	encounter-hidden-encounter7
hidden/encounter8	encounter	catalog-entry	vanilla,patch302,gs5r3	gs\dungeons\hidden\encounter8.gs	1	0	gs\dungeons.gs	-	20	0	encounter-hidden-encounter8
hidden/encounter9	encounter	catalog-entry	vanilla,patch302,gs5r3	gs\dungeons\hidden\encounter9.gs	1	0	gs\dungeons.gs	-	21	0	encounter-hidden-encounter9
hidden/genbrew	encounter	catalog-entry	vanilla,patch302,gs5r3	gs\dungeons\hidden\genbrew.gs	1	0	gs\dungeons.gs	-	17	0	encounter-hidden-genbrew
hidden/gencrys	encounter	catalog-entry	vanilla,patch302,gs5r3	gs\dungeons\hidden\gencrys.gs	1	0	gs\dungeons.gs	-	17	0	encounter-hidden-gencrys
hidden/gengold	encounter	catalog-entry	vanilla,patch302,gs5r3	gs\dungeons\hidden\gengold.gs	1	0	gs\dungeons.gs	-	17	0	encounter-hidden-gengold
lichcastle	encounter	catalog-entry	vanilla,patch302	gs\dungeons\lichcastle.gs	1	0	gs\dungeons.gs	-	17	0	encounter-lichcastle
life/genbeast	encounter	catalog-entry	vanilla,patch302,gs5r3	gs\dungeons\life\genbeast.gs	1	0	gs\dungeons.gs	Wild Beasts	15	0	encounter-life-genbeast
life/genlife	encounter	catalog-entry	vanilla,patch302,gs5r3	gs\dungeons\life\genlife.gs	1	0	gs\dungeons.gs	Life Encounter	16	0	encounter-life-genlife
life/licave	encounter	catalog-entry	gs5r3	gs\dungeons\life\licave.gs	1	0	gs\DUNGEONS5.gs	-	37	0	encounter-life-licave
life/lidung	encounter	catalog-entry	gs5r3	gs\dungeons\life\lidung.gs	1	0	gs\DUNGEONS5.gs	Elven Keep	16	0	encounter-life-lidung
life/lifemult	encounter	catalog-entry	vanilla,patch302,gs5r3	gs\dungeons\life\lifemult.gs	1	0	gs\dungeons.gs	-	16	0	encounter-life-lifemult
life/ligtem	encounter	catalog-entry	gs5r3	gs\dungeons\life\ligtem.gs	1	0	gs\DUNGEONS5.gs	Life Great Temple	15	0	encounter-life-ligtem
life/limina	encounter	catalog-entry	gs5r3	gs\dungeons\life\limina.gs	1	0	gs\DUNGEONS5.gs	-	18	0	encounter-life-limina
life/liminc	encounter	catalog-entry	gs5r3	gs\dungeons\life\liminc.gs	1	0	gs\DUNGEONS5.gs	-	18	0	encounter-life-liminc
life/liming	encounter	catalog-entry	gs5r3	gs\dungeons\life\liming.gs	1	0	gs\DUNGEONS5.gs	-	18	0	encounter-life-liming
life/limult	encounter	catalog-entry	gs5r3	gs\dungeons\life\limult.gs	1	0	gs\DUNGEONS5.gs	-	15	0	encounter-life-limult
life/listat	encounter	catalog-entry	gs5r3	gs\dungeons\life\listat.gs	1	0	gs\DUNGEONS5.gs	-	18	0	encounter-life-listat
life/litowe	encounter	catalog-entry	gs5r3	gs\dungeons\life\litowe.gs	1	0	gs\DUNGEONS5.gs	-	16	0	encounter-life-litowe
ligtem	encounter	catalog-entry	vanilla,patch302	gs\dungeons\ligtem.gs	1	0	gs\dungeons.gs	Life Great Temple	15	0	encounter-ligtem
mnstrnospawn	encounter	catalog-entry	vanilla,patch302,gs5r3	gs\dungeons\mnstrnospawn.gs	1	0	gs\dungeons.gs	-	16	0	encounter-mnstrnospawn
orccave	encounter	catalog-entry	vanilla,patch302	gs\dungeons\orccave.gs	1	0	gs\dungeons.gs	Orc Cave	17	0	encounter-orccave
order/encounter1	encounter	catalog-entry	vanilla,patch302	gs\dungeons\order\encounter1.gs	1	0	gs\dungeons.gs	-	21	0	encounter-order-encounter1
order/encounter10	encounter	catalog-entry	vanilla,patch302	gs\dungeons\order\encounter10.gs	1	0	gs\dungeons.gs	-	25	0	encounter-order-encounter10
order/encounter100	encounter	catalog-entry	vanilla,patch302	gs\dungeons\order\encounter100.gs	1	0	gs\dungeons.gs	-	25	0	encounter-order-encounter100
order/encounter101	encounter	catalog-entry	vanilla,patch302	gs\dungeons\order\encounter101.gs	1	0	gs\dungeons.gs	-	26	0	encounter-order-encounter101
order/encounter102	encounter	catalog-entry	vanilla,patch302	gs\dungeons\order\encounter102.gs	1	0	gs\dungeons.gs	-	24	0	encounter-order-encounter102
order/encounter103	encounter	catalog-entry	vanilla,patch302	gs\dungeons\order\encounter103.gs	1	0	gs\dungeons.gs	-	23	0	encounter-order-encounter103
order/encounter104	encounter	catalog-entry	vanilla,patch302	gs\dungeons\order\encounter104.gs	1	0	gs\dungeons.gs	-	26	0	encounter-order-encounter104
order/encounter105	encounter	catalog-entry	vanilla,patch302	gs\dungeons\order\encounter105.gs	1	0	gs\dungeons.gs	-	25	0	encounter-order-encounter105
order/encounter106	encounter	catalog-entry	vanilla,patch302	gs\dungeons\order\encounter106.gs	1	0	gs\dungeons.gs	-	24	0	encounter-order-encounter106
order/encounter107	encounter	catalog-entry	vanilla,patch302	gs\dungeons\order\encounter107.gs	1	0	gs\dungeons.gs	-	24	0	encounter-order-encounter107
order/encounter108	encounter	catalog-entry	vanilla,patch302	gs\dungeons\order\encounter108.gs	1	0	gs\dungeons.gs	-	24	0	encounter-order-encounter108
order/encounter109	encounter	catalog-entry	vanilla,patch302	gs\dungeons\order\encounter109.gs	1	0	gs\dungeons.gs	-	22	0	encounter-order-encounter109
order/encounter11	encounter	catalog-entry	vanilla,patch302	gs\dungeons\order\encounter11.gs	1	0	gs\dungeons.gs	-	26	0	encounter-order-encounter11
order/encounter110	encounter	catalog-entry	vanilla,patch302	gs\dungeons\order\encounter110.gs	1	0	gs\dungeons.gs	-	23	0	encounter-order-encounter110
order/encounter111	encounter	catalog-entry	vanilla,patch302	gs\dungeons\order\encounter111.gs	1	0	gs\dungeons.gs	-	26	0	encounter-order-encounter111
order/encounter112	encounter	catalog-entry	vanilla,patch302	gs\dungeons\order\encounter112.gs	1	0	gs\dungeons.gs	-	25	0	encounter-order-encounter112
order/encounter113	encounter	catalog-entry	vanilla,patch302	gs\dungeons\order\encounter113.gs	1	0	gs\dungeons.gs	-	25	0	encounter-order-encounter113
order/encounter114	encounter	catalog-entry	vanilla,patch302	gs\dungeons\order\encounter114.gs	1	0	gs\dungeons.gs	-	27	0	encounter-order-encounter114
order/encounter115	encounter	catalog-entry	vanilla,patch302	gs\dungeons\order\encounter115.gs	1	0	gs\dungeons.gs	-	28	0	encounter-order-encounter115
order/encounter116	encounter	catalog-entry	vanilla,patch302	gs\dungeons\order\encounter116.gs	1	0	gs\dungeons.gs	-	23	0	encounter-order-encounter116
order/encounter118	encounter	catalog-entry	vanilla,patch302	gs\dungeons\order\encounter118.gs	1	0	gs\dungeons.gs	-	23	0	encounter-order-encounter118
order/encounter12	encounter	catalog-entry	vanilla,patch302	gs\dungeons\order\encounter12.gs	1	0	gs\dungeons.gs	-	24	0	encounter-order-encounter12
order/encounter13	encounter	catalog-entry	vanilla,patch302	gs\dungeons\order\encounter13.gs	1	0	gs\dungeons.gs	-	24	0	encounter-order-encounter13
order/encounter14	encounter	catalog-entry	vanilla,patch302	gs\dungeons\order\encounter14.gs	1	0	gs\dungeons.gs	-	24	0	encounter-order-encounter14
order/encounter16	encounter	catalog-entry	vanilla,patch302	gs\dungeons\order\encounter16.gs	1	0	gs\dungeons.gs	-	27	0	encounter-order-encounter16
order/encounter17	encounter	catalog-entry	vanilla,patch302	gs\dungeons\order\encounter17.gs	1	0	gs\dungeons.gs	-	24	0	encounter-order-encounter17
order/encounter18	encounter	catalog-entry	vanilla,patch302	gs\dungeons\order\encounter18.gs	1	0	gs\dungeons.gs	-	23	0	encounter-order-encounter18
order/encounter19	encounter	catalog-entry	vanilla,patch302	gs\dungeons\order\encounter19.gs	1	0	gs\dungeons.gs	-	23	0	encounter-order-encounter19
order/encounter2	encounter	catalog-entry	vanilla,patch302	gs\dungeons\order\encounter2.gs	1	0	gs\dungeons.gs	-	25	0	encounter-order-encounter2
order/encounter20	encounter	catalog-entry	vanilla,patch302	gs\dungeons\order\encounter20.gs	1	0	gs\dungeons.gs	-	25	0	encounter-order-encounter20
order/encounter20b	encounter	catalog-entry	vanilla,patch302	gs\dungeons\order\encounter20b.gs	1	0	gs\dungeons.gs	-	26	0	encounter-order-encounter20b
order/encounter21	encounter	catalog-entry	vanilla,patch302	gs\dungeons\order\encounter21.gs	1	0	gs\dungeons.gs	-	23	0	encounter-order-encounter21
order/encounter22	encounter	catalog-entry	vanilla,patch302	gs\dungeons\order\encounter22.gs	1	0	gs\dungeons.gs	-	26	0	encounter-order-encounter22
order/encounter23	encounter	catalog-entry	vanilla,patch302	gs\dungeons\order\encounter23.gs	1	0	gs\dungeons.gs	-	24	0	encounter-order-encounter23
order/encounter24	encounter	catalog-entry	vanilla,patch302	gs\dungeons\order\encounter24.gs	1	0	gs\dungeons.gs	-	24	0	encounter-order-encounter24
order/encounter25	encounter	catalog-entry	vanilla,patch302	gs\dungeons\order\encounter25.gs	1	0	gs\dungeons.gs	-	26	0	encounter-order-encounter25
order/encounter26	encounter	catalog-entry	vanilla,patch302	gs\dungeons\order\encounter26.gs	1	0	gs\dungeons.gs	-	26	0	encounter-order-encounter26
order/encounter27	encounter	catalog-entry	vanilla,patch302	gs\dungeons\order\encounter27.gs	1	0	gs\dungeons.gs	-	25	0	encounter-order-encounter27
order/encounter28	encounter	catalog-entry	vanilla,patch302	gs\dungeons\order\encounter28.gs	1	0	gs\dungeons.gs	-	25	0	encounter-order-encounter28
order/encounter29	encounter	catalog-entry	vanilla,patch302	gs\dungeons\order\encounter29.gs	1	0	gs\dungeons.gs	-	25	0	encounter-order-encounter29
order/encounter3	encounter	catalog-entry	vanilla,patch302	gs\dungeons\order\encounter3.gs	1	0	gs\dungeons.gs	-	25	0	encounter-order-encounter3
order/encounter30	encounter	catalog-entry	vanilla,patch302	gs\dungeons\order\encounter30.gs	1	0	gs\dungeons.gs	-	24	0	encounter-order-encounter30
order/encounter31	encounter	catalog-entry	vanilla,patch302	gs\dungeons\order\encounter31.gs	1	0	gs\dungeons.gs	-	23	0	encounter-order-encounter31
order/encounter32	encounter	catalog-entry	vanilla,patch302	gs\dungeons\order\encounter32.gs	1	0	gs\dungeons.gs	-	25	0	encounter-order-encounter32
order/encounter33	encounter	catalog-entry	vanilla,patch302	gs\dungeons\order\encounter33.gs	1	0	gs\dungeons.gs	-	24	0	encounter-order-encounter33
order/encounter34	encounter	catalog-entry	vanilla,patch302	gs\dungeons\order\encounter34.gs	1	0	gs\dungeons.gs	-	25	0	encounter-order-encounter34
order/encounter35	encounter	catalog-entry	vanilla,patch302	gs\dungeons\order\encounter35.gs	1	0	gs\dungeons.gs	-	25	0	encounter-order-encounter35
order/encounter36	encounter	catalog-entry	vanilla,patch302	gs\dungeons\order\encounter36.gs	1	0	gs\dungeons.gs	-	25	0	encounter-order-encounter36
order/encounter37	encounter	catalog-entry	vanilla,patch302	gs\dungeons\order\encounter37.gs	1	0	gs\dungeons.gs	-	28	0	encounter-order-encounter37
order/encounter38	encounter	catalog-entry	vanilla,patch302	gs\dungeons\order\encounter38.gs	1	0	gs\dungeons.gs	-	24	0	encounter-order-encounter38
order/encounter39	encounter	catalog-entry	vanilla,patch302	gs\dungeons\order\encounter39.gs	1	0	gs\dungeons.gs	-	24	0	encounter-order-encounter39
order/encounter4	encounter	catalog-entry	vanilla,patch302	gs\dungeons\order\encounter4.gs	1	0	gs\dungeons.gs	-	26	0	encounter-order-encounter4
order/encounter40	encounter	catalog-entry	vanilla,patch302	gs\dungeons\order\encounter40.gs	1	0	gs\dungeons.gs	-	24	0	encounter-order-encounter40
order/encounter41	encounter	catalog-entry	vanilla,patch302	gs\dungeons\order\encounter41.gs	1	0	gs\dungeons.gs	-	24	0	encounter-order-encounter41
order/encounter42	encounter	catalog-entry	vanilla,patch302	gs\dungeons\order\encounter42.gs	1	0	gs\dungeons.gs	-	24	0	encounter-order-encounter42
order/encounter43	encounter	catalog-entry	vanilla,patch302	gs\dungeons\order\encounter43.gs	1	0	gs\dungeons.gs	-	25	0	encounter-order-encounter43
order/encounter44	encounter	catalog-entry	vanilla,patch302	gs\dungeons\order\encounter44.gs	1	0	gs\dungeons.gs	-	25	0	encounter-order-encounter44
order/encounter45	encounter	catalog-entry	vanilla,patch302	gs\dungeons\order\encounter45.gs	1	0	gs\dungeons.gs	-	23	0	encounter-order-encounter45
order/encounter46	encounter	catalog-entry	vanilla,patch302	gs\dungeons\order\encounter46.gs	1	0	gs\dungeons.gs	-	26	0	encounter-order-encounter46
order/encounter47	encounter	catalog-entry	vanilla,patch302	gs\dungeons\order\encounter47.gs	1	0	gs\dungeons.gs	-	24	0	encounter-order-encounter47
order/encounter48	encounter	catalog-entry	vanilla,patch302	gs\dungeons\order\encounter48.gs	1	0	gs\dungeons.gs	-	26	0	encounter-order-encounter48
order/encounter49	encounter	catalog-entry	vanilla,patch302	gs\dungeons\order\encounter49.gs	1	0	gs\dungeons.gs	-	25	0	encounter-order-encounter49
order/encounter5	encounter	catalog-entry	vanilla,patch302	gs\dungeons\order\encounter5.gs	1	0	gs\dungeons.gs	-	22	0	encounter-order-encounter5
order/encounter50	encounter	catalog-entry	vanilla,patch302	gs\dungeons\order\encounter50.gs	1	0	gs\dungeons.gs	-	25	0	encounter-order-encounter50
order/encounter51	encounter	catalog-entry	vanilla,patch302	gs\dungeons\order\encounter51.gs	1	0	gs\dungeons.gs	-	25	0	encounter-order-encounter51
order/encounter52	encounter	catalog-entry	vanilla,patch302	gs\dungeons\order\encounter52.gs	1	0	gs\dungeons.gs	-	26	0	encounter-order-encounter52
order/encounter53	encounter	catalog-entry	vanilla,patch302	gs\dungeons\order\encounter53.gs	1	0	gs\dungeons.gs	-	24	0	encounter-order-encounter53
order/encounter54	encounter	catalog-entry	vanilla,patch302	gs\dungeons\order\encounter54.gs	1	0	gs\dungeons.gs	-	26	0	encounter-order-encounter54
order/encounter55	encounter	catalog-entry	vanilla,patch302	gs\dungeons\order\encounter55.gs	1	0	gs\dungeons.gs	-	26	0	encounter-order-encounter55
order/encounter56	encounter	catalog-entry	vanilla,patch302	gs\dungeons\order\encounter56.gs	1	0	gs\dungeons.gs	-	26	0	encounter-order-encounter56
order/encounter57	encounter	catalog-entry	vanilla,patch302	gs\dungeons\order\encounter57.gs	1	0	gs\dungeons.gs	-	26	0	encounter-order-encounter57
order/encounter58	encounter	catalog-entry	vanilla,patch302	gs\dungeons\order\encounter58.gs	1	0	gs\dungeons.gs	-	26	0	encounter-order-encounter58
order/encounter59	encounter	catalog-entry	vanilla,patch302	gs\dungeons\order\encounter59.gs	1	0	gs\dungeons.gs	-	25	0	encounter-order-encounter59
order/encounter6	encounter	catalog-entry	vanilla,patch302	gs\dungeons\order\encounter6.gs	1	0	gs\dungeons.gs	-	24	0	encounter-order-encounter6
order/encounter60	encounter	catalog-entry	vanilla,patch302	gs\dungeons\order\encounter60.gs	1	0	gs\dungeons.gs	-	24	0	encounter-order-encounter60
order/encounter61	encounter	catalog-entry	vanilla,patch302	gs\dungeons\order\encounter61.gs	1	0	gs\dungeons.gs	-	25	0	encounter-order-encounter61
order/encounter62	encounter	catalog-entry	vanilla,patch302	gs\dungeons\order\encounter62.gs	1	0	gs\dungeons.gs	-	26	0	encounter-order-encounter62
order/encounter63	encounter	catalog-entry	vanilla,patch302	gs\dungeons\order\encounter63.gs	1	0	gs\dungeons.gs	-	23	0	encounter-order-encounter63
order/encounter64	encounter	catalog-entry	vanilla,patch302	gs\dungeons\order\encounter64.gs	1	0	gs\dungeons.gs	-	24	0	encounter-order-encounter64
order/encounter65	encounter	catalog-entry	vanilla,patch302	gs\dungeons\order\encounter65.gs	1	0	gs\dungeons.gs	-	24	0	encounter-order-encounter65
order/encounter66	encounter	catalog-entry	vanilla,patch302	gs\dungeons\order\encounter66.gs	1	0	gs\dungeons.gs	-	24	0	encounter-order-encounter66
order/encounter67	encounter	catalog-entry	vanilla,patch302	gs\dungeons\order\encounter67.gs	1	0	gs\dungeons.gs	-	24	0	encounter-order-encounter67
order/encounter68	encounter	catalog-entry	vanilla,patch302	gs\dungeons\order\encounter68.gs	1	0	gs\dungeons.gs	-	22	0	encounter-order-encounter68
order/encounter69	encounter	catalog-entry	vanilla,patch302	gs\dungeons\order\encounter69.gs	1	0	gs\dungeons.gs	-	23	0	encounter-order-encounter69
order/encounter7	encounter	catalog-entry	vanilla,patch302	gs\dungeons\order\encounter7.gs	1	0	gs\dungeons.gs	-	24	0	encounter-order-encounter7
order/encounter70	encounter	catalog-entry	vanilla,patch302	gs\dungeons\order\encounter70.gs	1	0	gs\dungeons.gs	-	24	0	encounter-order-encounter70
order/encounter71	encounter	catalog-entry	vanilla,patch302	gs\dungeons\order\encounter71.gs	1	0	gs\dungeons.gs	-	24	0	encounter-order-encounter71
order/encounter72	encounter	catalog-entry	vanilla,patch302	gs\dungeons\order\encounter72.gs	1	0	gs\dungeons.gs	-	23	0	encounter-order-encounter72
order/encounter73	encounter	catalog-entry	vanilla,patch302	gs\dungeons\order\encounter73.gs	1	0	gs\dungeons.gs	-	23	0	encounter-order-encounter73
order/encounter74	encounter	catalog-entry	vanilla,patch302	gs\dungeons\order\encounter74.gs	1	0	gs\dungeons.gs	-	23	0	encounter-order-encounter74
order/encounter75	encounter	catalog-entry	vanilla,patch302	gs\dungeons\order\encounter75.gs	1	0	gs\dungeons.gs	-	25	0	encounter-order-encounter75
order/encounter76	encounter	catalog-entry	vanilla,patch302	gs\dungeons\order\encounter76.gs	1	0	gs\dungeons.gs	-	23	0	encounter-order-encounter76
order/encounter77	encounter	catalog-entry	vanilla,patch302	gs\dungeons\order\encounter77.gs	1	0	gs\dungeons.gs	-	23	0	encounter-order-encounter77
order/encounter78	encounter	catalog-entry	vanilla,patch302	gs\dungeons\order\encounter78.gs	1	0	gs\dungeons.gs	-	23	0	encounter-order-encounter78
order/encounter79	encounter	catalog-entry	vanilla,patch302	gs\dungeons\order\encounter79.gs	1	0	gs\dungeons.gs	-	26	0	encounter-order-encounter79
order/encounter8	encounter	catalog-entry	vanilla,patch302	gs\dungeons\order\encounter8.gs	1	0	gs\dungeons.gs	-	20	0	encounter-order-encounter8
order/encounter80	encounter	catalog-entry	vanilla,patch302	gs\dungeons\order\encounter80.gs	1	0	gs\dungeons.gs	-	24	0	encounter-order-encounter80
order/encounter81	encounter	catalog-entry	vanilla,patch302	gs\dungeons\order\encounter81.gs	1	0	gs\dungeons.gs	-	24	0	encounter-order-encounter81
order/encounter82	encounter	catalog-entry	vanilla,patch302	gs\dungeons\order\encounter82.gs	1	0	gs\dungeons.gs	-	24	0	encounter-order-encounter82
order/encounter83	encounter	catalog-entry	vanilla,patch302	gs\dungeons\order\encounter83.gs	1	0	gs\dungeons.gs	-	24	0	encounter-order-encounter83
order/encounter84a	encounter	catalog-entry	vanilla,patch302	gs\dungeons\order\encounter84a.gs	1	0	gs\dungeons.gs	-	25	0	encounter-order-encounter84a
order/encounter84b	encounter	catalog-entry	vanilla,patch302	gs\dungeons\order\encounter84b.gs	1	0	gs\dungeons.gs	-	24	0	encounter-order-encounter84b
order/encounter85	encounter	catalog-entry	vanilla,patch302	gs\dungeons\order\encounter85.gs	1	0	gs\dungeons.gs	-	24	0	encounter-order-encounter85
order/encounter86	encounter	catalog-entry	vanilla,patch302	gs\dungeons\order\encounter86.gs	1	0	gs\dungeons.gs	-	25	0	encounter-order-encounter86
order/encounter87	encounter	catalog-entry	vanilla,patch302	gs\dungeons\order\encounter87.gs	1	0	gs\dungeons.gs	-	23	0	encounter-order-encounter87
order/encounter88	encounter	catalog-entry	vanilla,patch302	gs\dungeons\order\encounter88.gs	1	0	gs\dungeons.gs	-	23	0	encounter-order-encounter88
order/encounter89	encounter	catalog-entry	vanilla,patch302	gs\dungeons\order\encounter89.gs	1	0	gs\dungeons.gs	-	24	0	encounter-order-encounter89
order/encounter90	encounter	catalog-entry	vanilla,patch302	gs\dungeons\order\encounter90.gs	1	0	gs\dungeons.gs	-	28	0	encounter-order-encounter90
order/encounter91a	encounter	catalog-entry	vanilla,patch302	gs\dungeons\order\encounter91a.gs	1	0	gs\dungeons.gs	-	24	0	encounter-order-encounter91a
order/encounter91b	encounter	catalog-entry	vanilla,patch302	gs\dungeons\order\encounter91b.gs	1	0	gs\dungeons.gs	-	26	0	encounter-order-encounter91b
order/encounter92	encounter	catalog-entry	vanilla,patch302	gs\dungeons\order\encounter92.gs	1	0	gs\dungeons.gs	-	20	0	encounter-order-encounter92
order/encounter93	encounter	catalog-entry	vanilla,patch302	gs\dungeons\order\encounter93.gs	1	0	gs\dungeons.gs	-	24	0	encounter-order-encounter93
order/encounter94	encounter	catalog-entry	vanilla,patch302	gs\dungeons\order\encounter94.gs	1	0	gs\dungeons.gs	-	23	0	encounter-order-encounter94
order/encounter97	encounter	catalog-entry	vanilla,patch302	gs\dungeons\order\encounter97.gs	1	0	gs\dungeons.gs	-	25	0	encounter-order-encounter97
order/encounter98	encounter	catalog-entry	vanilla,patch302	gs\dungeons\order\encounter98.gs	1	0	gs\dungeons.gs	-	21	0	encounter-order-encounter98
order/encounter99	encounter	catalog-entry	vanilla,patch302	gs\dungeons\order\encounter99.gs	1	0	gs\dungeons.gs	-	23	0	encounter-order-encounter99
order/gencentaur	encounter	catalog-entry	vanilla,patch302,gs5r3	gs\dungeons\order\gencentaur.gs	1	0	gs\dungeons.gs	-	16	0	encounter-order-gencentaur
order/genorder	encounter	catalog-entry	vanilla,patch302,gs5r3	gs\dungeons\order\genorder.gs	1	0	gs\dungeons.gs	-	17	0	encounter-order-genorder
order/guenver	encounter	catalog-entry	vanilla,patch302	gs\dungeons\order\guenver.gs	1	0	gs\dungeons.gs	-	17	0	encounter-order-guenver
order/orcave	encounter	catalog-entry	gs5r3	gs\dungeons\order\orcave.gs	1	0	gs\DUNGEONS5.gs	-	37	0	encounter-order-orcave
order/ordermult	encounter	catalog-entry	vanilla,patch302,gs5r3	gs\dungeons\order\ordermult.gs	1	0	gs\dungeons.gs	-	15	0	encounter-order-ordermult
order/ordung	encounter	catalog-entry	gs5r3	gs\dungeons\order\ordung.gs	1	0	gs\DUNGEONS5.gs	Archon Fortress	16	0	encounter-order-ordung
order/orgtem	encounter	catalog-entry	gs5r3	gs\dungeons\order\orgtem.gs	1	0	gs\DUNGEONS5.gs	Order Great Temple	15	0	encounter-order-orgtem
order/ormina	encounter	catalog-entry	gs5r3	gs\dungeons\order\ormina.gs	1	0	gs\DUNGEONS5.gs	-	18	0	encounter-order-ormina
order/orminc	encounter	catalog-entry	gs5r3	gs\dungeons\order\orminc.gs	1	0	gs\DUNGEONS5.gs	-	18	0	encounter-order-orminc
order/orming	encounter	catalog-entry	gs5r3	gs\dungeons\order\orming.gs	1	0	gs\DUNGEONS5.gs	-	18	0	encounter-order-orming
order/ormult	encounter	catalog-entry	gs5r3	gs\dungeons\order\ormult.gs	1	0	gs\DUNGEONS5.gs	-	15	0	encounter-order-ormult
order/orstat	encounter	catalog-entry	gs5r3	gs\dungeons\order\orstat.gs	1	0	gs\DUNGEONS5.gs	-	18	0	encounter-order-orstat
order/ortowe	encounter	catalog-entry	gs5r3	gs\dungeons\order\ortowe.gs	1	0	gs\DUNGEONS5.gs	-	16	0	encounter-order-ortowe
order/quest/encounter1	encounter	catalog-entry	gs5r3	gs\dungeons\order\quest\encounter1.gs	1	0	gs\DUNGEONS5.gs	-	21	0	encounter-order-quest-encounter1
order/quest/encounter10	encounter	catalog-entry	gs5r3	gs\dungeons\order\quest\encounter10.gs	1	0	gs\DUNGEONS5.gs	-	25	0	encounter-order-quest-encounter10
order/quest/encounter100	encounter	catalog-entry	gs5r3	gs\dungeons\order\quest\encounter100.gs	1	0	gs\DUNGEONS5.gs	-	25	0	encounter-order-quest-encounter100
order/quest/encounter101	encounter	catalog-entry	gs5r3	gs\dungeons\order\quest\encounter101.gs	1	0	gs\DUNGEONS5.gs	-	26	0	encounter-order-quest-encounter101
order/quest/encounter102	encounter	catalog-entry	gs5r3	gs\dungeons\order\quest\encounter102.gs	1	0	gs\DUNGEONS5.gs	-	24	0	encounter-order-quest-encounter102
order/quest/encounter103	encounter	catalog-entry	gs5r3	gs\dungeons\order\quest\encounter103.gs	1	0	gs\DUNGEONS5.gs	-	23	0	encounter-order-quest-encounter103
order/quest/encounter104	encounter	catalog-entry	gs5r3	gs\dungeons\order\quest\encounter104.gs	1	0	gs\DUNGEONS5.gs	-	26	0	encounter-order-quest-encounter104
order/quest/encounter105	encounter	catalog-entry	gs5r3	gs\dungeons\order\quest\encounter105.gs	1	0	gs\DUNGEONS5.gs	-	25	0	encounter-order-quest-encounter105
order/quest/encounter106	encounter	catalog-entry	gs5r3	gs\dungeons\order\quest\encounter106.gs	1	0	gs\DUNGEONS5.gs	-	24	0	encounter-order-quest-encounter106
order/quest/encounter107	encounter	catalog-entry	gs5r3	gs\dungeons\order\quest\encounter107.gs	1	0	gs\DUNGEONS5.gs	-	24	0	encounter-order-quest-encounter107
order/quest/encounter108	encounter	catalog-entry	gs5r3	gs\dungeons\order\quest\encounter108.gs	1	0	gs\DUNGEONS5.gs	-	24	0	encounter-order-quest-encounter108
order/quest/encounter109	encounter	catalog-entry	gs5r3	gs\dungeons\order\quest\encounter109.gs	1	0	gs\DUNGEONS5.gs	-	22	0	encounter-order-quest-encounter109
order/quest/encounter11	encounter	catalog-entry	gs5r3	gs\dungeons\order\quest\encounter11.gs	1	0	gs\DUNGEONS5.gs	-	26	0	encounter-order-quest-encounter11
order/quest/encounter110	encounter	catalog-entry	gs5r3	gs\dungeons\order\quest\encounter110.gs	1	0	gs\DUNGEONS5.gs	-	23	0	encounter-order-quest-encounter110
order/quest/encounter111	encounter	catalog-entry	gs5r3	gs\dungeons\order\quest\encounter111.gs	1	0	gs\DUNGEONS5.gs	-	26	0	encounter-order-quest-encounter111
order/quest/encounter112	encounter	catalog-entry	gs5r3	gs\dungeons\order\quest\encounter112.gs	1	0	gs\DUNGEONS5.gs	-	25	0	encounter-order-quest-encounter112
order/quest/encounter113	encounter	catalog-entry	gs5r3	gs\dungeons\order\quest\encounter113.gs	1	0	gs\DUNGEONS5.gs	-	25	0	encounter-order-quest-encounter113
order/quest/encounter114	encounter	catalog-entry	gs5r3	gs\dungeons\order\quest\encounter114.gs	1	0	gs\DUNGEONS5.gs	-	27	0	encounter-order-quest-encounter114
order/quest/encounter115	encounter	catalog-entry	gs5r3	gs\dungeons\order\quest\encounter115.gs	1	0	gs\DUNGEONS5.gs	-	28	0	encounter-order-quest-encounter115
order/quest/encounter116	encounter	catalog-entry	gs5r3	gs\dungeons\order\quest\encounter116.gs	1	0	gs\DUNGEONS5.gs	-	23	0	encounter-order-quest-encounter116
order/quest/encounter118	encounter	catalog-entry	gs5r3	gs\dungeons\order\quest\encounter118.gs	1	0	gs\DUNGEONS5.gs	-	23	0	encounter-order-quest-encounter118
order/quest/encounter12	encounter	catalog-entry	gs5r3	gs\dungeons\order\quest\encounter12.gs	1	0	gs\DUNGEONS5.gs	-	24	0	encounter-order-quest-encounter12
order/quest/encounter13	encounter	catalog-entry	gs5r3	gs\dungeons\order\quest\encounter13.gs	1	0	gs\DUNGEONS5.gs	-	24	0	encounter-order-quest-encounter13
order/quest/encounter14	encounter	catalog-entry	gs5r3	gs\dungeons\order\quest\encounter14.gs	1	0	gs\DUNGEONS5.gs	-	24	0	encounter-order-quest-encounter14
order/quest/encounter16	encounter	catalog-entry	gs5r3	gs\dungeons\order\quest\encounter16.gs	1	0	gs\DUNGEONS5.gs	-	27	0	encounter-order-quest-encounter16
order/quest/encounter17	encounter	catalog-entry	gs5r3	gs\dungeons\order\quest\encounter17.gs	1	0	gs\DUNGEONS5.gs	-	24	0	encounter-order-quest-encounter17
order/quest/encounter18	encounter	catalog-entry	gs5r3	gs\dungeons\order\quest\encounter18.gs	1	0	gs\DUNGEONS5.gs	-	23	0	encounter-order-quest-encounter18
order/quest/encounter19	encounter	catalog-entry	gs5r3	gs\dungeons\order\quest\encounter19.gs	1	0	gs\DUNGEONS5.gs	-	23	0	encounter-order-quest-encounter19
order/quest/encounter2	encounter	catalog-entry	gs5r3	gs\dungeons\order\quest\encounter2.gs	1	0	gs\DUNGEONS5.gs	-	25	0	encounter-order-quest-encounter2
order/quest/encounter20	encounter	catalog-entry	gs5r3	gs\dungeons\order\quest\encounter20.gs	1	0	gs\DUNGEONS5.gs	-	25	0	encounter-order-quest-encounter20
order/quest/encounter20b	encounter	catalog-entry	gs5r3	gs\dungeons\order\quest\encounter20b.gs	1	0	gs\DUNGEONS5.gs	-	26	0	encounter-order-quest-encounter20b
order/quest/encounter21	encounter	catalog-entry	gs5r3	gs\dungeons\order\quest\encounter21.gs	1	0	gs\DUNGEONS5.gs	-	23	0	encounter-order-quest-encounter21
order/quest/encounter22	encounter	catalog-entry	gs5r3	gs\dungeons\order\quest\encounter22.gs	1	0	gs\DUNGEONS5.gs	-	26	0	encounter-order-quest-encounter22
order/quest/encounter23	encounter	catalog-entry	gs5r3	gs\dungeons\order\quest\encounter23.gs	1	0	gs\DUNGEONS5.gs	-	24	0	encounter-order-quest-encounter23
order/quest/encounter24	encounter	catalog-entry	gs5r3	gs\dungeons\order\quest\encounter24.gs	1	0	gs\DUNGEONS5.gs	-	24	0	encounter-order-quest-encounter24
order/quest/encounter25	encounter	catalog-entry	gs5r3	gs\dungeons\order\quest\encounter25.gs	1	0	gs\DUNGEONS5.gs	-	26	0	encounter-order-quest-encounter25
order/quest/encounter26	encounter	catalog-entry	gs5r3	gs\dungeons\order\quest\encounter26.gs	1	0	gs\DUNGEONS5.gs	-	26	0	encounter-order-quest-encounter26
order/quest/encounter27	encounter	catalog-entry	gs5r3	gs\dungeons\order\quest\encounter27.gs	1	0	gs\DUNGEONS5.gs	-	25	0	encounter-order-quest-encounter27
order/quest/encounter28	encounter	catalog-entry	gs5r3	gs\dungeons\order\quest\encounter28.gs	1	0	gs\DUNGEONS5.gs	-	25	0	encounter-order-quest-encounter28
order/quest/encounter29	encounter	catalog-entry	gs5r3	gs\dungeons\order\quest\encounter29.gs	1	0	gs\DUNGEONS5.gs	-	25	0	encounter-order-quest-encounter29
order/quest/encounter3	encounter	catalog-entry	gs5r3	gs\dungeons\order\quest\encounter3.gs	1	0	gs\DUNGEONS5.gs	-	25	0	encounter-order-quest-encounter3
order/quest/encounter30	encounter	catalog-entry	gs5r3	gs\dungeons\order\quest\encounter30.gs	1	0	gs\DUNGEONS5.gs	-	24	0	encounter-order-quest-encounter30
order/quest/encounter31	encounter	catalog-entry	gs5r3	gs\dungeons\order\quest\encounter31.gs	1	0	gs\DUNGEONS5.gs	-	23	0	encounter-order-quest-encounter31
order/quest/encounter32	encounter	catalog-entry	gs5r3	gs\dungeons\order\quest\encounter32.gs	1	0	gs\DUNGEONS5.gs	-	25	0	encounter-order-quest-encounter32
order/quest/encounter33	encounter	catalog-entry	gs5r3	gs\dungeons\order\quest\encounter33.gs	1	0	gs\DUNGEONS5.gs	-	24	0	encounter-order-quest-encounter33
order/quest/encounter34	encounter	catalog-entry	gs5r3	gs\dungeons\order\quest\encounter34.gs	1	0	gs\DUNGEONS5.gs	-	25	0	encounter-order-quest-encounter34
order/quest/encounter35	encounter	catalog-entry	gs5r3	gs\dungeons\order\quest\encounter35.gs	1	0	gs\DUNGEONS5.gs	-	25	0	encounter-order-quest-encounter35
order/quest/encounter36	encounter	catalog-entry	gs5r3	gs\dungeons\order\quest\encounter36.gs	1	0	gs\DUNGEONS5.gs	-	25	0	encounter-order-quest-encounter36
order/quest/encounter37	encounter	catalog-entry	gs5r3	gs\dungeons\order\quest\encounter37.gs	1	0	gs\DUNGEONS5.gs	-	28	0	encounter-order-quest-encounter37
order/quest/encounter38	encounter	catalog-entry	gs5r3	gs\dungeons\order\quest\encounter38.gs	1	0	gs\DUNGEONS5.gs	-	24	0	encounter-order-quest-encounter38
order/quest/encounter39	encounter	catalog-entry	gs5r3	gs\dungeons\order\quest\encounter39.gs	1	0	gs\DUNGEONS5.gs	-	24	0	encounter-order-quest-encounter39
order/quest/encounter4	encounter	catalog-entry	gs5r3	gs\dungeons\order\quest\encounter4.gs	1	0	gs\DUNGEONS5.gs	-	26	0	encounter-order-quest-encounter4
order/quest/encounter40	encounter	catalog-entry	gs5r3	gs\dungeons\order\quest\encounter40.gs	1	0	gs\DUNGEONS5.gs	-	24	0	encounter-order-quest-encounter40
order/quest/encounter41	encounter	catalog-entry	gs5r3	gs\dungeons\order\quest\encounter41.gs	1	0	gs\DUNGEONS5.gs	-	24	0	encounter-order-quest-encounter41
order/quest/encounter42	encounter	catalog-entry	gs5r3	gs\dungeons\order\quest\encounter42.gs	1	0	gs\DUNGEONS5.gs	-	24	0	encounter-order-quest-encounter42
order/quest/encounter43	encounter	catalog-entry	gs5r3	gs\dungeons\order\quest\encounter43.gs	1	0	gs\DUNGEONS5.gs	-	25	0	encounter-order-quest-encounter43
order/quest/encounter44	encounter	catalog-entry	gs5r3	gs\dungeons\order\quest\encounter44.gs	1	0	gs\DUNGEONS5.gs	-	25	0	encounter-order-quest-encounter44
order/quest/encounter45	encounter	catalog-entry	gs5r3	gs\dungeons\order\quest\encounter45.gs	1	0	gs\DUNGEONS5.gs	-	23	0	encounter-order-quest-encounter45
order/quest/encounter46	encounter	catalog-entry	gs5r3	gs\dungeons\order\quest\encounter46.gs	1	0	gs\DUNGEONS5.gs	-	26	0	encounter-order-quest-encounter46
order/quest/encounter47	encounter	catalog-entry	gs5r3	gs\dungeons\order\quest\encounter47.gs	1	0	gs\DUNGEONS5.gs	-	24	0	encounter-order-quest-encounter47
order/quest/encounter48	encounter	catalog-entry	gs5r3	gs\dungeons\order\quest\encounter48.gs	1	0	gs\DUNGEONS5.gs	-	26	0	encounter-order-quest-encounter48
order/quest/encounter49	encounter	catalog-entry	gs5r3	gs\dungeons\order\quest\encounter49.gs	1	0	gs\DUNGEONS5.gs	-	25	0	encounter-order-quest-encounter49
order/quest/encounter5	encounter	catalog-entry	gs5r3	gs\dungeons\order\quest\encounter5.gs	1	0	gs\DUNGEONS5.gs	-	22	0	encounter-order-quest-encounter5
order/quest/encounter50	encounter	catalog-entry	gs5r3	gs\dungeons\order\quest\encounter50.gs	1	0	gs\DUNGEONS5.gs	-	25	0	encounter-order-quest-encounter50
order/quest/encounter51	encounter	catalog-entry	gs5r3	gs\dungeons\order\quest\encounter51.gs	1	0	gs\DUNGEONS5.gs	-	25	0	encounter-order-quest-encounter51
order/quest/encounter52	encounter	catalog-entry	gs5r3	gs\dungeons\order\quest\encounter52.gs	1	0	gs\DUNGEONS5.gs	-	26	0	encounter-order-quest-encounter52
order/quest/encounter53	encounter	catalog-entry	gs5r3	gs\dungeons\order\quest\encounter53.gs	1	0	gs\DUNGEONS5.gs	-	24	0	encounter-order-quest-encounter53
order/quest/encounter54	encounter	catalog-entry	gs5r3	gs\dungeons\order\quest\encounter54.gs	1	0	gs\DUNGEONS5.gs	-	26	0	encounter-order-quest-encounter54
order/quest/encounter55	encounter	catalog-entry	gs5r3	gs\dungeons\order\quest\encounter55.gs	1	0	gs\DUNGEONS5.gs	-	26	0	encounter-order-quest-encounter55
order/quest/encounter56	encounter	catalog-entry	gs5r3	gs\dungeons\order\quest\encounter56.gs	1	0	gs\DUNGEONS5.gs	-	26	0	encounter-order-quest-encounter56
order/quest/encounter57	encounter	catalog-entry	gs5r3	gs\dungeons\order\quest\encounter57.gs	1	0	gs\DUNGEONS5.gs	-	26	0	encounter-order-quest-encounter57
order/quest/encounter58	encounter	catalog-entry	gs5r3	gs\dungeons\order\quest\encounter58.gs	1	0	gs\DUNGEONS5.gs	-	26	0	encounter-order-quest-encounter58
order/quest/encounter59	encounter	catalog-entry	gs5r3	gs\dungeons\order\quest\encounter59.gs	1	0	gs\DUNGEONS5.gs	-	25	0	encounter-order-quest-encounter59
order/quest/encounter6	encounter	catalog-entry	gs5r3	gs\dungeons\order\quest\encounter6.gs	1	0	gs\DUNGEONS5.gs	-	24	0	encounter-order-quest-encounter6
order/quest/encounter60	encounter	catalog-entry	gs5r3	gs\dungeons\order\quest\encounter60.gs	1	0	gs\DUNGEONS5.gs	-	24	0	encounter-order-quest-encounter60
order/quest/encounter61	encounter	catalog-entry	gs5r3	gs\dungeons\order\quest\encounter61.gs	1	0	gs\DUNGEONS5.gs	-	25	0	encounter-order-quest-encounter61
order/quest/encounter62	encounter	catalog-entry	gs5r3	gs\dungeons\order\quest\encounter62.gs	1	0	gs\DUNGEONS5.gs	-	26	0	encounter-order-quest-encounter62
order/quest/encounter63	encounter	catalog-entry	gs5r3	gs\dungeons\order\quest\encounter63.gs	1	0	gs\DUNGEONS5.gs	-	23	0	encounter-order-quest-encounter63
order/quest/encounter64	encounter	catalog-entry	gs5r3	gs\dungeons\order\quest\encounter64.gs	1	0	gs\DUNGEONS5.gs	-	24	0	encounter-order-quest-encounter64
order/quest/encounter65	encounter	catalog-entry	gs5r3	gs\dungeons\order\quest\encounter65.gs	1	0	gs\DUNGEONS5.gs	-	24	0	encounter-order-quest-encounter65
order/quest/encounter66	encounter	catalog-entry	gs5r3	gs\dungeons\order\quest\encounter66.gs	1	0	gs\DUNGEONS5.gs	-	24	0	encounter-order-quest-encounter66
order/quest/encounter67	encounter	catalog-entry	gs5r3	gs\dungeons\order\quest\encounter67.gs	1	0	gs\DUNGEONS5.gs	-	24	0	encounter-order-quest-encounter67
order/quest/encounter68	encounter	catalog-entry	gs5r3	gs\dungeons\order\quest\encounter68.gs	1	0	gs\DUNGEONS5.gs	-	22	0	encounter-order-quest-encounter68
order/quest/encounter69	encounter	catalog-entry	gs5r3	gs\dungeons\order\quest\encounter69.gs	1	0	gs\DUNGEONS5.gs	-	23	0	encounter-order-quest-encounter69
order/quest/encounter7	encounter	catalog-entry	gs5r3	gs\dungeons\order\quest\encounter7.gs	1	0	gs\DUNGEONS5.gs	-	24	0	encounter-order-quest-encounter7
order/quest/encounter70	encounter	catalog-entry	gs5r3	gs\dungeons\order\quest\encounter70.gs	1	0	gs\DUNGEONS5.gs	-	24	0	encounter-order-quest-encounter70
order/quest/encounter71	encounter	catalog-entry	gs5r3	gs\dungeons\order\quest\encounter71.gs	1	0	gs\DUNGEONS5.gs	-	24	0	encounter-order-quest-encounter71
order/quest/encounter72	encounter	catalog-entry	gs5r3	gs\dungeons\order\quest\encounter72.gs	1	0	gs\DUNGEONS5.gs	-	23	0	encounter-order-quest-encounter72
order/quest/encounter73	encounter	catalog-entry	gs5r3	gs\dungeons\order\quest\encounter73.gs	1	0	gs\DUNGEONS5.gs	-	23	0	encounter-order-quest-encounter73
order/quest/encounter74	encounter	catalog-entry	gs5r3	gs\dungeons\order\quest\encounter74.gs	1	0	gs\DUNGEONS5.gs	-	23	0	encounter-order-quest-encounter74
order/quest/encounter75	encounter	catalog-entry	gs5r3	gs\dungeons\order\quest\encounter75.gs	1	0	gs\DUNGEONS5.gs	-	25	0	encounter-order-quest-encounter75
order/quest/encounter76	encounter	catalog-entry	gs5r3	gs\dungeons\order\quest\encounter76.gs	1	0	gs\DUNGEONS5.gs	-	23	0	encounter-order-quest-encounter76
order/quest/encounter77	encounter	catalog-entry	gs5r3	gs\dungeons\order\quest\encounter77.gs	1	0	gs\DUNGEONS5.gs	-	23	0	encounter-order-quest-encounter77
order/quest/encounter78	encounter	catalog-entry	gs5r3	gs\dungeons\order\quest\encounter78.gs	1	0	gs\DUNGEONS5.gs	-	23	0	encounter-order-quest-encounter78
order/quest/encounter79	encounter	catalog-entry	gs5r3	gs\dungeons\order\quest\encounter79.gs	1	0	gs\DUNGEONS5.gs	-	26	0	encounter-order-quest-encounter79
order/quest/encounter8	encounter	catalog-entry	gs5r3	gs\dungeons\order\quest\encounter8.gs	1	0	gs\DUNGEONS5.gs	-	20	0	encounter-order-quest-encounter8
order/quest/encounter80	encounter	catalog-entry	gs5r3	gs\dungeons\order\quest\encounter80.gs	1	0	gs\DUNGEONS5.gs	-	24	0	encounter-order-quest-encounter80
order/quest/encounter81	encounter	catalog-entry	gs5r3	gs\dungeons\order\quest\encounter81.gs	1	0	gs\DUNGEONS5.gs	-	24	0	encounter-order-quest-encounter81
order/quest/encounter82	encounter	catalog-entry	gs5r3	gs\dungeons\order\quest\encounter82.gs	1	0	gs\DUNGEONS5.gs	-	24	0	encounter-order-quest-encounter82
order/quest/encounter83	encounter	catalog-entry	gs5r3	gs\dungeons\order\quest\encounter83.gs	1	0	gs\DUNGEONS5.gs	-	24	0	encounter-order-quest-encounter83
order/quest/encounter84a	encounter	catalog-entry	gs5r3	gs\dungeons\order\quest\encounter84a.gs	1	0	gs\DUNGEONS5.gs	-	25	0	encounter-order-quest-encounter84a
order/quest/encounter84b	encounter	catalog-entry	gs5r3	gs\dungeons\order\quest\encounter84b.gs	1	0	gs\DUNGEONS5.gs	-	24	0	encounter-order-quest-encounter84b
order/quest/encounter85	encounter	catalog-entry	gs5r3	gs\dungeons\order\quest\encounter85.gs	1	0	gs\DUNGEONS5.gs	-	24	0	encounter-order-quest-encounter85
order/quest/encounter86	encounter	catalog-entry	gs5r3	gs\dungeons\order\quest\encounter86.gs	1	0	gs\DUNGEONS5.gs	-	25	0	encounter-order-quest-encounter86
order/quest/encounter87	encounter	catalog-entry	gs5r3	gs\dungeons\order\quest\encounter87.gs	1	0	gs\DUNGEONS5.gs	-	23	0	encounter-order-quest-encounter87
order/quest/encounter88	encounter	catalog-entry	gs5r3	gs\dungeons\order\quest\encounter88.gs	1	0	gs\DUNGEONS5.gs	-	23	0	encounter-order-quest-encounter88
order/quest/encounter89	encounter	catalog-entry	gs5r3	gs\dungeons\order\quest\encounter89.gs	1	0	gs\DUNGEONS5.gs	-	24	0	encounter-order-quest-encounter89
order/quest/encounter90	encounter	catalog-entry	gs5r3	gs\dungeons\order\quest\encounter90.gs	1	0	gs\DUNGEONS5.gs	-	28	0	encounter-order-quest-encounter90
order/quest/encounter91a	encounter	catalog-entry	gs5r3	gs\dungeons\order\quest\encounter91a.gs	1	0	gs\DUNGEONS5.gs	-	24	0	encounter-order-quest-encounter91a
order/quest/encounter91b	encounter	catalog-entry	gs5r3	gs\dungeons\order\quest\encounter91b.gs	1	0	gs\DUNGEONS5.gs	-	26	0	encounter-order-quest-encounter91b
order/quest/encounter92	encounter	catalog-entry	gs5r3	gs\dungeons\order\quest\encounter92.gs	1	0	gs\DUNGEONS5.gs	-	20	0	encounter-order-quest-encounter92
order/quest/encounter93	encounter	catalog-entry	gs5r3	gs\dungeons\order\quest\encounter93.gs	1	0	gs\DUNGEONS5.gs	-	24	0	encounter-order-quest-encounter93
order/quest/encounter94	encounter	catalog-entry	gs5r3	gs\dungeons\order\quest\encounter94.gs	1	0	gs\DUNGEONS5.gs	-	23	0	encounter-order-quest-encounter94
order/quest/encounter97	encounter	catalog-entry	gs5r3	gs\dungeons\order\quest\encounter97.gs	1	0	gs\DUNGEONS5.gs	-	25	0	encounter-order-quest-encounter97
order/quest/encounter98	encounter	catalog-entry	gs5r3	gs\dungeons\order\quest\encounter98.gs	1	0	gs\DUNGEONS5.gs	-	21	0	encounter-order-quest-encounter98
order/quest/encounter99	encounter	catalog-entry	gs5r3	gs\dungeons\order\quest\encounter99.gs	1	0	gs\DUNGEONS5.gs	-	23	0	encounter-order-quest-encounter99
order/quest/guenver	encounter	catalog-entry	gs5r3	gs\dungeons\order\quest\guenver.gs	1	0	gs\DUNGEONS5.gs	-	17	0	encounter-order-quest-guenver
orgtem	encounter	catalog-entry	vanilla,patch302	gs\dungeons\orgtem.gs	1	0	gs\dungeons.gs	Order Great Temple	15	0	encounter-orgtem
sampexit	encounter	catalog-entry	vanilla,patch302,gs5r3	gs\dungeons\sampexit.gs	1	0	gs\dungeons.gs	Secret Exit	17	0	encounter-sampexit
sampkrk	encounter	catalog-entry	vanilla,patch302,gs5r3	gs\dungeons\sampkrk.gs	1	0	gs\dungeons.gs	Kraken Start	16	0	encounter-sampkrk
sample	encounter	catalog-entry	vanilla,patch302,gs5r3	gs\dungeons\sample.gs	1	0	gs\dungeons.gs	The Forge	17	0	encounter-sample
shipwreck	encounter	catalog-entry	vanilla,patch302	gs\dungeons\shipwreck.gs	1	0	gs\dungeons.gs	Shipwreck	18	0	encounter-shipwreck
spiderweb	encounter	catalog-entry	vanilla,patch302	gs\dungeons\spiderweb.gs	1	0	gs\dungeons.gs	-	16	0	encounter-spiderweb
tutorialmult	encounter	catalog-entry	vanilla,patch302,gs5r3	gs\dungeons\tutorialmult.gs	1	0	gs\dungeons.gs	-	13	0	encounter-tutorialmult
wagtem	encounter	catalog-entry	vanilla,patch302	gs\dungeons\wagtem.gs	1	0	gs\dungeons.gs	Water Great Temple	15	0	encounter-wagtem
water/gen_grendel	encounter	catalog-entry	gs5r3	gs\dungeons\water\gen_grendel.gs	1	0	gs\dungeons.gs	Grendel Village	15	0	encounter-water-gen-grendel
water/genwater	encounter	catalog-entry	vanilla,patch302,gs5r3	gs\dungeons\water\genwater.gs	1	0	gs\dungeons.gs	Water Encounter	16	0	encounter-water-genwater
water/shipwreck	encounter	catalog-entry	gs5r3	gs\dungeons\water\shipwreck.gs	1	0	gs\DUNGEONS5.gs	Shipwreck	18	0	encounter-water-shipwreck
water/spiderweb	encounter	catalog-entry	gs5r3	gs\dungeons\water\spiderweb.gs	1	0	gs\DUNGEONS5.gs	-	16	0	encounter-water-spiderweb
water/wacave	encounter	catalog-entry	gs5r3	gs\dungeons\water\wacave.gs	1	0	gs\DUNGEONS5.gs	-	37	0	encounter-water-wacave
water/wadung	encounter	catalog-entry	gs5r3	gs\dungeons\water\wadung.gs	1	0	gs\DUNGEONS5.gs	Amazon Keep	16	0	encounter-water-wadung
water/wagtem	encounter	catalog-entry	gs5r3	gs\dungeons\water\wagtem.gs	1	0	gs\DUNGEONS5.gs	Water Great Temple	15	0	encounter-water-wagtem
water/wamina	encounter	catalog-entry	gs5r3	gs\dungeons\water\wamina.gs	1	0	gs\DUNGEONS5.gs	-	18	0	encounter-water-wamina
water/waminc	encounter	catalog-entry	gs5r3	gs\dungeons\water\waminc.gs	1	0	gs\DUNGEONS5.gs	-	18	0	encounter-water-waminc
water/waming	encounter	catalog-entry	gs5r3	gs\dungeons\water\waming.gs	1	0	gs\DUNGEONS5.gs	-	18	0	encounter-water-waming
water/wamult	encounter	catalog-entry	gs5r3	gs\dungeons\water\wamult.gs	1	0	gs\DUNGEONS5.gs	-	15	0	encounter-water-wamult
water/wastat	encounter	catalog-entry	gs5r3	gs\dungeons\water\wastat.gs	1	0	gs\DUNGEONS5.gs	-	18	0	encounter-water-wastat
water/watermult	encounter	catalog-entry	vanilla,patch302,gs5r3	gs\dungeons\water\watermult.gs	1	0	gs\dungeons.gs	-	16	0	encounter-water-watermult
water/watowe	encounter	catalog-entry	gs5r3	gs\dungeons\water\watowe.gs	1	0	gs\DUNGEONS5.gs	-	16	0	encounter-water-watowe
wilderness_land	encounter	catalog-entry	gs5r3	gs\dungeons\wilderness_land.gs	1	0	gs\DUNGEONS5.gs	Wilderness	22	0	encounter-wilderness-land
wilderness_sea	encounter	catalog-entry	gs5r3	gs\dungeons\wilderness_sea.gs	1	0	gs\DUNGEONS5.gs	Briny Deep	13	0	encounter-wilderness-sea
witchtowr	encounter	catalog-entry	vanilla,patch302	gs\dungeons\witchtowr.gs	1	0	gs\dungeons.gs	-	17	0	encounter-witchtowr
AIR	faction	engine-constant	vanilla,patch302,gs5r3		0	0	-	-	1	338	faction-air
CHAOS	faction	engine-constant	vanilla,patch302,gs5r3		0	0	-	-	1	292	faction-chaos
DEATH	faction	engine-constant	vanilla,patch302,gs5r3		0	0	-	-	1	406	faction-death
EARTH	faction	engine-constant	vanilla,patch302,gs5r3		0	0	-	-	1	389	faction-earth
FIRE	faction	engine-constant	vanilla,patch302,gs5r3		0	0	-	-	1	372	faction-fire
LIFE	faction	engine-constant	vanilla,patch302,gs5r3		0	0	-	-	1	303	faction-life
ORDER	faction	engine-constant	vanilla,patch302,gs5r3		0	0	-	-	1	515	faction-order
WATER	faction	engine-constant	vanilla,patch302,gs5r3		0	0	-	-	1	287	faction-water
aftershock	spell	registered-by-operator	gs5r3	gs\spells\EARTH\aftershock.gs	1	0	gs\spells.gs	After Shock	25	11	spell-aftershock
air_detect	spell	registered-by-operator	vanilla,patch302	gs\spells\adetect.gs	1	0	gs\spells.gs	Detect Earth	18	5	spell-air-detect
air_dispell	spell	registered-by-operator	vanilla,patch302	gs\spells\adispell.gs	1	0	gs\spells.gs	Dispel Magic	16	5	spell-air-dispell
air_seer	spell	registered-by-operator	vanilla,patch302	gs\spells\air_seer.gs	1	0	gs\spells.gs	Seer	18	7	spell-air-seer
air_telart	spell	registered-by-operator	vanilla,patch302	gs\spells\atelart.gs	1	0	gs\spells.gs	Teleport Artifact	16	7	spell-air-telart
alchemy	spell	registered-by-operator	gs5r3	gs\spells\AIR\alchemy.gs	1	0	gs\spells.gs	Alchemy	19	7	spell-alchemy
animate_dead	spell	registered-by-operator	gs5r3	gs\spells\DEATH\animate_dead.gs	1	0	gs\spells.gs	Animate Dead	30	11	spell-animate-dead
anything	spell	registered-by-operator	gs5r3	gs\spells\CHAOS\anything.gs	1	0	gs\spells.gs	Anything	22	9	spell-anything
areastun	spell	registered-by-operator	vanilla,patch302	gs\spells\areastun.gs	1	0	gs\spells.gs	Area Stun	19	4	spell-areastun
asphyxiate	spell	registered-by-operator	vanilla,patch302	gs\spells\asphyx.gs	1	0	gs\spells.gs	Asphyxiate	24	8	spell-asphyxiate
backdraf	spell	registered-by-operator	vanilla,patch302	gs\spells\backdraf.gs	1	0	gs\spells.gs	Backdraft	25	3	spell-backdraf
backdraft	spell	registered-by-operator	gs5r3	gs\spells\FIRE\backdraft.gs	1	0	gs\spells.gs	Backdraft	31	7	spell-backdraft
balki	spell	registered-by-operator	vanilla,patch302	gs\spells\balkword.gs	1	0	gs\spells.gs	Balkoth's Word	20	21	spell-balki
balkoths_word	spell	registered-by-operator	gs5r3	gs\spells\DEATH\balkoths_word.gs	1	0	gs\spells.gs	Balkoth's Word	28	32	spell-balkoths-word
balleech	spell	registered-by-operator	vanilla,patch302	gs\spells\balleech.gs	1	0	gs\spells.gs	Balkoth's Leeches	16	1	spell-balleech
berserk	spell	registered-by-operator	vanilla,patch302	gs\spells\berserk.gs	1	0	gs\spells.gs	Blood Lust	21	13	spell-berserk
blades	spell	registered-by-operator	vanilla,patch302	gs\spells\blades.gs	1	0	gs\spells.gs	Blades of Fury	27	16	spell-blades
blades_of_fury	spell	registered-by-operator	gs5r3	gs\spells\CHAOS\blades_of_fury.gs	1	0	gs\spells.gs	Blades of Fury	30	5	spell-blades-of-fury
bleeding	spell	registered-by-operator	gs5r3	gs\spells\_custom\bleeding.gs	1	0	gs\spells.gs	Bleeding	25	12	spell-bleeding
bless	spell	registered-by-operator	vanilla,patch302,gs5r3	gs\spells\bless.gs	1	0	gs\spells.gs	Bless	17	17	spell-bless
blessed_armor	spell	registered-by-operator	gs5r3	gs\spells\LIFE\blessed_armor.gs	1	0	gs\spells.gs	Blessed Armor	22	24	spell-blessed-armor
blessing	spell	registered-by-operator	vanilla,patch302	gs\spells\blessing.gs	1	0	gs\spells.gs	Blessing	17	13	spell-blessing
blind_rage	spell	registered-by-operator	vanilla,patch302,gs5r3	gs\spells\blindrage.gs	1	0	gs\spells.gs	Blind Rage	19	13	spell-blind-rage
blindness	spell	registered-by-operator	gs5r3	gs\spells\_custom\blindness.gs	1	0	gs\spells.gs	Blindness	21	16	spell-blindness
blink	spell	registered-by-operator	vanilla,patch302,gs5r3	gs\spells\gosub.gs	1	0	gs\spells.gs	Blink	17	10	spell-blink
blizzard	spell	registered-by-operator	gs5r3	gs\spells\AIR\blizzard.gs	1	0	gs\spells.gs	Blizzard	33	12	spell-blizzard
blood_lust	spell	registered-by-operator	gs5r3	gs\spells\WATER\blood_lust.gs	1	0	gs\spells.gs	Blood Lust	27	24	spell-blood-lust
body_and_spirit	spell	registered-by-operator	gs5r3	gs\spells\ORDER\body_and_spirit.gs	1	0	gs\spells.gs	Body and Spirit	25	5	spell-body-and-spirit
bolt_air	spell	registered-by-operator	gs5r3	gs\spells\AIR\bolt_air.gs	1	0	gs\spells.gs	Lightning	23	39	spell-bolt-air
bolt_air2	spell	registered-by-operator	gs5r3	gs\spells\AIR\bolt_air2.gs	1	0	gs\spells.gs	Lightning II	24	8	spell-bolt-air2
bolt_death	spell	registered-by-operator	gs5r3	gs\spells\DEATH\bolt_death.gs	1	0	gs\spells.gs	Curse	27	48	spell-bolt-death
bolt_earth	spell	registered-by-operator	gs5r3	gs\spells\EARTH\bolt_earth.gs	1	0	gs\spells.gs	Rocksling	26	37	spell-bolt-earth
bolt_fire	spell	registered-by-operator	gs5r3	gs\spells\FIRE\bolt_fire.gs	1	0	gs\spells.gs	Flame Dart	31	40	spell-bolt-fire
bolt_fury	spell	registered-by-operator	gs5r3	gs\spells\CHAOS\bolt_fury.gs	1	0	gs\spells.gs	Bolt of Fury	27	6	spell-bolt-fury
bolt_life	spell	registered-by-operator	gs5r3	gs\spells\LIFE\bolt_life.gs	1	0	gs\spells.gs	Spirit Arrow	27	45	spell-bolt-life
bolt_order	spell	registered-by-operator	gs5r3	gs\spells\ORDER\bolt_order.gs	1	0	gs\spells.gs	Righteous Bolt	27	42	spell-bolt-order
bolt_water	spell	registered-by-operator	gs5r3	gs\spells\WATER\bolt_water.gs	1	0	gs\spells.gs	Ice Bolt	28	39	spell-bolt-water
bureaucracy	spell	registered-by-operator	vanilla,patch302	gs\spells\bureaucracy.gs	1	0	gs\spells.gs	Bureaucracy	18	2	spell-bureaucracy
burning_skin	spell	registered-by-operator	gs5r3	gs\spells\FIRE\burning_skin.gs	1	0	gs\spells.gs	Burning Skin	25	20	spell-burning-skin
burnskin	spell	registered-by-operator	vanilla,patch302	gs\spells\burnskin.gs	1	0	gs\spells.gs	Burning Skin	20	16	spell-burnskin
cauterize	spell	registered-by-operator	vanilla,patch302	gs\spells\cauterize.gs	1	0	gs\spells.gs	Cauterize Wounds	17	12	spell-cauterize
chain_lightning	spell	registered-by-operator	gs5r3	gs\spells\AIR\chain_lightning.gs	1	0	gs\spells.gs	Chain Lightning	28	12	spell-chain-lightning
change_of_fate	spell	registered-by-operator	gs5r3	gs\spells\CHAOS\change_of_fate.gs	1	0	gs\spells.gs	Change of Fate	24	10	spell-change-of-fate
chaos_detect	spell	registered-by-operator	vanilla,patch302	gs\spells\cdetect.gs	1	0	gs\spells.gs	Detect Order	18	5	spell-chaos-detect
chaos_dispell	spell	registered-by-operator	vanilla,patch302	gs\spells\cdispell.gs	1	0	gs\spells.gs	Dispel Magic	18	5	spell-chaos-dispell
chaos_telart	spell	registered-by-operator	vanilla,patch302	gs\spells\ctelart.gs	1	0	gs\spells.gs	Teleport Artifact	16	7	spell-chaos-telart
clay	spell	registered-by-operator	vanilla,patch302	gs\spells\clayearth.gs	1	0	gs\spells.gs	Clay Earth	16	8	spell-clay
clay_armor	spell	registered-by-operator	gs5r3	gs\spells\EARTH\clay_armor.gs	1	0	gs\spells.gs	Clay Armor	19	6	spell-clay-armor
cleansewounds	spell	registered-by-operator	vanilla,patch302	gs\spells\cleansewounds.gs	1	0	gs\spells.gs	Cleanse Wounds	17	9	spell-cleansewounds
cloud_of_steam	spell	registered-by-operator	vanilla,patch302,gs5r3	gs\spells\cloudsteam.gs	1	0	gs\spells.gs	Steam Cloud	20	16	spell-cloud-of-steam
cloud_of_war	spell	registered-by-operator	gs5r3	gs\spells\AIR\cloud_of_war.gs	1	0	gs\spells.gs	Cloud of War	24	14	spell-cloud-of-war
cloudwar	spell	registered-by-operator	vanilla,patch302	gs\spells\cloudwar.gs	1	0	gs\spells.gs	Cloud of War	19	10	spell-cloudwar
commune_with_nature	spell	registered-by-operator	gs5r3	gs\spells\LIFE\commune_with_nature.gs	1	0	gs\spells.gs	Commune with Nature	19	19	spell-commune-with-nature
cone_of_cold	spell	registered-by-operator	gs5r3	gs\spells\AIR\cone_of_cold.gs	1	0	gs\spells.gs	Cone of Cold	31	17	spell-cone-of-cold
conecold	spell	registered-by-operator	vanilla,patch302	gs\spells\conecold.gs	1	0	gs\spells.gs	Cone of Cold	25	15	spell-conecold
confusion	spell	registered-by-operator	vanilla,patch302,gs5r3	gs\spells\confusion.gs	1	0	gs\spells.gs	Confusion	17	18	spell-confusion
cracked_armor	spell	registered-by-operator	gs5r3	gs\spells\_custom\cracked_armor.gs	1	0	gs\spells.gs	Cracked Armor	21	11	spell-cracked-armor
crash	spell	registered-by-operator	vanilla,patch302	gs\spells\crash.gs	1	0	gs\spells.gs	Crash	18	22	spell-crash
createplain	spell	registered-by-operator	vanilla,patch302	gs\spells\createpl.gs	1	0	gs\spells.gs	Create Plain	16	7	spell-createplain
createriver	spell	registered-by-operator	vanilla,patch302	gs\spells\createri.gs	1	0	gs\spells.gs	Make Land	16	6	spell-createriver
createrocks	spell	registered-by-operator	vanilla,patch302	gs\spells\createrock.gs	1	0	gs\spells.gs	Create Rocks	16	8	spell-createrocks
cripple	spell	registered-by-operator	gs5r3	gs\spells\_custom\cripple.gs	1	0	gs\spells.gs	Cripple	22	12	spell-cripple
crusade	spell	registered-by-operator	vanilla,patch302,gs5r3	gs\spells\crusade.gs	1	0	gs\spells.gs	Crusade	15	11	spell-crusade
cure_wounds	spell	registered-by-operator	vanilla,patch302,gs5r3	gs\spells\curewound.gs	1	0	gs\spells.gs	Cure Wounds	20	23	spell-cure-wounds
curse	spell	registered-by-operator	vanilla,patch302	gs\spells\curse.gs	1	0	gs\spells.gs	Curse	24	29	spell-curse
dark_shadow	spell	registered-by-operator	gs5r3	gs\spells\DEATH\dark_shadow.gs	1	0	gs\spells.gs	Dark Shadow	22	5	spell-dark-shadow
dcave	spell	registered-by-operator	vanilla,patch302	gs\spells\detectcave.gs	1	0	gs\spells.gs	Detect Cave	18	8	spell-dcave
death_detect	spell	registered-by-operator	vanilla,patch302	gs\spells\ddetect.gs	1	0	gs\spells.gs	Detect Life	18	8	spell-death-detect
death_dispell	spell	registered-by-operator	vanilla,patch302	gs\spells\ddispell.gs	1	0	gs\spells.gs	Dispel Magic	16	8	spell-death-dispell
death_telart	spell	registered-by-operator	vanilla,patch302	gs\spells\dtelart.gs	1	0	gs\spells.gs	Teleport Artifact	16	10	spell-death-telart
death_touch	spell	registered-by-operator	gs5r3	gs\spells\DEATH\death_touch.gs	1	0	gs\spells.gs	Touch of Death	19	6	spell-death-touch
decay	spell	registered-by-operator	vanilla,patch302,gs5r3	gs\spells\decay.gs	1	0	gs\spells.gs	Decay	22	21	spell-decay
decoy	spell	registered-by-operator	gs5r3	gs\spells\WATER\decoy.gs	1	0	gs\spells.gs	Decoy	21	3	spell-decoy
deep_wounds	spell	registered-by-operator	gs5r3	gs\spells\_custom\deep_wounds.gs	1	0	gs\spells.gs	Deep Wounds	24	11	spell-deep-wounds
destruction	spell	registered-by-operator	gs5r3	gs\spells\CHAOS\destruction.gs	1	0	gs\spells.gs	Destruction	28	11	spell-destruction
detect_air	spell	registered-by-operator	gs5r3	gs\spells\AIR\detect_air.gs	1	0	gs\spells.gs	Detect Earth	29	19	spell-detect-air
detect_cave	spell	registered-by-operator	gs5r3	gs\spells\EARTH\detect_cave.gs	1	0	gs\spells.gs	Detect Cave	20	9	spell-detect-cave
detect_chaos	spell	registered-by-operator	gs5r3	gs\spells\CHAOS\detect_chaos.gs	1	0	gs\spells.gs	Detect Order	29	13	spell-detect-chaos
detect_death	spell	registered-by-operator	gs5r3	gs\spells\DEATH\detect_death.gs	1	0	gs\spells.gs	Detect Life	29	23	spell-detect-death
detect_earth	spell	registered-by-operator	gs5r3	gs\spells\EARTH\detect_earth.gs	1	0	gs\spells.gs	Detect Air	29	19	spell-detect-earth
detect_fire	spell	registered-by-operator	gs5r3	gs\spells\FIRE\detect_fire.gs	1	0	gs\spells.gs	Detect Water	28	17	spell-detect-fire
detect_life	spell	registered-by-operator	gs5r3	gs\spells\LIFE\detect_life.gs	1	0	gs\spells.gs	Detect Death	29	19	spell-detect-life
detect_order	spell	registered-by-operator	gs5r3	gs\spells\ORDER\detect_order.gs	1	0	gs\spells.gs	Detect Chaos	29	16	spell-detect-order
detect_water	spell	registered-by-operator	gs5r3	gs\spells\WATER\detect_water.gs	1	0	gs\spells.gs	Detect Fire	29	16	spell-detect-water
disguise	spell	registered-by-operator	gs5r3	gs\spells\CHAOS\disguise.gs	1	0	gs\spells.gs	Disguise	20	13	spell-disguise
dispel_magic_air	spell	registered-by-operator	gs5r3	gs\spells\AIR\dispel_magic_air.gs	1	0	gs\spells.gs	Dispel Magic	20	13	spell-dispel-magic-air
dispel_magic_chaos	spell	registered-by-operator	gs5r3	gs\spells\CHAOS\dispel_magic_chaos.gs	1	0	gs\spells.gs	Dispel Magic	20	16	spell-dispel-magic-chaos
dispel_magic_death	spell	registered-by-operator	gs5r3	gs\spells\DEATH\dispel_magic_death.gs	1	0	gs\spells.gs	Dispel Magic	20	32	spell-dispel-magic-death
dispel_magic_earth	spell	registered-by-operator	gs5r3	gs\spells\EARTH\dispel_magic_earth.gs	1	0	gs\spells.gs	Dispel Magic	20	13	spell-dispel-magic-earth
dispel_magic_fire	spell	registered-by-operator	gs5r3	gs\spells\FIRE\dispel_magic_fire.gs	1	0	gs\spells.gs	Dispel Magic	20	14	spell-dispel-magic-fire
dispel_magic_life	spell	registered-by-operator	gs5r3	gs\spells\LIFE\dispel_magic_life.gs	1	0	gs\spells.gs	Dispel Magic	20	14	spell-dispel-magic-life
dispel_magic_order	spell	registered-by-operator	gs5r3	gs\spells\ORDER\dispel_magic_order.gs	1	0	gs\spells.gs	Dispel Magic	20	13	spell-dispel-magic-order
dispel_magic_water	spell	registered-by-operator	gs5r3	gs\spells\WATER\dispel_magic_water.gs	1	0	gs\spells.gs	Dispel Magic	20	14	spell-dispel-magic-water
dragon_breath	spell	registered-by-operator	gs5r3	gs\spells\dragon_breath.gs	1	0	gs\spells.gs	Dragon Breath	29	7	spell-dragon-breath
drowning	spell	registered-by-operator	vanilla,patch302,gs5r3	gs\spells\drowning.gs	1	0	gs\spells.gs	Drowning	23	5	spell-drowning
dshadows	spell	registered-by-operator	vanilla,patch302	gs\spells\darkshadow.gs	1	0	gs\spells.gs	Dark Shadow	21	12	spell-dshadows
eabind	spell	registered-by-operator	vanilla,patch302	gs\spells\eabind.gs	1	0	gs\spells.gs	Earth Bind	18	14	spell-eabind
eameld	spell	registered-by-operator	vanilla,patch302	gs\spells\eameld.gs	1	0	gs\spells.gs	Earth Meld	16	18	spell-eameld
earth_bind	spell	registered-by-operator	gs5r3	gs\spells\EARTH\earth_bind.gs	1	0	gs\spells.gs	Earth Bind	24	15	spell-earth-bind
earth_detect	spell	registered-by-operator	vanilla,patch302	gs\spells\edetect.gs	1	0	gs\spells.gs	Detect Air	18	5	spell-earth-detect
earth_dispell	spell	registered-by-operator	vanilla,patch302	gs\spells\edispell.gs	1	0	gs\spells.gs	Dispel Magic	16	5	spell-earth-dispell
earth_meld	spell	registered-by-operator	gs5r3	gs\spells\EARTH\earth_meld.gs	1	0	gs\spells.gs	Earth Meld	21	21	spell-earth-meld
earth_telart	spell	registered-by-operator	vanilla,patch302	gs\spells\etelart.gs	1	0	gs\spells.gs	Teleport Artifact	16	6	spell-earth-telart
earthquake	spell	registered-by-operator	gs5r3	gs\spells\EARTH\earthquake.gs	1	0	gs\spells.gs	Earthquake	25	12	spell-earthquake
embgolg	spell	registered-by-operator	vanilla,patch302	gs\spells\embgolg.gs	1	0	gs\spells.gs	Embrace of Golgotha	21	10	spell-embgolg
embrace_of_golgoth	spell	registered-by-operator	gs5r3	gs\spells\DEATH\embrace_of_golgoth.gs	1	0	gs\spells.gs	Embrace of Golgoth	35	22	spell-embrace-of-golgoth
enchant_weapon_air	spell	registered-by-operator	gs5r3	gs\spells\AIR\enchant_weapon_air.gs	1	0	gs\spells.gs	Sky Sabre	21	19	spell-enchant-weapon-air
enchant_weapon_chaos	spell	registered-by-operator	gs5r3	gs\spells\CHAOS\enchant_weapon_chaos.gs	1	0	gs\spells.gs	Chaotic Sabre	21	27	spell-enchant-weapon-chaos
enchant_weapon_death	spell	registered-by-operator	gs5r3	gs\spells\DEATH\enchant_weapon_death.gs	1	0	gs\spells.gs	Dark Sabre	21	20	spell-enchant-weapon-death
enchant_weapon_earth	spell	registered-by-operator	gs5r3	gs\spells\EARTH\enchant_weapon_earth.gs	1	0	gs\spells.gs	Diamond Sabre	21	27	spell-enchant-weapon-earth
enchant_weapon_fire	spell	registered-by-operator	gs5r3	gs\spells\FIRE\enchant_weapon_fire.gs	1	0	gs\spells.gs	Lava Sabre	21	18	spell-enchant-weapon-fire
enchant_weapon_life	spell	registered-by-operator	gs5r3	gs\spells\LIFE\enchant_weapon_life.gs	1	0	gs\spells.gs	Holy Sabre	21	29	spell-enchant-weapon-life
enchant_weapon_order	spell	registered-by-operator	gs5r3	gs\spells\ORDER\enchant_weapon_order.gs	1	0	gs\spells.gs	Lawful Sabre	21	22	spell-enchant-weapon-order
enchant_weapon_water	spell	registered-by-operator	gs5r3	gs\spells\WATER\enchant_weapon_water.gs	1	0	gs\spells.gs	Rain Sabre	21	18	spell-enchant-weapon-water
entangle	spell	registered-by-operator	vanilla,patch302,gs5r3	gs\spells\entangle.gs	1	0	gs\spells.gs	Entanglement	21	18	spell-entangle
equake	spell	registered-by-operator	vanilla,patch302	gs\spells\equake.gs	1	0	gs\spells.gs	Earthquake	18	6	spell-equake
erosion	spell	registered-by-operator	gs5r3	gs\spells\WATER\erosion.gs	1	0	gs\spells.gs	Erosion	22	12	spell-erosion
ether_gauze	spell	registered-by-operator	vanilla,patch302	gs\spells\ethergauze.gs	1	0	gs\spells.gs	Ether Gauze	17	6	spell-ether-gauze
explode	spell	registered-by-operator	gs5r3	gs\spells\FIRE\explode.gs	1	0	gs\spells.gs	Explode	23	5	spell-explode
falcons_eye	spell	registered-by-operator	gs5r3	gs\spells\ORDER\falcons_eye.gs	1	0	gs\spells.gs	Falcon's Eye	19	16	spell-falcons-eye
faleye	spell	registered-by-operator	vanilla,patch302	gs\spells\faleye.gs	1	0	gs\spells.gs	Falcon's Eye	18	12	spell-faleye
fdart	spell	registered-by-operator	vanilla,patch302	gs\spells\fdart.gs	1	0	gs\spells.gs	Flame Dart	25	31	spell-fdart
feather_sword	spell	registered-by-operator	gs5r3	gs\spells\AIR\feather_sword.gs	1	0	gs\spells.gs	Feather Sword	23	9	spell-feather-sword
fire_breath	spell	registered-by-operator	vanilla,patch302	gs\spells\firebr.gs	1	0	gs\spells.gs	Fire breath	26	2	spell-fire-breath
fire_detect	spell	registered-by-operator	vanilla,patch302	gs\spells\fdetect.gs	1	0	gs\spells.gs	Detect Water	18	5	spell-fire-detect
fire_dispell	spell	registered-by-operator	vanilla,patch302	gs\spells\fdispell.gs	1	0	gs\spells.gs	Dispel Magic	16	5	spell-fire-dispell
fire_telart	spell	registered-by-operator	vanilla,patch302	gs\spells\ftelart.gs	1	0	gs\spells.gs	Teleport Artifact	16	6	spell-fire-telart
fireball	spell	registered-by-operator	vanilla,patch302,gs5r3	gs\spells\fireball.gs	1	0	gs\spells.gs	Fireball	24	27	spell-fireball
fireheal	spell	registered-by-operator	vanilla,patch302	gs\spells\fireheal.gs	1	0	gs\spells.gs	Fireheal	22	2	spell-fireheal
fireworks	spell	registered-by-operator	vanilla,patch302,gs5r3	gs\spells\fireworks.gs	1	0	gs\spells.gs	Fireworks	20	10	spell-fireworks
firstaid	spell	registered-by-operator	vanilla,patch302	gs\spells\firstaid.gs	1	0	gs\spells.gs	First Aid	17	9	spell-firstaid
flame_arrows	spell	registered-by-operator	gs5r3	gs\spells\FIRE\flame_arrows.gs	1	0	gs\spells.gs	Flame Arrows	31	20	spell-flame-arrows
flarrow	spell	registered-by-operator	vanilla,patch302	gs\spells\flarrow.gs	1	0	gs\spells.gs	Flame Arrow	24	17	spell-flarrow
flood	spell	registered-by-operator	gs5r3	gs\spells\WATER\flood.gs	1	0	gs\spells.gs	Flood	26	10	spell-flood
fog	spell	registered-by-operator	vanilla,patch302,gs5r3	gs\spells\fog.gs	1	0	gs\spells.gs	fog	19	7	spell-fog
formrch	spell	registered-by-operator	vanilla,patch302	gs\spells\forcmrch.gs	1	0	gs\spells.gs	Forced March	16	9	spell-formrch
freeze	spell	registered-by-operator	vanilla,patch302,gs5r3	gs\spells\freeze.gs	1	0	gs\spells.gs	Freeze	20	15	spell-freeze
frenzy	spell	registered-by-operator	vanilla,patch302,gs5r3	gs\spells\frenzy.gs	1	0	gs\spells.gs	Frenzy	18	17	spell-frenzy
frost_breath	spell	registered-by-operator	vanilla,patch302	gs\spells\frostbr.gs	1	0	gs\spells.gs	Frost breath	26	2	spell-frost-breath
frozen_armor	spell	registered-by-operator	gs5r3	gs\spells\WATER\frozen_armor.gs	1	0	gs\spells.gs	Frozen Armor	22	6	spell-frozen-armor
fstorm	spell	registered-by-operator	vanilla,patch302	gs\spells\fstorm.gs	1	0	gs\spells.gs	Fire Storm	19	12	spell-fstorm
fsword	spell	registered-by-operator	vanilla,patch302	gs\spells\fsword.gs	1	0	gs\spells.gs	Flame Sword	17	19	spell-fsword
funmrch	spell	registered-by-operator	vanilla,patch302	gs\spells\Funmarch.gs	1	0	gs\spells.gs	Funeral March	17	16	spell-funmrch
fury	spell	registered-by-operator	vanilla,patch302	gs\spells\furyfire.gs	1	0	gs\spells.gs	Fury Fire	27	14	spell-fury
fury_fire	spell	registered-by-operator	gs5r3	gs\spells\FIRE\fury_fire.gs	1	0	gs\spells.gs	Fury Fire	31	20	spell-fury-fire
gamble	spell	registered-by-operator	gs5r3	gs\spells\CHAOS\gamble.gs	1	0	gs\spells.gs	Gamble	21	24	spell-gamble
gen_missile	spell	registered-by-operator	gs5r3	gs\spells\_custom\gen_missile.gs	1	0	gs\spells.gs	Gen Missile	24	9	spell-gen-missile
gift_of_life	spell	registered-by-operator	gs5r3	gs\spells\WATER\gift_of_life.gs	1	0	gs\spells.gs	Gift of Life	33	34	spell-gift-of-life
giftolife	spell	registered-by-operator	vanilla,patch302	gs\spells\gifolife.gs	1	0	gs\spells.gs	Gift of Life	21	11	spell-giftolife
gold_rush	spell	registered-by-operator	vanilla,patch302,gs5r3	gs\spells\goldrush.gs	1	0	gs\spells.gs	Gold Rush	18	8	spell-gold-rush
golggift	spell	registered-by-operator	vanilla,patch302	gs\spells\golgift.gs	1	0	gs\spells.gs	Golgotha's Gift	25	29	spell-golggift
golgoths_gift	spell	registered-by-operator	gs5r3	gs\spells\DEATH\golgoths_gift.gs	1	0	gs\spells.gs	Golgoth's Gift	26	26	spell-golgoths-gift
guard_waves	spell	registered-by-operator	vanilla,patch302	gs\spells\guardwav.gs	1	0	gs\spells.gs	Guardian Waves	19	10	spell-guard-waves
guard_winds	spell	registered-by-operator	vanilla,patch302	gs\spells\guardwin.gs	1	0	gs\spells.gs	Guardian Winds	19	13	spell-guard-winds
guardian_waves	spell	registered-by-operator	gs5r3	gs\spells\WATER\guardian_waves.gs	1	0	gs\spells.gs	Guardian Waves	22	14	spell-guardian-waves
guardian_winds	spell	registered-by-operator	gs5r3	gs\spells\AIR\guardian_winds.gs	1	0	gs\spells.gs	Guardian Winds	23	30	spell-guardian-winds
hand_of_fate	spell	registered-by-operator	gs5r3	gs\spells\CHAOS\hand_of_fate.gs	1	0	gs\spells.gs	Hand of Fate	23	25	spell-hand-of-fate
handofate	spell	registered-by-operator	vanilla,patch302	gs\spells\handofate.gs	1	0	gs\spells.gs	Hand of Fate	18	27	spell-handofate
headwind	spell	registered-by-operator	vanilla,patch302,gs5r3	gs\spells\headwind.gs	1	0	gs\spells.gs	Head Wind	18	24	spell-headwind
heal	spell	registered-by-operator	vanilla,patch302	gs\spells\heal.gs	1	0	gs\spells.gs	Heal	20	25	spell-heal
heal_fire	spell	registered-by-operator	gs5r3	gs\spells\FIRE\heal_fire.gs	1	0	gs\spells.gs	Fireheal	30	21	spell-heal-fire
heal_life	spell	registered-by-operator	gs5r3	gs\spells\LIFE\heal_life.gs	1	0	gs\spells.gs	Heal	28	22	spell-heal-life
heal_self	spell	registered-by-operator	vanilla,patch302,gs5r3	gs\spells\healself.gs	1	0	gs\spells.gs	Heal Self	19	14	spell-heal-self
healing_waters	spell	registered-by-operator	gs5r3	gs\spells\WATER\healing_waters.gs	1	0	gs\spells.gs	Healing Waters	22	13	spell-healing-waters
healwater	spell	registered-by-operator	vanilla,patch302	gs\spells\healw.gs	1	0	gs\spells.gs	Healing Waters	20	9	spell-healwater
heat	spell	registered-by-operator	vanilla,patch302	gs\spells\heat2.gs	1	0	gs\spells.gs	Heat Metal	19	16	spell-heat
heat_metal	spell	registered-by-operator	gs5r3	gs\spells\FIRE\heat_metal.gs	1	0	gs\spells.gs	Heat Metal	24	23	spell-heat-metal
heat_shield	spell	registered-by-operator	vanilla,patch302,gs5r3	gs\spells\heatshil.gs	1	0	gs\spells.gs	Heat Shield	19	12	spell-heat-shield
heroic_demise	spell	registered-by-operator	vanilla,patch302,gs5r3	gs\spells\herodem.gs	1	0	gs\spells.gs	Heroic Demise	19	16	spell-heroic-demise
holy_ench	spell	registered-by-operator	vanilla,patch302	gs\spells\holyench.gs	1	0	gs\spells.gs	Holy Enchantment	19	7	spell-holy-ench
holy_enchantment	spell	registered-by-operator	gs5r3	gs\spells\LIFE\holy_enchantment.gs	1	0	gs\spells.gs	Holy Enchantment	22	10	spell-holy-enchantment
holy_ghost	spell	registered-by-operator	gs5r3	gs\spells\ORDER\holy_ghost.gs	1	0	gs\spells.gs	Holy Ghost	23	4	spell-holy-ghost
holy_visit	spell	registered-by-operator	vanilla,patch302,gs5r3	gs\spells\holyvis.gs	1	0	gs\spells.gs	Holy Visit	17	13	spell-holy-visit
hover	spell	registered-by-operator	vanilla,patch302	gs\spells\hover.gs	1	0	gs\spells.gs	Essence of the Wisp	17	15	spell-hover
hypothermia	spell	registered-by-operator	gs5r3	gs\spells\WATER\hypothermia.gs	1	0	gs\spells.gs	Hypothermia	25	6	spell-hypothermia
ice	spell	registered-by-operator	vanilla,patch302	gs\spells\ice.gs	1	0	gs\spells.gs	Ice	16	8	spell-ice
ice_comet	spell	registered-by-operator	gs5r3	gs\spells\WATER\ice_comet.gs	1	0	gs\spells.gs	Ice Comet	35	26	spell-ice-comet
icebolt	spell	registered-by-operator	vanilla,patch302	gs\spells\icebolt.gs	1	0	gs\spells.gs	Ice Bolt	24	28	spell-icebolt
icy_coffin	spell	registered-by-operator	gs5r3	gs\spells\WATER\icy_coffin.gs	1	0	gs\spells.gs	Icy Coffin	28	25	spell-icy-coffin
icycoff	spell	registered-by-operator	vanilla,patch302	gs\spells\icycoff.gs	1	0	gs\spells.gs	Icy Coffin	19	9	spell-icycoff
immolation	spell	registered-by-operator	gs5r3	gs\spells\FIRE\immolation.gs	1	0	gs\spells.gs	Immolation	27	25	spell-immolation
imolate	spell	registered-by-operator	vanilla,patch302	gs\spells\imolate.gs	1	0	gs\spells.gs	Immolation	19	23	spell-imolate
inferno	spell	registered-by-operator	vanilla,patch302,gs5r3	gs\spells\inferno.gs	1	0	gs\spells.gs	Inferno	22	11	spell-inferno
infest_cave	spell	registered-by-operator	gs5r3	gs\spells\DEATH\infest_cave.gs	1	0	gs\spells.gs	Spawn Cave	22	15	spell-infest-cave
inspire	spell	registered-by-operator	vanilla,patch302,gs5r3	gs\spells\inspire.gs	1	0	gs\spells.gs	Inspire	18	9	spell-inspire
invig	spell	registered-by-operator	vanilla,patch302	gs\spells\invig.gs	1	0	gs\spells.gs	Invigorate	16	8	spell-invig
invoke_fate	spell	registered-by-operator	vanilla,patch302,gs5r3	gs\spells\invokefa.gs	1	0	gs\spells.gs	Invoke Fate	18	8	spell-invoke-fate
invulnerability	spell	registered-by-operator	gs5r3	gs\spells\ORDER\invulnerability.gs	1	0	gs\spells.gs	Invulnerability	20	18	spell-invulnerability
iron_skin	spell	registered-by-operator	gs5r3	gs\spells\EARTH\iron_skin.gs	1	0	gs\spells.gs	Iron Skin	22	7	spell-iron-skin
justice	spell	registered-by-operator	vanilla,patch302,gs5r3	gs\spells\ribolt2.gs	1	0	gs\spells.gs	Justice	25	32	spell-justice
lavaflow	spell	registered-by-operator	vanilla,patch302	gs\spells\lavaflow.gs	1	0	gs\spells.gs	Lava Flow	16	7	spell-lavaflow
lcharge	spell	registered-by-operator	vanilla,patch302	gs\spells\lcharge.gs	1	0	gs\spells.gs	Lightning Charge	17	14	spell-lcharge
leader	spell	registered-by-operator	vanilla,patch302	gs\spells\leadership.gs	1	0	gs\spells.gs	Leadership	17	19	spell-leader
leadership	spell	registered-by-operator	gs5r3	gs\spells\ORDER\leadership.gs	1	0	gs\spells.gs	Leadership	22	24	spell-leadership
leeches	spell	registered-by-operator	vanilla,patch302,gs5r3	gs\spells\leeches.gs	1	0	gs\spells.gs	Leeches	16	2	spell-leeches
life_detect	spell	registered-by-operator	vanilla,patch302	gs\spells\ldetect.gs	1	0	gs\spells.gs	Detect Death	18	6	spell-life-detect
life_dispell	spell	registered-by-operator	vanilla,patch302	gs\spells\ldispell.gs	1	0	gs\spells.gs	Dispel Magic	18	6	spell-life-dispell
life_telart	spell	registered-by-operator	vanilla,patch302	gs\spells\ltelart.gs	1	0	gs\spells.gs	Teleport Artifact	16	6	spell-life-telart
light_rain	spell	registered-by-operator	gs5r3	gs\spells\WATER\light_rain.gs	1	0	gs\spells.gs	Light Rain	27	25	spell-light-rain
lightning_charge	spell	registered-by-operator	gs5r3	gs\spells\AIR\lightning_charge.gs	1	0	gs\spells.gs	Lightning Charge	21	17	spell-lightning-charge
lightning_spll	spell	registered-by-operator	vanilla,patch302	gs\spells\lightning.gs	1	0	gs\spells.gs	Lightning	19	23	spell-lightning-spll
lightrain	spell	registered-by-operator	vanilla,patch302	gs\spells\lightrain.gs	1	0	gs\spells.gs	Light Rain	19	16	spell-lightrain
locust	spell	registered-by-operator	vanilla,patch302,gs5r3	gs\spells\locust.gs	1	0	gs\spells.gs	Locust	21	15	spell-locust
locust_swarm	spell	registered-by-operator	gs5r3	gs\spells\DEATH\locust_swarm.gs	1	0	gs\spells.gs	Locust Swarm	35	27	spell-locust-swarm
lost_soul	spell	registered-by-operator	gs5r3	gs\spells\DEATH\lost_soul.gs	1	0	gs\spells.gs	Lost Soul	23	19	spell-lost-soul
lostsoul	spell	registered-by-operator	vanilla,patch302	gs\spells\lostsoul.gs	1	0	gs\spells.gs	Lost Soul	21	14	spell-lostsoul
lower_resistance_death	spell	registered-by-operator	gs5r3	gs\spells\DEATH\lower_resistance_death.gs	1	0	gs\spells.gs	Lower Resistance	22	4	spell-lower-resistance-death
march_air	spell	registered-by-operator	gs5r3	gs\spells\AIR\march_air.gs	1	0	gs\spells.gs	Windwalk	20	16	spell-march-air
march_chaos	spell	registered-by-operator	gs5r3	gs\spells\CHAOS\march_chaos.gs	1	0	gs\spells.gs	Wanderlust	20	13	spell-march-chaos
march_death	spell	registered-by-operator	gs5r3	gs\spells\DEATH\march_death.gs	1	0	gs\spells.gs	Funeral March	19	25	spell-march-death
march_earth	spell	registered-by-operator	gs5r3	gs\spells\EARTH\march_earth.gs	1	0	gs\spells.gs	Trailblaze	19	13	spell-march-earth
march_fire	spell	registered-by-operator	gs5r3	gs\spells\FIRE\march_fire.gs	1	0	gs\spells.gs	Wildfire	19	12	spell-march-fire
march_life	spell	registered-by-operator	gs5r3	gs\spells\LIFE\march_life.gs	1	0	gs\spells.gs	Nature Walk	19	15	spell-march-life
march_order	spell	registered-by-operator	gs5r3	gs\spells\ORDER\march_order.gs	1	0	gs\spells.gs	Forced March	19	16	spell-march-order
march_water	spell	registered-by-operator	gs5r3	gs\spells\WATER\march_water.gs	1	0	gs\spells.gs	Riptide	20	14	spell-march-water
meteor	spell	registered-by-operator	vanilla,patch302	gs\spells\meteor.gs	1	0	gs\spells.gs	Meteor Shower	18	7	spell-meteor
meteor_shower	spell	registered-by-operator	gs5r3	gs\spells\FIRE\meteor_shower.gs	1	0	gs\spells.gs	Meteor Shower	27	12	spell-meteor-shower
mighty_blow	spell	registered-by-operator	gs5r3	gs\spells\EARTH\mighty_blow.gs	1	0	gs\spells.gs	Mighty Blow	20	11	spell-mighty-blow
mind_control	spell	registered-by-operator	gs5r3	gs\spells\ORDER\mind_control.gs	1	0	gs\spells.gs	Mind Control	21	5	spell-mind-control
minor_fate	spell	registered-by-operator	gs5r3	gs\spells\CHAOS\minor_fate.gs	1	0	gs\spells.gs	Minor Fate	19	9	spell-minor-fate
minor_rust	spell	registered-by-operator	gs5r3	gs\spells\WATER\minor_rust.gs	1	0	gs\spells.gs	Minor Rust	22	16	spell-minor-rust
minorust	spell	registered-by-operator	vanilla,patch302	gs\spells\minorust.gs	1	0	gs\spells.gs	Minor Rust	18	1	spell-minorust
missile_protection	spell	registered-by-operator	gs5r3	gs\spells\LIFE\missile_protection.gs	1	0	gs\spells.gs	Missile Protection	21	25	spell-missile-protection
morale	spell	registered-by-operator	vanilla,patch302,gs5r3	gs\spells\morale.gs	1	0	gs\spells.gs	Morale	18	4	spell-morale
morphdwarf	spell	registered-by-operator	vanilla,patch302	gs\spells\polydwarf.gs	1	0	gs\spells.gs	Disguise	19	4	spell-morphdwarf
morpho	spell	registered-by-operator	vanilla,patch302	gs\spells\polyother.gs	1	0	gs\spells.gs	Polymorph Other	20	31	spell-morpho
morphs	spell	registered-by-operator	vanilla,patch302	gs\spells\polyself.gs	1	0	gs\spells.gs	Polymorph Self	19	26	spell-morphs
mud_slide	spell	registered-by-operator	gs5r3	gs\spells\EARTH\mud_slide.gs	1	0	gs\spells.gs	Mud Slide	23	9	spell-mud-slide
multi_shot	spell	registered-by-operator	gs5r3	gs\spells\_custom\multi_shot.gs	1	0	gs\spells.gs	Multi Shot	26	36	spell-multi-shot
neutralize	spell	registered-by-operator	gs5r3	gs\spells\ORDER\neutralize.gs	1	0	gs\spells.gs	Neutralize	27	7	spell-neutralize
order_detect	spell	registered-by-operator	vanilla,patch302	gs\spells\odetect.gs	1	0	gs\spells.gs	Detect Chaos	18	5	spell-order-detect
order_dispell	spell	registered-by-operator	vanilla,patch302	gs\spells\odispell.gs	1	0	gs\spells.gs	Dispel Magic	18	5	spell-order-dispell
order_seer	spell	registered-by-operator	vanilla,patch302	gs\spells\order_seer.gs	1	0	gs\spells.gs	Seer	18	6	spell-order-seer
order_telart	spell	registered-by-operator	vanilla,patch302	gs\spells\otelart.gs	1	0	gs\spells.gs	Teleport Artifact	16	6	spell-order-telart
pacify	spell	registered-by-operator	gs5r3	gs\spells\LIFE\pacify.gs	1	0	gs\spells.gs	Pacify	24	23	spell-pacify
pestilence	spell	registered-by-operator	vanilla,patch302	gs\spells\pestilence.gs	1	0	gs\spells.gs	Pestilence	23	11	spell-pestilence
petrify	spell	registered-by-operator	vanilla,patch302,gs5r3	gs\spells\petrify.gs	1	0	gs\spells.gs	Petrify	19	5	spell-petrify
phoenix_grace	spell	registered-by-operator	gs5r3	gs\spells\LIFE\phoenix_grace.gs	1	0	gs\spells.gs	Grace of the Phoenix	18	8	spell-phoenix-grace
pixies	spell	registered-by-operator	vanilla,patch302,gs5r3	gs\spells\pixies.gs	1	0	gs\spells.gs	Pixies	24	4	spell-pixies
poison	spell	registered-by-operator	gs5r3	gs\spells\DEATH\poison.gs	1	0	gs\spells.gs	Poison	25	29	spell-poison
poison_cloud	spell	registered-by-operator	vanilla,patch302,gs5r3	gs\spells\poiscld.gs	1	0	gs\spells.gs	Poison Cloud	23	12	spell-poison-cloud
poltice	spell	registered-by-operator	vanilla,patch302	gs\spells\poltice.gs	1	0	gs\spells.gs	Poultice	17	6	spell-poltice
polymorph_other	spell	registered-by-operator	gs5r3	gs\spells\CHAOS\polymorph_other.gs	1	0	gs\spells.gs	Polymorph Other	28	38	spell-polymorph-other
polymorph_self	spell	registered-by-operator	gs5r3	gs\spells\CHAOS\polymorph_self.gs	1	0	gs\spells.gs	Polymorph Self	30	34	spell-polymorph-self
possession	spell	registered-by-operator	vanilla,patch302,gs5r3	gs\spells\possession.gs	1	0	gs\spells.gs	Possession	17	19	spell-possession
potion_dexterity	spell	registered-by-operator	gs5r3	gs\spells\potion_dexterity.gs	1	0	gs\spells.gs	Potion of Dexterity	25	29	spell-potion-dexterity
potion_health	spell	registered-by-operator	gs5r3	gs\spells\potion_health.gs	1	0	gs\spells.gs	Potion of Health	28	75	spell-potion-health
potion_luck	spell	registered-by-operator	gs5r3	gs\spells\potion_luck.gs	1	0	gs\spells.gs	Potion of Luck	23	14	spell-potion-luck
potion_mana	spell	registered-by-operator	gs5r3	gs\spells\potion_mana.gs	1	0	gs\spells.gs	Potion of Mana	27	74	spell-potion-mana
potion_movement	spell	registered-by-operator	gs5r3	gs\spells\potion_movement.gs	1	0	gs\spells.gs	Potion of Movement	25	17	spell-potion-movement
potion_power	spell	registered-by-operator	gs5r3	gs\spells\potion_power.gs	1	0	gs\spells.gs	Potion of Power	23	25	spell-potion-power
potion_rejuvenation	spell	registered-by-operator	gs5r3	gs\spells\potion_rejuvenation.gs	1	0	gs\spells.gs	Potion of Rejuvenation	22	16	spell-potion-rejuvenation
potion_resistance	spell	registered-by-operator	gs5r3	gs\spells\potion_resistance.gs	1	0	gs\spells.gs	Potion of Resistance	24	25	spell-potion-resistance
potion_strength	spell	registered-by-operator	gs5r3	gs\spells\potion_strength.gs	1	0	gs\spells.gs	Potion of Strength	25	29	spell-potion-strength
potion_wisdom	spell	registered-by-operator	gs5r3	gs\spells\potion_wisdom.gs	1	0	gs\spells.gs	Potion of Wisdom	25	34	spell-potion-wisdom
potiond	spell	registered-by-operator	vanilla,patch302	gs\spells\potiond.gs	1	0	gs\spells.gs	Potion of Dexterity	19	4	spell-potiond
potionh	spell	registered-by-operator	vanilla,patch302	gs\spells\potionh.gs	1	0	gs\spells.gs	Potion of Healing	20	6	spell-potionh
potionm	spell	registered-by-operator	vanilla,patch302	gs\spells\potionm.gs	1	0	gs\spells.gs	Potion of Mana	20	5	spell-potionm
potionr	spell	registered-by-operator	vanilla,patch302	gs\spells\potionr.gs	1	0	gs\spells.gs	Potion of Rejuvination	20	2	spell-potionr
potions	spell	registered-by-operator	vanilla,patch302	gs\spells\potions.gs	1	0	gs\spells.gs	Potion of Strength	19	4	spell-potions
primal_fear	spell	registered-by-operator	gs5r3	gs\spells\DEATH\primal_fear.gs	1	0	gs\spells.gs	Primal Fear	25	19	spell-primal-fear
primfear	spell	registered-by-operator	vanilla,patch302	gs\spells\primfear.gs	1	0	gs\spells.gs	Primal Fear	19	15	spell-primfear
prismatic_hand	spell	registered-by-operator	gs5r3	gs\spells\CHAOS\prismatic_hand.gs	1	0	gs\spells.gs	Prismatic Hand	23	8	spell-prismatic-hand
protect	spell	registered-by-operator	vanilla,patch302	gs\spells\protect.gs	1	0	gs\spells.gs	Protect	17	14	spell-protect
protection	spell	registered-by-operator	vanilla,patch302,gs5r3	gs\spells\protection.gs	1	0	gs\spells.gs	Protection	17	15	spell-protection
purgewounds	spell	registered-by-operator	vanilla,patch302	gs\spells\purgewounds.gs	1	0	gs\spells.gs	Purge Wounds	17	9	spell-purgewounds
purifywounds	spell	registered-by-operator	vanilla,patch302	gs\spells\purifywounds.gs	1	0	gs\spells.gs	Purify Wounds	17	12	spell-purifywounds
qsilver	spell	registered-by-operator	vanilla,patch302	gs\spells\qsilver.gs	1	0	gs\spells.gs	Quick Silver	17	15	spell-qsilver
quick_silver	spell	registered-by-operator	gs5r3	gs\spells\WATER\quick_silver.gs	1	0	gs\spells.gs	Quick Silver	24	23	spell-quick-silver
raise_elevation	spell	registered-by-operator	gs5r3	gs\spells\EARTH\raise_elevation.gs	1	0	gs\spells.gs	Raise Elevation	20	4	spell-raise-elevation
raise_frozen_shade	spell	registered-by-operator	gs5r3	gs\spells\AIR\raise_frozen_shade.gs	1	0	gs\spells.gs	Raise Frozen Shade	18	13	spell-raise-frozen-shade
raise_shade	spell	registered-by-operator	gs5r3	gs\spells\DEATH\raise_shade.gs	1	0	gs\spells.gs	Raise Shade	18	28	spell-raise-shade
raise_skeleton	spell	registered-by-operator	gs5r3	gs\spells\DEATH\raise_skeleton.gs	1	0	gs\spells.gs	Raise Skeleton	23	30	spell-raise-skeleton
raise_zombie	spell	registered-by-operator	gs5r3	gs\spells\DEATH\raise_zombie.gs	1	0	gs\spells.gs	Raise Zombie	18	26	spell-raise-zombie
random_bolt	spell	registered-by-operator	gs5r3	gs\spells\CHAOS\random_bolt.gs	1	0	gs\spells.gs	Chaos Bolt	20	35	spell-random-bolt
randomi	spell	registered-by-operator	vanilla,patch302	gs\spells\randomi.gs	1	0	gs\spells.gs	Minor Fate	17	10	spell-randomi
rangers_vision	spell	registered-by-operator	gs5r3	gs\spells\EARTH\rangers_vision.gs	1	0	gs\spells.gs	Ranger's Vision	19	14	spell-rangers-vision
rangvis	spell	registered-by-operator	vanilla,patch302	gs\spells\rangvis.gs	1	0	gs\spells.gs	Ranger's Vision	20	8	spell-rangvis
ray_of_hope	spell	registered-by-operator	gs5r3	gs\spells\LIFE\ray_of_hope.gs	1	0	gs\spells.gs	Ray of Hope	34	13	spell-ray-of-hope
rayohope	spell	registered-by-operator	vanilla,patch302	gs\spells\Rayhope.gs	1	0	gs\spells.gs	Ray of Hope	21	20	spell-rayohope
recon	spell	registered-by-operator	vanilla,patch302	gs\spells\recon.gs	1	0	gs\spells.gs	Commune with Nature	18	18	spell-recon
recover_air	spell	registered-by-operator	gs5r3	gs\spells\AIR\recover_air.gs	1	0	gs\spells.gs	Ether Gauze	22	24	spell-recover-air
recover_chaos	spell	registered-by-operator	gs5r3	gs\spells\CHAOS\recover_chaos.gs	1	0	gs\spells.gs	Tourniquet	23	32	spell-recover-chaos
recover_death	spell	registered-by-operator	gs5r3	gs\spells\DEATH\recover_death.gs	1	0	gs\spells.gs	Purge Wounds	22	26	spell-recover-death
recover_earth	spell	registered-by-operator	gs5r3	gs\spells\EARTH\recover_earth.gs	1	0	gs\spells.gs	Poultice	22	24	spell-recover-earth
recover_fire	spell	registered-by-operator	gs5r3	gs\spells\FIRE\recover_fire.gs	1	0	gs\spells.gs	Cauterize Wounds	22	27	spell-recover-fire
recover_life	spell	registered-by-operator	gs5r3	gs\spells\LIFE\recover_life.gs	1	0	gs\spells.gs	Purify Wounds	22	30	spell-recover-life
recover_order	spell	registered-by-operator	gs5r3	gs\spells\ORDER\recover_order.gs	1	0	gs\spells.gs	First Aid	22	27	spell-recover-order
recover_water	spell	registered-by-operator	gs5r3	gs\spells\WATER\recover_water.gs	1	0	gs\spells.gs	Cleanse Wounds	22	26	spell-recover-water
reflect_missile	spell	registered-by-operator	gs5r3	gs\spells\_custom\reflect_missile.gs	1	0	gs\spells.gs	Reflect Missile	26	8	spell-reflect-missile
reflect_shield	spell	registered-by-operator	vanilla,patch302	gs\spells\reflctsh.gs	1	0	gs\spells.gs	Reflection Shield	19	17	spell-reflect-shield
reflection_shield	spell	registered-by-operator	gs5r3	gs\spells\ORDER\reflection_shield.gs	1	0	gs\spells.gs	Reflection Shield	22	22	spell-reflection-shield
regen	spell	registered-by-operator	vanilla,patch302	gs\spells\regen.gs	1	0	gs\spells.gs	Regeneration	22	15	spell-regen
regen3	spell	registered-by-operator	vanilla,patch302	gs\spells\regen3.gs	1	0	gs\spells.gs	Regeneration 3 Seconds	20	1	spell-regen3
regen7	spell	registered-by-operator	vanilla,patch302	gs\spells\regen7.gs	1	0	gs\spells.gs	Regeneration 7 Seconds	20	1	spell-regen7
regenerate_army	spell	registered-by-operator	gs5r3	gs\spells\LIFE\regenerate_army.gs	1	0	gs\spells.gs	Regenerate Army	28	15	spell-regenerate-army
regenerate_life	spell	registered-by-operator	gs5r3	gs\spells\LIFE\regenerate_life.gs	1	0	gs\spells.gs	Regeneration	30	27	spell-regenerate-life
rein	spell	registered-by-operator	vanilla,patch302	gs\spells\reincar.gs	1	0	gs\spells.gs	Reincarnation	18	8	spell-rein
reincarnation	spell	registered-by-operator	gs5r3	gs\spells\CHAOS\reincarnation.gs	1	0	gs\spells.gs	Reincarnation	21	35	spell-reincarnation
relocarm	spell	registered-by-operator	vanilla,patch302	gs\spells\relocarm.gs	1	0	gs\spells.gs	Relocate army	14	6	spell-relocarm
relocate_army	spell	registered-by-operator	gs5r3	gs\spells\relocate_army.gs	1	0	gs\spells.gs	Relocate army	16	10	spell-relocate-army
remove_impairments	spell	registered-by-operator	gs5r3	gs\spells\_custom\remove_impairments.gs	1	0	gs\spells.gs	Remove Impairments	20	6	spell-remove-impairments
resist_magic_order	spell	registered-by-operator	gs5r3	gs\spells\ORDER\resist_magic_order.gs	1	0	gs\spells.gs	Resist Magic	21	4	spell-resist-magic-order
resurrect	spell	registered-by-operator	vanilla,patch302,gs5r3	gs\spells\resrect.gs	1	0	gs\spells.gs	Resurrection	16	10	spell-resurrect
ribolt	spell	registered-by-operator	vanilla,patch302	gs\spells\ribolt.gs	1	0	gs\spells.gs	Righteous Bolt	24	28	spell-ribolt
ricause	spell	registered-by-operator	vanilla,patch302	gs\spells\ricause.gs	1	0	gs\spells.gs	Righteous Cause	17	25	spell-ricause
righteous_cause	spell	registered-by-operator	gs5r3	gs\spells\ORDER\righteous_cause.gs	1	0	gs\spells.gs	Righteous Cause	24	40	spell-righteous-cause
ring_of_anything	spell	registered-by-operator	vanilla,patch302	gs\spells\ringofany.gs	1	0	gs\spells.gs	Ring of Anything	20	10	spell-ring-of-anything
riptide	spell	registered-by-operator	vanilla,patch302	gs\spells\riptide.gs	1	0	gs\spells.gs	Riptide	16	7	spell-riptide
roccapotion	spell	registered-by-operator	vanilla,patch302	gs\spells\roccapotion.gs	1	0	gs\spells.gs	Rocca's Potion	20	2	spell-roccapotion
rocksling	spell	registered-by-operator	vanilla,patch302	gs\spells\rocksling.gs	1	0	gs\spells.gs	Rocksling	23	20	spell-rocksling
roulette	spell	registered-by-operator	gs5r3	gs\spells\CHAOS\roulette.gs	1	0	gs\spells.gs	Roulette	20	23	spell-roulette
rust	spell	registered-by-operator	vanilla,patch302,gs5r3	gs\spells\rust.gs	1	0	gs\spells.gs	Rust	19	18	spell-rust
sanctuary	spell	registered-by-operator	vanilla,patch302,gs5r3	gs\spells\sanctu.gs	1	0	gs\spells.gs	Sanctuary	19	7	spell-sanctuary
sands_of_sleep	spell	registered-by-operator	gs5r3	gs\spells\EARTH\sands_of_sleep.gs	1	0	gs\spells.gs	Sands of Sleep	24	33	spell-sands-of-sleep
sandst	spell	registered-by-operator	vanilla,patch302	gs\spells\sandst.gs	1	0	gs\spells.gs	Sand Storm	21	8	spell-sandst
scald	spell	registered-by-operator	vanilla,patch302	gs\spells\scald.gs	1	0	gs\spells.gs	Scald	22	7	spell-scald
seer_air	spell	registered-by-operator	gs5r3	gs\spells\AIR\seer_air.gs	1	0	gs\spells.gs	Seer	25	10	spell-seer-air
seer_chaos	spell	registered-by-operator	gs5r3	gs\spells\CHAOS\seer_chaos.gs	1	0	gs\spells.gs	Seer	22	9	spell-seer-chaos
seer_death	spell	registered-by-operator	gs5r3	gs\spells\DEATH\seer_death.gs	1	0	gs\spells.gs	Seer	22	9	spell-seer-death
seer_earth	spell	registered-by-operator	gs5r3	gs\spells\EARTH\seer_earth.gs	1	0	gs\spells.gs	Seer	22	9	spell-seer-earth
seer_fire	spell	registered-by-operator	gs5r3	gs\spells\FIRE\seer_fire.gs	1	0	gs\spells.gs	Seer	22	9	spell-seer-fire
seer_life	spell	registered-by-operator	gs5r3	gs\spells\LIFE\seer_life.gs	1	0	gs\spells.gs	Seer	22	8	spell-seer-life
seer_order	spell	registered-by-operator	gs5r3	gs\spells\ORDER\seer_order.gs	1	0	gs\spells.gs	Seer	25	10	spell-seer-order
seer_water	spell	registered-by-operator	gs5r3	gs\spells\WATER\seer_water.gs	1	0	gs\spells.gs	Seer	25	10	spell-seer-water
shade	spell	registered-by-operator	vanilla,patch302	gs\spells\raisshad.gs	1	0	gs\spells.gs	Raise Shade	16	19	spell-shade
shaken	spell	registered-by-operator	gs5r3	gs\spells\_custom\shaken.gs	1	0	gs\spells.gs	Shaken	21	8	spell-shaken
shands	spell	registered-by-operator	vanilla,patch302	gs\spells\shands.gs	1	0	gs\spells.gs	Stone Hands	17	21	spell-shands
shim_veil	spell	registered-by-operator	vanilla,patch302	gs\spells\shimveil.gs	1	0	gs\spells.gs	Shimmering Veil	17	10	spell-shim-veil
shimmering_veil	spell	registered-by-operator	gs5r3	gs\spells\CHAOS\shimmering_veil.gs	1	0	gs\spells.gs	Shimmering Veil	25	18	spell-shimmering-veil
skel	spell	registered-by-operator	vanilla,patch302	gs\spells\raisskel.gs	1	0	gs\spells.gs	Raise Skeleton	16	21	spell-skel
sleep	spell	registered-by-operator	vanilla,patch302	gs\spells\sleep.gs	1	0	gs\spells.gs	Sands of Sleep	21	17	spell-sleep
slow	spell	registered-by-operator	vanilla,patch302,gs5r3	gs\spells\slow.gs	1	0	gs\spells.gs	Slow	17	23	spell-slow
spark	spell	registered-by-operator	vanilla,patch302,gs5r3	gs\spells\spark.gs	1	0	gs\spells.gs	Flame Dart	21	1	spell-spark
sparrow	spell	registered-by-operator	vanilla,patch302	gs\spells\sparrow.gs	1	0	gs\spells.gs	Spirit Arrow	24	31	spell-sparrow
spawn	spell	registered-by-operator	vanilla,patch302	gs\spells\spawn.gs	1	0	gs\spells.gs	Spawn Cave	19	10	spell-spawn
spawn_mushroom	spell	registered-by-operator	gs5r3	gs\spells\EARTH\spawn_mushroom.gs	1	0	gs\spells.gs	Spawn Mushroom	20	1	spell-spawn-mushroom
spider_web	spell	registered-by-operator	vanilla,patch302,gs5r3	gs\spells\spideweb.gs	1	0	gs\spells.gs	Spider Web	28	2	spell-spider-web
spirit	spell	registered-by-operator	vanilla,patch302	gs\spells\spirt.gs	1	0	gs\spells.gs	Summon Spirit Warrior	16	17	spell-spirit
stone_hands	spell	registered-by-operator	gs5r3	gs\spells\EARTH\stone_hands.gs	1	0	gs\spells.gs	Stone Hands	22	24	spell-stone-hands
stone_skin	spell	registered-by-operator	gs5r3	gs\spells\EARTH\stone_skin.gs	1	0	gs\spells.gs	Stone Skin	22	26	spell-stone-skin
stone_touch	spell	registered-by-operator	gs5r3	gs\spells\EARTH\stone_touch.gs	1	0	gs\spells.gs	Stone Touch	21	8	spell-stone-touch
stoneskin	spell	registered-by-operator	vanilla,patch302	gs\spells\stoneskin.gs	1	0	gs\spells.gs	Stone Skin	17	17	spell-stoneskin
strength_death	spell	registered-by-operator	gs5r3	gs\spells\DEATH\strength_death.gs	1	0	gs\spells.gs	Unholy Strength	22	28	spell-strength-death
strength_fire	spell	registered-by-operator	gs5r3	gs\spells\FIRE\strength_fire.gs	1	0	gs\spells.gs	Fire Giant Strength	24	20	spell-strength-fire
stun	spell	registered-by-operator	vanilla,patch302	gs\spells\stun.gs	1	0	gs\spells.gs	Stun	19	14	spell-stun
stun_spell	spell	registered-by-operator	gs5r3	gs\spells\AIR\stun_spell.gs	1	0	gs\spells.gs	Stun	22	29	spell-stun-spell
stunned	spell	registered-by-operator	gs5r3	gs\spells\_custom\stunned.gs	1	0	gs\spells.gs	Stunned	22	14	spell-stunned
summon_creature_air	spell	registered-by-operator	gs5r3	gs\spells\AIR\summon_creature_air.gs	1	0	gs\spells.gs	Summon Air Element	19	18	spell-summon-creature-air
summon_creature_chaos	spell	registered-by-operator	gs5r3	gs\spells\CHAOS\summon_creature_chaos.gs	1	0	gs\spells.gs	Summon Chaos Spirit	19	32	spell-summon-creature-chaos
summon_creature_earth	spell	registered-by-operator	gs5r3	gs\spells\EARTH\summon_creature_earth.gs	1	0	gs\spells.gs	Summon Earth Element	19	25	spell-summon-creature-earth
summon_creature_fire	spell	registered-by-operator	gs5r3	gs\spells\FIRE\summon_creature_fire.gs	1	0	gs\spells.gs	Summon Fire Element	19	16	spell-summon-creature-fire
summon_creature_life	spell	registered-by-operator	gs5r3	gs\spells\LIFE\summon_creature_life.gs	1	0	gs\spells.gs	Summon Life Spirit	19	18	spell-summon-creature-life
summon_creature_order	spell	registered-by-operator	gs5r3	gs\spells\ORDER\summon_creature_order.gs	1	0	gs\spells.gs	Summon Order Spirit	19	25	spell-summon-creature-order
summon_creature_water	spell	registered-by-operator	gs5r3	gs\spells\WATER\summon_creature_water.gs	1	0	gs\spells.gs	Call of the Water	20	16	spell-summon-creature-water
survey	spell	registered-by-operator	vanilla,patch302	gs\spells\survey.gs	1	0	gs\spells.gs	Survey	16	10	spell-survey
survey2	spell	registered-by-operator	vanilla,patch302	gs\spells\survey2.gs	1	0	gs\spells.gs	Restore Land	16	2	spell-survey2
swiftness	spell	registered-by-operator	vanilla,patch302,gs5r3	gs\spells\swiftness.gs	1	0	gs\spells.gs	Swiftness	17	16	spell-swiftness
teleport_artifact_air	spell	registered-by-operator	gs5r3	gs\spells\AIR\teleport_artifact_air.gs	1	0	gs\spells.gs	Teleport Artifact	17	11	spell-teleport-artifact-air
teleport_artifact_chaos	spell	registered-by-operator	gs5r3	gs\spells\CHAOS\teleport_artifact_chaos.gs	1	0	gs\spells.gs	Teleport Artifact	17	11	spell-teleport-artifact-chaos
teleport_artifact_death	spell	registered-by-operator	gs5r3	gs\spells\DEATH\teleport_artifact_death.gs	1	0	gs\spells.gs	Teleport Artifact	17	16	spell-teleport-artifact-death
teleport_artifact_earth	spell	registered-by-operator	gs5r3	gs\spells\EARTH\teleport_artifact_earth.gs	1	0	gs\spells.gs	Teleport Artifact	17	10	spell-teleport-artifact-earth
teleport_artifact_fire	spell	registered-by-operator	gs5r3	gs\spells\FIRE\teleport_artifact_fire.gs	1	0	gs\spells.gs	Teleport Artifact	17	10	spell-teleport-artifact-fire
teleport_artifact_life	spell	registered-by-operator	gs5r3	gs\spells\LIFE\teleport_artifact_life.gs	1	0	gs\spells.gs	Teleport Artifact	17	11	spell-teleport-artifact-life
teleport_artifact_order	spell	registered-by-operator	gs5r3	gs\spells\ORDER\teleport_artifact_order.gs	1	0	gs\spells.gs	Teleport Artifact	17	10	spell-teleport-artifact-order
teleport_artifact_water	spell	registered-by-operator	gs5r3	gs\spells\WATER\teleport_artifact_water.gs	1	0	gs\spells.gs	Teleport Artifact	17	11	spell-teleport-artifact-water
terrain_air	spell	registered-by-operator	gs5r3	gs\spells\AIR\terrain_air.gs	1	0	gs\spells.gs	Snow	25	10	spell-terrain-air
terrain_chaos	spell	registered-by-operator	gs5r3	gs\spells\CHAOS\terrain_chaos.gs	1	0	gs\spells.gs	Winds of Change	25	10	spell-terrain-chaos
terrain_death	spell	registered-by-operator	gs5r3	gs\spells\DEATH\terrain_death.gs	1	0	gs\spells.gs	Pestilence	24	14	spell-terrain-death
terrain_earth	spell	registered-by-operator	gs5r3	gs\spells\EARTH\terrain_earth.gs	1	0	gs\spells.gs	Clay Earth	24	10	spell-terrain-earth
terrain_fire	spell	registered-by-operator	gs5r3	gs\spells\FIRE\terrain_fire.gs	1	0	gs\spells.gs	Lava Flow	26	10	spell-terrain-fire
terrain_life	spell	registered-by-operator	gs5r3	gs\spells\LIFE\terrain_life.gs	1	0	gs\spells.gs	Create Plain	24	10	spell-terrain-life
terrain_order	spell	registered-by-operator	gs5r3	gs\spells\ORDER\terrain_order.gs	1	0	gs\spells.gs	Create Plain	25	13	spell-terrain-order
terrain_special	spell	registered-by-operator	gs5r3	gs\spells\ORDER\terrain_special.gs	1	0	gs\spells.gs	Restore Land	23	3	spell-terrain-special
terrain_water	spell	registered-by-operator	gs5r3	gs\spells\WATER\terrain_water.gs	1	0	gs\spells.gs	Make Land	24	9	spell-terrain-water
tin_armor	spell	registered-by-operator	gs5r3	gs\spells\CHAOS\tin_armor.gs	1	0	gs\spells.gs	Tin Armor	23	6	spell-tin-armor
trailblaze	spell	registered-by-operator	vanilla,patch302	gs\spells\trailblaze.gs	1	0	gs\spells.gs	Trailblaze	16	7	spell-trailblaze
transform_air	spell	registered-by-operator	gs5r3	gs\spells\AIR\transform_air.gs	1	0	gs\spells.gs	Draconic Transformation	25	17	spell-transform-air
transform_death	spell	registered-by-operator	gs5r3	gs\spells\DEATH\transform_death.gs	1	0	gs\spells.gs	Vampyric Transformation	25	19	spell-transform-death
transform_earth	spell	registered-by-operator	gs5r3	gs\spells\EARTH\transform_earth.gs	1	0	gs\spells.gs	Stoney Transformation	25	16	spell-transform-earth
transform_fire	spell	registered-by-operator	gs5r3	gs\spells\FIRE\transform_fire.gs	1	0	gs\spells.gs	Demonic Transformation	25	17	spell-transform-fire
tremor	spell	registered-by-operator	vanilla,patch302,gs5r3	gs\spells\tremor.gs	1	0	gs\spells.gs	Tremor	18	4	spell-tremor
trick	spell	registered-by-operator	gs5r3	gs\spells\EARTH\trick.gs	1	0	gs\spells.gs	Trick	20	9	spell-trick
tunnel	spell	registered-by-operator	gs5r3	gs\spells\tunnel.gs	1	0	gs\spells.gs	Tunnel	19	10	spell-tunnel
turn_to_stone	spell	registered-by-operator	gs5r3	gs\spells\EARTH\turn_to_stone.gs	1	0	gs\spells.gs	Turn to Stone	29	41	spell-turn-to-stone
turn_undead	spell	registered-by-operator	vanilla,patch302,gs5r3	gs\spells\turnundea.gs	1	0	gs\spells.gs	Turn Undead	18	15	spell-turn-undead
turnicate	spell	registered-by-operator	vanilla,patch302	gs\spells\turnicate.gs	1	0	gs\spells.gs	Tourniquet	17	7	spell-turnicate
turnstone	spell	registered-by-operator	vanilla,patch302	gs\spells\turn2ston.gs	1	0	gs\spells.gs	Turn to stone	20	16	spell-turnstone
unturn_undead	spell	registered-by-operator	gs5r3	gs\spells\DEATH\unturn_undead.gs	1	0	gs\spells.gs	Unturn Undead	23	11	spell-unturn-undead
unword	spell	registered-by-operator	vanilla,patch302	gs\spells\unword.gs	1	0	gs\spells.gs	Unholy Word	17	23	spell-unword
visage	spell	registered-by-operator	vanilla,patch302	gs\spells\visage.gs	1	0	gs\spells.gs	Visage of Horror	18	24	spell-visage
visage_of_horror	spell	registered-by-operator	gs5r3	gs\spells\DEATH\visage_of_horror.gs	1	0	gs\spells.gs	Visage of Horror	28	36	spell-visage-of-horror
vortex	spell	registered-by-operator	vanilla,patch302,gs5r3	gs\spells\vortex.gs	1	0	gs\spells.gs	Vortex	27	13	spell-vortex
walk	spell	registered-by-operator	vanilla,patch302	gs\spells\walkus.gs	1	0	gs\spells.gs	Walk Among Us	17	18	spell-walk
wanderlust	spell	registered-by-operator	vanilla,patch302	gs\spells\Wanderlust.gs	1	0	gs\spells.gs	Wanderlust	16	7	spell-wanderlust
watch_tower	spell	registered-by-operator	vanilla,patch302,gs5r3	gs\spells\watchtwr.gs	1	0	gs\spells.gs	Watch Tower	19	7	spell-watch-tower
water_detect	spell	registered-by-operator	vanilla,patch302	gs\spells\wdetect.gs	1	0	gs\spells.gs	Detect Fire	18	5	spell-water-detect
water_dispell	spell	registered-by-operator	vanilla,patch302	gs\spells\wdispell.gs	1	0	gs\spells.gs	Dispel Magic	16	5	spell-water-dispell
water_seer	spell	registered-by-operator	vanilla,patch302	gs\spells\water_seer.gs	1	0	gs\spells.gs	Seer	18	6	spell-water-seer
water_telart	spell	registered-by-operator	vanilla,patch302	gs\spells\wtelart.gs	1	0	gs\spells.gs	Teleport Artifact	16	10	spell-water-telart
weaken	spell	registered-by-operator	gs5r3	gs\spells\_custom\weaken.gs	1	0	gs\spells.gs	Weaken	21	12	spell-weaken
wheel	spell	registered-by-operator	vanilla,patch302	gs\spells\wheel.gs	1	0	gs\spells.gs	Wheel of Fortune	17	12	spell-wheel
whisper_of_the_waves	spell	registered-by-operator	gs5r3	gs\spells\WATER\whisper_of_the_waves.gs	1	0	gs\spells.gs	Whisper of the Waves	22	12	spell-whisper-of-the-waves
whiswave	spell	registered-by-operator	vanilla,patch302	gs\spells\fishes.gs	1	0	gs\spells.gs	Whisper of the Waves	18	8	spell-whiswave
wildfire	spell	registered-by-operator	vanilla,patch302	gs\spells\wildfire.gs	1	0	gs\spells.gs	Wildfire	16	6	spell-wildfire
wind_mills	spell	registered-by-operator	vanilla,patch302,gs5r3	gs\spells\windmill.gs	1	0	gs\spells.gs	Wind Mills	18	8	spell-wind-mills
windsoch	spell	registered-by-operator	vanilla,patch302	gs\spells\windsoch.gs	1	0	gs\spells.gs	Winds of Change	16	7	spell-windsoch
windwalk	spell	registered-by-operator	vanilla,patch302	gs\spells\windwalk.gs	1	0	gs\spells.gs	Windwalk	17	19	spell-windwalk
zaprad	spell	registered-by-operator	vanilla,patch302	gs\spells\zap_rad.gs	1	0	gs\spells.gs	Chain Lightning	20	14	spell-zaprad
aicav	unit	delimited-block	vanilla,patch302,gs5r3	units\aicav.gs	1	55	-	Windriders	40	27	unit-aicav
aicr1	unit	delimited-block	vanilla,patch302,gs5r3	units\aicr1.gs	1	0	-	Will o' wisp	45	38	unit-aicr1
aicr2	unit	delimited-block	vanilla,patch302,gs5r3	units\aicr2.gs	1	0	-	Air Elemental	45	26	unit-aicr2
aicr3	unit	delimited-block	vanilla,patch302,gs5r3	units\aicr3.gs	1	0	-	Thunder Drake	48	28	unit-aicr3
aicr4	unit	delimited-block	vanilla,patch302,gs5r3	units\aicr4.gs	1	0	-	Dragonfly	31	32	unit-aicr4
aicr5	unit	delimited-block	vanilla,patch302,gs5r3	units\aicr5.gs	1	0	-	-	48	25	unit-aicr5
aifit	unit	delimited-block	vanilla,patch302,gs5r3	units\aifit.gs	1	0	-	Storm Warrior	33	58	unit-aifit
aiinf	unit	delimited-block	vanilla,patch302,gs5r3	units\aiinf.gs	1	0	-	Eagles	36	14	unit-aiinf
aildf	unit	delimited-block	vanilla,patch302,gs5r3	units\aildf.gs	1	0	-	Storm Warlord	28	20	unit-aildf
aildt	unit	delimited-block	vanilla,patch302,gs5r3	units\aildt.gs	1	0	-	Faerie Lord	33	22	unit-aildt
aildw	unit	delimited-block	vanilla,patch302,gs5r3	units\aildw.gs	1	0	-	Storm Lord	31	28	unit-aildw
aimis	unit	delimited-block	vanilla,patch302,gs5r3	units\aimis.gs	1	0	-	Fae Slingers	41	34	unit-aimis
aishp	unit	delimited-block	vanilla,patch302,gs5r3	units\aishp.gs	1	0	-	Windjammer	37	8	unit-aishp
aithf	unit	delimited-block	vanilla,patch302,gs5r3	units\aithf.gs	1	0	-	Faerie Thief	40	42	unit-aithf
aiwiz	unit	delimited-block	vanilla,patch302,gs5r3	units\aiwiz.gs	1	0	-	Storm Sorcerer	38	66	unit-aiwiz
aiwm1	unit	delimited-block	vanilla,patch302,gs5r3	units\aiwm1.gs	1	0	-	Sprites	33	65	unit-aiwm1
aiwm2	unit	delimited-block	vanilla,patch302,gs5r3	units\aiwm2.gs	1	0	-	Tiger	29	64	unit-aiwm2
aiwm3	unit	delimited-block	vanilla,patch302,gs5r3	units\aiwm3.gs	1	0	-	Spear	26	8	unit-aiwm3
boat	unit	delimited-block	vanilla,patch302	File00001559.xxx	1	0	-	Boat	20	4	unit-boat
chcav	unit	delimited-block	vanilla,patch302,gs5r3	units\chcav.gs	1	55	-	Raiders	36	59	unit-chcav
chcr1	unit	delimited-block	vanilla,patch302,gs5r3	units\chcr1.gs	1	0	-	Goblins	43	46	unit-chcr1
chcr2	unit	delimited-block	vanilla,patch302,gs5r3	units\chcr2.gs	1	0	-	Ogre	44	61	unit-chcr2
chcr3	unit	delimited-block	vanilla,patch302,gs5r3	units\chcr3.gs	1	0	-	Cyclops	48	63	unit-chcr3
chcr4	unit	delimited-block	vanilla,patch302,gs5r3	units\chcr4.gs	1	0	-	Wild Cat	31	20	unit-chcr4
chcr5	unit	delimited-block	vanilla,patch302,gs5r3	units\chcr5.gs	1	0	-	-	44	12	unit-chcr5
chfit	unit	delimited-block	vanilla,patch302,gs5r3	units\chfit.gs	1	55	-	Beast Rider	36	97	unit-chfit
chinf	unit	delimited-block	vanilla,patch302,gs5r3	units\chinf.gs	1	0	-	Berserkers	35	46	unit-chinf
chld1	unit	delimited-block	gs5r3	units\chld1.gs	3	59	-	Orc Warlord	45	86	unit-chld1
chld2	unit	delimited-block	gs5r3	units\chld2.gs	1	0	-	Witch Lord	48	90	unit-chld2
chldf	unit	delimited-block	vanilla,patch302,gs5r3	units\chldf.gs	1	55	-	Beast Lord	29	30	unit-chldf
chldt	unit	delimited-block	vanilla,patch302,gs5r3	units\chldt.gs	1	0	-	Huntress Lord	32	29	unit-chldt
chldw	unit	delimited-block	vanilla,patch302,gs5r3	units\chldw.gs	1	0	-	Shaman Lord	31	32	unit-chldw
chmis	unit	delimited-block	vanilla,patch302,gs5r3	units\chmis.gs	1	0	-	Stickthrowers	40	53	unit-chmis
chshp	unit	delimited-block	vanilla,patch302,gs5r3	units\chshp.gs	1	0	-	Longboat	37	9	unit-chshp
chthf	unit	delimited-block	vanilla,patch302,gs5r3	units\chthf.gs	1	0	-	Huntress	39	44	unit-chthf
chwiz	unit	delimited-block	vanilla,patch302,gs5r3	units\chwiz.gs	1	0	-	Shaman	38	92	unit-chwiz
chwm1	unit	delimited-block	vanilla,patch302,gs5r3	units\chwm1.gs	1	0	-	Wolves	30	106	unit-chwm1
chwm2	unit	delimited-block	vanilla,patch302,gs5r3	units\chwm2.gs	1	0	-	Lions	30	44	unit-chwm2
chwmc	unit	delimited-block	vanilla,patch302,gs5r3	units\chwmc.gs	1	55	-	Wolfriders	31	134	unit-chwmc
chwmf	unit	delimited-block	vanilla,patch302,gs5r3	units\chwmf.gs	1	55	-	Orc Chieftain	31	181	unit-chwmf
chwmf2	unit	delimited-block	gs5r3	units\chfit2.gs	2	57	-	Orc Warrior	44	8	unit-chwmf2
chwmi	unit	delimited-block	vanilla,patch302,gs5r3	units\chwmi.gs	1	0	-	Orcs	30	210	unit-chwmi
chwmm	unit	delimited-block	vanilla,patch302,gs5r3	units\chwmm.gs	1	0	-	Goblin Archers	34	213	unit-chwmm
chwmm2	unit	delimited-block	vanilla,patch302,gs5r3	units\chwmm2.gs	1	0	-	Wild Men Archers	40	8	unit-chwmm2
chwmt	unit	delimited-block	vanilla,patch302	units\holdchwmt.gs	1	0	-	Wild Men Thief	36	8	unit-chwmt
chwmw	unit	delimited-block	vanilla,patch302,gs5r3	units\chwmw.gs	1	0	-	Witch	34	7	unit-chwmw
chwz2	unit	delimited-block	vanilla,patch302,gs5r3	units\chwz2.gs	1	0	-	Witch	44	79	unit-chwz2
chwz22	unit	delimited-block	gs5r3	units\chwiz2.gs	1	0	-	Transmuter	47	10	unit-chwz22
decav	unit	delimited-block	vanilla,patch302,gs5r3	gs\decav.gs	1	55	-	Dark Horsemen	20	50	unit-decav
decr1	unit	delimited-block	vanilla,patch302,gs5r3	File00000297.xxx	1	0	-	Skeleton	37	78	unit-decr1
decr2	unit	delimited-block	vanilla,patch302,gs5r3	units\decr2.gs	1	0	-	Death Shade	48	79	unit-decr2
decr2b	unit	delimited-block	gs5r3	units\decr2b.gs	1	0	-	Frozen Shade	48	12	unit-decr2b
decr3	unit	delimited-block	vanilla,patch302,gs5r3	units\decr3.gs	1	0	-	Vampire	44	56	unit-decr3
decr4	unit	delimited-block	vanilla,patch302,gs5r3	gs\decr4.gs	1	0	-	Bat	13	63	unit-decr4
defit	unit	delimited-block	vanilla,patch302,gs5r3	units\defit.gs	1	55	-	Dark Warrior	36	127	unit-defit
deinf	unit	delimited-block	vanilla,patch302,gs5r3	units\deinf.gs	1	0	-	Dark Halberdiers	35	53	unit-deinf
deld1	unit	delimited-block	gs5r3	units\deld1.gs	1	0	-	Dread Lich	48	43	unit-deld1
deldf	unit	delimited-block	vanilla,patch302,gs5r3	units\deldf.gs	1	55	-	Dark Warlord	29	28	unit-deldf
deldr	unit	delimited-block	vanilla,patch302,gs5r3	units\deldr.gs	1	114	-	Arch Demon	45	32	unit-deldr
deldt	unit	delimited-block	vanilla,patch302,gs5r3	units\deldt.gs	1	0	-	Assassin Lord	32	22	unit-deldt
deldw	unit	delimited-block	vanilla,patch302,gs5r3	units\deldw.gs	1	0	-	Necromancer Lord	31	34	unit-deldw
demis	unit	delimited-block	vanilla,patch302,gs5r3	units\demis.gs	1	0	-	Dark Javelins	40	71	unit-demis
deshp	unit	delimited-block	vanilla,patch302,gs5r3	units\deshp.gs	1	0	-	Death Galley	40	15	unit-deshp
dethf	unit	delimited-block	vanilla,patch302,gs5r3	units\dethf.gs	1	0	-	Assassin	39	68	unit-dethf
dewiz	unit	delimited-block	vanilla,patch302,gs5r3	File00000102.xxx	1	0	-	Necromancer	20	63	unit-dewiz
dewm1	unit	delimited-block	vanilla,patch302,gs5r3	units\dewm1.gs	1	0	-	Zombies	31	64	unit-dewm1
dewm2	unit	delimited-block	gs5r3	units\dewm2.gs	1	0	-	Frozen Shade	49	33	unit-dewm2
dewz2	unit	delimited-block	vanilla,patch302,gs5r3	units\dewz2.gs	1	0	-	-	47	24	unit-dewz2
dummy	unit	delimited-block	gs5r3	units\dummy.gs	1	0	-	dummy	11	10250	unit-dummy
eacav	unit	delimited-block	vanilla,patch302,gs5r3	units\eacav.gs	1	55	-	Riders	36	17	unit-eacav
eacr1	unit	delimited-block	vanilla,patch302,gs5r3	units\eacr1.gs	1	0	-	Shambler	44	27	unit-eacr1
eacr2	unit	delimited-block	vanilla,patch302,gs5r3	units\eacr2.gs	1	0	-	Golem	44	18	unit-eacr2
eacr3	unit	delimited-block	vanilla,patch302,gs5r3	units\eacr3.gs	1	0	-	Stone Giant	48	35	unit-eacr3
eacr4	unit	delimited-block	vanilla,patch302,gs5r3	units\eacr4.gs	1	0	-	Mite	31	22	unit-eacr4
eacr5	unit	delimited-block	vanilla,patch302,gs5r3	units\eacr5.gs	1	0	-	-	44	12	unit-eacr5
eafit	unit	delimited-block	vanilla,patch302,gs5r3	units\eafit.gs	1	0	-	Dwarven Warrior	35	84	unit-eafit
eainf	unit	delimited-block	vanilla,patch302,gs5r3	units\eainf.gs	1	0	-	Dwarf Infantry	35	33	unit-eainf
eald1	unit	delimited-block	gs5r3	units\eald1.gs	1	0	-	Troll King	48	22	unit-eald1
ealdf	unit	delimited-block	vanilla,patch302,gs5r3	units\ealdf.gs	1	0	-	Dwarven Warlord	28	24	unit-ealdf
ealdt	unit	delimited-block	vanilla,patch302,gs5r3	units\ealdt.gs	1	0	-	Burglar Lord	32	21	unit-ealdt
ealdw	unit	delimited-block	vanilla,patch302,gs5r3	units\ealdw.gs	1	0	-	Magician Lord	31	24	unit-ealdw
eamis	unit	delimited-block	vanilla,patch302,gs5r3	units\eamis.gs	1	0	-	Axe Throwers	40	42	unit-eamis
eashp	unit	delimited-block	vanilla,patch302,gs5r3	units\eashp.gs	1	0	-	Barge	37	8	unit-eashp
eathf	unit	delimited-block	vanilla,patch302,gs5r3	units\eathf.gs	1	0	-	Burglar	39	16	unit-eathf
eawiz	unit	delimited-block	vanilla,patch302,gs5r3	units\eawiz.gs	1	0	-	Magician	38	39	unit-eawiz
eawm1	unit	delimited-block	vanilla,patch302,gs5r3	units\eawm1.gs	1	0	-	Rock Troll	29	131	unit-eawm1
eawmi	unit	delimited-block	vanilla,patch302,gs5r3	units\eawmi.gs	1	0	-	Trolls	31	200	unit-eawmi
ficav	unit	delimited-block	vanilla,patch302,gs5r3	units\ficav.gs	1	55	-	Flame Raiders	36	18	unit-ficav
ficr1	unit	delimited-block	vanilla,patch302,gs5r3	units\ficr1.gs	1	0	-	Fire Elemental	46	69	unit-ficr1
ficr2	unit	delimited-block	vanilla,patch302,gs5r3	units\ficr2.gs	1	0	-	Demon	47	44	unit-ficr2
ficr3	unit	delimited-block	vanilla,patch302,gs5r3	units\ficr3.gs	1	0	-	Dragon	48	40	unit-ficr3
ficr4	unit	delimited-block	vanilla,patch302,gs5r3	units\ficr4.gs	1	0	-	Imp	31	48	unit-ficr4
ficr5	unit	delimited-block	vanilla,patch302,gs5r3	units\ficr5.gs	1	0	-	-	48	26	unit-ficr5
fifit	unit	delimited-block	vanilla,patch302,gs5r3	units\fifit.gs	1	0	-	Fire Warrior	35	74	unit-fifit
fiinf	unit	delimited-block	vanilla,patch302,gs5r3	units\fiinf.gs	1	0	-	Flame Berserker	35	55	unit-fiinf
fildf	unit	delimited-block	vanilla,patch302,gs5r3	units\fildf.gs	1	0	-	Fire Warlord	28	27	unit-fildf
fildt	unit	delimited-block	vanilla,patch302,gs5r3	units\fildt.gs	1	0	-	Dwarf Thief Lord	32	18	unit-fildt
fildw	unit	delimited-block	vanilla,patch302,gs5r3	units\fildw.gs	1	0	-	Sorceress Lord	31	26	unit-fildw
fimis	unit	delimited-block	vanilla,patch302,gs5r3	units\fimis.gs	1	0	-	Rockhurler	40	73	unit-fimis
fishp	unit	delimited-block	vanilla,patch302,gs5r3	units\fishp.gs	1	0	-	Ferry	37	8	unit-fishp
fithf	unit	delimited-block	vanilla,patch302,gs5r3	units\fithf.gs	1	0	-	Dwarven Thief	39	39	unit-fithf
fiwiz	unit	delimited-block	vanilla,patch302,gs5r3	units\fiwiz.gs	1	0	-	Fire Sorceress	38	87	unit-fiwiz
gate	unit	delimited-block	vanilla,patch302,gs5r3	File00001551.xxx	1	0	-	DE gate facing 0	8	10	unit-gate
lgate	unit	delimited-block	vanilla,patch302,gs5r3	units\gate.gs	1	530	-	city l-gate	10	2	unit-lgate
licav	unit	delimited-block	vanilla,patch302,gs5r3	units\licav.gs	1	55	-	Elven Riders	37	50	unit-licav
licr1	unit	delimited-block	vanilla,patch302,gs5r3	units\licr1.gs	1	0	-	Dryad	48	20	unit-licr1
licr2	unit	delimited-block	vanilla,patch302,gs5r3	units\licr2.gs	1	0	-	Unicorn	44	38	unit-licr2
licr3	unit	delimited-block	vanilla,patch302,gs5r3	File00000025.xxx	1	0	-	Phoenix	14	38	unit-licr3
licr4	unit	delimited-block	vanilla,patch302,gs5r3	units\licr4.gs	1	0	-	Brownie	34	22	unit-licr4
licr5	unit	delimited-block	vanilla,patch302,gs5r3	units\licr5.gs	1	0	-	-	45	16	unit-licr5
lifit	unit	delimited-block	vanilla,patch302,gs5r3	units\lifit.gs	1	55	-	Elven Warrior	36	69	unit-lifit
liinf	unit	delimited-block	vanilla,patch302,gs5r3	units\liinf.gs	1	0	-	Elven Staffmen	35	49	unit-liinf
lildf	unit	delimited-block	vanilla,patch302,gs5r3	units\lildf.gs	1	55	-	Elven Warlord	29	18	unit-lildf
lildr	unit	delimited-block	vanilla,patch302,gs5r3	units\lildr.gs	1	114	-	life Leader	20	5	unit-lildr
lildt	unit	delimited-block	vanilla,patch302,gs5r3	units\lildt.gs	1	0	-	Elven Thief Lord	32	28	unit-lildt
lildw	unit	delimited-block	vanilla,patch302,gs5r3	units\lildw.gs	1	0	-	Enchantress Lord	31	21	unit-lildw
limis	unit	delimited-block	vanilla,patch302,gs5r3	units\limis.gs	1	0	-	Elven Archers	40	117	unit-limis
lishp	unit	delimited-block	vanilla,patch302,gs5r3	units\lishp.gs	1	0	-	Light Galley	40	18	unit-lishp
lithf	unit	delimited-block	vanilla,patch302,gs5r3	units\lithf.gs	1	0	-	Elven Thief	39	66	unit-lithf
liwiz	unit	delimited-block	vanilla,patch302,gs5r3	units\liwiz.gs	1	0	-	Enchantress	38	83	unit-liwiz
liwm1	unit	delimited-block	vanilla,patch302,gs5r3	units\liwm1.gs	1	0	-	Bears	30	60	unit-liwm1
liwm2	unit	delimited-block	vanilla,patch302,gs5r3	units\liwm2.gs	1	0	-	Panthers	30	47	unit-liwm2
orcav	unit	delimited-block	vanilla,patch302,gs5r3	units\orcav.gs	1	55	-	Knights	37	70	unit-orcav
orcav2	unit	delimited-block	vanilla,patch302,gs5r3	units\orcav2.gs	1	0	-	Holy Knights	37	16	unit-orcav2
orcr1	unit	delimited-block	vanilla,patch302,gs5r3	units\orcr1.gs	1	0	-	White Stag	44	32	unit-orcr1
orcr2	unit	delimited-block	vanilla,patch302,gs5r3	units\orcr2.gs	1	0	-	Gargoyle	44	33	unit-orcr2
orcr3	unit	delimited-block	vanilla,patch302,gs5r3	units\orcr3.gs	1	0	-	Warrior Spirit	48	58	unit-orcr3
orcr4	unit	delimited-block	vanilla,patch302,gs5r3	units\orcr4.gs	1	0	-	Hound	31	38	unit-orcr4
orfit	unit	delimited-block	vanilla,patch302,gs5r3	units\orfit.gs	1	55	-	Paladin	36	131	unit-orfit
orft2	unit	delimited-block	vanilla,patch302,gs5r3	units\orft2.gs	1	55	-	Legendary Knight	44	28	unit-orft2
orinf	unit	delimited-block	vanilla,patch302,gs5r3	units\orinf.gs	1	0	-	Footmen	35	60	unit-orinf
orld1	unit	delimited-block	vanilla,patch302,gs5r3	units\orld1.gs	1	0	-	Yeoman Lord	28	14	unit-orld1
orld2	unit	delimited-block	vanilla,patch302,gs5r3	units\orld2.gs	1	55	-	Cavalier Lord	29	15	unit-orld2
orld3	unit	delimited-block	vanilla,patch302,gs5r3	units\orld3.gs	1	55	-	Paladin Lord	29	16	unit-orld3
orldf	unit	delimited-block	vanilla,patch302,gs5r3	units\orldf.gs	1	55	-	Paladin Lord	29	55	unit-orldf
orldt	unit	delimited-block	vanilla,patch302,gs5r3	units\orldt.gs	1	0	-	Ranger Lord	32	27	unit-orldt
orldw	unit	delimited-block	vanilla,patch302,gs5r3	units\orldw.gs	1	0	-	Wizard Lord	31	34	unit-orldw
ormis	unit	delimited-block	vanilla,patch302,gs5r3	units\ormis.gs	1	0	-	Crossbowmen	40	71	unit-ormis
orshp	unit	delimited-block	vanilla,patch302,gs5r3	units\orshp.gs	1	0	-	Warship	37	10	unit-orshp
orthf	unit	delimited-block	vanilla,patch302,gs5r3	units\orthf.gs	1	0	-	Ranger	39	68	unit-orthf
orwiz	unit	delimited-block	vanilla,patch302,gs5r3	units\orwiz.gs	1	0	-	Wizard	38	72	unit-orwiz
orwmi	unit	delimited-block	vanilla,patch302,gs5r3	units\orwmi.gs	1	0	-	Centaur Swordsmen	31	227	unit-orwmi
orwmm	unit	delimited-block	vanilla,patch302,gs5r3	units\orwmm.gs	1	0	-	Centaur Hunters	35	144	unit-orwmm
pychi	unit	delimited-block	vanilla,patch302,gs5r3	units\pychi.gs	1	0	-	Chicken	23	58	unit-pychi
pycow	unit	delimited-block	vanilla,patch302,gs5r3	units\pycow.gs	1	0	-	Cow	23	45	unit-pycow
pyele	unit	delimited-block	vanilla,patch302,gs5r3	units\pyele.gs	1	0	-	Elephant	23	42	unit-pyele
pygoa	unit	delimited-block	vanilla,patch302,gs5r3	units\pygoa.gs	1	0	-	Goat	23	81	unit-pygoa
rgate	unit	delimited-block	vanilla,patch302,gs5r3	units\gate.gs	1	215	-	city r-gate	10	2	unit-rgate
wacav	unit	delimited-block	vanilla,patch302,gs5r3	units\wacav.gs	1	55	-	Heavy Cavalry	37	17	unit-wacav
wacr1	unit	delimited-block	vanilla,patch302,gs5r3	units\wacr1.gs	1	0	-	Kraken	48	13	unit-wacr1
wacr2	unit	delimited-block	vanilla,patch302,gs5r3	units\wacr2.gs	1	0	-	Water Elemental	44	21	unit-wacr2
wacr3	unit	delimited-block	vanilla,patch302,gs5r3	units\wacr3.gs	1	0	-	Serpent	48	9	unit-wacr3
wacr4	unit	delimited-block	vanilla,patch302,gs5r3	units\wacr4.gs	1	0	-	Seagull	31	23	unit-wacr4
wacr5	unit	delimited-block	vanilla,patch302,gs5r3	units\wacr5.gs	1	0	-	-	43	94	unit-wacr5
wafit	unit	delimited-block	vanilla,patch302,gs5r3	units\wafit.gs	1	55	-	Amazon Warrior	36	79	unit-wafit
wainf	unit	delimited-block	vanilla,patch302,gs5r3	units\wainf.gs	1	0	-	Lizardmen	35	37	unit-wainf
wald1	unit	delimited-block	gs5r3	units\wald1.gs	1	0	-	Valkyrie Lord	45	51	unit-wald1
wald2	unit	delimited-block	gs5r3	units\wald2.gs	1	55	-	Amazon Princess	45	12	unit-wald2
waldf	unit	delimited-block	vanilla,patch302,gs5r3	units\waldf.gs	1	55	-	Amazon Warlord	29	21	unit-waldf
waldt	unit	delimited-block	vanilla,patch302,gs5r3	units\waldt.gs	1	0	-	Amazon Thief Lord	32	24	unit-waldt
waldw	unit	delimited-block	vanilla,patch302,gs5r3	units\waldw.gs	1	0	-	Priestess Lord	31	24	unit-waldw
wamis	unit	delimited-block	vanilla,patch302,gs5r3	units\wamis.gs	1	0	-	Slingers	40	38	unit-wamis
wasc1	unit	delimited-block	vanilla,patch302,gs5r3	units\wasc1.gs	1	0	-	Horse	26	21	unit-wasc1
washp	unit	delimited-block	vanilla,patch302,gs5r3	units\washp.gs	1	0	-	Corsair	37	8	unit-washp
watf1	unit	delimited-block	vanilla,patch302,gs5r3	units\watf1.gs	1	0	-	Brunhilde	35	12	unit-watf1
wathf	unit	delimited-block	vanilla,patch302,gs5r3	units\wathf.gs	1	0	-	Amazon Thief	39	52	unit-wathf
wawiz	unit	delimited-block	vanilla,patch302,gs5r3	units\wawiz.gs	1	0	-	Priestess	38	82	unit-wawiz
wawm2	unit	delimited-block	vanilla,patch302,gs5r3	units\wawm2.gs	1	0	-	Grendel	29	21	unit-wawm2
