operator	base	base_kind	offset	width	access	indexed	depth
abracadabra	0x005ae958	static	0x64	4	read	scalar	1
abracadabra	0x005ae958	static	0x68	4	read	scalar	1
actual2relative	0x00579458	static	0x40	4	read	scalar	1
actual2relative	0x00579458	static	0x44	4	read	scalar	1
addauratype	0x005cd334	static	0x0	4	read	scalar	1
addauratype	0x005cd334	static	0x4	4	read	scalar	1
addauratype	0x005cd334	static	0x4	4	write	scalar	1
addauratype	0x005cd334	static	0x8	4	read	scalar	1
addbestetaattackrequest	0x005ccedc	static	0x0	4	read	scalar	2
addbestetaattackrequest	0x005ccedc	static	0x4	4	read	scalar	2
addbestetaattackrequest	0x005ccedc	static	0x8	4	read	scalar	2
addbestetaattackrequest	0x005ccedc	static	0x10	0	read	scalar	2
addbuildinginfo	0x005cd310	static	0x0	4	read	scalar	2
addbuildinginfo	0x005cd310	static	0x4	4	read	scalar	2
addbuildinginfo	0x005cd310	static	0x4	4	write	scalar	2
addbuildinginfo	0x005cd310	static	0x8	4	read	scalar	2
addcapitol	0x005aa12c	static	0x482c	0	read	scalar	1
addcapitol	0x005aa12c	static	0x4848	0	read	scalar	2
addcapitol	0x005aa12c	static	0x484c	4	read	scalar	2
addcapitol	0x005aa12c	static	0x4890	4	read	scalar	2
addcapitol	0x005aa12c	static	0x4898	4	read	scalar	2
addcapitol	0x005aa12c	static	0x489c	4	read	scalar	2
addclosestarmyrequest	0x005ccedc	static	0x0	4	read	scalar	2
addclosestarmyrequest	0x005ccedc	static	0x4	4	read	scalar	2
addclosestarmyrequest	0x005ccedc	static	0x8	4	read	scalar	2
addclosestarmyrequest	0x005ccedc	static	0x10	0	read	scalar	2
adddirtyregion	0x005a79f0	static	0x0	4	read	scalar	2
adddirtyregion	0x005a79f0	static	0x0	4	write	scalar	2
adddirtyregion	0x005a79f0	static	0x4	4	read	scalar	2
adddirtyregion	0x005a79f0	static	0x8	4	read	scalar	2
adddirtyregion	0x005a79f0	static	0x8	4	write	scalar	2
adddirtyregion	0x005a79f0	static	0xc	4	read	scalar	2
adddirtyregion	0x005a79f0	static	0xc	4	write	scalar	2
adddirtyregion	0x005a79f0	static	0x10	4	read	scalar	2
adddirtyregion	0x005a79f0	static	0x14	4	read	scalar	1
adddirtyregion	0x005a79f0	static	0x18	4	read	scalar	1
adddirtyregion	0x005a79f0	static	0x1c	4	read	scalar	1
adddirtyregion	0x005a79f0	static	0x20	4	read	scalar	1
addextramilitaryunitnow	0x005aa12c	static	0x6a8	4	read	scalar	1
addextramilitaryunitnow	0x005aa12c	static	0xc84	4	read	scalar	1
addextramilitaryunitnow	0x005aa12c	static	0x482c	0	read	scalar	1
addextramilitaryunitnow	0x005aa12c	static	0x4848	0	read	scalar	2
addextramilitaryunitnow	0x005aa12c	static	0x484c	4	read	scalar	2
addextramilitaryunitnow	0x005aa12c	static	0x4890	4	read	scalar	2
addextramilitaryunitnow	0x005aa12c	static	0x4894	4	read	scalar	2
addextramilitaryunitnow	0x005aa12c	static	0x4898	4	read	scalar	2
addextramilitaryunitnow	0x005aa12c	static	0x489c	4	read	scalar	2
addextramilitaryunitnow	0x005cd18c	static	0x0	4	read	scalar	1
addextramilitaryunitnow	0x005cd18c	static	0x0	4	write	scalar	1
addextramilitaryunitnow	0x005cd2f4	indirect	0x0	0	read	indexed	0
addfaithselection	0x005aa1dc	static	0x0	4	read	scalar	1
addfaithselection	0x005aa1dc	static	0x4	4	read	scalar	1
addfaithselection	0x005aa1dc	static	0x4	4	write	scalar	1
addfaithselection	0x005aa1dc	static	0x8	4	read	scalar	1
addfaithselection	0x005cd2f4	indirect	0x0	0	read	indexed	0
addfollower	0x005ae958	static	0x1c	0	read	scalar	1
addfollower	0x005ae958	static	0x20	4	read	scalar	1
addfollower	0x005ae958	static	0x24	4	read	scalar	2
addfollower	0x005ae958	static	0x2c	4	read	scalar	2
addfollower	0x005ae958	static	0x34	4	read	scalar	2
addfollower	0x005ae958	static	0x34	4	write	scalar	2
addfollower	0x005ae958	static	0x40	4	read	scalar	2
addfollower	0x005ae958	static	0x64	4	read	scalar	1
addfollower	0x005ae958	static	0x68	4	read	scalar	2
addhelppanel	0x005aa1f0	static	0x0	4	read	scalar	1
addhelppanel	0x005aa1f0	static	0x4	4	read	scalar	1
addhelppanel	0x005aa1f0	static	0x4	4	write	scalar	1
addhelppanel	0x005aa1f0	static	0x8	4	read	scalar	1
addhotkey	0x00584cc4	static	0x0	4	read	scalar	1
addhotkey	0x00584cc4	static	0x4	4	read	scalar	1
addhotkey	0x00584cc4	static	0x4	4	write	scalar	1
addhotkey	0x00584cc4	static	0x8	4	read	scalar	1
addmissiletype	0x005cd2f8	static	0x0	4	read	scalar	1
addmissiletype	0x005cd2f8	static	0x4	4	read	scalar	1
addmissiletype	0x005cd2f8	static	0x4	4	write	scalar	1
addmissiletype	0x005cd2f8	static	0x8	4	read	scalar	1
addmounttype	0x005cd328	static	0x0	4	read	scalar	1
addmounttype	0x005cd328	static	0x4	4	read	scalar	1
addmounttype	0x005cd328	static	0x4	4	write	scalar	1
addmounttype	0x005cd328	static	0x8	4	read	scalar	1
addquest	0x005aeedc	static	0x0	4	read	scalar	1
addquest	0x005aeedc	static	0x4	4	read	scalar	1
addquest	0x005aeedc	static	0x4	4	write	scalar	2
addquest	0x005aeedc	static	0x8	4	read	scalar	2
addquest	0x005cd2e0	static	0x4	4	read	scalar	1
addquest	0x005cd2e0	static	0x8	4	read	scalar	1
addquestdefinition	0x005cd2e0	static	0x0	4	read	scalar	1
addquestdefinition	0x005cd2e0	static	0x4	4	read	scalar	1
addquestdefinition	0x005cd2e0	static	0x4	4	write	scalar	1
addquestdefinition	0x005cd2e0	static	0x8	4	read	scalar	1
addreferencepalette	0x005cd34c	static	0x0	4	read	scalar	1
addreferencepalette	0x005cd34c	static	0x4	4	read	scalar	1
addreferencepalette	0x005cd34c	static	0x4	4	write	scalar	1
addreferencepalette	0x005cd34c	static	0x8	4	read	scalar	1
addsatellite	0x005aa12c	static	0x482c	0	read	scalar	1
addsatellite	0x005aa12c	static	0x4848	0	read	scalar	2
addsatellite	0x005aa12c	static	0x484c	4	read	scalar	2
addsatellite	0x005aa12c	static	0x4890	4	read	scalar	2
addsatellite	0x005aa12c	static	0x4898	4	read	scalar	2
addsatellite	0x005aa12c	static	0x489c	4	read	scalar	2
addsatellite	0x005ae958	static	0x14	4	read	scalar	1
addsatellite	0x005ae958	static	0x6c	4	read	scalar	1
addsatellite	0x005ae958	static	0x70	4	read	scalar	1
addsatellite	0x005ae974	static	0x8	4	read	scalar	1
addsatellite	0x005ae974	static	0x18	4	read	scalar	1
addsatellite	0x005ae974	static	0x24	4	read	scalar	1
addsoundfx	0x005863bc	static	0x0	4	read	scalar	1
addsoundfx	0x005863bc	static	0x4	4	read	scalar	1
addsoundfx	0x005863bc	static	0x4	4	write	scalar	1
addsoundfx	0x005863bc	static	0x8	4	read	scalar	1
addspelldef	0x005aee6c	static	0x0	4	read	scalar	1
addspelldef	0x005aee6c	static	0x0	4	write	scalar	1
addspelldef	0x005aee6c	static	0x4	4	read	scalar	1
addspelldef	0x005aee6c	static	0x8	4	read	scalar	1
addspelleffect	0x005ae958	static	0x6c	4	read	scalar	1
addspelleffect	0x005ae958	static	0x70	4	read	scalar	1
addterrainsprite	0x005aa12c	static	0x482c	0	read	scalar	1
addterrainsprite	0x005aa12c	static	0x4848	0	read	scalar	1
addterrainsprite	0x005aa12c	static	0x484c	4	read	scalar	2
addterrainsprite	0x005aa12c	static	0x4850	4	read	scalar	2
addterrainsprite	0x005aa12c	static	0x4854	4	read	scalar	2
addterrainsprite	0x005aa12c	static	0x485c	4	read	scalar	2
addterrainsprite	0x005aa12c	static	0x485c	4	write	scalar	2
addterrainsprite	0x005aa12c	static	0x4860	4	read	scalar	2
addterrainsprite	0x005aa12c	static	0x486c	4	read	scalar	2
addterrainsprite	0x005aa12c	static	0x4890	4	read	scalar	2
addterrainsprite	0x005aa12c	static	0x4898	4	read	scalar	2
addterrainsprite	0x005aa12c	static	0x489c	4	read	scalar	2
addterrainspritetype	0x005cd304	static	0x0	4	read	scalar	1
addterrainspritetype	0x005cd304	static	0x4	4	read	scalar	1
addterrainspritetype	0x005cd304	static	0x4	4	write	scalar	1
addterrainspritetype	0x005cd304	static	0x8	4	read	scalar	1
addtobarter	0x00584cd4	static	0x8	4	read	scalar	1
addtobarter	0x00584cd4	static	0xc	4	read	scalar	1
addtobarter	0x00584cd4	static	0x2c	0	read	indexed	1
addtobarter	0x00584cd4	static	0x2c	1	read	indexed	1
addunit	0x005aa12c	static	0x6a8	4	read	scalar	1
addunit	0x005aa12c	static	0xc84	4	read	scalar	1
addunit	0x005aa12c	static	0x482c	0	read	scalar	1
addunit	0x005aa12c	static	0x4848	0	read	scalar	2
addunit	0x005aa12c	static	0x484c	4	read	scalar	2
addunit	0x005aa12c	static	0x4890	4	read	scalar	2
addunit	0x005aa12c	static	0x4894	4	read	scalar	2
addunit	0x005aa12c	static	0x4898	4	read	scalar	2
addunit	0x005aa12c	static	0x489c	4	read	scalar	2
addunit	0x005cd2f4	indirect	0x0	0	read	indexed	0
addunitnow	0x005aa12c	static	0x6a8	4	read	scalar	1
addunitnow	0x005aa12c	static	0xc84	4	read	scalar	1
addunitnow	0x005aa12c	static	0x482c	0	read	scalar	1
addunitnow	0x005aa12c	static	0x4848	0	read	scalar	2
addunitnow	0x005aa12c	static	0x484c	4	read	scalar	2
addunitnow	0x005aa12c	static	0x4890	4	read	scalar	2
addunitnow	0x005aa12c	static	0x4894	4	read	scalar	2
addunitnow	0x005aa12c	static	0x4898	4	read	scalar	2
addunitnow	0x005aa12c	static	0x489c	4	read	scalar	2
addunitnow	0x005cd2f4	indirect	0x0	0	read	indexed	0
addvirtualunit	0x005869f4	indirect	0x0	4	read	scalar	1
addvirtualunit	0x005869f4	indirect	0x4c	4	read	scalar	0
addvirtualunit	0x005869f4	indirect	0x4c	4	write	scalar	1
addvirtualunit	0x005869f4	indirect	0xc4	0	read	indexed	1
addvirtualunit	0x005869f8	static	0x0	4	read	scalar	0
adjustbartertoratio	0x00584cd4	static	0x8	4	read	scalar	1
adjustbartertoratio	0x00584cd4	static	0xc	4	read	scalar	1
adjustbartertoratio	0x00584cd4	static	0x28	0	read	indexed	2
aimedattack	0x005cd2f4	indirect	0x0	0	read	indexed	0
ambientlight	0x00584ae8	static	0x278	0	read	scalar	2
ambientlight	0x00584ae8	static	0x680	4	read	scalar	1
ambientlight	0x00584ae8	static	0x684	4	read	scalar	1
ambientlight	0x00584ae8	static	0x688	4	read	scalar	1
ambientlight	0x00584ae8	static	0x68c	4	read	scalar	1
ambientlight	0x00584ae8	static	0x2be4	4	read	scalar	2
ambientlight	0x00584ae8	static	0x2bec	4	read	scalar	1
ambientlight	0x005876d0	static	0x0	4	read	scalar	1
ambientlight	0x005876d0	static	0x8	4	write	scalar	1
ambientlight	0x005876d0	static	0xc	4	write	scalar	1
ambientlight	0x005876d0	static	0x10	4	write	scalar	1
ambientlight	0x005876d0	static	0x14	4	write	scalar	1
animation	0x005a7b50	static	0x0	4	read	scalar	2
animation	0x005a7b50	static	0x4	4	read	scalar	2
any_en_route?	0x005ae974	static	0x8	4	read	scalar	1
any_en_route?	0x005ae974	static	0x10	4	read	scalar	1
any_en_route?	0x005ae974	static	0x18	4	read	scalar	1
any_en_route?	0x005ae974	static	0x24	4	read	scalar	1
anythingat	0x005ae958	static	0x64	4	read	scalar	1
anythingat	0x005ae958	static	0x6c	4	read	scalar	1
anythingat	0x005ae958	static	0x70	4	read	scalar	1
anythinglocation	0x005ae974	static	0x8	4	read	scalar	1
anythinglocation	0x005ae974	static	0x10	4	read	scalar	1
anythingowner	0x005ae974	static	0x8	4	read	scalar	1
anythingowner	0x005ae974	static	0x10	4	read	scalar	1
armiesaveragespeed	0x005ae958	static	0x34	4	read	scalar	1
armiesaveragespeed	0x005ae958	static	0x40	4	read	scalar	1
armiesstrengthgreaterthan	0x005ae958	static	0x34	4	read	scalar	1
armiesstrengthgreaterthan	0x005ae958	static	0x40	4	read	scalar	1
armiesstrengthlessthan	0x005ae958	static	0x34	4	read	scalar	1
armiesstrengthlessthan	0x005ae958	static	0x40	4	read	scalar	1
army_en_route?	0x005ae974	static	0x8	4	read	scalar	1
army_en_route?	0x005ae974	static	0x10	4	read	scalar	1
army_en_route?	0x005ae974	static	0x18	4	read	scalar	1
army_en_route?	0x005ae974	static	0x24	4	read	scalar	1
armyactual2relative	0x00579458	static	0x40	4	read	scalar	1
armyactual2relative	0x00579458	static	0x44	4	read	scalar	1
armyat	0x005ae958	static	0x64	4	read	scalar	1
armyat	0x005ae958	static	0x6c	4	read	scalar	1
armyat	0x005ae958	static	0x70	4	read	scalar	1
armyflee	0x005aa12c	static	0x482c	0	read	scalar	1
armyflee	0x005aa12c	static	0x4890	4	read	scalar	2
armyflee	0x005aa12c	static	0x4894	4	read	scalar	2
armyrelative2actual	0x00579458	static	0x40	4	read	scalar	1
armyrelative2actual	0x00579458	static	0x44	4	read	scalar	1
arrow_scroll	0x005876d0	static	0x1a4	4	read	scalar	1
arrow_scroll	0x005876d0	static	0x1a8	4	read	scalar	1
arrow_scroll	0x005876d0	static	0x1b0	4	write	scalar	1
arrow_scroll	0x005876d0	static	0x1b4	4	write	scalar	1
arrow_scroll	0x005876d0	static	0x1ec	4	read	scalar	1
arrow_scroll	0x005876d0	static	0x1f0	4	read	scalar	1
arrow_scroll	0x005876d0	static	0x1fc	4	write	scalar	1
arrow_scroll	0x005876d0	static	0x200	4	write	scalar	1
artifacttype	0x005cd340	static	0x0	4	read	scalar	1
artifacttype	0x005cd340	static	0x0	4	write	scalar	1
artifacttype	0x005cd340	static	0x4	4	read	scalar	1
artifacttype	0x005cd340	static	0x8	4	read	scalar	1
attackfacingvalue	0x005787ac	indirect	0x1c	4	read	scalar	0
attackfacingvalue	0x005787ac	indirect	0x44	4	read	scalar	0
attackfacingvalue	0x005787b0	indirect	0x1c	4	read	scalar	0
attackorder	0x005aa12c	static	0x5068	0	read	indexed	1
autoregions	0x005ae958	static	0x14	4	read	scalar	1
autoregions	0x005ae958	static	0x6c	4	read	scalar	1
autoregions	0x005ae958	static	0x70	4	read	scalar	1
autoregions	0x005ae974	static	0x8	4	read	scalar	1
autoregions	0x005ae974	static	0x18	4	read	scalar	1
autoregions	0x005ae974	static	0x24	4	read	scalar	1
autoregions	0x005aef04	static	0x0	4	read	scalar	0
autoregions	0x005aef04	static	0x4	4	read	scalar	0
autoregions	0x005aef04	static	0x8	4	read	scalar	1
autoregions	0x005aef04	static	0xc	4	read	scalar	0
autoregions	0x005aef04	static	0x1ac	4	read	scalar	0
autoregions	0x005aef04	static	0x1ac	4	write	scalar	0
autoregions	0x005aef04	static	0x1b0	4	read	scalar	0
autoregions	0x005aef04	static	0x1b0	4	write	scalar	0
autoregions	0x005aef04	static	0x1bc	0	read	scalar	0
autoregions	0x005aef04	static	0x1d8	4	read	scalar	0
autoregions	0x005aef04	static	0x214	4	read	scalar	0
autoregions	0x005aef04	static	0x230	4	read	scalar	0
autoregions	0x005aef04	static	0x234	4	read	scalar	1
autoregions	0x005aef04	static	0x238	4	read	scalar	1
autoregions	0x005aef04	static	0x23c	4	read	scalar	0
balkothdeathcounter	0x005aa12c	static	0x8	0	read	scalar	1
balkothdeathcounter	0x005aa12c	static	0x28	0	read	scalar	1
balkothdeathcounter	0x005aa12c	static	0xc8	0	read	scalar	1
balkothdeathcounter	0x005aa12c	static	0xc8	4	read	scalar	1
balkothdeathcounter	0x005aa12c	static	0xcc	4	read	scalar	1
bargraph	0x005a7b50	static	0x0	4	read	scalar	2
bargraph	0x005a7b50	static	0x4	4	read	scalar	2
barteraccept	0x00584cd4	static	0x8	4	read	scalar	1
barteraccept	0x00584cd4	static	0xc	4	read	scalar	1
barteraccept	0x00584cd4	static	0x10	4	write	scalar	1
barteraccept	0x00584cd4	static	0x14	4	write	scalar	1
barteraccept	0x00584cd4	static	0x18	4	read	scalar	1
barteraccept	0x00584cd4	static	0x18	4	write	scalar	1
barterattack	0x00584cd4	static	0x8	4	read	scalar	1
barterattack	0x00584cd4	static	0xc	4	read	scalar	1
barterattack	0x00584cd4	static	0x10	4	write	scalar	1
barterattack	0x00584cd4	static	0x14	4	write	scalar	1
barterattack	0x00584cd4	static	0x18	4	read	scalar	1
barterattack	0x00584cd4	static	0x18	4	write	scalar	1
barterattack	0x00584cd4	static	0x1d	1	read	scalar	1
barterattack	0x00584cd4	static	0x1d	1	write	scalar	1
barterattackautocalc	0x00584cd4	static	0x8	4	read	scalar	1
barterattackautocalc	0x00584cd4	static	0xc	4	read	scalar	1
barterattackautocalc	0x00584cd4	static	0x10	4	write	scalar	1
barterattackautocalc	0x00584cd4	static	0x14	4	write	scalar	1
barterattackautocalc	0x00584cd4	static	0x18	4	read	scalar	1
barterattackautocalc	0x00584cd4	static	0x18	4	write	scalar	1
barterattackautocalc	0x00584cd4	static	0x1d	1	read	scalar	1
barterattackautocalc	0x00584cd4	static	0x1d	1	write	scalar	1
bartercancelrenegotiate	0x00584cd4	static	0x14	4	read	scalar	1
bartercancelrenegotiate	0x00584cd4	static	0x18	4	read	scalar	1
bartercancelrenegotiate	0x00584cd4	static	0x18	4	write	scalar	1
barternotinterested	0x00584cd4	static	0x8	4	read	scalar	1
barternotinterested	0x00584cd4	static	0xc	4	read	scalar	1
barternotinterested	0x00584cd4	static	0x10	4	write	scalar	1
barternotinterested	0x00584cd4	static	0x14	4	write	scalar	1
barternotinterested	0x00584cd4	static	0x18	4	read	scalar	1
barternotinterested	0x00584cd4	static	0x18	4	write	scalar	1
barterpropose	0x00584cd4	static	0x8	4	read	scalar	1
barterpropose	0x00584cd4	static	0xc	4	read	scalar	1
barterpropose	0x00584cd4	static	0x10	4	write	scalar	1
barterpropose	0x00584cd4	static	0x14	4	write	scalar	1
barterpropose	0x00584cd4	static	0x18	4	read	scalar	1
barterpropose	0x00584cd4	static	0x18	4	write	scalar	1
barterrenegotiate	0x00584cd4	static	0x14	4	read	scalar	1
barterrenegotiate	0x00584cd4	static	0x18	4	read	scalar	1
barterrenegotiate	0x00584cd4	static	0x18	4	write	scalar	1
berserk	0x005cd2f4	indirect	0x0	0	read	indexed	0
blackbackbuffer	0x00584ae8	static	0x684	4	read	scalar	1
blackbackbuffer	0x00584ae8	static	0x688	4	read	scalar	1
blackrenderbuffer	0x00584ae8	static	0x68c	4	read	scalar	1
blackrenderbuffer	0x00584ae8	static	0x2dd4	4	read	scalar	1
blackrenderbuffer	0x00584ae8	static	0x2dd8	4	read	scalar	1
blankimpplayer	0x005a7b50	static	0x0	4	read	scalar	2
blankimpplayer	0x005a7b50	static	0x4	4	read	scalar	2
blttest	0x00584ae8	static	0x684	4	read	scalar	1
blttest	0x0058516c	indirect	0x0	4	read	scalar	0
buildingat	0x005ae958	static	0x64	4	read	scalar	1
buildingat	0x005ae958	static	0x6c	4	read	scalar	1
buildingat	0x005ae958	static	0x70	4	read	scalar	1
button	0x005a7b50	static	0x0	4	read	scalar	2
button	0x005a7b50	static	0x4	4	read	scalar	2
button	0x005a7b54	indirect	0x0	4	read	indexed	0
buttonframe	0x005a7b50	static	0x0	4	read	scalar	2
buttonframe	0x005a7b50	static	0x4	4	read	scalar	2
buttonframeautofree	0x005a7b50	static	0x0	4	read	scalar	2
buttonframeautofree	0x005a7b50	static	0x4	4	read	scalar	1
buybuilding	0x005ae94c	indirect	0x28	4	read	scalar	0
buybuildingoffaith	0x005ae94c	indirect	0x28	4	read	scalar	0
cameraorientation	0x00584ae8	static	0x278	0	read	scalar	2
cameraorientation	0x00584ae8	static	0x680	4	read	scalar	1
cameraorientation	0x00584ae8	static	0x684	4	read	scalar	1
cameraorientation	0x00584ae8	static	0x688	4	read	scalar	1
cameraorientation	0x00584ae8	static	0x68c	4	read	scalar	1
cameraorientation	0x00584ae8	static	0x2be4	4	read	scalar	2
cameraorientation	0x00584ae8	static	0x2bec	4	read	scalar	1
cameraorientation	0x005876d0	static	0x0	4	read	scalar	1
cameraorientation	0x005876d0	static	0xa4	4	write	scalar	1
cameraorientation	0x005876d0	static	0xb8	4	write	scalar	1
cameraorientation	0x005876d0	static	0xbc	4	write	scalar	1
cameraorientation	0x005876d0	static	0xc8	4	write	scalar	1
cameraorientation	0x005876d0	static	0xcc	4	write	scalar	1
cameraorientation	0x005876d0	static	0xe0	4	write	scalar	1
cameraorientation	0x005876d0	static	0xe4	4	write	scalar	1
cameraorientation	0x005876d0	static	0xec	4	write	scalar	1
cameraorientation	0x005876d0	static	0xf8	4	write	scalar	1
cameraorientation	0x005876d0	static	0x104	4	write	scalar	1
cameraorientation	0x005876d0	static	0x10c	4	write	scalar	1
cameraorientation	0x005876d0	static	0x120	4	write	scalar	1
cameraposition	0x00584ae8	static	0x278	0	read	scalar	2
cameraposition	0x00584ae8	static	0x680	4	read	scalar	1
cameraposition	0x00584ae8	static	0x684	4	read	scalar	1
cameraposition	0x00584ae8	static	0x688	4	read	scalar	1
cameraposition	0x00584ae8	static	0x68c	4	read	scalar	1
cameraposition	0x00584ae8	static	0x2be4	4	read	scalar	2
cameraposition	0x00584ae8	static	0x2bec	4	read	scalar	1
cameraposition	0x005876d0	static	0x0	4	read	scalar	1
can_flank_attack?	0x005ae958	static	0x34	4	read	scalar	1
can_flank_attack?	0x005ae958	static	0x40	4	read	scalar	1
can_flank_attack?	0x005ae974	static	0x8	4	read	scalar	1
can_flank_attack?	0x005ae974	static	0x10	4	read	scalar	1
canaffordbuilding_getresourcesinfo	0x005cd31c	static	0x4	4	read	scalar	1
canaffordbuilding_getresourcesinfo	0x005cd31c	static	0x8	4	read	scalar	1
canbuildbuilding?	0x005cd31c	static	0x4	4	read	scalar	1
canbuildbuilding?	0x005cd31c	static	0x8	4	read	scalar	1
canceldiscoveralarm	0x005aeec0	static	0x0	4	read	scalar	1
canceldiscoveralarm	0x005aeec0	static	0x0	4	write	scalar	1
canceldiscoveralarm	0x005aeec0	static	0x4	4	read	scalar	2
canceldiscoveralarm	0x005aeec0	static	0x4	4	write	scalar	2
canceldiscoveralarm	0x005aeec0	static	0xc	4	read	scalar	1
cancelendofcombattickalarms	0x005aee78	static	0x0	4	read	scalar	1
cancelendofcombattickalarms	0x005aee78	static	0x0	4	write	scalar	1
cancelendofcombattickalarms	0x005aee78	static	0x4	4	read	scalar	2
cancelendofcombattickalarms	0x005aee78	static	0x4	4	write	scalar	2
cancelendofcombattickalarms	0x005aee78	static	0xc	4	write	scalar	1
cancelendofcombattickalarms	0x005aee78	static	0x10	4	write	scalar	1
canceleventalarm	0x005aeea0	static	0x0	4	read	scalar	1
canceleventalarm	0x005aeea0	static	0x0	4	write	scalar	1
canceleventalarm	0x005aeea0	static	0x4	4	read	scalar	2
canceleventalarm	0x005aeea0	static	0x4	4	write	scalar	2
canceleventalarm	0x005aeea0	static	0xc	4	read	scalar	1
cancelmovealarm	0x005aeeb0	static	0x0	4	read	scalar	1
cancelmovealarm	0x005aeeb0	static	0x0	4	write	scalar	1
cancelmovealarm	0x005aeeb0	static	0x4	4	read	scalar	2
cancelmovealarm	0x005aeeb0	static	0x4	4	write	scalar	2
cancelmovealarm	0x005aeeb0	static	0xc	4	read	scalar	1
cancelordermode	0x00584ae8	static	0x1b0	1	read	scalar	2
cancelordermode	0x00584ae8	static	0x1b0	4	read	scalar	2
cancelordermode	0x00584ae8	static	0x1b4	4	read	scalar	2
cancelordermode	0x00584ae8	static	0x1b8	4	read	scalar	1
cancelpathballs	0x005a9ddc	static	0x14	4	write	scalar	1
cancelpathballs	0x005a9ddc	static	0x20	4	read	scalar	1
canceltickalarm	0x005aee78	static	0x0	4	read	scalar	1
canceltickalarm	0x005aee78	static	0x0	4	write	scalar	1
canceltickalarm	0x005aee78	static	0x4	4	read	scalar	2
canceltickalarm	0x005aee78	static	0x4	4	write	scalar	2
canceltickalarm	0x005aee78	static	0xc	4	read	scalar	1
cancelturnalarm	0x005aee8c	static	0x0	4	read	scalar	1
cancelturnalarm	0x005aee8c	static	0x0	4	write	scalar	1
cancelturnalarm	0x005aee8c	static	0x4	4	read	scalar	2
cancelturnalarm	0x005aee8c	static	0x4	4	write	scalar	2
cancelturnalarm	0x005aee8c	static	0xc	4	read	scalar	1
cantmovehere	0x005ae958	static	0x64	4	read	scalar	1
cantmovehere	0x005ae958	static	0x6c	4	read	scalar	1
canupgradebuilding_getresourcesinfo	0x005cd31c	static	0x4	4	read	scalar	1
canupgradebuilding_getresourcesinfo	0x005cd31c	static	0x8	4	read	scalar	1
center_toolip_quick	0x005a9e04	static	0xc	0	read	scalar	1
center_toolip_quick	0x005a9e04	static	0x20	4	read	scalar	2
center_toolip_quick	0x005a9e04	static	0x24	4	read	scalar	2
center_toolip_quick	0x005a9e04	static	0x28	4	read	scalar	2
center_toolip_quick	0x005a9e04	static	0x2c	4	read	scalar	2
center_toolip_quick	0x005a9e04	static	0x38	4	write	scalar	1
center_toolip_quick	0x005a9e04	static	0x3c	4	read	scalar	1
center_toolip_quick	0x005a9e04	static	0x50	0	read	scalar	2
center_toolip_quick	0x005a9e04	static	0x54	4	read	scalar	2
center_toolip_quick	0x005a9e04	static	0x58	4	read	scalar	2
center_toolip_quick	0x005a9e04	static	0x70	0	read	scalar	1
center_toolip_quick	0x005a9e04	static	0x90	4	read	scalar	2
center_toolip_quick	0x005a9e04	static	0x98	4	read	scalar	2
center_toolip_quick	0x005a9e04	static	0x9c	4	read	scalar	2
center_toolip_quick	0x005a9e04	static	0xa0	4	read	scalar	2
center_toolip_quick	0x005a9e04	static	0xa4	4	read	scalar	2
center_toolip_quick	0x005a9e04	static	0xa8	4	write	scalar	2
center_toolip_quick	0x005a9e04	static	0xac	4	write	scalar	2
center_toolip_quick	0x005a9e04	static	0xb8	4	write	scalar	1
center_toolip_quick	0x005a9e04	static	0xcc	4	read	scalar	2
center_toolip_quick	0x005a9e04	static	0xd0	4	read	scalar	2
center_toolip_quick	0x005a9e04	static	0xd4	4	read	scalar	2
center_toolip_quick	0x005a9e04	static	0xd8	4	read	scalar	2
center_toolip_quick	0x005a9e04	static	0xdc	4	read	scalar	2
center_toolip_quick	0x005a9e04	static	0xe0	4	read	scalar	2
center_toolip_quick	0x005a9e04	static	0xe4	4	read	scalar	2
centermilitaryunit	0x00584ae8	static	0x278	0	read	scalar	2
centermilitaryunit	0x00584ae8	static	0x680	4	read	scalar	1
centermilitaryunit	0x00584ae8	static	0x684	4	read	scalar	1
centermilitaryunit	0x00584ae8	static	0x688	4	read	scalar	1
centermilitaryunit	0x00584ae8	static	0x68c	4	read	scalar	1
centermilitaryunit	0x00584ae8	static	0x2be4	4	read	scalar	2
centermilitaryunit	0x00584ae8	static	0x2bec	4	read	scalar	1
centermilitaryunit	0x00584ae8	static	0x2dd4	4	read	scalar	1
centermilitaryunit	0x00584ae8	static	0x2dd8	4	read	scalar	1
centermilitaryunit	0x005876d0	static	0x1a4	4	read	scalar	2
centermilitaryunit	0x005876d0	static	0x1a4	4	write	scalar	1
centermilitaryunit	0x005876d0	static	0x1a8	4	read	scalar	2
centermilitaryunit	0x005876d0	static	0x1a8	4	write	scalar	1
centermilitaryunit	0x005876d0	static	0x1b0	4	write	scalar	2
centermilitaryunit	0x005876d0	static	0x1b4	4	write	scalar	2
centermilitaryunit	0x005876d0	static	0x1ec	4	read	scalar	2
centermilitaryunit	0x005876d0	static	0x1f0	4	read	scalar	2
centermilitaryunit	0x005876d0	static	0x1fc	4	write	scalar	2
centermilitaryunit	0x005876d0	static	0x200	4	write	scalar	2
centermilitaryunit	0x005ae958	static	0x34	4	read	scalar	1
centermilitaryunit	0x005ae958	static	0x40	4	read	scalar	1
centeron	0x005876d0	static	0x1a4	4	read	scalar	2
centeron	0x005876d0	static	0x1a4	4	write	scalar	1
centeron	0x005876d0	static	0x1a8	4	read	scalar	2
centeron	0x005876d0	static	0x1a8	4	write	scalar	1
centeron	0x005876d0	static	0x1b0	4	write	scalar	2
centeron	0x005876d0	static	0x1b4	4	write	scalar	2
centeron	0x005876d0	static	0x1ec	4	read	scalar	2
centeron	0x005876d0	static	0x1f0	4	read	scalar	2
centeron	0x005876d0	static	0x1fc	4	write	scalar	2
centeron	0x005876d0	static	0x200	4	write	scalar	2
centeronarmy	0x00584ae8	static	0x278	0	read	scalar	2
centeronarmy	0x00584ae8	static	0x680	4	read	scalar	1
centeronarmy	0x00584ae8	static	0x684	4	read	scalar	1
centeronarmy	0x00584ae8	static	0x688	4	read	scalar	1
centeronarmy	0x00584ae8	static	0x68c	4	read	scalar	1
centeronarmy	0x00584ae8	static	0x2be4	4	read	scalar	2
centeronarmy	0x00584ae8	static	0x2bec	4	read	scalar	1
championbrainnotify	0x005aeed0	static	0x0	4	read	scalar	1
championbrainresponsecode	0x005aeed0	static	0x0	4	read	scalar	1
championhasbrain?	0x005aeed0	static	0x0	4	read	scalar	1
changecombatmap	0x005aa12c	static	0x478c	4	write	scalar	1
changecombatmap	0x005aa12c	static	0x4790	4	write	scalar	1
changecombatmap	0x005aa12c	static	0x4794	4	write	scalar	1
changecombatmap	0x005aa12c	static	0x4798	4	write	scalar	1
changecombatmap	0x005aa12c	static	0x47b0	1	read	scalar	2
changecombatmap	0x005aa12c	static	0x47b0	4	read	scalar	2
changecombatmap	0x005aa12c	static	0x47b4	4	read	scalar	2
changecombatmap	0x005aa12c	static	0x482c	0	read	scalar	1
changecombatmap	0x005aa12c	static	0x4834	4	write	scalar	1
changecombatmap	0x005aa12c	static	0x4848	0	read	scalar	1
changecombatmap	0x005aa12c	static	0x484c	4	write	scalar	2
changecombatmap	0x005aa12c	static	0x4850	4	read	scalar	2
changecombatmap	0x005aa12c	static	0x4858	4	read	scalar	2
changecombatmap	0x005aa12c	static	0x4860	4	read	scalar	2
changecombatmap	0x005aa12c	static	0x486c	4	read	scalar	2
changecombatmap	0x005aa12c	static	0x4880	4	read	scalar	2
changecombatmap	0x005aa12c	static	0x4884	4	read	scalar	2
changecombatmap	0x005aa12c	static	0x4888	0	read	scalar	2
changecombatmap	0x005aa12c	static	0x4888	4	read	scalar	2
changecombatmap	0x005aa12c	static	0x488c	0	read	scalar	2
changecombatmap	0x005aa12c	static	0x488c	4	read	scalar	2
changecombatmap	0x005aa12c	static	0x4890	4	read	scalar	2
changecombatmap	0x005aa12c	static	0x4894	4	read	scalar	2
changecombatmap	0x005aa12c	static	0x4898	4	read	scalar	1
changecombatmap	0x005aa12c	static	0x489c	4	read	scalar	1
changecombatmap	0x005aa12c	static	0x4dd8	0	read	scalar	1
changecombatmap	0x005aa12c	static	0x4dd8	4	write	scalar	2
changecombatmap	0x005aa12c	static	0x4ddc	4	write	scalar	2
changecombatmap	0x005aa12c	static	0x4de0	4	write	scalar	2
changecombatmap	0x005aa12c	static	0x4de4	4	write	scalar	2
changecombatmap	0x005aa12c	static	0x4f90	4	write	scalar	2
changecombatmap	0x005aa12c	static	0x4f94	0	read	scalar	2
changecombatmap	0x005ae958	static	0xd8	0	read	scalar	1
changecombatmap	0x005ae958	static	0x118	0	read	scalar	2
changecombatmap	0x005ae958	static	0x118	1	write	scalar	2
changecombatmap	0x005ae958	static	0x21c	0	read	scalar	2
changecombatmap	0x005ae958	static	0x21c	4	read	scalar	2
changecombatmap	0x005ae958	static	0x21c	4	write	scalar	2
changecombatmap	0x005ae958	static	0x220	0	read	scalar	2
changecombatmap	0x005ae958	static	0x220	4	read	scalar	2
changecombatmap	0x005ae958	static	0x220	4	write	scalar	2
changecombatmap	0x005ae958	static	0x224	0	read	scalar	2
changecombatmap	0x005ae958	static	0x224	4	write	scalar	2
changecombatmap	0x005ae958	static	0x228	0	read	scalar	2
changecombatmap	0x005ae958	static	0x228	4	write	scalar	2
changeplayerintelinfo	0x005a7b78	indirect	0x50	4	read	scalar	0
changeplayerintelinfo	0x005a7b78	indirect	0x54	4	read	scalar	0
changeplayerintelinfo	0x005a7b78	indirect	0x54	4	write	scalar	0
changeplayerintelinfo	0x005a7b78	indirect	0x58	4	read	scalar	1
changeplayerintelinfo	0x005a7b78	indirect	0x60	4	read	scalar	1
changeplayerintelinfo	0x005a7b78	indirect	0x70	4	read	scalar	1
changeplayerintelinfo	0x005a7b78	indirect	0x90	4	read	scalar	1
changeplayerintelinfo	0x005a7b78	indirect	0x90	4	write	scalar	0
changeplayerintelinfo	0x005a7b78	indirect	0x94	4	read	scalar	2
changeplayerintelinfo	0x005a7b78	indirect	0x98	4	read	scalar	2
changeplayerintelinfo	0x005a7b78	indirect	0x9c	4	read	scalar	1
changeplayerintelinfo	0x005a7b78	indirect	0xa0	4	read	scalar	1
changeplayerintelinfo	0x005a7b78	indirect	0xa4	4	write	scalar	0
changeplayerintelinfo	0x005a7b78	indirect	0xa8	0	read	indexed	2
changeplayerintelinfo	0x005a7b78	indirect	0xa8	4	read	indexed	2
changeplayerintelinfo	0x005a7b78	indirect	0xa8	4	write	indexed	1
changeplayerintelinfo	0x005a7b78	indirect	0xac	4	read	indexed	2
changeplayerintelinfo	0x005a7b78	indirect	0xac	4	write	indexed	1
changeplayerintelinfo	0x005a7b78	indirect	0x3c8	0	read	indexed	2
changeplayerintelinfo	0x005a7b78	indirect	0x3c8	4	read	indexed	2
changeplayerintelinfo	0x005a7b78	indirect	0x558	4	read	scalar	1
changeplayerintelinfo	0x005a7b78	indirect	0x558	4	write	scalar	1
changeplayerintelinfo	0x005a7b78	indirect	0x880	0	read	scalar	2
changeplayerintelinfo	0x005a7b78	indirect	0x880	1	write	scalar	2
changeplayerintelinfo	0x005a7b78	indirect	0x984	0	read	scalar	2
changeplayerintelinfo	0x005a7b78	indirect	0xa4b	1	write	scalar	2
changeplayerintelinfo	0x005a7b78	indirect	0xa4c	4	write	scalar	2
changeplayerintelinfo	0x005a7b78	indirect	0xa50	4	write	scalar	2
changeplayerintelinfo	0x005a7b78	indirect	0xa54	4	write	scalar	2
changeplayerintelinfo	0x005a7b78	indirect	0xa58	4	write	scalar	2
changeplayerintelinfo	0x005a7b78	indirect	0xa5c	4	write	scalar	2
changeplayerintelinfo	0x005a7b78	indirect	0xa60	4	read	scalar	2
changeplayerintelinfo	0x005a7b78	indirect	0xa60	4	write	scalar	2
changeplayerintelinfo	0x005a7b78	indirect	0xa64	4	read	scalar	2
changeplayerintelinfo	0x005a7b78	indirect	0xa64	4	write	scalar	2
changeplayerintelinfo	0x005a7b78	indirect	0xa78	4	read	scalar	1
changeplayerintelinfo	0x005a7b78	indirect	0xa78	4	write	scalar	1
changescenariomap	0x005aa12c	static	0x482c	0	read	scalar	1
changescenariomap	0x005aa12c	static	0x4834	4	write	scalar	1
changescenariomap	0x005aa12c	static	0x4848	0	read	scalar	1
changescenariomap	0x005aa12c	static	0x484c	4	write	scalar	2
changescenariomap	0x005aa12c	static	0x4850	4	read	scalar	2
changescenariomap	0x005aa12c	static	0x4858	4	read	scalar	2
changescenariomap	0x005aa12c	static	0x4880	4	read	scalar	2
changescenariomap	0x005aa12c	static	0x4884	4	read	scalar	2
changescenariomap	0x005aa12c	static	0x4888	0	read	scalar	2
changescenariomap	0x005aa12c	static	0x4888	4	read	scalar	2
changescenariomap	0x005aa12c	static	0x488c	0	read	scalar	2
changescenariomap	0x005aa12c	static	0x488c	4	read	scalar	2
changescenariomap	0x005aa12c	static	0x4890	4	read	scalar	2
changescenariomap	0x005aa12c	static	0x4894	4	read	scalar	2
changescenariomap	0x005aa12c	static	0x4898	4	read	scalar	1
changescenariomap	0x005aa12c	static	0x489c	4	read	scalar	1
changescenariomap	0x005aa12c	static	0x4dd8	0	read	scalar	1
changescenariomap	0x005aa12c	static	0x4dd8	4	write	scalar	2
changescenariomap	0x005aa12c	static	0x4ddc	4	write	scalar	2
changescenariomap	0x005aa12c	static	0x4de0	4	write	scalar	2
changescenariomap	0x005aa12c	static	0x4de4	4	write	scalar	2
changescenariomap	0x005aa12c	static	0x4f90	4	write	scalar	2
changescenariomap	0x005aa12c	static	0x4f94	0	read	scalar	2
changetexture	0x005876d0	static	0x284	0	read	scalar	1
changetexture	0x005876d0	static	0x284	4	read	scalar	2
changetexture	0x005876d0	static	0x28c	4	read	scalar	2
changetexture	0x005876d0	static	0x290	4	read	scalar	2
changetexture	0x005876d0	static	0x294	4	write	scalar	2
changetexture	0x005876d0	static	0x2a0	4	read	scalar	2
changetexture	0x005876d0	static	0x2a0	4	write	scalar	2
changetexture	0x005876d0	static	0x2a4	0	read	scalar	2
cheapestarmy	0x005ae958	static	0x34	4	read	scalar	1
cheapestarmy	0x005ae958	static	0x40	4	read	scalar	1
cheatbalkoth	0x005aa12c	static	0x8	0	read	scalar	1
cheatbalkoth	0x005aa12c	static	0x28	0	read	scalar	1
cheatbalkoth	0x005aa12c	static	0xc8	0	read	scalar	1
cheatbalkoth	0x005aa12c	static	0xc8	4	read	scalar	1
cheatbalkoth	0x005aa12c	static	0xcc	4	read	scalar	1
check_level_explored	0x005cd1ac	static	0x0	2	read	scalar	0
checkforcd	0x00584ae8	static	0x110	4	read	scalar	1
cityat	0x005ae958	static	0x64	4	read	scalar	1
cityat	0x005ae958	static	0x6c	4	read	scalar	1
cityat	0x005ae958	static	0x70	4	read	scalar	1
cityviewtoworld	0x005aa12c	static	0x0	4	write	scalar	2
cityviewtoworld	0x005aa12c	static	0x8c	4	write	scalar	2
cityviewtoworld	0x005aa12c	static	0xa4	4	write	scalar	2
cityviewtoworld	0x005aa12c	static	0xa8	4	read	scalar	1
cityviewtoworld	0x005aa12c	static	0xac	4	read	scalar	1
cityviewtoworld	0x005aa12c	static	0x654	4	read	scalar	2
cityviewtoworld	0x005aa12c	static	0x654	4	write	scalar	2
cityviewtoworld	0x005aa12c	static	0x658	4	read	scalar	1
cityviewtoworld	0x005aa12c	static	0x658	4	write	scalar	1
cityviewtoworld	0x005aa12c	static	0x65c	4	write	scalar	1
cityviewtoworld	0x005aa12c	static	0x688	4	read	scalar	2
cityviewtoworld	0x005aa12c	static	0x6a8	4	read	scalar	1
cityviewtoworld	0x005aa12c	static	0x4774	4	read	scalar	2
cityviewtoworld	0x005aa12c	static	0x47b8	4	write	scalar	2
cityviewtoworld	0x005aa12c	static	0x482c	0	read	scalar	1
cityviewtoworld	0x005aa12c	static	0x4830	4	write	scalar	2
cityviewtoworld	0x005aa12c	static	0x4838	4	write	scalar	1
cityviewtoworld	0x005aa12c	static	0x4840	4	write	scalar	1
cityviewtoworld	0x005aa12c	static	0x4844	4	read	scalar	2
cityviewtoworld	0x005aa12c	static	0x4844	4	write	scalar	2
cityviewtoworld	0x005aa12c	static	0x4848	0	read	scalar	1
cityviewtoworld	0x005aa12c	static	0x4850	4	read	scalar	2
cityviewtoworld	0x005aa12c	static	0x4860	4	read	scalar	2
cityviewtoworld	0x005aa12c	static	0x486c	4	read	scalar	2
cityviewtoworld	0x005aa12c	static	0x4880	4	read	scalar	2
cityviewtoworld	0x005aa12c	static	0x4880	4	write	scalar	2
cityviewtoworld	0x005aa12c	static	0x4884	4	read	scalar	2
cityviewtoworld	0x005aa12c	static	0x4884	4	write	scalar	2
cityviewtoworld	0x005aa12c	static	0x4888	4	read	scalar	2
cityviewtoworld	0x005aa12c	static	0x4888	4	write	scalar	2
cityviewtoworld	0x005aa12c	static	0x488c	4	read	scalar	2
cityviewtoworld	0x005aa12c	static	0x488c	4	write	scalar	2
cityviewtoworld	0x005aa12c	static	0x4890	4	read	scalar	2
cityviewtoworld	0x005aa12c	static	0x4890	4	write	scalar	2
cityviewtoworld	0x005aa12c	static	0x4894	4	read	scalar	2
cityviewtoworld	0x005aa12c	static	0x4894	4	write	scalar	2
cityviewtoworld	0x005aa12c	static	0x4898	4	write	scalar	2
cityviewtoworld	0x005aa12c	static	0x489c	4	write	scalar	2
cityviewtoworld	0x005aa12c	static	0x4904	0	read	scalar	1
cityviewtoworld	0x005aa12c	static	0x4904	4	write	scalar	2
cityviewtoworld	0x005aa12c	static	0x4908	4	write	scalar	2
cityviewtoworld	0x005aa12c	static	0x490c	4	read	scalar	2
cityviewtoworld	0x005aa12c	static	0x490c	4	write	scalar	2
cityviewtoworld	0x005aa12c	static	0x4910	4	read	scalar	2
cityviewtoworld	0x005aa12c	static	0x4910	4	write	scalar	2
cityviewtoworld	0x005aa12c	static	0x4914	4	read	scalar	2
cityviewtoworld	0x005aa12c	static	0x4914	4	write	scalar	2
cityviewtoworld	0x005aa12c	static	0x4918	4	write	scalar	2
cityviewtoworld	0x005aa12c	static	0x491c	4	read	scalar	2
cityviewtoworld	0x005aa12c	static	0x491c	4	write	scalar	2
cityviewtoworld	0x005aa12c	static	0x4920	4	read	scalar	2
cityviewtoworld	0x005aa12c	static	0x4920	4	write	scalar	2
cityviewtoworld	0x005aa12c	static	0x4924	4	read	scalar	2
cityviewtoworld	0x005aa12c	static	0x4924	4	write	scalar	2
cityviewtoworld	0x005aa12c	static	0x4928	4	read	scalar	2
cityviewtoworld	0x005aa12c	static	0x4928	4	write	scalar	2
cityviewtoworld	0x005aa12c	static	0x492c	4	write	scalar	2
cityviewtoworld	0x005aa12c	static	0x4930	4	write	scalar	2
cityviewtoworld	0x005aa12c	static	0x4938	4	read	scalar	2
cityviewtoworld	0x005aa12c	static	0x4938	4	write	scalar	2
cityviewtoworld	0x005aa12c	static	0x493c	4	read	scalar	2
cityviewtoworld	0x005aa12c	static	0x493c	4	write	scalar	2
cityviewtoworld	0x005aa12c	static	0x4a58	4	read	scalar	2
cityviewtoworld	0x005aa12c	static	0x4a58	4	write	scalar	2
cityviewtoworld	0x005aa12c	static	0x4a5c	4	write	scalar	2
cityviewtoworld	0x005aa12c	static	0x4b0c	4	read	scalar	2
cityviewtoworld	0x005aa12c	static	0x4b0c	4	write	scalar	2
cityviewtoworld	0x005aa12c	static	0x4b10	4	write	scalar	2
cityviewtoworld	0x005aa12c	static	0x4c3c	0	read	scalar	2
cityviewtoworld	0x005aa12c	static	0x5068	0	read	indexed	1
cityviewtoworld	0x005aa12c	static	0x6640	4	read	indexed	2
cityviewtoworld	0x005aa12c	static	0x6640	4	write	indexed	2
cleardefenderarmy	0x005aad68	static	0x2c	4	read	scalar	1
cleardefenderarmy	0x005aad68	static	0x2c	4	write	scalar	1
cleardefenderarmy	0x005aad68	static	0x4c	4	write	scalar	1
cleardefenderarmy	0x005aad68	static	0xe0	0	read	scalar	1
cleardefenderarmy	0x005aad68	static	0xe0	4	write	scalar	1
cleardefenderarmy	0x005aad68	static	0x538	4	write	scalar	1
cleardefenderarmy	0x005aad68	static	0x550	4	write	scalar	1
cleardefenderarmy	0x005aad68	static	0x55c	0	read	scalar	1
cleardefenderarmy	0x005aad68	static	0x55c	4	read	scalar	2
cleardefenderarmy	0x005aad68	static	0x55c	4	write	scalar	1
cleardefenderarmy	0x005aad68	static	0x560	4	read	scalar	2
cleardefenderarmy	0x005aad68	static	0x560	4	write	scalar	1
cleardefenderarmy	0x005aad68	static	0x564	4	read	scalar	2
cleardefenderarmy	0x005aad68	static	0x564	4	write	scalar	1
cleardefenderarmy	0x005aad68	static	0x568	0	read	scalar	1
cleardefenderarmy	0x005aad68	static	0x578	4	read	scalar	2
cleardefenderarmy	0x005aad68	static	0x578	4	write	scalar	1
cleardefenderarmy	0x005aad68	static	0x57c	4	read	scalar	2
cleardefenderarmy	0x005aad68	static	0x57c	4	write	scalar	1
cleardefenderarmy	0x005aad68	static	0x580	4	read	scalar	2
cleardefenderarmy	0x005aad68	static	0x580	4	write	scalar	1
cleardefenderarmy	0x005aad68	static	0x584	4	read	scalar	2
cleardefenderarmy	0x005aad68	static	0x584	4	write	scalar	1
cleardefenderarmy	0x005aad68	static	0x58c	4	read	scalar	1
cleardefenderarmy	0x005aad68	static	0x58c	4	write	scalar	1
cleardefenderarmy	0x005aad68	static	0x598	4	read	scalar	1
cleardefenderarmy	0x005aad68	static	0x598	4	write	scalar	1
clearfaithselection	0x005aa1dc	static	0x8	4	read	scalar	1
clearfaithselection	0x005aa1dc	static	0x8	4	write	scalar	1
clearmessages	0x005cd358	static	0x14	0	read	scalar	2
clearquests	0x005aeedc	static	0x0	4	read	scalar	0
clearquests	0x005aeedc	static	0x4	4	write	scalar	0
clearquests	0x005aeedc	static	0x8	4	read	scalar	0
clearregions	0x005aef04	static	0x0	4	read	scalar	2
clearregions	0x005aef04	static	0x0	4	write	scalar	1
clearregions	0x005aef04	static	0x4	4	write	scalar	1
clearregions	0x005aef04	static	0x8	4	write	scalar	1
clearregions	0x005aef04	static	0xc	4	write	scalar	1
clearregions	0x005aef04	static	0x10	0	read	scalar	2
clearregions	0x005aef04	static	0x1ac	4	read	scalar	2
clearregions	0x005aef04	static	0x1ac	4	write	scalar	2
clearregions	0x005aef04	static	0x1b8	4	write	scalar	1
clearregions	0x005aef04	static	0x1bc	0	read	scalar	1
clearscriptwindow	0x00584d60	static	0x0	4	read	scalar	0
clearslots	0x00584cd4	static	0x56	0	read	scalar	0
clearslots	0x00584cd4	static	0x56	1	write	scalar	0
clearunitacks	0x005cd2f4	indirect	0x0	0	read	indexed	0
closecitygate	0x005ae8e8	static	0x3c	4	read	scalar	1
closecitygate	0x005ae8e8	static	0x40	4	read	scalar	1
closecitygate	0x005ae8e8	static	0x44	4	read	scalar	1
closecitygate	0x005ae8e8	static	0x48	4	read	scalar	1
closecitygate	0x005ae8e8	static	0x4c	1	read	scalar	1
closecitygate	0x005ae958	static	0x64	4	read	scalar	2
closecitygate	0x005ae958	static	0x6c	4	read	scalar	2
closecitygate	0x005ae958	static	0x70	4	read	scalar	2
closescriptwindow	0x00584ae8	static	0x278	0	read	scalar	1
closescriptwindow	0x00584ae8	static	0x278	4	read	scalar	2
closescriptwindow	0x00584ae8	static	0x680	4	read	scalar	1
closescriptwindow	0x00584ae8	static	0x684	4	read	scalar	1
closescriptwindow	0x00584ae8	static	0x688	4	read	scalar	1
closescriptwindow	0x00584ae8	static	0x2be4	4	read	scalar	1
closescriptwindow	0x00584d60	static	0x0	4	read	scalar	0
coarsescrollpixels	0x00584ae8	static	0x680	4	read	scalar	1
coarsescrollpixels	0x00584ae8	static	0x684	0	read	indexed	1
coarsescrollpixels	0x00584ae8	static	0x684	4	read	indexed	1
coarsescrollpixels	0x00584ae8	static	0x684	4	write	indexed	1
coarsescrollpixels	0x00584ae8	static	0x6e4	0	read	indexed	1
coarsescrollpixels	0x00584ae8	static	0x6e4	4	write	indexed	1
combat_controltarget	0x005ae974	static	0x8	4	read	scalar	1
combat_controltarget	0x005ae974	static	0x10	4	read	scalar	1
combat_deadtarget	0x005ae974	static	0x8	4	read	scalar	1
combat_deadtarget	0x005ae974	static	0x10	4	read	scalar	1
combat_deadtarget	0x005ae98c	indirect	0x4	4	read	scalar	0
combat_deadtarget	0x005ae98c	indirect	0x28	4	read	scalar	0
combat_deadtarget	0x005ae98c	indirect	0x30	4	read	scalar	0
combat_deadtarget	0x005ae98c	indirect	0xc4	0	read	scalar	0
combat_deadtarget	0x005ae98c	indirect	0xc4	4	read	scalar	1
combat_deadtarget	0x005ae98c	indirect	0xd8	4	read	scalar	1
combat_enumgrouparmies	0x005ae974	static	0x8	4	read	scalar	1
combat_enumgrouparmies	0x005ae974	static	0x10	4	read	scalar	1
combat_enumgrouparmies	0x005ae98c	indirect	0x4	4	read	scalar	0
combat_enumgrouparmies	0x005ae98c	indirect	0x28	4	read	scalar	0
combat_enumgrouparmies	0x005ae98c	indirect	0x30	4	read	scalar	0
combat_enumgrouparmies	0x005ae98c	indirect	0x48	4	read	scalar	0
combat_enumgrouparmies	0x005ae98c	indirect	0x5ac	1	read	scalar	0
combat_grouploc	0x005ae974	static	0x8	4	read	scalar	1
combat_grouploc	0x005ae974	static	0x10	4	read	scalar	1
combat_grouploc	0x005ae998	indirect	0x4	4	read	scalar	0
combat_grouploc	0x005ae998	indirect	0x1c	4	read	scalar	0
combat_grouploc	0x005ae998	indirect	0x30	4	read	scalar	0
combat_grouploc	0x005ae998	indirect	0x48	4	read	scalar	0
combat_grouploc	0x005ae998	indirect	0x5ac	1	read	scalar	0
combat_playerdeadtarget	0x005ae974	static	0x8	4	read	scalar	1
combat_playerdeadtarget	0x005ae974	static	0x10	4	read	scalar	1
combat_playerdeadtarget	0x005ae998	indirect	0x4	4	read	scalar	0
combat_playerdeadtarget	0x005ae998	indirect	0x28	4	read	scalar	0
combat_playerdeadtarget	0x005ae998	indirect	0x30	4	read	scalar	0
combat_playerdeadtarget	0x005ae998	indirect	0x48	4	read	scalar	0
combat_playerdeadtarget	0x005ae998	indirect	0xc4	0	read	scalar	1
combat_playerdeadtarget	0x005ae998	indirect	0xc4	4	read	scalar	2
combat_playerdeadtarget	0x005ae998	indirect	0xd8	4	read	scalar	2
combattileset	0x005aa12c	static	0x482c	0	read	scalar	1
combattileset	0x005aa12c	static	0x4904	0	read	scalar	2
combattileset	0x005aa12c	static	0x4b38	0	read	scalar	1
combatviewtoworld	0x005aa12c	static	0x658	4	read	scalar	1
combatviewtoworld	0x005aa12c	static	0x6a8	1	read	scalar	1
combatviewtoworld	0x005aa12c	static	0xc84	1	read	scalar	1
combatviewtoworld	0x005aa12c	static	0x479c	4	read	scalar	1
combatviewtoworld	0x005aa12c	static	0x479c	4	write	scalar	1
combatviewtoworld	0x005aa12c	static	0x47a8	1	read	scalar	1
combatviewtoworld	0x005aa12c	static	0x47a8	4	read	scalar	1
combatviewtoworld	0x005aa12c	static	0x47ac	4	read	scalar	1
combatviewtoworld	0x005aa12c	static	0x4fec	4	read	scalar	1
combatviewtoworld	0x005aa12c	static	0x4fec	4	write	scalar	1
combatviewtoworld	0x005aa12c	static	0x4ff0	4	read	scalar	1
combatviewtoworld	0x005aa12c	static	0x5068	0	read	indexed	1
combinecontainerspots	0x005a7b50	static	0x0	4	read	scalar	2
combinecontainerspots	0x005a7b50	static	0x4	4	read	scalar	2
compresscontainer	0x005a7b50	static	0x0	4	read	scalar	2
compresscontainer	0x005a7b50	static	0x4	4	read	scalar	2
conetarget	0x005ae958	static	0x64	4	read	scalar	2
conetarget	0x005ae958	static	0x6c	4	read	scalar	1
conetarget	0x005ae958	static	0x70	4	read	scalar	1
connectedbyland	0x005aef04	static	0x0	4	read	scalar	1
connectedbyland	0x005aef04	static	0xc	4	read	scalar	1
connectedbyland	0x005aef04	static	0x1b4	4	read	scalar	2
connectedbyland	0x005aef04	static	0x1b4	4	write	scalar	2
connectedbyland	0x005aef04	static	0x1b8	4	write	scalar	1
connectedbyland	0x005aef04	static	0x1bc	0	read	scalar	1
connectedbyland	0x005aef04	indirect	0x2	2	read	indexed	0
connectedbywater	0x005aef04	static	0x0	4	read	scalar	1
connectedbywater	0x005aef04	static	0xc	4	read	scalar	1
connectedbywater	0x005aef04	static	0x1b4	4	read	scalar	2
connectedbywater	0x005aef04	static	0x1b4	4	write	scalar	2
connectedbywater	0x005aef04	static	0x1b8	4	write	scalar	1
connectedbywater	0x005aef04	static	0x1bc	0	read	scalar	1
connectedbywater	0x005aef04	indirect	0x4	2	read	indexed	0
connecttosigs	0x005cd358	static	0x4b2c	4	read	scalar	1
connecttosigs	0x005cd358	static	0x4b2c	4	write	scalar	1
connecttosigs	0x005cd358	static	0x4b30	4	read	scalar	1
connecttostorm	0x005cd358	static	0x4b2c	4	read	scalar	1
connecttostorm	0x005cd358	static	0x4b2c	4	write	scalar	1
connecttostorm	0x005cd358	static	0x4b30	4	read	scalar	1
container	0x005a7b50	static	0x0	4	read	scalar	2
container	0x005a7b50	static	0x4	4	read	scalar	2
controlleroffaith	0x005aa12c	static	0x4848	0	read	scalar	1
controlleroffaith	0x005aa12c	static	0x4850	4	read	scalar	2
controlleroffaith	0x005aa12c	static	0x4860	4	read	scalar	2
controlleroffaith	0x005aa12c	static	0x486c	4	read	scalar	2
copydoodad	0x005a7b50	static	0x0	4	read	scalar	2
copydoodad	0x005a7b50	static	0x4	4	read	scalar	2
costbuildbuilding	0x005cd31c	static	0x4	4	read	scalar	1
costbuildbuilding	0x005cd31c	static	0x8	4	read	scalar	1
countunittypes	0x005ae974	static	0x8	4	read	scalar	1
countunittypes	0x005ae974	static	0x18	4	read	scalar	1
countunittypes	0x005ae974	static	0x24	4	read	scalar	1
countunittypes	0x005cd2ec	static	0x4	4	read	scalar	0
countunittypes	0x005cd2ec	static	0x8	4	read	scalar	0
create3dmap	0x005876d0	static	0x0	4	read	scalar	1
create3dmap	0x005876d0	static	0x1ac	4	read	scalar	2
create3dmap	0x005876d0	static	0x1ac	4	write	scalar	1
createartifact	0x005cd340	static	0x0	4	read	scalar	1
createartifact	0x005cd340	static	0x8	4	read	scalar	1
createartifactnow	0x005cd340	static	0x0	4	read	scalar	1
createartifactnow	0x005cd340	static	0x8	4	read	scalar	1
createbuildinginfolist	0x005cd310	static	0x0	4	write	scalar	1
createbuildinginfolist	0x005cd310	static	0x4	4	write	scalar	1
createbuildinginfolist	0x005cd310	static	0x8	4	read	scalar	2
createbuildinginfolist	0x005cd310	static	0x8	4	write	scalar	1
createbuildingrequirementslist	0x005cd31c	static	0x0	4	write	scalar	1
createbuildingrequirementslist	0x005cd31c	static	0x4	4	write	scalar	1
createbuildingrequirementslist	0x005cd31c	static	0x8	4	read	scalar	2
createbuildingrequirementslist	0x005cd31c	static	0x8	4	write	scalar	1
createghost	0x005ae958	static	0x1c	0	read	scalar	1
createghost	0x005ae958	static	0x20	4	read	scalar	1
createghost	0x005ae958	static	0x24	4	read	scalar	2
createghost	0x005ae958	static	0x2c	4	read	scalar	2
createghost	0x005ae958	static	0x34	4	read	scalar	2
createghost	0x005ae958	static	0x34	4	write	scalar	2
createghost	0x005ae958	static	0x40	4	read	scalar	2
createghost	0x005ae958	static	0x64	4	read	scalar	1
createghost	0x005ae958	static	0x68	4	read	scalar	2
createingamemessage	0x005aa12c	static	0x130	4	write	scalar	1
createingamemessage	0x005aa12c	static	0x134	4	write	scalar	1
createingamemessage	0x005aa12c	static	0x138	0	read	scalar	1
createingamemessage	0x005aa12c	static	0x19c	4	write	scalar	1
createingamemessage	0x005aa12c	static	0x4c0	0	read	scalar	1
createingamemessage	0x005aa12c	static	0x4c0	4	read	scalar	2
createingamemessage	0x005aa12c	static	0x4c0	4	write	scalar	2
createingamemessage	0x005aa12c	static	0x4c4	4	read	scalar	1
createingamemessage	0x005aa12c	static	0x4c4	4	write	scalar	2
createingamemessage	0x005aa12c	static	0x4c8	4	read	scalar	1
createingamemessage	0x005aa12c	static	0x4c8	4	write	scalar	2
createingamemessage	0x005aa12c	static	0x4cc	4	read	scalar	2
createingamemessage	0x005aa12c	static	0x4cc	4	write	scalar	2
createingamemessage	0x005aa12c	static	0x4d4	1	read	scalar	2
createingamemessage	0x005aa12c	static	0x4d4	4	write	scalar	2
createingamemessage	0x005aa12c	static	0x518	4	read	scalar	1
createingamemessage	0x005aa12c	static	0x5e4	4	write	scalar	1
createnetworkgame	0x005d1e84	indirect	0x0	4	read	scalar	0
createtemparmy	0x0055b1b0	indirect	0x0	4	write	scalar	1
createtemparmy	0x0055b1b0	indirect	0x4	4	write	scalar	2
createtemparmy	0x0055b1b0	indirect	0x24	4	write	scalar	2
createtemparmy	0x0055b1b0	indirect	0x44	4	write	scalar	2
createtemparmy	0x0055b1b0	indirect	0x48	4	write	scalar	2
createtemparmy	0x0055b1b0	indirect	0x4c	4	write	scalar	2
createtemparmy	0x0055b1b0	indirect	0x50	4	write	scalar	2
createtemparmy	0x0055b1b0	indirect	0x54	4	write	scalar	2
createtemparmy	0x0055b1b0	indirect	0x58	4	write	scalar	2
createtemparmy	0x0055b1b0	indirect	0x5c	4	write	scalar	2
createtemparmy	0x0055b1b0	indirect	0x60	4	write	scalar	2
createtemparmy	0x0055b1b0	indirect	0x64	4	write	scalar	2
createtemparmy	0x0055b1b0	indirect	0x68	4	write	scalar	2
createtemparmy	0x0055b1b0	indirect	0x6c	4	write	scalar	2
createtemparmy	0x0055b1b0	indirect	0x74	4	write	scalar	2
createtemparmy	0x0055b1b0	indirect	0x78	1	write	scalar	2
createtemparmy	0x0055b1b0	indirect	0xc0	1	write	scalar	1
createtemparmy	0x0055b1b0	indirect	0xc4	0	read	scalar	1
createtemparmy	0x0055b1b0	indirect	0x538	4	write	scalar	2
createtemparmy	0x0055b1b0	indirect	0x53c	4	write	scalar	2
createtemparmy	0x0055b1b0	indirect	0x540	4	write	scalar	2
createtemparmy	0x0055b1b0	indirect	0x544	4	write	scalar	2
createtemparmy	0x0055b1b0	indirect	0x548	4	write	scalar	2
createtemparmy	0x0055b1b0	indirect	0x54c	4	write	scalar	2
createtemparmy	0x0055b1b0	indirect	0x550	4	write	scalar	2
createtemparmy	0x0055b1b0	indirect	0x55c	0	read	scalar	1
createtemparmy	0x0055b1b0	indirect	0x55c	4	write	scalar	2
createtemparmy	0x0055b1b0	indirect	0x560	4	write	scalar	2
createtemparmy	0x0055b1b0	indirect	0x564	4	write	scalar	2
createtemparmy	0x0055b1b0	indirect	0x568	0	read	scalar	1
createtemparmy	0x0055b1b0	indirect	0x568	4	write	scalar	2
createtemparmy	0x0055b1b0	indirect	0x56c	4	write	scalar	2
createtemparmy	0x0055b1b0	indirect	0x574	4	write	scalar	2
createtemparmy	0x0055b1b0	indirect	0x578	4	write	scalar	2
createtemparmy	0x0055b1b0	indirect	0x57c	4	write	scalar	2
createtemparmy	0x0055b1b0	indirect	0x580	4	write	scalar	2
createtemparmy	0x0055b1b0	indirect	0x584	4	write	scalar	2
createtemparmy	0x0055b1b0	indirect	0x588	4	write	scalar	2
createtemparmy	0x0055b1b0	indirect	0x58c	4	write	scalar	2
createtemparmy	0x0055b1b0	indirect	0x590	4	write	scalar	2
createtemparmy	0x0055b1b0	indirect	0x598	4	write	scalar	2
createtemparmy	0x0055b1b0	indirect	0x59c	4	write	scalar	2
createtemparmy	0x0055b1b0	indirect	0x5a0	4	write	scalar	2
createtemparmy	0x0055b1b0	indirect	0x5a4	4	write	scalar	2
createtemparmy	0x0055b1b0	indirect	0x5a8	4	write	scalar	2
createtemparmy	0x0055b1b0	indirect	0x5ac	1	write	scalar	2
createtemparmy	0x0055b1b0	indirect	0x5b0	4	write	scalar	2
createtemparmy	0x0055b1b0	indirect	0x5b4	4	write	scalar	2
createtemparmy	0x0055b1b0	indirect	0x5b8	4	write	scalar	2
createtemparmy	0x0055b1b0	indirect	0x5bc	4	write	scalar	2
createtemparmy	0x0055b1b0	indirect	0x5c0	4	write	scalar	2
createtemparmy	0x0055b1b0	indirect	0x5c4	4	write	scalar	2
createtemparmy	0x0055b1b0	indirect	0x5c8	1	write	scalar	2
createtemparmy	0x0055b1b0	indirect	0x5cc	4	write	scalar	2
createtemparmy	0x0055b1b0	indirect	0x5d4	4	write	scalar	2
createvirtualarmy	0x0055b1b0	indirect	0x0	4	write	scalar	1
createvirtualarmy	0x0055b1b0	indirect	0x4	4	write	scalar	2
createvirtualarmy	0x0055b1b0	indirect	0x24	4	write	scalar	2
createvirtualarmy	0x0055b1b0	indirect	0x44	4	write	scalar	2
createvirtualarmy	0x0055b1b0	indirect	0x48	4	write	scalar	2
createvirtualarmy	0x0055b1b0	indirect	0x4c	4	write	scalar	2
createvirtualarmy	0x0055b1b0	indirect	0x50	4	write	scalar	2
createvirtualarmy	0x0055b1b0	indirect	0x54	4	write	scalar	2
createvirtualarmy	0x0055b1b0	indirect	0x58	4	write	scalar	2
createvirtualarmy	0x0055b1b0	indirect	0x5c	4	write	scalar	2
createvirtualarmy	0x0055b1b0	indirect	0x60	4	write	scalar	2
createvirtualarmy	0x0055b1b0	indirect	0x64	4	write	scalar	2
createvirtualarmy	0x0055b1b0	indirect	0x68	4	write	scalar	2
createvirtualarmy	0x0055b1b0	indirect	0x6c	4	write	scalar	2
createvirtualarmy	0x0055b1b0	indirect	0x74	4	write	scalar	2
createvirtualarmy	0x0055b1b0	indirect	0x78	1	write	scalar	2
createvirtualarmy	0x0055b1b0	indirect	0xc0	1	write	scalar	1
createvirtualarmy	0x0055b1b0	indirect	0xc4	0	read	scalar	1
createvirtualarmy	0x0055b1b0	indirect	0x538	4	write	scalar	2
createvirtualarmy	0x0055b1b0	indirect	0x53c	4	write	scalar	2
createvirtualarmy	0x0055b1b0	indirect	0x540	4	write	scalar	2
createvirtualarmy	0x0055b1b0	indirect	0x544	4	write	scalar	2
createvirtualarmy	0x0055b1b0	indirect	0x548	4	write	scalar	2
createvirtualarmy	0x0055b1b0	indirect	0x54c	4	write	scalar	2
createvirtualarmy	0x0055b1b0	indirect	0x550	4	write	scalar	2
createvirtualarmy	0x0055b1b0	indirect	0x55c	0	read	scalar	1
createvirtualarmy	0x0055b1b0	indirect	0x55c	4	write	scalar	2
createvirtualarmy	0x0055b1b0	indirect	0x560	4	write	scalar	2
createvirtualarmy	0x0055b1b0	indirect	0x564	4	write	scalar	2
createvirtualarmy	0x0055b1b0	indirect	0x568	0	read	scalar	1
createvirtualarmy	0x0055b1b0	indirect	0x568	4	write	scalar	2
createvirtualarmy	0x0055b1b0	indirect	0x56c	4	write	scalar	2
createvirtualarmy	0x0055b1b0	indirect	0x574	4	write	scalar	2
createvirtualarmy	0x0055b1b0	indirect	0x578	4	write	scalar	2
createvirtualarmy	0x0055b1b0	indirect	0x57c	4	write	scalar	2
createvirtualarmy	0x0055b1b0	indirect	0x580	4	write	scalar	2
createvirtualarmy	0x0055b1b0	indirect	0x584	4	write	scalar	2
createvirtualarmy	0x0055b1b0	indirect	0x588	4	write	scalar	2
createvirtualarmy	0x0055b1b0	indirect	0x58c	4	write	scalar	2
createvirtualarmy	0x0055b1b0	indirect	0x590	4	write	scalar	2
createvirtualarmy	0x0055b1b0	indirect	0x598	4	write	scalar	2
createvirtualarmy	0x0055b1b0	indirect	0x59c	4	write	scalar	2
createvirtualarmy	0x0055b1b0	indirect	0x5a0	4	write	scalar	2
createvirtualarmy	0x0055b1b0	indirect	0x5a4	4	write	scalar	2
createvirtualarmy	0x0055b1b0	indirect	0x5a8	4	write	scalar	2
createvirtualarmy	0x0055b1b0	indirect	0x5ac	1	write	scalar	2
createvirtualarmy	0x0055b1b0	indirect	0x5b0	4	write	scalar	2
createvirtualarmy	0x0055b1b0	indirect	0x5b4	4	write	scalar	2
createvirtualarmy	0x0055b1b0	indirect	0x5b8	4	write	scalar	2
createvirtualarmy	0x0055b1b0	indirect	0x5bc	4	write	scalar	2
createvirtualarmy	0x0055b1b0	indirect	0x5c0	4	write	scalar	2
createvirtualarmy	0x0055b1b0	indirect	0x5c4	4	write	scalar	2
createvirtualarmy	0x0055b1b0	indirect	0x5c8	1	write	scalar	2
createvirtualarmy	0x0055b1b0	indirect	0x5cc	4	write	scalar	2
createvirtualarmy	0x0055b1b0	indirect	0x5d4	4	write	scalar	2
createvirtualarmy	0x005869f4	indirect	0x28	4	read	scalar	0
crop	0x005a7b50	static	0x0	4	read	scalar	1
crop	0x005a7b50	static	0x4	4	read	scalar	1
defenderlost?	0x005aa12c	static	0x6a8	4	read	scalar	1
defenderlost?	0x005aa12c	static	0x6ac	4	read	scalar	2
defenderlost?	0x005aa12c	static	0xc84	4	read	scalar	1
defenderlost?	0x005aa12c	static	0xc88	4	read	scalar	2
defendingcitycornerwalldirection	0x005ae8e8	static	0x34	1	read	scalar	1
defendingcitycornerwalldirection	0x005ae8e8	static	0x35	1	read	scalar	1
defendingcitycornerwalldirection	0x005ae8e8	static	0x36	1	read	scalar	1
defendingcityfrontwalldirection	0x005ae8e8	static	0x34	1	read	scalar	1
defendingcityfrontwalldirection	0x005ae8e8	static	0x35	1	read	scalar	1
defendingcityfrontwalldirection	0x005ae8e8	static	0x36	1	read	scalar	1
defendingcitysidewalldirection	0x005ae8e8	static	0x34	1	read	scalar	1
defendingcitysidewalldirection	0x005ae8e8	static	0x35	1	read	scalar	1
defendingcitysidewalldirection	0x005ae8e8	static	0x36	1	read	scalar	1
defensivemultitargetloc	0x005aee6c	static	0x0	4	read	scalar	1
defensivemultitargetloc	0x005aee6c	static	0x8	4	read	scalar	1
deletearmynow	0x005aa12c	static	0x482c	0	read	scalar	1
deletearmynow	0x005aa12c	static	0x4848	0	read	scalar	1
deletearmynow	0x005aa12c	static	0x4850	4	read	scalar	2
deletearmynow	0x005aa12c	static	0x4858	4	read	scalar	2
deletearmynow	0x005aa12c	static	0x4860	4	read	scalar	2
deletearmynow	0x005aa12c	static	0x4860	4	write	scalar	2
deletearmynow	0x005aa12c	static	0x4890	4	read	scalar	2
deletearmynow	0x005aa12c	static	0x4894	4	read	scalar	2
deselectfaith	0x005d1e84	indirect	0x100	4	read	scalar	1
deselectfaith	0x005d1e84	indirect	0x120	4	read	scalar	1
destroyterrainsprite	0x005aa12c	static	0x482c	0	read	scalar	1
destroyterrainsprite	0x005aa12c	static	0x4848	0	read	scalar	1
destroyterrainsprite	0x005aa12c	static	0x4850	4	read	scalar	2
destroyterrainsprite	0x005aa12c	static	0x4858	4	read	scalar	2
destroyterrainsprite	0x005aa12c	static	0x4860	4	read	scalar	2
destroyterrainsprite	0x005aa12c	static	0x4860	4	write	scalar	2
destroyterrainsprite	0x005aa12c	static	0x4890	4	read	scalar	2
destroyterrainsprite	0x005aa12c	static	0x4894	4	read	scalar	2
diffuselight	0x00584ae8	static	0x278	0	read	scalar	2
diffuselight	0x00584ae8	static	0x680	4	read	scalar	1
diffuselight	0x00584ae8	static	0x684	4	read	scalar	1
diffuselight	0x00584ae8	static	0x688	4	read	scalar	1
diffuselight	0x00584ae8	static	0x68c	4	read	scalar	1
diffuselight	0x00584ae8	static	0x2be4	4	read	scalar	2
diffuselight	0x00584ae8	static	0x2bec	4	read	scalar	1
diffuselight	0x005876d0	static	0x0	4	read	scalar	1
diffuselight	0x005876d0	static	0x18	4	write	scalar	1
diffuselight	0x005876d0	static	0x1c	4	write	scalar	1
diffuselight	0x005876d0	static	0x20	4	write	scalar	1
diffuselight	0x005876d0	static	0x24	4	write	scalar	1
disablemap	0x005a9e04	static	0xc	0	read	scalar	1
disablemap	0x005a9e04	static	0x20	4	read	scalar	2
disablemap	0x005a9e04	static	0x24	4	read	scalar	2
disablemap	0x005a9e04	static	0x28	4	read	scalar	2
disablemap	0x005a9e04	static	0x2c	4	read	scalar	2
disablemap	0x005a9e04	static	0x38	4	write	scalar	1
disablemap	0x005a9e04	static	0x70	0	read	scalar	1
disablemap	0x005a9e04	static	0x90	4	read	scalar	2
disablemap	0x005a9e04	static	0x98	4	read	scalar	2
disablemap	0x005a9e04	static	0x9c	4	read	scalar	2
disablemap	0x005a9e04	static	0xa0	4	read	scalar	2
disablemap	0x005a9e04	static	0xa4	4	read	scalar	2
disablespell	0x005aee6c	static	0x0	4	read	scalar	1
disablespell	0x005aee6c	static	0x8	4	read	scalar	1
disconnect	0x005cd358	static	0x4b2c	4	read	scalar	1
disconnect	0x005cd358	static	0x4b2c	4	write	scalar	1
discoveralarm	0x005aeec0	static	0x0	4	read	scalar	1
discoveralarm	0x005aeec0	static	0x0	4	write	scalar	1
discoveralarm	0x005aeec0	static	0x4	4	read	scalar	2
discoveralarm	0x005aeec0	static	0x4	4	write	scalar	2
discoveralarm	0x005aeec0	static	0x8	4	read	scalar	1
discoveralarm	0x005aeec0	static	0x8	4	write	scalar	1
distractarmyorder	0x00579458	static	0x40	4	read	scalar	1
distractarmyorder	0x00579458	static	0x44	4	read	scalar	1
distractorder	0x00579458	static	0x40	4	read	scalar	1
distractorder	0x00579458	static	0x44	4	read	scalar	1
distractorder	0x005aa12c	static	0x4898	4	read	scalar	1
distractorder	0x005ae958	static	0x6c	4	read	scalar	1
distractorder	0x005ae958	static	0x70	4	read	scalar	1
doodad	0x005a7b50	static	0x0	4	read	scalar	2
doodad	0x005a7b50	static	0x4	4	read	scalar	2
drawbox	0x005a7b50	static	0x0	4	read	scalar	2
drawbox	0x005a7b50	static	0x4	4	read	scalar	2
drawimpframe	0x00584ae8	static	0x278	0	read	scalar	1
drawimpframe	0x00584ae8	static	0x278	4	read	scalar	2
drawimpframe	0x00584ae8	static	0x680	4	read	scalar	1
drawimpframe	0x00584ae8	static	0x684	4	read	scalar	1
drawimpframe	0x00584ae8	static	0x688	4	read	scalar	1
drawimpframe	0x00584ae8	static	0x2be4	4	read	scalar	1
drawimpframe	0x005a7b50	static	0x0	4	read	scalar	2
drawimpframe	0x005a7b50	static	0x4	4	read	scalar	2
drawline	0x005a7b50	static	0x0	4	read	scalar	2
drawline	0x005a7b50	static	0x4	4	read	scalar	2
drawobject	0x005a7b50	static	0x0	4	read	scalar	1
drawobject	0x005a7b50	static	0x4	4	read	scalar	1
editbox	0x005a7b50	static	0x0	4	read	scalar	2
editbox	0x005a7b50	static	0x4	4	read	scalar	2
emptybarterslot	0x00584cd4	static	0x8	4	read	scalar	2
emptybarterslot	0x00584cd4	static	0x28	0	read	indexed	2
enableallspells	0x005aee6c	static	0x0	4	read	scalar	1
enableallspells	0x005aee6c	static	0x8	4	read	scalar	1
enableallspells	0x005aee70	indirect	0x0	4	write	scalar	0
enablespell	0x005aee6c	static	0x0	4	read	scalar	1
enablespell	0x005aee6c	static	0x8	4	read	scalar	1
endturn	0x005aa12c	static	0x5068	0	read	indexed	1
enternetpikfaithscreen	0x005a7b78	indirect	0x50	4	read	scalar	0
enternetpikfaithscreen	0x005a7b78	indirect	0x54	4	read	scalar	0
enternetpikfaithscreen	0x005a7b78	indirect	0x54	4	write	scalar	0
enternetpikfaithscreen	0x005a7b78	indirect	0x6c	4	read	scalar	1
enternetpikfaithscreen	0x005a7b78	indirect	0x90	4	read	scalar	1
enternetpikfaithscreen	0x005a7b78	indirect	0x90	4	write	scalar	0
enternetpikfaithscreen	0x005a7b78	indirect	0x94	4	read	scalar	2
enternetpikfaithscreen	0x005a7b78	indirect	0x98	4	read	scalar	2
enternetpikfaithscreen	0x005a7b78	indirect	0x9c	4	read	scalar	1
enternetpikfaithscreen	0x005a7b78	indirect	0xa0	4	read	scalar	1
enternetpikfaithscreen	0x005a7b78	indirect	0xa4	4	read	scalar	1
enternetpikfaithscreen	0x005a7b78	indirect	0xa4	4	write	scalar	0
enternetpikfaithscreen	0x005a7b78	indirect	0xa8	0	read	indexed	2
enternetpikfaithscreen	0x005a7b78	indirect	0xa8	4	read	indexed	2
enternetpikfaithscreen	0x005a7b78	indirect	0xa8	4	write	indexed	1
enternetpikfaithscreen	0x005a7b78	indirect	0xac	4	read	indexed	2
enternetpikfaithscreen	0x005a7b78	indirect	0xac	4	write	indexed	1
enternetpikfaithscreen	0x005a7b78	indirect	0x3c4	4	write	indexed	1
enternetpikfaithscreen	0x005a7b78	indirect	0x3c8	0	read	indexed	2
enternetpikfaithscreen	0x005a7b78	indirect	0x3c8	4	read	indexed	2
enternetpikfaithscreen	0x005a7b78	indirect	0x558	4	read	scalar	1
enternetpikfaithscreen	0x005a7b78	indirect	0x558	4	write	scalar	1
enternetpikfaithscreen	0x005a7b78	indirect	0x880	0	read	scalar	2
enternetpikfaithscreen	0x005a7b78	indirect	0x880	1	write	scalar	2
enternetpikfaithscreen	0x005a7b78	indirect	0x984	0	read	scalar	2
enternetpikfaithscreen	0x005a7b78	indirect	0xa4b	1	write	scalar	2
enternetpikfaithscreen	0x005a7b78	indirect	0xa4c	4	write	scalar	2
enternetpikfaithscreen	0x005a7b78	indirect	0xa50	4	write	scalar	2
enternetpikfaithscreen	0x005a7b78	indirect	0xa54	4	write	scalar	2
enternetpikfaithscreen	0x005a7b78	indirect	0xa58	4	write	scalar	2
enternetpikfaithscreen	0x005a7b78	indirect	0xa5c	4	write	scalar	2
enternetpikfaithscreen	0x005a7b78	indirect	0xa60	4	read	scalar	2
enternetpikfaithscreen	0x005a7b78	indirect	0xa60	4	write	scalar	2
enternetpikfaithscreen	0x005a7b78	indirect	0xa64	4	read	scalar	2
enternetpikfaithscreen	0x005a7b78	indirect	0xa64	4	write	scalar	2
enternetpikfaithscreen	0x005a7b78	indirect	0xa78	4	read	scalar	1
enternetpikfaithscreen	0x005a7b78	indirect	0xa78	4	write	scalar	1
enternetpikfaithscreen	0x005cd358	static	0x4b2c	4	read	scalar	0
enternetpikfaithscreen	0x005cd358	static	0x4b74	0	read	scalar	0
enumactiveplayers	0x005aa12c	static	0x6640	0	read	scalar	1
enumactiveplayers	0x005aa12c	static	0x6640	1	read	scalar	1
enumadjacentlocations	0x005aef04	static	0x10	0	read	scalar	1
enumadjacentlocations	0x005aef04	static	0x1ac	4	read	scalar	1
enumadjacentlocations	0x005aef04	static	0x1b0	4	read	scalar	1
enumadjacentregions	0x005aef04	static	0x10	0	read	scalar	1
enumadjacentregions	0x005aef04	static	0x1ac	4	read	scalar	1
enumadjacentregions	0x005aef04	static	0x1b0	4	read	scalar	1
enumaiterrainsprites	0x005ae974	static	0x8	4	read	scalar	1
enumaiterrainsprites	0x005ae974	static	0x18	4	read	scalar	1
enumaiterrainsprites	0x005ae974	static	0x24	4	read	scalar	1
enumallarmies	0x005ae974	static	0x8	4	read	scalar	1
enumallarmies	0x005ae974	static	0x18	4	read	scalar	1
enumallarmies	0x005ae974	static	0x24	4	read	scalar	1
enumallplayeractivearmies	0x005ae974	static	0x8	4	read	scalar	1
enumallplayeractivearmies	0x005ae974	static	0x18	4	read	scalar	1
enumallplayeractivearmies	0x005ae974	static	0x24	4	read	scalar	1
enumallplayerarmies	0x005ae974	static	0x8	4	read	scalar	1
enumallplayerarmies	0x005ae974	static	0x18	4	read	scalar	1
enumallplayerarmies	0x005ae974	static	0x24	4	read	scalar	1
enumallseenarmies	0x005ae974	static	0x8	4	read	scalar	1
enumallseenarmies	0x005ae974	static	0x18	4	read	scalar	1
enumallseenarmies	0x005ae974	static	0x24	4	read	scalar	1
enumallseenplayerarmies	0x005ae974	static	0x8	4	read	scalar	1
enumallseenplayerarmies	0x005ae974	static	0x18	4	read	scalar	1
enumallseenplayerarmies	0x005ae974	static	0x24	4	read	scalar	1
enumarmies	0x005ae974	static	0x8	4	read	scalar	1
enumarmies	0x005ae974	static	0x18	4	read	scalar	1
enumarmies	0x005ae974	static	0x24	4	read	scalar	1
enumarmiesinbarter	0x00584cd4	static	0x8	4	read	scalar	1
enumarmiesinbarter	0x00584cd4	static	0xc	4	read	scalar	1
enumarmiesinbarter	0x00584cd4	static	0x28	0	read	indexed	1
enumarmiesinbarter	0x00584cd4	static	0x28	2	read	indexed	1
enumarmiesinbarter	0x00584cd4	static	0x2c	1	read	indexed	1
enumarmiesinradius	0x005ae958	static	0x34	4	read	scalar	1
enumarmiesinradius	0x005ae958	static	0x40	4	read	scalar	1
enumarmiesinradius	0x005ae958	static	0x6c	4	read	scalar	2
enumarmiesinradius	0x005ae958	static	0x70	4	read	scalar	2
enumarmiesnotuseinplay	0x005ae958	static	0x34	4	read	scalar	1
enumarmiesnotuseinplay	0x005ae958	static	0x40	4	read	scalar	1
enumartifactsinbarter	0x00584cd4	static	0x8	4	read	scalar	1
enumartifactsinbarter	0x00584cd4	static	0xc	4	read	scalar	1
enumartifactsinbarter	0x00584cd4	static	0x28	0	read	indexed	1
enumartifactsinbarter	0x00584cd4	static	0x28	2	read	indexed	1
enumartifactsinbarter	0x00584cd4	static	0x2c	1	read	indexed	1
enumartifacttypes	0x005cd340	static	0x0	4	read	scalar	1
enumbuildbuilding	0x005cd31c	static	0x4	4	read	scalar	1
enumbuildbuilding	0x005cd31c	static	0x8	4	read	scalar	1
enumbuildings	0x005ae974	static	0x8	4	read	scalar	1
enumbuildings	0x005ae974	static	0x18	4	read	scalar	1
enumbuildings	0x005ae974	static	0x24	4	read	scalar	1
enumbuildingsinbarter	0x00584cd4	static	0x8	4	read	scalar	1
enumbuildingsinbarter	0x00584cd4	static	0xc	4	read	scalar	1
enumbuildingsinbarter	0x00584cd4	static	0x28	0	read	indexed	1
enumbuildingsinbarter	0x00584cd4	static	0x28	2	read	indexed	1
enumbuildingsinbarter	0x00584cd4	static	0x2c	1	read	indexed	1
enumchildbuildings	0x005aa12c	static	0x4820	4	read	scalar	1
enumchildbuildings	0x005aa12c	static	0x4828	4	read	scalar	1
enumchildren	0x005ae94c	indirect	0x28	4	read	scalar	0
enumcities	0x005ae974	static	0x8	4	read	scalar	1
enumcities	0x005ae974	static	0x18	4	read	scalar	1
enumcities	0x005ae974	static	0x24	4	read	scalar	1
enumcitiesinbarter	0x00584cd4	static	0x8	4	read	scalar	1
enumcitiesinbarter	0x00584cd4	static	0xc	4	read	scalar	1
enumcitiesinbarter	0x00584cd4	static	0x28	0	read	indexed	1
enumcitiesinbarter	0x00584cd4	static	0x28	2	read	indexed	1
enumcitiesinbarter	0x00584cd4	static	0x2c	1	read	indexed	1
enumconetargetarmies	0x005ae958	static	0x64	4	read	scalar	1
enumconetargetarmies	0x005ae958	static	0x6c	4	read	scalar	1
enumconetargetarmies	0x005ae958	static	0x70	4	read	scalar	1
enumconetargetlocations	0x005ae958	static	0x6c	4	read	scalar	1
enumconetargetlocations	0x005ae958	static	0x70	4	read	scalar	1
enumfiles	0x005d3820	static	0x0	4	write	scalar	1
enumimphotspots	0x005a7b50	static	0x0	4	read	scalar	2
enumimphotspots	0x005a7b50	static	0x4	4	read	scalar	2
enumitemsinbarter	0x00584cd4	static	0x8	4	read	scalar	1
enumitemsinbarter	0x00584cd4	static	0xc	4	read	scalar	1
enumitemsinbarter	0x00584cd4	static	0x2c	0	read	indexed	1
enumitemsinbarter	0x00584cd4	static	0x2c	1	read	indexed	1
enumitemsinbarter	0x00584cd4	static	0x2d	1	read	indexed	1
enummatchingchampionbrains	0x005aeed0	static	0x0	4	read	scalar	1
enummemorystatistics	0x0055e92c	static	0x0	4	read	scalar	0
enummemorystatistics	0x005a7b78	indirect	0xa7c	4	read	scalar	0
enummemorystatistics	0x005a7b78	indirect	0xa80	4	read	scalar	0
enummemorystatistics	0x005a7b78	indirect	0xa84	4	read	scalar	0
enummemorystatistics	0x005a7b78	indirect	0xa88	4	read	scalar	0
enummemorystatistics	0x005a7b78	indirect	0xa8c	4	read	scalar	0
enummemorystatistics	0x005a7b78	indirect	0xa90	4	read	scalar	0
enummemorystatistics	0x005a7b78	indirect	0xa94	4	read	scalar	0
enummemorystatistics	0x005a7b78	indirect	0xa98	4	read	scalar	0
enummemorystatistics	0x005a7b78	indirect	0xa9c	4	read	scalar	0
enumnetworkcomputers	0x005d1e84	indirect	0x0	4	read	scalar	0
enumnetworkcomputers	0x005d1e84	indirect	0x100	4	read	scalar	0
enumnetworkgames	0x005d1e84	indirect	0x0	4	read	scalar	0
enumnetworkgames	0x005d1e84	indirect	0x36c	4	read	scalar	0
enumplayerarmies	0x005ae958	static	0x34	4	read	scalar	1
enumplayerarmies	0x005ae958	static	0x40	4	read	scalar	1
enumplayerarmiesnotuseinplay	0x005ae958	static	0x34	4	read	scalar	1
enumplayerarmiesnotuseinplay	0x005ae958	static	0x40	4	read	scalar	1
enumplayerbuildings	0x005ae974	static	0x8	4	read	scalar	1
enumplayerbuildings	0x005ae974	static	0x18	4	read	scalar	1
enumplayerbuildings	0x005ae974	static	0x24	4	read	scalar	1
enumplayercities	0x005ae974	static	0x8	4	read	scalar	1
enumplayercities	0x005ae974	static	0x18	4	read	scalar	1
enumplayercities	0x005ae974	static	0x24	4	read	scalar	1
enumpossiblebuildings	0x005aa12c	static	0x4820	4	read	scalar	1
enumpossiblebuildings	0x005aa12c	static	0x4828	4	read	scalar	1
enumpossibleresearchtopics	0x005aee6c	static	0x0	4	read	scalar	1
enumpossibleresearchtopics	0x005aee6c	static	0x8	4	read	scalar	1
enumpossibleresearchtopics	0x005aee6c	indirect	0x0	1	read	scalar	0
enumpossibleresearchtopics	0x005aee6c	indirect	0x8	4	read	scalar	0
enumpossibleresearchtopics	0x005aee6c	indirect	0x10	4	read	scalar	0
enumproviders	0x005d1e84	indirect	0x0	4	read	scalar	0
enumquests	0x005aeedc	static	0x4	4	read	scalar	1
enumquests	0x005aeedc	static	0x8	4	read	scalar	2
enumrallyarmies	0x005ae974	static	0x8	4	read	scalar	1
enumrallyarmies	0x005ae974	static	0x10	4	read	scalar	1
enumrallyarmies	0x005ae98c	indirect	0x4	4	read	scalar	0
enumrallyarmies	0x005ae98c	indirect	0x28	4	read	scalar	0
enumrallyarmies	0x005ae98c	indirect	0x30	4	read	scalar	1
enumrealplayers	0x005aa12c	static	0x6618	0	read	scalar	1
enumrealplayers	0x005aa12c	static	0x6618	4	read	scalar	1
enumrealplayers	0x005aa12c	static	0x6640	1	read	scalar	1
enumregionarmies	0x005aef04	static	0x10	0	read	scalar	1
enumregionarmies	0x005aef04	static	0x1ac	4	read	scalar	1
enumregionarmies	0x005aef04	static	0x1b0	4	read	scalar	1
enumregioncities	0x005aef04	static	0x10	0	read	scalar	1
enumregioncities	0x005aef04	static	0x1ac	4	read	scalar	1
enumregioncities	0x005aef04	static	0x1b0	4	read	scalar	1
enumseenarmies	0x005ae974	static	0x8	4	read	scalar	1
enumseenarmies	0x005ae974	static	0x18	4	read	scalar	1
enumseenarmies	0x005ae974	static	0x24	4	read	scalar	1
enumseenplayerarmies	0x005ae974	static	0x8	4	read	scalar	1
enumseenplayerarmies	0x005ae974	static	0x18	4	read	scalar	1
enumseenplayerarmies	0x005ae974	static	0x24	4	read	scalar	1
enumspelleffects	0x005ae974	static	0x8	4	read	scalar	1
enumspelleffects	0x005ae974	static	0x18	4	read	scalar	1
enumspelleffects	0x005ae974	static	0x24	4	read	scalar	1
enumspellsinbarter	0x00584cd4	static	0x8	4	read	scalar	1
enumspellsinbarter	0x00584cd4	static	0xc	4	read	scalar	1
enumspellsinbarter	0x00584cd4	static	0x28	0	read	indexed	1
enumspellsinbarter	0x00584cd4	static	0x28	2	read	indexed	1
enumspellsinbarter	0x00584cd4	static	0x2c	1	read	indexed	1
enumterrainsprites	0x005ae974	static	0x8	4	read	scalar	1
enumterrainsprites	0x005ae974	static	0x18	4	read	scalar	1
enumterrainsprites	0x005ae974	static	0x24	4	read	scalar	1
enumterrainspritesinbarter	0x00584cd4	static	0x8	4	read	scalar	1
enumterrainspritesinbarter	0x00584cd4	static	0xc	4	read	scalar	1
enumterrainspritesinbarter	0x00584cd4	static	0x28	0	read	indexed	1
enumterrainspritesinbarter	0x00584cd4	static	0x28	2	read	indexed	1
enumterrainspritesinbarter	0x00584cd4	static	0x2c	1	read	indexed	1
enumunitsinbarter	0x00584cd4	static	0x8	4	read	scalar	1
enumunitsinbarter	0x00584cd4	static	0xc	4	read	scalar	1
enumunitsinbarter	0x00584cd4	static	0x2d	0	read	indexed	1
enumunitsinbarter	0x00584cd4	static	0x2d	1	read	indexed	1
eventalarm	0x005aeea0	static	0x0	4	read	scalar	1
eventalarm	0x005aeea0	static	0x4	4	read	scalar	2
eventalarm	0x005aeea0	static	0x4	4	write	scalar	2
exitapp	0x00584ae8	static	0x26c	4	read	scalar	1
fadeoutmusic	0x00585408	static	0xfc0	0	read	scalar	1
fadeoutmusic	0x00585408	static	0xfc0	4	read	scalar	1
fadeoutmusic	0x00585408	static	0xfc0	4	write	scalar	2
fadeoutmusic	0x00585408	static	0xfc4	4	read	scalar	2
fadeoutmusic	0x00585408	static	0xfc4	4	write	scalar	2
fadeoutmusic	0x00585408	static	0x1368	4	read	scalar	1
fadeoutmusic	0x00585408	static	0x13b4	4	read	scalar	1
faithselect	0x00584ae8	static	0x278	0	read	scalar	2
faithselect	0x00584ae8	static	0x680	4	read	scalar	1
faithselect	0x00584ae8	static	0x684	4	read	scalar	1
faithselect	0x00584ae8	static	0x688	4	read	scalar	1
faithselect	0x00584ae8	static	0x68c	4	read	scalar	1
faithselect	0x00584ae8	static	0x7bc	0	read	scalar	1
faithselect	0x00584ae8	static	0x7c4	4	read	scalar	1
faithselect	0x00584ae8	static	0x7c8	4	read	scalar	1
faithselect	0x00584ae8	static	0x7cc	4	read	scalar	1
faithselect	0x00584ae8	static	0x7e0	4	read	scalar	1
faithselect	0x00584ae8	static	0x2be4	4	read	scalar	2
faithselect	0x00584ae8	static	0x2bec	4	read	scalar	1
faithselect	0x005876d0	static	0x0	4	read	scalar	1
faithselect	0x005876d0	static	0x48	4	write	scalar	1
faithselect	0x005876d0	static	0x50	4	write	scalar	1
faithselect	0x005876d0	static	0xa4	4	write	scalar	1
faithselect	0x005876d0	static	0xb8	4	write	scalar	1
faithselect	0x005876d0	static	0xbc	4	write	scalar	1
faithselect	0x005876d0	static	0xc8	4	write	scalar	1
faithselect	0x005876d0	static	0xcc	4	write	scalar	1
faithselect	0x005876d0	static	0xe0	4	write	scalar	1
faithselect	0x005876d0	static	0x124	4	write	scalar	1
faithselect	0x005876d0	static	0x128	4	write	scalar	1
faithselect	0x005876d0	static	0x134	4	write	scalar	1
faithselect	0x005876d0	static	0x138	4	write	scalar	1
faithselect	0x005876d0	static	0x14c	4	write	scalar	1
faithselect	0x005876d0	static	0x160	4	write	scalar	1
faithselect	0x005876d0	static	0x1a4	4	read	scalar	2
faithselect	0x005876d0	static	0x1a4	4	write	scalar	1
faithselect	0x005876d0	static	0x1a8	4	read	scalar	2
faithselect	0x005876d0	static	0x1a8	4	write	scalar	1
faithselect	0x005876d0	static	0x1b0	4	write	scalar	2
faithselect	0x005876d0	static	0x1b4	4	write	scalar	2
faithselect	0x005876d0	static	0x1ec	4	read	scalar	2
faithselect	0x005876d0	static	0x1f0	4	read	scalar	2
faithselect	0x005876d0	static	0x1fc	4	write	scalar	2
faithselect	0x005876d0	static	0x200	4	write	scalar	2
faithselect	0x005aa12c	static	0xb4	4	read	scalar	0
faithselect	0x005aa12c	static	0xb8	4	read	scalar	0
faithselect	0x005aa12c	static	0xbc	4	write	scalar	0
faithselect	0x005aa12c	static	0xc0	4	write	scalar	0
faithselect	0x005aa12c	static	0x5e8	0	read	scalar	0
faithselect	0x005aa12c	static	0x5e8	4	read	scalar	1
faithselect	0x005aa12c	static	0x5e8	4	write	scalar	2
faithselect	0x005aa12c	static	0x5ec	4	write	scalar	2
faithselect	0x005aa12c	static	0x5f0	4	read	scalar	1
faithselect	0x005aa12c	static	0x5f0	4	write	scalar	2
faithselect	0x005aa12c	static	0x5f4	4	read	scalar	1
faithselect	0x005aa12c	static	0x5f4	4	write	scalar	2
faithselect	0x005aa12c	static	0x5f8	4	write	scalar	1
faithselect	0x005aa12c	static	0x5fc	1	read	scalar	2
faithselect	0x005aa12c	static	0x5fc	4	write	scalar	2
faithselect	0x005aa12c	static	0x600	4	read	scalar	2
faithselect	0x005aa12c	static	0x604	4	read	scalar	1
faithselect	0x005aa12c	static	0x604	4	write	scalar	1
faithselect	0x005aa12c	static	0x608	0	read	scalar	0
faithselect	0x005aa12c	static	0x608	4	read	scalar	1
faithselect	0x005aa12c	static	0x608	4	write	scalar	2
faithselect	0x005aa12c	static	0x60c	4	read	scalar	0
faithselect	0x005aa12c	static	0x60c	4	write	scalar	2
faithselect	0x005aa12c	static	0x610	4	read	scalar	0
faithselect	0x005aa12c	static	0x610	4	write	scalar	2
faithselect	0x005aa12c	static	0x614	4	read	scalar	1
faithselect	0x005aa12c	static	0x614	4	write	scalar	2
faithselect	0x005aa12c	static	0x618	4	write	scalar	1
faithselect	0x005aa12c	static	0x61c	1	read	scalar	2
faithselect	0x005aa12c	static	0x61c	4	write	scalar	2
faithselect	0x005aa12c	static	0x620	4	read	scalar	2
faithselect	0x005aa12c	static	0x624	4	read	scalar	1
faithselect	0x005aa12c	static	0x624	4	write	scalar	1
faithselect	0x005aa12c	static	0x628	4	write	scalar	0
faithselect	0x005aa12c	static	0x62c	4	write	scalar	0
faithselect	0x005aa12c	static	0x654	4	read	scalar	1
faithselect	0x005aa12c	static	0x654	4	write	scalar	1
faithselect	0x005aa12c	static	0x6a8	4	read	scalar	1
faithselect	0x005aa12c	static	0xc84	4	read	scalar	1
faithselect	0x005aa12c	static	0x482c	0	read	scalar	0
faithselect	0x005aa12c	static	0x4830	4	write	scalar	1
faithselect	0x005aa12c	static	0x4834	4	write	scalar	1
faithselect	0x005aa12c	static	0x4844	4	read	scalar	1
faithselect	0x005aa12c	static	0x4844	4	write	scalar	1
faithselect	0x005aa12c	static	0x4848	0	read	scalar	1
faithselect	0x005aa12c	static	0x484c	4	read	scalar	2
faithselect	0x005aa12c	static	0x4850	4	read	scalar	2
faithselect	0x005aa12c	static	0x4850	4	write	scalar	2
faithselect	0x005aa12c	static	0x4854	4	read	scalar	2
faithselect	0x005aa12c	static	0x4854	4	write	scalar	2
faithselect	0x005aa12c	static	0x4858	4	read	scalar	2
faithselect	0x005aa12c	static	0x4858	4	write	scalar	2
faithselect	0x005aa12c	static	0x4860	4	write	scalar	2
faithselect	0x005aa12c	static	0x4864	4	write	scalar	2
faithselect	0x005aa12c	static	0x4868	4	write	scalar	2
faithselect	0x005aa12c	static	0x486c	4	write	scalar	2
faithselect	0x005aa12c	static	0x4874	2	read	scalar	1
faithselect	0x005aa12c	static	0x4880	4	read	scalar	1
faithselect	0x005aa12c	static	0x4880	4	write	scalar	1
faithselect	0x005aa12c	static	0x4884	4	read	scalar	1
faithselect	0x005aa12c	static	0x4884	4	write	scalar	1
faithselect	0x005aa12c	static	0x4888	4	read	scalar	1
faithselect	0x005aa12c	static	0x4888	4	write	scalar	1
faithselect	0x005aa12c	static	0x488c	4	read	scalar	1
faithselect	0x005aa12c	static	0x488c	4	write	scalar	1
faithselect	0x005aa12c	static	0x4890	4	read	scalar	1
faithselect	0x005aa12c	static	0x4890	4	write	scalar	1
faithselect	0x005aa12c	static	0x4894	4	read	scalar	1
faithselect	0x005aa12c	static	0x4894	4	write	scalar	1
faithselect	0x005aa12c	static	0x4898	4	read	scalar	0
faithselect	0x005aa12c	static	0x4898	4	write	scalar	1
faithselect	0x005aa12c	static	0x489c	4	read	scalar	0
faithselect	0x005aa12c	static	0x489c	4	write	scalar	1
faithselect	0x005aa12c	static	0x48a0	4	write	scalar	1
faithselect	0x005aa12c	static	0x48a4	4	write	scalar	1
faithselect	0x005aa12c	static	0x48a8	4	write	scalar	1
faithselect	0x005aa12c	static	0x48ac	4	write	scalar	1
faithselect	0x005aa12c	static	0x48b0	4	write	scalar	1
faithselect	0x005aa12c	static	0x48b4	4	write	scalar	1
faithselect	0x005aa12c	static	0x48b8	4	write	scalar	1
faithselect	0x005aa12c	static	0x48bc	4	write	scalar	1
faithselect	0x005aa12c	static	0x48c0	4	write	scalar	1
faithselect	0x005aa12c	static	0x48c4	4	write	scalar	1
faithselect	0x005aa12c	static	0x48c8	4	write	scalar	1
faithselect	0x005aa12c	static	0x48cc	4	write	scalar	1
faithselect	0x005aa12c	static	0x48d0	4	write	scalar	1
faithselect	0x005aa12c	static	0x48f4	4	write	scalar	2
faithselect	0x005aa12c	static	0x4900	4	write	scalar	2
faithselect	0x005aa12c	static	0x4d4c	0	read	scalar	0
faithselect	0x005aa12c	static	0x4d4c	4	read	scalar	1
faithselect	0x005aa12c	static	0x4d4c	4	write	scalar	1
faithselect	0x005aa12c	static	0x4d50	4	read	scalar	2
faithselect	0x005aa12c	static	0x4d50	4	write	scalar	2
faithselect	0x005aa12c	static	0x4d60	0	read	scalar	0
faithselect	0x005aa12c	static	0x4d60	4	read	scalar	1
faithselect	0x005aa12c	static	0x4d60	4	write	scalar	1
faithselect	0x005aa12c	static	0x4d64	4	read	scalar	2
faithselect	0x005aa12c	static	0x4d64	4	write	scalar	2
faithselect	0x005aa12c	static	0x4d74	0	read	scalar	0
faithselect	0x005aa12c	static	0x4d74	4	read	scalar	1
faithselect	0x005aa12c	static	0x4d74	4	write	scalar	1
faithselect	0x005aa12c	static	0x4d78	4	read	scalar	2
faithselect	0x005aa12c	static	0x4d78	4	write	scalar	2
faithselect	0x005aa12c	static	0x4d84	0	read	scalar	0
faithselect	0x005aa12c	static	0x4d84	4	read	scalar	1
faithselect	0x005aa12c	static	0x4d84	4	write	scalar	1
faithselect	0x005aa12c	static	0x4d88	4	read	scalar	2
faithselect	0x005aa12c	static	0x4d88	4	write	scalar	2
faithselect	0x005aa12c	static	0x4d94	0	read	scalar	0
faithselect	0x005aa12c	static	0x4d94	4	read	scalar	1
faithselect	0x005aa12c	static	0x4d94	4	write	scalar	1
faithselect	0x005aa12c	static	0x4d98	4	read	scalar	2
faithselect	0x005aa12c	static	0x4d98	4	write	scalar	2
faithselect	0x005aa12c	static	0x4da4	0	read	scalar	0
faithselect	0x005aa12c	static	0x4da4	4	read	scalar	1
faithselect	0x005aa12c	static	0x4da4	4	write	scalar	1
faithselect	0x005aa12c	static	0x4da8	4	read	scalar	2
faithselect	0x005aa12c	static	0x4da8	4	write	scalar	2
faithselect	0x005aa12c	static	0x4dd8	0	read	scalar	0
faithselect	0x005aa12c	static	0x4dd8	4	read	scalar	2
faithselect	0x005aa12c	static	0x4dd8	4	write	scalar	1
faithselect	0x005aa12c	static	0x4ddc	4	write	scalar	1
faithselect	0x005aa12c	static	0x4de0	4	write	scalar	1
faithselect	0x005aa12c	static	0x4de4	4	write	scalar	1
faithselect	0x005aa12c	static	0x4de8	0	read	scalar	2
faithselect	0x005aa12c	static	0x4f84	4	read	scalar	2
faithselect	0x005aa12c	static	0x4f84	4	write	scalar	2
faithselect	0x005aa12c	static	0x4f90	4	write	scalar	1
faithselect	0x005aa12c	static	0x4f94	0	read	scalar	1
faithselect	0x005ae958	static	0x8	4	read	scalar	2
faithselect	0x005ae958	static	0x54	4	read	scalar	2
faithselect	0x005ae958	static	0x64	4	read	scalar	1
faithselect	0x005ae958	static	0x68	4	read	scalar	1
faithselect	0x005ae958	static	0xd8	0	read	scalar	2
faithselectcleanup	0x005876d0	static	0x0	4	read	scalar	1
faithselectcleanup	0x005876d0	static	0x48	4	write	scalar	1
faithselectcleanup	0x005876d0	static	0x50	4	write	scalar	1
faithselectcleanup	0x005876d0	static	0xa4	4	write	scalar	1
faithselectcleanup	0x005876d0	static	0xb8	4	write	scalar	1
faithselectcleanup	0x005876d0	static	0xbc	4	write	scalar	1
faithselectcleanup	0x005876d0	static	0xc8	4	write	scalar	1
faithselectcleanup	0x005876d0	static	0xcc	4	write	scalar	1
faithselectcleanup	0x005876d0	static	0xe0	4	write	scalar	1
faithselectcleanup	0x005876d0	static	0x124	4	write	scalar	1
faithselectcleanup	0x005876d0	static	0x128	4	write	scalar	1
faithselectcleanup	0x005876d0	static	0x134	4	write	scalar	1
faithselectcleanup	0x005876d0	static	0x138	4	write	scalar	1
faithselectcleanup	0x005876d0	static	0x14c	4	write	scalar	1
faithselectcleanup	0x005876d0	static	0x160	4	write	scalar	1
faithselectcleanup	0x005aa12c	static	0xbc	4	read	scalar	0
faithselectcleanup	0x005aa12c	static	0xc0	4	read	scalar	0
faithselectcleanup	0x005aa12c	static	0x654	4	read	scalar	1
faithselectcleanup	0x005aa12c	static	0x654	4	write	scalar	1
faithselectcleanup	0x005aa12c	static	0x482c	0	read	scalar	1
faithselectcleanup	0x005aa12c	static	0x4830	4	write	scalar	1
faithselectcleanup	0x005aa12c	static	0x4888	4	read	scalar	1
faithselectcleanup	0x005aa12c	static	0x488c	4	read	scalar	1
fastestarmy	0x005ae958	static	0x34	4	read	scalar	1
fastestarmy	0x005ae958	static	0x40	4	read	scalar	1
filldoodad	0x005a7b50	static	0x0	4	read	scalar	2
filldoodad	0x005a7b50	static	0x4	4	read	scalar	2
find_empty_x_y	0x005ae958	static	0x14	4	read	scalar	2
find_empty_x_y	0x005ae958	static	0x64	4	read	scalar	1
find_empty_x_y	0x005ae958	static	0x68	4	read	scalar	1
find_empty_x_y	0x005ae958	static	0x6c	4	read	scalar	1
find_empty_x_y	0x005ae958	static	0x70	4	read	scalar	1
findarmy	0x005ae958	static	0x34	4	read	scalar	1
findarmy	0x005ae958	static	0x40	4	read	scalar	1
findarmywithchampiontype	0x005ae974	static	0x8	4	read	scalar	1
findarmywithchampiontype	0x005ae974	static	0x18	4	read	scalar	1
findarmywithchampiontype	0x005ae974	static	0x24	4	read	scalar	1
findemptyconnectedlocation	0x005ae958	static	0x14	4	read	scalar	2
findemptyconnectedlocation	0x005ae958	static	0x64	4	read	scalar	1
findemptyconnectedlocation	0x005ae958	static	0x68	4	read	scalar	1
findemptyconnectedlocation	0x005ae958	static	0x6c	4	read	scalar	2
findemptyconnectedlocation	0x005ae958	static	0x70	4	read	scalar	2
findemptylocation	0x005ae958	static	0x14	4	read	scalar	2
findemptylocation	0x005ae958	static	0x64	4	read	scalar	1
findemptylocation	0x005ae958	static	0x68	4	read	scalar	1
findemptylocation	0x005ae958	static	0x6c	4	read	scalar	2
findemptylocation	0x005ae958	static	0x70	4	read	scalar	2
findeventalarm	0x005aeea0	static	0x0	4	read	scalar	1
findgeography	0x005aef04	static	0x0	4	read	scalar	1
findgeography	0x005aef04	static	0xc	4	read	scalar	1
findgeography	0x005aef04	static	0x1b4	4	read	scalar	2
findgeography	0x005aef04	static	0x1b4	4	write	scalar	2
findgeography	0x005aef04	static	0x1b8	4	write	scalar	1
findgeography	0x005aef04	static	0x1bc	0	read	scalar	1
findgreattemple	0x005ae974	static	0x8	4	read	scalar	1
findgreattemple	0x005ae974	static	0x18	4	read	scalar	1
findgreattemple	0x005ae974	static	0x24	4	read	scalar	1
findmatchingbrain	0x005aeed0	static	0x0	4	read	scalar	1
findmovetoloc	0x005ae958	static	0x6c	4	read	scalar	1
findmovetoloc	0x005ae958	static	0x70	4	read	scalar	1
findregions	0x005aef04	static	0x0	4	read	scalar	0
findregions	0x005aef04	static	0x4	4	read	scalar	0
findregions	0x005aef04	static	0x8	4	read	scalar	1
findregions	0x005aef04	static	0xc	4	read	scalar	0
findregions	0x005aef04	static	0x1ac	4	read	scalar	0
findregions	0x005aef04	static	0x1ac	4	write	scalar	0
findregions	0x005aef04	static	0x1b0	4	read	scalar	0
findregions	0x005aef04	static	0x1b0	4	write	scalar	0
findregions	0x005aef04	static	0x1b4	4	read	scalar	1
findregions	0x005aef04	static	0x1b4	4	write	scalar	1
findregions	0x005aef04	static	0x1b8	4	write	scalar	0
findregions	0x005aef04	static	0x1bc	0	read	scalar	0
flagimp	0x005a7b50	static	0x0	4	read	scalar	2
flagimp	0x005a7b50	static	0x4	4	read	scalar	2
font	0x005a7b50	static	0x0	4	read	scalar	2
font	0x005a7b50	static	0x4	4	read	scalar	2
fontallocatedpage?	0x005a7b50	static	0x0	4	read	scalar	2
fontallocatedpage?	0x005a7b50	static	0x4	4	read	scalar	2
forcetexture	0x005ae958	static	0x54	4	read	scalar	1
forcetexture	0x005ae958	static	0x5c	4	read	scalar	1
forcetexture	0x005ae958	static	0x60	4	read	scalar	2
forcetexture	0x005ae958	static	0x64	4	read	scalar	2
forcetexture	0x005ae958	static	0x68	4	read	scalar	2
forcetexture	0x005ae958	static	0xd8	0	read	scalar	2
formationview	0x005aa12c	static	0x654	4	read	scalar	2
formationview	0x005aa12c	static	0x654	4	write	scalar	2
formationview	0x005aa12c	static	0x482c	0	read	scalar	2
formationview	0x005aa12c	static	0x4830	4	write	scalar	2
formationview	0x005aa12c	static	0x4888	4	read	scalar	2
formationview	0x005aa12c	static	0x488c	4	read	scalar	2
free	0x005a7b50	static	0x0	4	read	scalar	1
free	0x005a7b50	static	0x4	4	read	scalar	1
futureplayer	0x005aa12c	static	0x6640	1	read	indexed	1
gamemode	0x00584ae8	static	0x688	4	read	scalar	2
gamemode	0x00584ae8	static	0x750	0	read	scalar	2
gamemode	0x00584ae8	static	0x758	4	read	scalar	2
gamemode	0x00584ae8	static	0x75c	4	read	scalar	2
gamemode	0x00584ae8	static	0x760	4	read	scalar	2
gamemode	0x00584ae8	static	0x774	4	read	scalar	2
gatherartifactsincombat	0x005aa12c	static	0x4848	0	read	scalar	1
gatherartifactsincombat	0x005aa12c	static	0x4850	4	read	scalar	2
gatherartifactsincombat	0x005aa12c	static	0x4860	4	read	scalar	2
gatherartifactsincombat	0x005aa12c	static	0x486c	4	read	scalar	2
getactivebarterplayer	0x00584cd4	static	0x18	4	read	scalar	1
getarmyshare	0x005cd2f4	indirect	0x0	0	read	indexed	0
getarmyshare	0x005cd2f4	indirect	0x140	4	read	indexed	0
getarmyshare	0x005cd2f4	indirect	0x144	4	read	indexed	0
getarmyshare	0x005cd2f4	indirect	0x148	4	read	indexed	0
getavailableforbarter	0x00584cd4	static	0x0	4	read	scalar	1
getavailableforbarter	0x00584cd4	static	0x4	4	read	scalar	1
getavailableforbarter	0x00584cd4	static	0x8	4	read	scalar	1
getavailableforbarter	0x00584cd4	static	0xc	4	read	scalar	1
getavecombatunitdata	0x005ae974	static	0x8	4	read	scalar	1
getavecombatunitdata	0x005ae974	static	0x10	4	read	scalar	1
getavecombatunitdata	0x005ae98c	indirect	0x4	4	read	scalar	0
getavecombatunitdata	0x005ae98c	indirect	0x48	4	read	scalar	0
getavecombatunitdata	0x005ae98c	indirect	0xc4	0	read	scalar	0
getavecombatunitdata	0x005ae98c	indirect	0xc4	4	read	scalar	1
getavecombatunitdata	0x005ae98c	indirect	0xd4	4	read	scalar	2
getavecombatunitdata	0x005ae98c	indirect	0xd8	4	read	scalar	2
getavecombatunitdata	0x005ae98c	indirect	0xdc	4	read	scalar	1
getavecombatunitdata	0x005ae98c	indirect	0x5ac	1	read	scalar	0
getaveunithealth	0x005ae974	static	0x8	4	read	scalar	1
getaveunithealth	0x005ae974	static	0x10	4	read	scalar	1
getaveunithealth	0x005cd2f4	indirect	0x0	0	read	indexed	0
getbargraph	0x005a7b50	static	0x0	4	read	scalar	2
getbargraph	0x005a7b50	static	0x4	4	read	scalar	2
getbarterarmy	0x00584cd4	static	0x0	4	read	scalar	1
getbarterarmy	0x00584cd4	static	0x4	4	read	scalar	1
getbarterarmy	0x00584cd4	static	0x8	4	read	scalar	1
getbarterarmy	0x00584cd4	static	0xc	4	read	scalar	1
getbarterslot	0x00584cd4	static	0x8	4	read	scalar	2
getbarterslot	0x00584cd4	static	0x28	0	read	indexed	2
getbuildingdata	0x005aa12c	static	0x4828	4	read	scalar	1
getbuildingparent	0x005aa12c	static	0x4828	4	read	scalar	1
getbuttonframepageinfo	0x005a7b50	static	0x0	4	read	scalar	2
getbuttonframepageinfo	0x005a7b50	static	0x4	4	read	scalar	2
getbuttonstaydown	0x005a7b50	static	0x0	4	read	scalar	2
getbuttonstaydown	0x005a7b50	static	0x4	4	read	scalar	2
getchampionbrainarg	0x005aeed0	static	0x0	4	read	scalar	1
getchampionbrainavailable	0x005aeed0	static	0x0	4	read	scalar	1
getchampionbrainname	0x005aeed0	static	0x0	4	read	scalar	1
getchampiontarget	0x005ae958	static	0x14	4	read	scalar	1
getchampiontarget	0x005ae958	static	0x6c	4	read	scalar	1
getchampiontarget	0x005ae958	static	0x70	4	read	scalar	1
getchampiontarget	0x005ae974	static	0x8	4	read	scalar	1
getchampiontarget	0x005ae974	static	0x10	4	read	scalar	1
getchampiontarget	0x005ae98c	indirect	0x4	4	read	scalar	0
getchampiontarget	0x005ae98c	indirect	0x1c	4	read	scalar	0
getchampiontarget	0x005ae98c	indirect	0x30	4	read	scalar	1
getchampiontarget	0x005ae98c	indirect	0x48	4	read	scalar	0
getchampiontarget	0x005ae98c	indirect	0xc4	0	read	scalar	0
getchampiontarget	0x005ae98c	indirect	0xd8	4	read	scalar	1
getchampiontarget	0x005ae98c	indirect	0x5cc	4	read	scalar	1
getcheckmarkstate	0x005aa1f0	static	0x4	4	read	scalar	1
getcheckmarkstate	0x005aa1f0	static	0x8	4	read	scalar	1
getcityincombat	0x005ae8a0	indirect	0x28	4	read	scalar	0
getcombatloser	0x005aa12c	static	0x6a8	4	read	scalar	1
getcombatloser	0x005aa12c	static	0x6ac	4	read	scalar	2
getcombatloser	0x005aa12c	static	0xc84	4	read	scalar	1
getcombatloser	0x005aa12c	static	0xc88	4	read	scalar	2
getcombatselectionbits	0x005ae974	static	0x8	4	read	scalar	1
getcombatselectionbits	0x005ae974	static	0x18	4	read	scalar	1
getcombatselectionbits	0x005ae974	static	0x24	4	read	scalar	1
getcombatunitlevel	0x005ae974	static	0x8	4	read	scalar	1
getcombatunitlevel	0x005ae974	static	0x10	4	read	scalar	1
getcombatunitlevel	0x005ae98c	indirect	0x4	4	read	scalar	0
getcombatunitlevel	0x005ae98c	indirect	0x28	4	read	scalar	0
getcombatunitlevel	0x005ae98c	indirect	0x48	4	read	scalar	0
getcombatunitlevel	0x005ae98c	indirect	0xc4	0	read	scalar	0
getcombatunitlevel	0x005ae98c	indirect	0xc4	4	read	scalar	2
getcombatunitlevel	0x005ae98c	indirect	0x10c	4	read	scalar	1
getcombatunitlevel	0x005ae98c	indirect	0x5ac	1	read	scalar	0
getcombatwinner	0x005aa12c	static	0x6a8	4	read	scalar	1
getcombatwinner	0x005aa12c	static	0x6ac	4	read	scalar	1
getcombatwinner	0x005aa12c	static	0xc84	4	read	scalar	1
getcombatwinner	0x005aa12c	static	0xc88	4	read	scalar	1
getcomputername	0x005d1e84	indirect	0x100	4	read	scalar	1
getcomputername	0x005d1e84	indirect	0x104	0	read	scalar	1
getcontainerdata	0x005a7b50	static	0x0	4	read	scalar	2
getcontainerdata	0x005a7b50	static	0x4	4	read	scalar	2
getcontainerselectedoutlinecolor	0x00584ae8	static	0x904	1	read	scalar	1
getcontainerselectedoutlinecolor	0x00584ae8	static	0x908	1	read	scalar	1
getcontainerselectedoutlinecolor	0x00584ae8	static	0x90c	1	read	scalar	1
getcontainerselectedoutlinecolor	0x00584ae8	static	0x910	1	read	scalar	1
getcontainerselectedoutlinecolor	0x00584ae8	static	0x914	1	read	scalar	1
getcontainerselectedoutlinecolor	0x00584ae8	static	0x918	1	read	scalar	1
getcontainerselectedoutlinecolor	0x005a7b50	static	0x0	4	read	scalar	2
getcontainerselectedoutlinecolor	0x005a7b50	static	0x4	4	read	scalar	2
getcropdata	0x005a7b50	static	0x0	4	read	scalar	2
getcropdata	0x005a7b50	static	0x4	4	read	scalar	2
getcurrentartifactdata	0x005788c4	indirect	0x0	4	read	scalar	1
getcurrentartifactvalue	0x005788c4	indirect	0x0	4	read	scalar	0
getdoodadheight	0x005a7b50	static	0x0	4	read	scalar	2
getdoodadheight	0x005a7b50	static	0x4	4	read	scalar	2
getdoodadinfo	0x005a7b50	static	0x0	4	read	scalar	2
getdoodadinfo	0x005a7b50	static	0x4	4	read	scalar	2
getdoodadwidth	0x005a7b50	static	0x0	4	read	scalar	2
getdoodadwidth	0x005a7b50	static	0x4	4	read	scalar	2
geteditboxdata	0x005a7b50	static	0x0	4	read	scalar	2
geteditboxdata	0x005a7b50	static	0x4	4	read	scalar	2
geteditboxtext	0x005a7b50	static	0x0	4	read	scalar	2
geteditboxtext	0x005a7b50	static	0x4	4	read	scalar	2
geteditdata	0x005aa08c	static	0x4	0	read	scalar	2
geteditdata	0x005aa08c	static	0x4	4	read	scalar	2
geteditdata	0x005aa08c	static	0x18	0	read	scalar	2
geteditdata	0x005aa08c	static	0x18	4	read	scalar	2
geteditdata	0x005aa08c	static	0x2c	0	read	scalar	2
geteditdata	0x005aa08c	static	0x2c	4	read	scalar	2
geteditdata	0x005aa08c	static	0x40	0	read	scalar	2
geteditdata	0x005aa08c	static	0x40	4	read	scalar	2
geteditdata	0x005aa08c	static	0x7c	4	read	scalar	2
geteditdata	0x005aa08c	static	0x80	4	read	scalar	2
geteditdata	0x005aa08c	static	0x84	4	write	scalar	2
geteditdata	0x005aa08c	static	0x88	4	write	scalar	2
getelevation	0x005ae958	static	0x54	4	read	scalar	1
getelevation	0x005ae958	static	0x5c	4	read	scalar	2
getelevation	0x005ae958	static	0x60	4	read	scalar	2
getfaitharmy	0x005aa1dc	static	0x4	4	read	scalar	1
getfaitharmy	0x005aa1dc	static	0x8	4	read	scalar	1
getfaitharmy	0x005aa1e4	indirect	0x0	4	read	indexed	0
getfaithcenterlocation	0x005aa1dc	static	0x4	4	read	scalar	1
getfaithcenterlocation	0x005aa1dc	static	0x8	4	read	scalar	1
getfaithcenterlocation	0x005aa1e4	indirect	0x0	0	read	indexed	0
getfaithcenterlocation	0x005aa1e4	indirect	0x18	4	read	indexed	0
getfaithcenterlocation	0x005aa1e4	indirect	0x1c	4	read	indexed	0
getfaithcenterlocation	0x005ae958	static	0x5c	4	read	scalar	1
getfaithcenterlocation	0x005ae958	static	0x60	4	read	scalar	1
getfaithstartlocation	0x005aa1dc	static	0x4	4	read	scalar	1
getfaithstartlocation	0x005aa1dc	static	0x8	4	read	scalar	1
getfaithstartlocation	0x005aa1e4	indirect	0x0	0	read	indexed	0
getfaithstartlocation	0x005aa1e4	indirect	0x8	4	read	indexed	0
getfaithstartlocation	0x005aa1e4	indirect	0xc	4	read	indexed	0
getfaithstartlocation	0x005ae958	static	0x5c	4	read	scalar	1
getfaithstartlocation	0x005ae958	static	0x60	4	read	scalar	1
getfatebits	0x005adc50	static	0x4c	4	read	scalar	1
getfatebits	0x005adc50	static	0x5dc	0	read	scalar	1
getfatebits	0x005adc50	static	0xbb8	0	read	scalar	1
getfatebits	0x005adc50	static	0xbb8	4	read	scalar	1
getfatebits	0x005adc50	static	0xbf4	0	read	scalar	1
getfatecount	0x005adc50	static	0x4c	4	read	scalar	1
getfatecount	0x005adc50	static	0x5dc	0	read	scalar	1
getfatecount	0x005adc50	static	0xbb8	0	read	scalar	1
getfatecount	0x005adc50	static	0xbb8	4	read	scalar	1
getfatecount	0x005adc50	static	0xbf4	0	read	scalar	1
getfontheight	0x005a7b50	static	0x0	4	read	scalar	2
getfontheight	0x005a7b50	static	0x4	4	read	scalar	2
getgatearmy	0x005ae8e8	static	0x3c	4	read	scalar	1
getgatearmy	0x005ae8e8	static	0x40	4	read	scalar	1
getgatearmy	0x005ae8e8	static	0x44	4	read	scalar	1
getgatearmy	0x005ae8e8	static	0x48	4	read	scalar	1
getgatearmy	0x005ae8e8	static	0x4c	1	read	scalar	1
getgateinfo	0x005ae8e8	static	0x3c	4	read	scalar	1
getgateinfo	0x005ae8e8	static	0x40	4	read	scalar	1
getgateinfo	0x005ae8e8	static	0x44	4	read	scalar	1
getgateinfo	0x005ae8e8	static	0x48	4	read	scalar	1
getgateinfo	0x005ae8e8	static	0x4c	1	read	scalar	1
getgridflags	0x005ae958	static	0x6c	4	read	scalar	1
getgridflags	0x005ae958	static	0x70	4	read	scalar	1
getgridflags	0x005ae9bc	indirect	0x4	4	read	indexed	0
gethighlightcolor	0x00584ae8	static	0x904	1	read	scalar	1
gethighlightcolor	0x00584ae8	static	0x908	1	read	scalar	1
gethighlightcolor	0x00584ae8	static	0x90c	1	read	scalar	1
gethighlightcolor	0x00584ae8	static	0x910	1	read	scalar	1
gethighlightcolor	0x00584ae8	static	0x914	1	read	scalar	1
gethighlightcolor	0x00584ae8	static	0x918	1	read	scalar	1
gethotkey	0x00584cc4	static	0x0	4	read	scalar	1
gethotkey	0x00584cc4	static	0x8	4	read	scalar	1
getimpfilename	0x005a7b50	static	0x0	4	read	scalar	2
getimpfilename	0x005a7b50	static	0x4	4	read	scalar	2
getimphotspot	0x005a7b50	static	0x0	4	read	scalar	2
getimphotspot	0x005a7b50	static	0x4	4	read	scalar	2
getimpmemory	0x005a7b50	static	0x0	4	read	scalar	2
getimpmemory	0x005a7b50	static	0x4	4	read	scalar	2
getlocationatscreenxy	0x005ae958	static	0x58	4	read	scalar	1
getlocationatscreenxy	0x005ae958	static	0x5c	4	read	scalar	1
getlocationatscreenxy	0x005ae958	static	0x6c	4	read	scalar	2
getlocationatscreenxy	0x005ae958	static	0x70	4	read	scalar	2
getlosingarmy	0x005aa12c	static	0x6a8	4	read	scalar	1
getlosingarmy	0x005aa12c	static	0x6ac	4	read	scalar	2
getlosingarmy	0x005aa12c	static	0xc84	4	read	scalar	1
getlosingarmy	0x005aa12c	static	0xc88	4	read	scalar	2
getlosingarmy	0x005aa78c	indirect	0x3c	4	read	scalar	0
getlosingarmy	0x005aad68	indirect	0x3c	4	read	scalar	0
getmemorystats	0x00584ae8	static	0x26c	4	read	scalar	1
getmissiletarget	0x005ae958	static	0x14	4	read	scalar	1
getmissiletarget	0x005ae958	static	0x6c	4	read	scalar	1
getmissiletarget	0x005ae958	static	0x70	4	read	scalar	1
getmissiletarget	0x005ae974	static	0x8	4	read	scalar	1
getmissiletarget	0x005ae974	static	0x10	4	read	scalar	1
getmissiletarget	0x005ae98c	indirect	0x4	4	read	scalar	0
getmissiletarget	0x005ae98c	indirect	0x1c	4	read	scalar	0
getmissiletarget	0x005ae98c	indirect	0x30	4	read	scalar	1
getmissiletarget	0x005ae98c	indirect	0x48	4	read	scalar	0
getmissiletarget	0x005ae98c	indirect	0x50	4	read	scalar	1
getmissiletarget	0x005ae98c	indirect	0xc4	0	read	indexed	1
getmissiletarget	0x005ae98c	indirect	0x5cc	4	read	scalar	1
getmyfaithtype	0x005d1e84	indirect	0x100	4	read	scalar	1
getmyfaithtype	0x005d1e84	indirect	0x120	4	read	scalar	1
getpagefilename	0x005a7b50	static	0x0	4	read	scalar	2
getpagefilename	0x005a7b50	static	0x4	4	read	scalar	2
getpageheight	0x005a7b50	static	0x0	4	read	scalar	2
getpageheight	0x005a7b50	static	0x4	4	read	scalar	2
getpagewidth	0x005a7b50	static	0x0	4	read	scalar	2
getpagewidth	0x005a7b50	static	0x4	4	read	scalar	2
getpassivebarterplayer	0x00584cd4	static	0x8	4	read	scalar	1
getpassivebarterplayer	0x00584cd4	static	0xc	4	read	scalar	1
getpassivebarterplayer	0x00584cd4	static	0x18	4	read	scalar	2
getpause	0x005aa12c	static	0x5064	4	read	scalar	1
getplayergroupintoformation	0x005ae958	static	0x6c	4	read	scalar	1
getplayergroupintoformation	0x005ae958	static	0x70	4	read	scalar	1
getplayerindicatorcolor	0x00584ae8	static	0x904	1	read	scalar	1
getplayerindicatorcolor	0x00584ae8	static	0x908	1	read	scalar	1
getplayerindicatorcolor	0x00584ae8	static	0x90c	1	read	scalar	1
getplayerindicatorcolor	0x00584ae8	static	0x910	1	read	scalar	1
getplayerindicatorcolor	0x00584ae8	static	0x914	1	read	scalar	1
getplayerindicatorcolor	0x00584ae8	static	0x918	1	read	scalar	1
getplayerretreatedlocation	0x005ae958	static	0x64	4	read	scalar	1
getplayerretreatedlocation	0x005ae958	static	0x68	4	read	scalar	1
getproviderbackground	0x005d1e84	indirect	0x0	4	read	scalar	0
getproviderbuttontexture	0x005d1e84	indirect	0x0	4	read	scalar	0
getquestdefinition	0x005cd2e0	static	0x4	4	read	scalar	1
getquestdefinition	0x005cd2e0	static	0x8	4	read	scalar	1
getqueststatus	0x005aeedc	static	0x4	4	read	scalar	1
getqueststatus	0x005aeedc	static	0x8	4	read	scalar	1
getqueststatus	0x005cd2e0	static	0x4	4	read	scalar	1
getqueststatus	0x005cd2e0	static	0x8	4	read	scalar	1
getregionatscreenxy	0x005aef04	static	0x0	4	read	scalar	2
getregionatscreenxy	0x005aef04	static	0xc	4	read	scalar	2
getregionfaiths	0x005aef04	static	0x10	0	read	scalar	1
getregionfaiths	0x005aef04	static	0x1ac	4	read	scalar	1
getregionfaiths	0x005aef04	static	0x1b0	4	read	scalar	1
getregionname	0x005aef04	static	0x10	0	read	scalar	1
getregionname	0x005aef04	static	0x1ac	4	read	scalar	1
getregionname	0x005aef04	static	0x1b0	4	read	scalar	1
getregionowner	0x005aef04	static	0x10	0	read	scalar	1
getregionowner	0x005aef04	static	0x1ac	4	read	scalar	1
getregionowner	0x005aef04	static	0x1b0	4	read	scalar	1
getregionraces	0x005aef04	static	0x10	0	read	scalar	1
getregionraces	0x005aef04	static	0x1ac	4	read	scalar	1
getregionraces	0x005aef04	static	0x1b0	4	read	scalar	1
getremapdata	0x005a7b50	static	0x0	4	read	scalar	2
getremapdata	0x005a7b50	static	0x4	4	read	scalar	2
getscenarioproperty	0x005aec60	static	0x0	4	read	scalar	1
getselectionbox	0x005a7b50	static	0x0	4	read	scalar	2
getselectionbox	0x005a7b50	static	0x4	4	read	scalar	2
getselectionboxmouseitem	0x005a7b50	static	0x0	4	read	scalar	2
getselectionboxmouseitem	0x005a7b50	static	0x4	4	read	scalar	2
getslider	0x005a7b50	static	0x0	4	read	scalar	2
getslider	0x005a7b50	static	0x4	4	read	scalar	2
getspelldefdata	0x005aee6c	static	0x0	4	read	scalar	1
getspelldefdata	0x005aee6c	static	0x8	4	read	scalar	1
getspellname	0x005aee6c	static	0x0	4	read	scalar	1
getspellname	0x005aee6c	static	0x8	4	read	scalar	1
getspritelocation	0x005ae974	static	0x8	4	read	scalar	1
getspritelocation	0x005ae974	static	0x10	4	read	scalar	1
getspritescreenx	0x005ae974	static	0x8	4	read	scalar	1
getspritescreenx	0x005ae974	static	0x10	4	read	scalar	1
getspritescreeny	0x005ae974	static	0x8	4	read	scalar	1
getspritescreeny	0x005ae974	static	0x10	4	read	scalar	1
getterrain	0x005ae958	static	0x54	4	read	scalar	1
getterrain	0x005ae958	static	0x5c	4	read	scalar	2
getterrain	0x005ae958	static	0x60	4	read	scalar	2
getterrain	0x005aea30	static	0x18	4	read	scalar	1
getterrain	0x005aea30	static	0x2c	4	read	scalar	1
getterrainspritetypedata	0x005cd304	static	0x4	4	read	scalar	1
getterrainspritetypedata	0x005cd304	static	0x8	4	read	scalar	1
getterraintypename	0x005aea30	static	0x10	4	read	scalar	1
getterraintypename	0x005aea30	static	0x14	4	read	scalar	1
getunitfate	0x005adc50	static	0x4c	4	read	scalar	1
getunitfate	0x005adc50	static	0x5dc	0	read	scalar	1
getunitfate	0x005adc50	static	0xbb8	0	read	scalar	1
getunitfate	0x005adc50	static	0xbb8	4	read	indexed	1
getunitfate	0x005adc50	static	0xbf4	0	read	scalar	1
getunithitpoints	0x005a7b78	indirect	0x50	4	read	scalar	0
getunithitpoints	0x005a7b78	indirect	0x54	4	read	scalar	0
getunithitpoints	0x005a7b78	indirect	0x54	4	write	scalar	0
getunithitpoints	0x005a7b78	indirect	0x90	4	read	scalar	1
getunithitpoints	0x005a7b78	indirect	0x90	4	write	scalar	0
getunithitpoints	0x005a7b78	indirect	0x94	4	read	scalar	2
getunithitpoints	0x005a7b78	indirect	0x98	4	read	scalar	2
getunithitpoints	0x005a7b78	indirect	0x9c	4	read	scalar	1
getunithitpoints	0x005a7b78	indirect	0xa0	4	read	scalar	1
getunithitpoints	0x005a7b78	indirect	0xa4	4	write	scalar	0
getunithitpoints	0x005a7b78	indirect	0xa8	0	read	indexed	2
getunithitpoints	0x005a7b78	indirect	0xa8	4	read	indexed	2
getunithitpoints	0x005a7b78	indirect	0xac	4	read	indexed	2
getunithitpoints	0x005a7b78	indirect	0x3c8	0	read	indexed	2
getunithitpoints	0x005a7b78	indirect	0x3c8	4	read	indexed	2
getunithitpoints	0x005a7b78	indirect	0x558	4	read	scalar	2
getunithitpoints	0x005a7b78	indirect	0x880	0	read	scalar	2
getunithitpoints	0x005a7b78	indirect	0x880	1	write	scalar	2
getunithitpoints	0x005a7b78	indirect	0x984	0	read	scalar	2
getunithitpoints	0x005a7b78	indirect	0xa4b	1	write	scalar	2
getunithitpoints	0x005a7b78	indirect	0xa4c	4	write	scalar	2
getunithitpoints	0x005a7b78	indirect	0xa50	4	write	scalar	2
getunithitpoints	0x005a7b78	indirect	0xa54	4	write	scalar	2
getunithitpoints	0x005a7b78	indirect	0xa58	4	write	scalar	2
getunithitpoints	0x005a7b78	indirect	0xa5c	4	write	scalar	2
getunithitpoints	0x005a7b78	indirect	0xa60	4	read	scalar	2
getunithitpoints	0x005a7b78	indirect	0xa60	4	write	scalar	2
getunithitpoints	0x005a7b78	indirect	0xa64	4	read	scalar	2
getunithitpoints	0x005a7b78	indirect	0xa64	4	write	scalar	2
getunithitpoints	0x005a7b78	indirect	0xa78	4	read	scalar	1
getunithitpoints	0x005a7b78	indirect	0xa78	4	write	scalar	1
getunitlevelrange	0x005a7b78	indirect	0x50	4	read	scalar	0
getunitlevelrange	0x005a7b78	indirect	0x54	4	read	scalar	0
getunitlevelrange	0x005a7b78	indirect	0x54	4	write	scalar	0
getunitlevelrange	0x005a7b78	indirect	0x90	4	read	scalar	1
getunitlevelrange	0x005a7b78	indirect	0x90	4	write	scalar	0
getunitlevelrange	0x005a7b78	indirect	0x94	4	read	scalar	2
getunitlevelrange	0x005a7b78	indirect	0x98	4	read	scalar	2
getunitlevelrange	0x005a7b78	indirect	0x9c	4	read	scalar	1
getunitlevelrange	0x005a7b78	indirect	0xa0	4	read	scalar	1
getunitlevelrange	0x005a7b78	indirect	0xa4	4	write	scalar	0
getunitlevelrange	0x005a7b78	indirect	0xa8	0	read	indexed	2
getunitlevelrange	0x005a7b78	indirect	0xa8	4	read	indexed	2
getunitlevelrange	0x005a7b78	indirect	0xac	4	read	indexed	2
getunitlevelrange	0x005a7b78	indirect	0x3c8	0	read	indexed	2
getunitlevelrange	0x005a7b78	indirect	0x3c8	4	read	indexed	2
getunitlevelrange	0x005a7b78	indirect	0x558	4	read	scalar	2
getunitlevelrange	0x005a7b78	indirect	0x880	0	read	scalar	2
getunitlevelrange	0x005a7b78	indirect	0x880	1	write	scalar	2
getunitlevelrange	0x005a7b78	indirect	0x984	0	read	scalar	2
getunitlevelrange	0x005a7b78	indirect	0xa4b	1	write	scalar	2
getunitlevelrange	0x005a7b78	indirect	0xa4c	4	write	scalar	2
getunitlevelrange	0x005a7b78	indirect	0xa50	4	write	scalar	2
getunitlevelrange	0x005a7b78	indirect	0xa54	4	write	scalar	2
getunitlevelrange	0x005a7b78	indirect	0xa58	4	write	scalar	2
getunitlevelrange	0x005a7b78	indirect	0xa5c	4	write	scalar	2
getunitlevelrange	0x005a7b78	indirect	0xa60	4	read	scalar	2
getunitlevelrange	0x005a7b78	indirect	0xa60	4	write	scalar	2
getunitlevelrange	0x005a7b78	indirect	0xa64	4	read	scalar	2
getunitlevelrange	0x005a7b78	indirect	0xa64	4	write	scalar	2
getunitlevelrange	0x005a7b78	indirect	0xa78	4	read	scalar	1
getunitlevelrange	0x005a7b78	indirect	0xa78	4	write	scalar	1
getunitmovementpoints	0x005a7b78	indirect	0x50	4	read	scalar	0
getunitmovementpoints	0x005a7b78	indirect	0x54	4	read	scalar	0
getunitmovementpoints	0x005a7b78	indirect	0x54	4	write	scalar	0
getunitmovementpoints	0x005a7b78	indirect	0x90	4	read	scalar	1
getunitmovementpoints	0x005a7b78	indirect	0x90	4	write	scalar	0
getunitmovementpoints	0x005a7b78	indirect	0x94	4	read	scalar	2
getunitmovementpoints	0x005a7b78	indirect	0x98	4	read	scalar	2
getunitmovementpoints	0x005a7b78	indirect	0x9c	4	read	scalar	1
getunitmovementpoints	0x005a7b78	indirect	0xa0	4	read	scalar	1
getunitmovementpoints	0x005a7b78	indirect	0xa4	4	write	scalar	0
getunitmovementpoints	0x005a7b78	indirect	0xa8	0	read	indexed	2
getunitmovementpoints	0x005a7b78	indirect	0xa8	4	read	indexed	2
getunitmovementpoints	0x005a7b78	indirect	0xac	4	read	indexed	2
getunitmovementpoints	0x005a7b78	indirect	0x3c8	0	read	indexed	2
getunitmovementpoints	0x005a7b78	indirect	0x3c8	4	read	indexed	2
getunitmovementpoints	0x005a7b78	indirect	0x558	4	read	scalar	2
getunitmovementpoints	0x005a7b78	indirect	0x880	0	read	scalar	2
getunitmovementpoints	0x005a7b78	indirect	0x880	1	write	scalar	2
getunitmovementpoints	0x005a7b78	indirect	0x984	0	read	scalar	2
getunitmovementpoints	0x005a7b78	indirect	0xa4b	1	write	scalar	2
getunitmovementpoints	0x005a7b78	indirect	0xa4c	4	write	scalar	2
getunitmovementpoints	0x005a7b78	indirect	0xa50	4	write	scalar	2
getunitmovementpoints	0x005a7b78	indirect	0xa54	4	write	scalar	2
getunitmovementpoints	0x005a7b78	indirect	0xa58	4	write	scalar	2
getunitmovementpoints	0x005a7b78	indirect	0xa5c	4	write	scalar	2
getunitmovementpoints	0x005a7b78	indirect	0xa60	4	read	scalar	2
getunitmovementpoints	0x005a7b78	indirect	0xa60	4	write	scalar	2
getunitmovementpoints	0x005a7b78	indirect	0xa64	4	read	scalar	2
getunitmovementpoints	0x005a7b78	indirect	0xa64	4	write	scalar	2
getunitmovementpoints	0x005a7b78	indirect	0xa78	4	read	scalar	1
getunitmovementpoints	0x005a7b78	indirect	0xa78	4	write	scalar	1
getunittypecodecount	0x005cd2ec	static	0x4	4	read	scalar	1
getunittypecodecount	0x005cd2ec	static	0x8	4	read	scalar	1
getunittypecount	0x005cd2f4	indirect	0x0	0	read	indexed	0
getunittypedata	0x005cd2f4	indirect	0x0	0	read	indexed	0
getunittypedata	0x005d2f10	static	0x0	4	read	scalar	1
getunittypedata	0x005d2f10	static	0x4	4	read	scalar	1
getunittypeeffectivedata	0x005a7b78	indirect	0x54	4	read	scalar	1
getunittypeeffectivedata	0x005a7b78	indirect	0x60	4	read	scalar	1
getunittypeeffectivedata	0x005a7b78	indirect	0x6c	4	read	scalar	2
getunittypeeffectivedata	0x005a7b78	indirect	0x70	4	read	scalar	1
getunittypeeffectivedata	0x005a7b78	indirect	0x90	4	read	scalar	2
getunittypeeffectivedata	0x005a7b78	indirect	0x90	4	write	scalar	2
getunittypeeffectivedata	0x005a7b78	indirect	0x94	4	read	scalar	2
getunittypeeffectivedata	0x005a7b78	indirect	0x98	4	read	scalar	2
getunittypeeffectivedata	0x005a7b78	indirect	0xa4	4	read	scalar	2
getunittypeeffectivedata	0x005a7b78	indirect	0xa4	4	write	scalar	2
getunittypeeffectivedata	0x005a7b78	indirect	0xa8	0	read	indexed	2
getunittypeeffectivedata	0x005a7b78	indirect	0xa8	4	read	indexed	2
getunittypeeffectivedata	0x005a7b78	indirect	0xa8	4	write	indexed	1
getunittypeeffectivedata	0x005a7b78	indirect	0xac	4	read	indexed	2
getunittypeeffectivedata	0x005a7b78	indirect	0xac	4	write	indexed	1
getunittypeeffectivedata	0x005a7b78	indirect	0x3c4	4	write	indexed	2
getunittypeeffectivedata	0x005a7b78	indirect	0x3c8	0	read	indexed	2
getunittypeeffectivedata	0x005a7b78	indirect	0x3c8	4	read	indexed	2
getunittypeeffectivedata	0x005a7b78	indirect	0x558	4	read	scalar	1
getunittypeeffectivedata	0x005a7b78	indirect	0x558	4	write	scalar	1
getunittypeeffectivedata	0x005a7b78	indirect	0x880	0	read	scalar	2
getunittypeeffectivedata	0x005a7b78	indirect	0x880	1	write	scalar	2
getunittypeeffectivedata	0x005a7b78	indirect	0x984	0	read	scalar	2
getunittypeeffectivedata	0x005a7b78	indirect	0xa4b	1	write	scalar	2
getunittypeeffectivedata	0x005a7b78	indirect	0xa4c	4	write	scalar	2
getunittypeeffectivedata	0x005a7b78	indirect	0xa50	4	write	scalar	2
getunittypeeffectivedata	0x005a7b78	indirect	0xa54	4	write	scalar	2
getunittypeeffectivedata	0x005a7b78	indirect	0xa58	4	write	scalar	2
getunittypeeffectivedata	0x005a7b78	indirect	0xa5c	4	write	scalar	2
getunittypeeffectivedata	0x005a7b78	indirect	0xa60	4	read	scalar	2
getunittypeeffectivedata	0x005a7b78	indirect	0xa60	4	write	scalar	2
getunittypeeffectivedata	0x005a7b78	indirect	0xa64	4	read	scalar	2
getunittypeeffectivedata	0x005a7b78	indirect	0xa64	4	write	scalar	2
getunittypeeffectivedata	0x005aa12c	static	0x482c	0	read	scalar	1
getunittypeeffectivedata	0x005aa12c	static	0x4848	0	read	scalar	1
getunittypeeffectivedata	0x005aa12c	static	0x4850	4	read	scalar	2
getunittypeeffectivedata	0x005aa12c	static	0x4858	4	read	scalar	2
getunittypeeffectivedata	0x005aa12c	static	0x4860	4	read	scalar	2
getunittypeeffectivedata	0x005aa12c	static	0x4860	4	write	scalar	2
getunittypeeffectivedata	0x005aa12c	static	0x4890	4	read	scalar	2
getunittypeeffectivedata	0x005aa12c	static	0x4894	4	read	scalar	2
getunittypeeffectivedata	0x005ae958	static	0x1c	0	read	scalar	1
getunittypeeffectivedata	0x005ae958	static	0x20	4	read	scalar	1
getunittypeeffectivedata	0x005ae958	static	0x24	4	read	scalar	2
getunittypeeffectivedata	0x005ae958	static	0x2c	4	read	scalar	2
getunittypeeffectivedata	0x005ae958	static	0x34	4	read	scalar	2
getunittypeeffectivedata	0x005ae958	static	0x34	4	write	scalar	2
getunittypeeffectivedata	0x005ae958	static	0x40	4	read	scalar	2
getunittypeeffectivedata	0x005ae958	static	0x64	4	read	scalar	1
getunittypeeffectivedata	0x005ae958	static	0x68	4	read	scalar	2
getunittypeeffectivedata_level	0x005a7b78	indirect	0x50	4	read	scalar	0
getunittypeeffectivedata_level	0x005a7b78	indirect	0x54	4	read	scalar	0
getunittypeeffectivedata_level	0x005a7b78	indirect	0x54	4	write	scalar	0
getunittypeeffectivedata_level	0x005a7b78	indirect	0x90	4	read	scalar	1
getunittypeeffectivedata_level	0x005a7b78	indirect	0x90	4	write	scalar	0
getunittypeeffectivedata_level	0x005a7b78	indirect	0x94	4	read	scalar	2
getunittypeeffectivedata_level	0x005a7b78	indirect	0x98	4	read	scalar	2
getunittypeeffectivedata_level	0x005a7b78	indirect	0x9c	4	read	scalar	1
getunittypeeffectivedata_level	0x005a7b78	indirect	0xa0	4	read	scalar	1
getunittypeeffectivedata_level	0x005a7b78	indirect	0xa4	4	write	scalar	0
getunittypeeffectivedata_level	0x005a7b78	indirect	0xa8	0	read	indexed	2
getunittypeeffectivedata_level	0x005a7b78	indirect	0xa8	4	read	indexed	2
getunittypeeffectivedata_level	0x005a7b78	indirect	0xac	4	read	indexed	2
getunittypeeffectivedata_level	0x005a7b78	indirect	0x3c8	0	read	indexed	2
getunittypeeffectivedata_level	0x005a7b78	indirect	0x3c8	4	read	indexed	2
getunittypeeffectivedata_level	0x005a7b78	indirect	0x558	4	read	scalar	2
getunittypeeffectivedata_level	0x005a7b78	indirect	0x880	0	read	scalar	2
getunittypeeffectivedata_level	0x005a7b78	indirect	0x880	1	write	scalar	2
getunittypeeffectivedata_level	0x005a7b78	indirect	0x984	0	read	scalar	2
getunittypeeffectivedata_level	0x005a7b78	indirect	0xa4b	1	write	scalar	2
getunittypeeffectivedata_level	0x005a7b78	indirect	0xa4c	4	write	scalar	2
getunittypeeffectivedata_level	0x005a7b78	indirect	0xa50	4	write	scalar	2
getunittypeeffectivedata_level	0x005a7b78	indirect	0xa54	4	write	scalar	2
getunittypeeffectivedata_level	0x005a7b78	indirect	0xa58	4	write	scalar	2
getunittypeeffectivedata_level	0x005a7b78	indirect	0xa5c	4	write	scalar	2
getunittypeeffectivedata_level	0x005a7b78	indirect	0xa60	4	read	scalar	2
getunittypeeffectivedata_level	0x005a7b78	indirect	0xa60	4	write	scalar	2
getunittypeeffectivedata_level	0x005a7b78	indirect	0xa64	4	read	scalar	2
getunittypeeffectivedata_level	0x005a7b78	indirect	0xa64	4	write	scalar	2
getunittypeeffectivedata_level	0x005a7b78	indirect	0xa78	4	read	scalar	1
getunittypeeffectivedata_level	0x005a7b78	indirect	0xa78	4	write	scalar	1
getunittypeeffectivedata_level	0x005aa12c	static	0x482c	0	read	scalar	1
getunittypeeffectivedata_level	0x005aa12c	static	0x4848	0	read	scalar	1
getunittypeeffectivedata_level	0x005aa12c	static	0x4850	4	read	scalar	2
getunittypeeffectivedata_level	0x005aa12c	static	0x4858	4	read	scalar	2
getunittypeeffectivedata_level	0x005aa12c	static	0x4860	4	read	scalar	2
getunittypeeffectivedata_level	0x005aa12c	static	0x4860	4	write	scalar	2
getunittypeeffectivedata_level	0x005aa12c	static	0x4890	4	read	scalar	2
getunittypeeffectivedata_level	0x005aa12c	static	0x4894	4	read	scalar	2
getunittypeeffectivedata_level	0x005ae958	static	0x1c	0	read	scalar	1
getunittypeeffectivedata_level	0x005ae958	static	0x20	4	read	scalar	1
getunittypeeffectivedata_level	0x005ae958	static	0x24	4	read	scalar	2
getunittypeeffectivedata_level	0x005ae958	static	0x2c	4	read	scalar	2
getunittypeeffectivedata_level	0x005ae958	static	0x34	4	read	scalar	2
getunittypeeffectivedata_level	0x005ae958	static	0x34	4	write	scalar	2
getunittypeeffectivedata_level	0x005ae958	static	0x40	4	read	scalar	2
getunittypeeffectivedata_level	0x005ae958	static	0x64	4	read	scalar	1
getunittypeeffectivedata_level	0x005ae958	static	0x68	4	read	scalar	2
getunittypeeffectivedata_levelrange	0x005a7b78	indirect	0x50	4	read	scalar	0
getunittypeeffectivedata_levelrange	0x005a7b78	indirect	0x54	4	read	scalar	0
getunittypeeffectivedata_levelrange	0x005a7b78	indirect	0x54	4	write	scalar	0
getunittypeeffectivedata_levelrange	0x005a7b78	indirect	0x90	4	read	scalar	2
getunittypeeffectivedata_levelrange	0x005a7b78	indirect	0x90	4	write	scalar	1
getunittypeeffectivedata_levelrange	0x005a7b78	indirect	0x9c	4	read	scalar	2
getunittypeeffectivedata_levelrange	0x005a7b78	indirect	0xa0	4	read	scalar	2
getunittypeeffectivedata_levelrange	0x005a7b78	indirect	0xa4	4	write	scalar	1
getunittypeeffectivedata_levelrange	0x005a7b78	indirect	0xa78	4	read	scalar	2
getunittypeeffectivedata_levelrange	0x005a7b78	indirect	0xa78	4	write	scalar	2
getunittypeeffectivedata_levelrange	0x005aa12c	static	0x482c	0	read	scalar	1
getunittypeeffectivedata_levelrange	0x005aa12c	static	0x4848	0	read	scalar	1
getunittypeeffectivedata_levelrange	0x005aa12c	static	0x4850	4	read	scalar	2
getunittypeeffectivedata_levelrange	0x005aa12c	static	0x4858	4	read	scalar	2
getunittypeeffectivedata_levelrange	0x005aa12c	static	0x4860	4	read	scalar	2
getunittypeeffectivedata_levelrange	0x005aa12c	static	0x4860	4	write	scalar	2
getunittypeeffectivedata_levelrange	0x005aa12c	static	0x4890	4	read	scalar	2
getunittypeeffectivedata_levelrange	0x005aa12c	static	0x4894	4	read	scalar	2
getunittypeeffectivedata_levelrange	0x005ae958	static	0x1c	0	read	scalar	1
getunittypeeffectivedata_levelrange	0x005ae958	static	0x20	4	read	scalar	1
getunittypeeffectivedata_levelrange	0x005ae958	static	0x24	4	read	scalar	2
getunittypeeffectivedata_levelrange	0x005ae958	static	0x2c	4	read	scalar	2
getunittypeeffectivedata_levelrange	0x005ae958	static	0x34	4	read	scalar	2
getunittypeeffectivedata_levelrange	0x005ae958	static	0x34	4	write	scalar	2
getunittypeeffectivedata_levelrange	0x005ae958	static	0x40	4	read	scalar	2
getunittypeeffectivedata_levelrange	0x005ae958	static	0x64	4	read	scalar	1
getunittypeeffectivedata_levelrange	0x005ae958	static	0x68	4	read	scalar	2
getunittypelevelrange	0x005a7b78	indirect	0x50	4	read	scalar	0
getunittypelevelrange	0x005a7b78	indirect	0x54	4	read	scalar	0
getunittypelevelrange	0x005a7b78	indirect	0x54	4	write	scalar	0
getunittypelevelrange	0x005a7b78	indirect	0x90	4	read	scalar	1
getunittypelevelrange	0x005a7b78	indirect	0x90	4	write	scalar	0
getunittypelevelrange	0x005a7b78	indirect	0x94	4	read	scalar	2
getunittypelevelrange	0x005a7b78	indirect	0x98	4	read	scalar	2
getunittypelevelrange	0x005a7b78	indirect	0x9c	4	read	scalar	1
getunittypelevelrange	0x005a7b78	indirect	0xa0	4	read	scalar	1
getunittypelevelrange	0x005a7b78	indirect	0xa4	4	write	scalar	0
getunittypelevelrange	0x005a7b78	indirect	0xa8	0	read	indexed	2
getunittypelevelrange	0x005a7b78	indirect	0xa8	4	read	indexed	2
getunittypelevelrange	0x005a7b78	indirect	0xac	4	read	indexed	2
getunittypelevelrange	0x005a7b78	indirect	0x3c8	0	read	indexed	2
getunittypelevelrange	0x005a7b78	indirect	0x3c8	4	read	indexed	2
getunittypelevelrange	0x005a7b78	indirect	0x558	4	read	scalar	2
getunittypelevelrange	0x005a7b78	indirect	0x880	0	read	scalar	2
getunittypelevelrange	0x005a7b78	indirect	0x880	1	write	scalar	2
getunittypelevelrange	0x005a7b78	indirect	0x984	0	read	scalar	2
getunittypelevelrange	0x005a7b78	indirect	0xa4b	1	write	scalar	2
getunittypelevelrange	0x005a7b78	indirect	0xa4c	4	write	scalar	2
getunittypelevelrange	0x005a7b78	indirect	0xa50	4	write	scalar	2
getunittypelevelrange	0x005a7b78	indirect	0xa54	4	write	scalar	2
getunittypelevelrange	0x005a7b78	indirect	0xa58	4	write	scalar	2
getunittypelevelrange	0x005a7b78	indirect	0xa5c	4	write	scalar	2
getunittypelevelrange	0x005a7b78	indirect	0xa60	4	read	scalar	2
getunittypelevelrange	0x005a7b78	indirect	0xa60	4	write	scalar	2
getunittypelevelrange	0x005a7b78	indirect	0xa64	4	read	scalar	2
getunittypelevelrange	0x005a7b78	indirect	0xa64	4	write	scalar	2
getunittypelevelrange	0x005a7b78	indirect	0xa78	4	read	scalar	1
getunittypelevelrange	0x005a7b78	indirect	0xa78	4	write	scalar	1
getunittypesound	0x005cd2f4	indirect	0x0	0	read	indexed	0
getunittypeterraincost	0x005cd2f4	indirect	0x0	0	read	indexed	0
getunittypeterraindelay	0x005cd2f4	indirect	0x0	0	read	indexed	0
getvirtualarmyid	0x005869f4	indirect	0x28	4	read	scalar	0
getwinningarmy	0x005aa12c	static	0x6a8	4	read	scalar	1
getwinningarmy	0x005aa12c	static	0x6ac	4	read	scalar	1
getwinningarmy	0x005aa12c	static	0xc84	4	read	scalar	1
getwinningarmy	0x005aa12c	static	0xc88	4	read	scalar	1
getwinningarmy	0x005aa78c	indirect	0x3c	4	read	scalar	0
getwinningarmy	0x005aad68	indirect	0x3c	4	read	scalar	0
getxywhdata	0x005a7b50	static	0x0	4	read	scalar	2
getxywhdata	0x005a7b50	static	0x4	4	read	scalar	2
griddistance	0x005ae958	static	0x14	4	read	scalar	1
griddistance	0x005ae958	static	0x6c	4	read	scalar	1
griddistance	0x005ae958	static	0x70	4	read	scalar	1
hidecursor	0x005a9e04	static	0xec	4	read	scalar	2
hidecursor	0x005a9e04	static	0xf0	4	read	scalar	2
hidecursor	0x005a9e04	static	0x178	4	read	scalar	1
hidecursor	0x005a9e04	static	0x178	4	write	scalar	1
hocuspocus	0x005ae958	static	0x64	4	read	scalar	1
hocuspocus	0x005ae958	static	0x68	4	read	scalar	1
identifypage	0x005a7b50	static	0x0	4	read	scalar	2
identifypage	0x005a7b50	static	0x4	4	read	scalar	2
imp	0x005a7b50	static	0x0	4	read	scalar	2
imp	0x005a7b50	static	0x4	4	read	scalar	2
impplayer	0x005a7b50	static	0x0	4	read	scalar	2
impplayer	0x005a7b50	static	0x4	4	read	scalar	2
incombatautocalc	0x005adc50	static	0x2c	4	read	scalar	2
incombatautocalc	0x005adc50	static	0x2c	4	write	scalar	1
incombatautocalc	0x005adc50	static	0x44	4	write	scalar	1
incombatautocalc	0x005adc50	static	0x48	4	write	scalar	1
incombatautocalc	0x005adc50	static	0x4c	4	write	scalar	1
incombatautocalc	0x005adc50	static	0x50	4	write	scalar	1
incombatautocalc	0x005adc50	static	0x54	4	write	scalar	1
incombatautocalc	0x005adc50	static	0x58	4	write	scalar	1
incombatautocalc	0x005adc50	static	0x5c	4	write	scalar	1
incombatautocalc	0x005adc50	static	0x60	4	write	scalar	1
incombatautocalc	0x005adc50	static	0x64	4	write	scalar	1
incombatautocalc	0x005adc50	static	0x68	0	read	scalar	1
incombatautocalc	0x005adc50	static	0xc0	4	write	scalar	1
incombatautocalc	0x005adc50	static	0xc4	0	read	scalar	1
incombatautocalc	0x005adc50	static	0xe0	0	read	scalar	2
incombatautocalc	0x005adc50	static	0xe0	4	write	scalar	2
incombatautocalc	0x005adc50	static	0x538	4	write	scalar	1
incombatautocalc	0x005adc50	static	0x53c	4	write	scalar	1
incombatautocalc	0x005adc50	static	0x540	4	write	scalar	1
incombatautocalc	0x005adc50	static	0x544	4	write	scalar	1
incombatautocalc	0x005adc50	static	0x548	4	write	scalar	1
incombatautocalc	0x005adc50	static	0x54c	4	write	scalar	1
incombatautocalc	0x005adc50	static	0x550	4	write	scalar	1
incombatautocalc	0x005adc50	static	0x554	4	write	scalar	1
incombatautocalc	0x005adc50	static	0x558	4	write	scalar	1
incombatautocalc	0x005adc50	static	0x55c	0	read	scalar	1
incombatautocalc	0x005adc50	static	0x55c	4	write	scalar	1
incombatautocalc	0x005adc50	static	0x560	4	write	scalar	1
incombatautocalc	0x005adc50	static	0x564	4	write	scalar	1
incombatautocalc	0x005adc50	static	0x568	0	read	scalar	1
incombatautocalc	0x005adc50	static	0x578	4	write	scalar	2
incombatautocalc	0x005adc50	static	0x57c	4	write	scalar	2
incombatautocalc	0x005adc50	static	0x580	4	write	scalar	2
incombatautocalc	0x005adc50	static	0x584	4	write	scalar	2
incombatautocalc	0x005adc50	static	0x58c	4	read	scalar	2
incombatautocalc	0x005adc50	static	0x58c	4	write	scalar	1
incombatautocalc	0x005adc50	static	0x590	4	write	scalar	1
incombatautocalc	0x005adc50	static	0x594	4	write	scalar	1
incombatautocalc	0x005adc50	static	0x598	4	read	scalar	2
incombatautocalc	0x005adc50	static	0x598	4	write	scalar	1
incombatautocalc	0x005adc50	static	0x59c	4	write	scalar	1
incombatautocalc	0x005adc50	static	0x5a0	4	write	scalar	1
incombatautocalc	0x005adc50	static	0x5a4	4	write	scalar	1
incombatautocalc	0x005adc50	static	0x5a8	4	write	scalar	1
incombatautocalc	0x005adc50	static	0x5ac	1	write	scalar	1
incombatautocalc	0x005adc50	static	0x5b0	4	write	scalar	1
incombatautocalc	0x005adc50	static	0x5b4	4	write	scalar	1
incombatautocalc	0x005adc50	static	0x5b8	4	write	scalar	1
incombatautocalc	0x005adc50	static	0x5bc	4	write	scalar	1
incombatautocalc	0x005adc50	static	0x5c0	4	write	scalar	1
incombatautocalc	0x005adc50	static	0x5c4	4	write	scalar	1
incombatautocalc	0x005adc50	static	0x5c8	1	write	scalar	1
incombatautocalc	0x005adc50	static	0x5cc	4	write	scalar	1
incombatautocalc	0x005adc50	static	0x5d0	1	write	scalar	1
incombatautocalc	0x005adc50	static	0x5d4	4	write	scalar	1
incombatautocalc	0x005adc50	static	0x5d8	1	write	scalar	1
incombatautocalc	0x005adc50	static	0x5dc	0	read	scalar	1
incombatautocalc	0x005adc50	static	0x608	4	read	scalar	2
incombatautocalc	0x005adc50	static	0x608	4	write	scalar	1
incombatautocalc	0x005adc50	static	0x620	4	write	scalar	1
incombatautocalc	0x005adc50	static	0x624	4	write	scalar	1
incombatautocalc	0x005adc50	static	0x628	4	write	scalar	1
incombatautocalc	0x005adc50	static	0x62c	4	write	scalar	1
incombatautocalc	0x005adc50	static	0x630	4	write	scalar	1
incombatautocalc	0x005adc50	static	0x634	4	write	scalar	1
incombatautocalc	0x005adc50	static	0x638	4	write	scalar	1
incombatautocalc	0x005adc50	static	0x63c	4	write	scalar	1
incombatautocalc	0x005adc50	static	0x640	4	write	scalar	1
incombatautocalc	0x005adc50	static	0x644	0	read	scalar	1
incombatautocalc	0x005adc50	static	0x69c	4	write	scalar	1
incombatautocalc	0x005adc50	static	0x6a0	0	read	scalar	1
incombatautocalc	0x005adc50	static	0x6bc	0	read	scalar	2
incombatautocalc	0x005adc50	static	0x6bc	4	write	scalar	2
incombatautocalc	0x005adc50	static	0xb14	4	write	scalar	1
incombatautocalc	0x005adc50	static	0xb18	4	write	scalar	1
incombatautocalc	0x005adc50	static	0xb1c	4	write	scalar	1
incombatautocalc	0x005adc50	static	0xb20	4	write	scalar	1
incombatautocalc	0x005adc50	static	0xb24	4	write	scalar	1
incombatautocalc	0x005adc50	static	0xb28	4	write	scalar	1
incombatautocalc	0x005adc50	static	0xb2c	4	write	scalar	1
incombatautocalc	0x005adc50	static	0xb30	4	write	scalar	1
incombatautocalc	0x005adc50	static	0xb34	4	write	scalar	1
incombatautocalc	0x005adc50	static	0xb38	0	read	scalar	1
incombatautocalc	0x005adc50	static	0xb38	4	write	scalar	1
incombatautocalc	0x005adc50	static	0xb3c	4	write	scalar	1
incombatautocalc	0x005adc50	static	0xb40	4	write	scalar	1
incombatautocalc	0x005adc50	static	0xb44	0	read	scalar	1
incombatautocalc	0x005adc50	static	0xb54	4	write	scalar	2
incombatautocalc	0x005adc50	static	0xb58	4	write	scalar	2
incombatautocalc	0x005adc50	static	0xb5c	4	write	scalar	2
incombatautocalc	0x005adc50	static	0xb60	4	write	scalar	2
incombatautocalc	0x005adc50	static	0xb68	4	read	scalar	2
incombatautocalc	0x005adc50	static	0xb68	4	write	scalar	1
incombatautocalc	0x005adc50	static	0xb6c	4	write	scalar	1
incombatautocalc	0x005adc50	static	0xb70	4	write	scalar	1
incombatautocalc	0x005adc50	static	0xb74	4	read	scalar	2
incombatautocalc	0x005adc50	static	0xb74	4	write	scalar	1
incombatautocalc	0x005adc50	static	0xb78	4	write	scalar	1
incombatautocalc	0x005adc50	static	0xb7c	4	write	scalar	1
incombatautocalc	0x005adc50	static	0xb80	4	write	scalar	1
incombatautocalc	0x005adc50	static	0xb84	4	write	scalar	1
incombatautocalc	0x005adc50	static	0xb88	1	write	scalar	1
incombatautocalc	0x005adc50	static	0xb8c	4	write	scalar	1
incombatautocalc	0x005adc50	static	0xb90	4	write	scalar	1
incombatautocalc	0x005adc50	static	0xb94	4	write	scalar	1
incombatautocalc	0x005adc50	static	0xb98	4	write	scalar	1
incombatautocalc	0x005adc50	static	0xb9c	4	write	scalar	1
incombatautocalc	0x005adc50	static	0xba0	4	write	scalar	1
incombatautocalc	0x005adc50	static	0xba4	1	write	scalar	1
incombatautocalc	0x005adc50	static	0xba8	4	write	scalar	1
incombatautocalc	0x005adc50	static	0xbac	1	write	scalar	1
incombatautocalc	0x005adc50	static	0xbb0	4	write	scalar	1
incombatautocalc	0x005adc50	static	0xbb4	1	write	scalar	1
incombatautocalc	0x005adc50	static	0xc30	1	read	scalar	1
indicatepath	0x005ae974	static	0x8	4	read	scalar	2
indicatepath	0x005ae974	static	0xc	4	read	scalar	2
indicatepath	0x005ae974	static	0x14	4	read	scalar	2
indicatepath	0x005ae974	static	0x14	4	write	scalar	2
indicatepath	0x005ae974	static	0x18	4	read	scalar	2
indicatepath	0x005ae974	static	0x1c	4	read	scalar	1
indicatepath	0x005ae974	static	0x24	4	read	scalar	1
initmovementflags	0x005ae958	static	0x8	4	read	scalar	2
initmovementflags	0x005ae958	static	0x54	4	read	scalar	2
initmovementflags	0x005ae958	static	0x64	4	read	scalar	1
initmovementflags	0x005ae958	static	0x68	4	read	scalar	1
initmovementflags	0x005ae958	static	0xd8	0	read	scalar	2
initmovementflags_citycombat	0x005ae958	static	0x8	4	read	scalar	2
initmovementflags_citycombat	0x005ae958	static	0x54	4	read	scalar	2
initmovementflags_citycombat	0x005ae958	static	0x64	4	read	scalar	1
initmovementflags_citycombat	0x005ae958	static	0x68	4	read	scalar	1
initmovementflags_citycombat	0x005ae958	static	0xd8	0	read	scalar	2
instantkillprisoner	0x005a7b78	indirect	0x54	4	read	scalar	1
instantkillprisoner	0x005a7b78	indirect	0x60	4	read	scalar	1
instantkillprisoner	0x005a7b78	indirect	0x6c	4	read	scalar	2
instantkillprisoner	0x005a7b78	indirect	0x70	4	read	scalar	1
instantkillprisoner	0x005a7b78	indirect	0x90	4	read	scalar	2
instantkillprisoner	0x005a7b78	indirect	0x90	4	write	scalar	2
instantkillprisoner	0x005a7b78	indirect	0x94	4	read	scalar	2
instantkillprisoner	0x005a7b78	indirect	0x98	4	read	scalar	2
instantkillprisoner	0x005a7b78	indirect	0xa4	4	read	scalar	2
instantkillprisoner	0x005a7b78	indirect	0xa4	4	write	scalar	2
instantkillprisoner	0x005a7b78	indirect	0xa8	0	read	indexed	2
instantkillprisoner	0x005a7b78	indirect	0xa8	4	read	indexed	2
instantkillprisoner	0x005a7b78	indirect	0xa8	4	write	indexed	1
instantkillprisoner	0x005a7b78	indirect	0xac	4	read	indexed	2
instantkillprisoner	0x005a7b78	indirect	0xac	4	write	indexed	1
instantkillprisoner	0x005a7b78	indirect	0x3c4	4	write	indexed	2
instantkillprisoner	0x005a7b78	indirect	0x3c8	0	read	indexed	2
instantkillprisoner	0x005a7b78	indirect	0x3c8	4	read	indexed	2
instantkillprisoner	0x005a7b78	indirect	0x558	4	read	scalar	1
instantkillprisoner	0x005a7b78	indirect	0x558	4	write	scalar	1
instantkillprisoner	0x005a7b78	indirect	0x880	0	read	scalar	2
instantkillprisoner	0x005a7b78	indirect	0x880	1	write	scalar	2
instantkillprisoner	0x005a7b78	indirect	0x984	0	read	scalar	2
instantkillprisoner	0x005a7b78	indirect	0xa4b	1	write	scalar	2
instantkillprisoner	0x005a7b78	indirect	0xa4c	4	write	scalar	2
instantkillprisoner	0x005a7b78	indirect	0xa50	4	write	scalar	2
instantkillprisoner	0x005a7b78	indirect	0xa54	4	write	scalar	2
instantkillprisoner	0x005a7b78	indirect	0xa58	4	write	scalar	2
instantkillprisoner	0x005a7b78	indirect	0xa5c	4	write	scalar	2
instantkillprisoner	0x005a7b78	indirect	0xa60	4	read	scalar	2
instantkillprisoner	0x005a7b78	indirect	0xa60	4	write	scalar	2
instantkillprisoner	0x005a7b78	indirect	0xa64	4	read	scalar	2
instantkillprisoner	0x005a7b78	indirect	0xa64	4	write	scalar	2
interruptsound	0x00585408	static	0x0	0	read	indexed	1
interruptsound	0x00585408	static	0x0	4	read	scalar	1
interruptsound	0x00585408	static	0x0	4	read	indexed	1
interruptsound	0x00585408	static	0x0	4	write	scalar	1
interruptsound	0x00585408	static	0x0	4	write	indexed	2
interruptsound	0x00585408	static	0x14	0	read	indexed	1
interruptsound	0x00585408	static	0x14	4	read	indexed	1
interruptsound	0x00585408	static	0xdc	0	read	scalar	2
interruptsound	0x00585408	static	0xdc	0	read	indexed	1
interruptsound	0x00585408	static	0xdc	4	read	scalar	2
interruptsound	0x00585408	static	0xdc	4	read	indexed	1
interruptsound	0x00585408	static	0xf0	0	read	scalar	1
interruptsound	0x00585408	static	0xf0	0	read	indexed	2
interruptsound	0x00585408	static	0xf0	4	read	scalar	1
interruptsound	0x00585408	static	0x180	0	read	scalar	1
interruptsound	0x00585408	static	0x180	4	read	scalar	1
interruptsound	0x00585408	static	0x6f4	0	read	indexed	2
interruptsound	0x00585408	static	0x6f8	0	read	scalar	1
interruptsound	0x00585408	static	0x6f8	4	read	scalar	1
interruptsound	0x00585408	static	0x6f8	4	write	indexed	2
interruptsound	0x00585408	static	0xfb8	4	read	scalar	1
interruptsound	0x00585408	static	0xfbc	4	read	scalar	2
interruptsound	0x00585408	static	0x1398	4	read	scalar	1
interruptsound	0x00585408	static	0x13a0	4	read	scalar	1
interruptsound	0x00585408	static	0x13ac	4	read	scalar	1
interruptsound	0x00585408	static	0x13b4	4	read	scalar	1
isanything?	0x005ae974	static	0x8	4	read	scalar	1
isanything?	0x005ae974	static	0x10	4	read	scalar	1
isarmy?	0x005ae974	static	0x8	4	read	scalar	1
isarmy?	0x005ae974	static	0x10	4	read	scalar	1
isbuilding?	0x005ae974	static	0x8	4	read	scalar	1
isbuilding?	0x005ae974	static	0x10	4	read	scalar	1
ischampionbrainargvalid?	0x005aeed0	static	0x0	4	read	scalar	1
iscity?	0x005ae974	static	0x8	4	read	scalar	1
iscity?	0x005ae974	static	0x10	4	read	scalar	1
iscurrentartifactknowntoplayer?	0x005788c4	indirect	0x10	4	read	scalar	0
iscurrentartifactwielded?	0x005788c4	indirect	0x10	4	read	scalar	0
isdisabledspell?	0x005aee6c	static	0x0	4	read	scalar	1
isdisabledspell?	0x005aee6c	static	0x8	4	read	scalar	1
isfleemark?	0x005ae974	static	0x8	4	read	scalar	1
isfleemark?	0x005ae974	static	0x10	4	read	scalar	1
isgreattempleactive?	0x005ae974	static	0x8	4	read	scalar	1
isgreattempleactive?	0x005ae974	static	0x18	4	read	scalar	1
isgreattempleactive?	0x005ae974	static	0x24	4	read	scalar	1
ishost	0x005d1e84	indirect	0x100	4	read	scalar	1
ishost	0x005d1e84	indirect	0x120	4	read	scalar	1
ishost	0x005d1e84	indirect	0x390	4	read	scalar	0
isinspellcastmode?	0x00584ae8	static	0x1b8	4	read	scalar	1
isonlywizardleft?	0x005ae974	static	0x8	4	read	scalar	1
isonlywizardleft?	0x005ae974	static	0x10	4	read	scalar	1
isplayerinsidecity?	0x005ae958	static	0x64	4	read	scalar	1
isplayerinsidecity?	0x005ae958	static	0x68	4	read	scalar	1
isplayerinsidecity?	0x005ae974	static	0x8	4	read	scalar	1
isplayerinsidecity?	0x005ae974	static	0x10	4	read	scalar	1
isplayerinsidecity?	0x005ae98c	indirect	0x4	4	read	scalar	0
isplayerinsidecity?	0x005ae98c	indirect	0x1c	4	read	scalar	0
isplayerinsidecity?	0x005ae98c	indirect	0x30	4	read	scalar	1
isplayerinsidecity?	0x005ae98c	indirect	0x48	4	read	scalar	0
issoundplaying	0x00585408	static	0x0	4	read	scalar	0
issoundplaying	0x005854fc	static	0x0	4	read	scalar	0
isspelleffect?	0x005ae974	static	0x8	4	read	scalar	1
isspelleffect?	0x005ae974	static	0x10	4	read	scalar	1
isterrainsprite?	0x005ae974	static	0x8	4	read	scalar	1
isterrainsprite?	0x005ae974	static	0x10	4	read	scalar	1
isvalidterraintype?	0x005aea30	static	0x0	4	write	scalar	1
isvalidterraintype?	0x005aea30	static	0x4	4	read	scalar	1
isvalidterraintype?	0x005aea30	static	0xc	4	read	scalar	1
isvalidterraintype?	0x005aea30	static	0x14	4	read	scalar	1
isvalidterraintype?	0x005aea30	static	0x18	4	read	scalar	2
isvalidterraintype?	0x005aea30	static	0x1c	4	read	scalar	1
isvalidterraintype?	0x005aea30	static	0x20	4	read	scalar	1
isvalidterraintype?	0x005aea30	static	0x24	4	read	scalar	2
isvalidterraintype?	0x005aea30	static	0x2c	4	read	scalar	2
isvalidterraintype?	0x005aea50	indirect	0x0	4	read	indexed	0
joinnetworkgame	0x005d1e84	indirect	0x0	4	read	scalar	0
justentered	0x005d1e84	indirect	0x100	4	read	scalar	1
justentered	0x005d1e84	indirect	0x120	4	read	scalar	1
kickarmyout	0x005ae970	indirect	0x0	4	read	indexed	0
knockoutprisoners	0x005a7b78	indirect	0x50	4	read	scalar	0
knockoutprisoners	0x005a7b78	indirect	0x54	4	read	scalar	0
knockoutprisoners	0x005a7b78	indirect	0x54	4	write	scalar	0
knockoutprisoners	0x005a7b78	indirect	0x6c	4	read	scalar	1
knockoutprisoners	0x005a7b78	indirect	0x90	4	read	scalar	1
knockoutprisoners	0x005a7b78	indirect	0x90	4	write	scalar	0
knockoutprisoners	0x005a7b78	indirect	0x94	4	read	scalar	2
knockoutprisoners	0x005a7b78	indirect	0x98	4	read	scalar	2
knockoutprisoners	0x005a7b78	indirect	0x9c	4	read	scalar	1
knockoutprisoners	0x005a7b78	indirect	0xa0	4	read	scalar	1
knockoutprisoners	0x005a7b78	indirect	0xa4	4	read	scalar	1
knockoutprisoners	0x005a7b78	indirect	0xa4	4	write	scalar	0
knockoutprisoners	0x005a7b78	indirect	0xa8	0	read	indexed	2
knockoutprisoners	0x005a7b78	indirect	0xa8	4	read	indexed	2
knockoutprisoners	0x005a7b78	indirect	0xa8	4	write	indexed	1
knockoutprisoners	0x005a7b78	indirect	0xac	4	read	indexed	2
knockoutprisoners	0x005a7b78	indirect	0xac	4	write	indexed	1
knockoutprisoners	0x005a7b78	indirect	0x3c4	4	write	indexed	1
knockoutprisoners	0x005a7b78	indirect	0x3c8	0	read	indexed	2
knockoutprisoners	0x005a7b78	indirect	0x3c8	4	read	indexed	2
knockoutprisoners	0x005a7b78	indirect	0x558	4	read	scalar	1
knockoutprisoners	0x005a7b78	indirect	0x558	4	write	scalar	1
knockoutprisoners	0x005a7b78	indirect	0x880	0	read	scalar	2
knockoutprisoners	0x005a7b78	indirect	0x880	1	write	scalar	2
knockoutprisoners	0x005a7b78	indirect	0x984	0	read	scalar	2
knockoutprisoners	0x005a7b78	indirect	0xa4b	1	write	scalar	2
knockoutprisoners	0x005a7b78	indirect	0xa4c	4	write	scalar	2
knockoutprisoners	0x005a7b78	indirect	0xa50	4	write	scalar	2
knockoutprisoners	0x005a7b78	indirect	0xa54	4	write	scalar	2
knockoutprisoners	0x005a7b78	indirect	0xa58	4	write	scalar	2
knockoutprisoners	0x005a7b78	indirect	0xa5c	4	write	scalar	2
knockoutprisoners	0x005a7b78	indirect	0xa60	4	read	scalar	2
knockoutprisoners	0x005a7b78	indirect	0xa60	4	write	scalar	2
knockoutprisoners	0x005a7b78	indirect	0xa64	4	read	scalar	2
knockoutprisoners	0x005a7b78	indirect	0xa64	4	write	scalar	2
knockoutprisoners	0x005a7b78	indirect	0xa78	4	read	scalar	1
knockoutprisoners	0x005a7b78	indirect	0xa78	4	write	scalar	1
landingplace	0x005ae958	static	0x6c	4	read	scalar	1
launchmissile	0x005aa12c	static	0x482c	0	read	scalar	1
launchmissile	0x005aa12c	static	0x4848	0	read	scalar	2
launchmissile	0x005aa12c	static	0x484c	4	read	scalar	2
launchmissile	0x005aa12c	static	0x4890	4	read	scalar	2
launchmissile	0x005ae958	static	0x68	4	read	scalar	1
launchmissile	0x005ae974	static	0x8	4	read	scalar	1
launchmissile	0x005ae974	static	0x10	4	read	scalar	1
lbm	0x005a7b50	static	0x0	4	read	scalar	2
lbm	0x005a7b50	static	0x4	4	read	scalar	2
lightning	0x00584ca8	static	0x0	4	read	scalar	1
lightning	0x00584ca8	static	0x4	4	read	scalar	1
lightning	0x00584ca8	static	0x4	4	write	scalar	1
lightning	0x00584ca8	static	0x18	4	read	scalar	1
lightorientation	0x005876d0	static	0x58	4	write	scalar	1
lightorientation	0x005876d0	static	0x5c	4	write	scalar	1
lightorientation	0x005876d0	static	0x60	4	write	scalar	1
loadconfig	0x005aa12c	static	0x8	0	read	scalar	0
loadconfig	0x005aa12c	static	0x18	0	read	scalar	0
loadconfig	0x005aa12c	static	0x1c	0	read	scalar	0
loadconfig	0x005aa12c	static	0x20	0	read	scalar	0
loadconfig	0x005aa12c	static	0x24	0	read	scalar	0
loadconfig	0x005aa12c	static	0x28	0	read	scalar	0
loadconfig	0x005aa12c	static	0x28	4	write	scalar	0
loadconfig	0x005aa12c	static	0xc8	0	read	scalar	1
loadconfig	0x005aa12c	static	0xc8	4	read	scalar	0
loadconfig	0x005aa12c	static	0xcc	4	read	scalar	0
loadconfig	0x005aa12c	static	0x128	0	read	scalar	0
loadconfig	0x005aa12c	static	0x128	4	read	scalar	0
loadconfig	0x005aa12c	static	0x12c	0	read	scalar	0
loadconfig	0x005aa12c	static	0x12c	4	write	scalar	0
loadcursorimp	0x005a9e04	static	0x70	0	read	scalar	1
loadcursorimp	0x005a9e04	static	0x70	4	read	scalar	2
loadcursorimp	0x005a9e04	static	0x78	4	read	scalar	2
loadcursorimp	0x005a9e04	static	0x7c	4	read	scalar	2
loadcursorimp	0x005a9e04	static	0x84	1	read	scalar	2
loadcursorimp	0x005a9e04	static	0x88	4	read	scalar	2
loadcursorimp	0x005a9e04	static	0x8c	4	read	scalar	2
loadcursorimp	0x005a9e04	static	0x8c	4	write	scalar	2
loadcursorimp	0x005a9e04	static	0x90	4	write	scalar	1
loadcursorimp	0x005a9e04	static	0x94	4	write	scalar	1
loadcursorimp	0x005a9e04	static	0xe8	4	read	scalar	1
loadcursorimp	0x005a9e04	static	0xe8	4	write	scalar	2
loadcursorimp	0x005a9e04	static	0xf4	0	read	scalar	1
loadcursorimp	0x005a9e04	static	0xf4	4	read	scalar	2
loadcursorimp	0x005a9e04	static	0xfc	4	read	scalar	2
loadcursorimp	0x005a9e04	static	0x100	4	read	scalar	2
loadcursorimp	0x005a9e04	static	0x108	1	read	scalar	2
loadcursorimp	0x005a9e04	static	0x10c	4	read	scalar	2
loadcursorimp	0x005a9e04	static	0x110	4	read	scalar	2
loadcursorimp	0x005a9e04	static	0x110	4	write	scalar	2
loadcursorimp	0x005a9e04	static	0x114	4	write	scalar	1
loadcursorimp	0x005a9e04	static	0x118	4	write	scalar	1
loadcursorimp	0x005a9e04	static	0x12c	0	read	scalar	1
loadcursorimp	0x005a9e04	static	0x12c	4	read	scalar	2
loadcursorimp	0x005a9e04	static	0x134	4	read	scalar	2
loadcursorimp	0x005a9e04	static	0x138	4	read	scalar	2
loadcursorimp	0x005a9e04	static	0x140	1	read	scalar	2
loadcursorimp	0x005a9e04	static	0x144	4	read	scalar	2
loadcursorimp	0x005a9e04	static	0x148	4	read	scalar	2
loadcursorimp	0x005a9e04	static	0x148	4	write	scalar	2
loadcursorimp	0x005a9e04	static	0x14c	4	write	scalar	1
loadcursorimp	0x005a9e04	static	0x150	4	write	scalar	1
loadcursorimp	0x005a9e04	static	0x16c	4	read	scalar	2
loadcursorimp	0x005a9e04	static	0x16c	4	write	scalar	2
loadcursorimp	0x005a9e04	static	0x170	4	read	scalar	1
loadcursorimp	0x005a9e04	static	0x170	4	write	scalar	1
loadcursorimp	0x005a9e04	static	0x174	4	read	scalar	1
loadcursorimp	0x005a9e04	static	0x174	4	write	scalar	1
loadcursorimp	0x005a9e04	static	0x178	4	read	scalar	2
loadcursorimp	0x005a9e04	static	0x178	4	write	scalar	2
loadcursorimp	0x005a9e04	static	0x19c	0	read	scalar	1
loadcursorimp	0x005a9e04	static	0x19c	4	read	scalar	2
loadcursorimp	0x005a9e04	static	0x1a4	4	read	scalar	2
loadcursorimp	0x005a9e04	static	0x1a8	4	read	scalar	2
loadcursorimp	0x005a9e04	static	0x1b0	1	read	scalar	2
loadcursorimp	0x005a9e04	static	0x1b4	4	read	scalar	2
loadcursorimp	0x005a9e04	static	0x1b8	4	read	scalar	2
loadcursorimp	0x005a9e04	static	0x1b8	4	write	scalar	2
loadcursorimp	0x005a9e04	static	0x1bc	4	write	scalar	1
loadcursorimp	0x005a9e04	static	0x1c0	0	read	scalar	1
loadcursorimp	0x005a9e04	static	0x1c0	4	write	scalar	1
loaddefaultarmy	0x005869f4	static	0x0	4	write	scalar	1
loaddefaultarmy	0x005869f4	static	0x4c	0	read	scalar	1
loaddefaultarmy	0x005869f4	static	0x50	0	read	scalar	1
loaddefaultarmy	0x005869f4	static	0x54	0	read	scalar	1
loaddefaultarmy	0x005869f4	static	0x58	0	read	scalar	1
loaddefaultarmy	0x005869f4	indirect	0x28	4	read	scalar	0
loaddynamicsound	0x00585408	static	0x0	0	read	indexed	1
loaddynamicsound	0x00585408	static	0xdc	0	read	scalar	1
loaddynamicsound	0x00585408	static	0xdc	0	read	indexed	1
loaddynamicsound	0x00585408	static	0xdc	4	read	scalar	1
loaddynamicsound	0x00585408	static	0xdc	4	read	indexed	1
loaddynamicsound	0x00585408	static	0x6f4	0	read	indexed	1
loaddynamicsound	0x00585408	static	0x6f8	0	read	scalar	1
loaddynamicsound	0x00585408	static	0x6f8	4	read	scalar	1
loaddynamicsound	0x00585408	static	0x6f8	4	write	indexed	1
loaddynamicsound	0x00585408	static	0xfbc	4	read	scalar	2
loaddynamicsound	0x00585408	static	0x13b4	4	read	scalar	1
loadgame	0x005aa12c	static	0x0	4	write	scalar	1
loadgame	0x005aa12c	static	0x8c	4	write	scalar	1
loadgame	0x005aa12c	static	0xa4	4	write	scalar	1
loadgame	0x005aa12c	static	0x47b8	4	write	scalar	1
loadgame	0x005aa12c	static	0x482c	0	read	scalar	1
loadgame	0x005aa12c	static	0x4890	4	read	scalar	2
loadgame	0x005aa12c	static	0x4894	4	read	scalar	2
loadgame	0x005aa12c	static	0x4904	0	read	scalar	2
loadgame	0x005aa12c	static	0x4c3c	0	read	scalar	1
loadgame	0x005aa12c	static	0x5068	0	read	indexed	1
loadgame	0x005aa12c	static	0x6610	4	read	scalar	2
loadgame	0x005aa12c	static	0x661c	4	write	scalar	2
loadgame	0x005aa12c	static	0x6620	4	write	scalar	2
loadgame	0x005aa12c	static	0x6624	4	read	scalar	2
loadgame	0x005aa12c	static	0x6624	4	write	scalar	2
loadgame	0x005aa12c	static	0x6640	4	read	indexed	1
loadgame	0x005aa12c	static	0x6640	4	write	indexed	1
loadlevel	0x005ae958	static	0x1c	0	read	scalar	1
loadlightningpal	0x00584ca8	static	0xc	4	read	scalar	1
loadlightningpal	0x00584ca8	static	0x10	4	read	scalar	1
loadlightningpal	0x00584ca8	static	0x10	4	write	scalar	1
loadlightningpal	0x00584ca8	static	0x14	4	read	scalar	1
loadmap	0x005ae958	static	0x54	4	read	scalar	2
loadmap	0x005ae958	static	0x58	4	read	scalar	2
loadmap	0x005ae958	static	0x5c	0	read	scalar	2
loadmap	0x005ae958	static	0x5c	4	read	scalar	2
loadmap	0x005ae958	static	0x60	0	read	scalar	2
loadmap	0x005ae958	static	0x60	4	read	scalar	2
loadmap	0x005ae958	static	0x64	4	read	scalar	2
loadmap	0x005ae958	static	0x68	4	read	scalar	2
loadmap	0x005ae958	static	0x6c	4	read	scalar	1
loadmap	0x005ae958	static	0x70	4	read	scalar	1
loadscenariomap	0x005aa12c	static	0x0	4	read	scalar	1
loadscenariomap	0x005aa12c	static	0x482c	0	read	scalar	1
loadscenariomap	0x005aa12c	static	0x4834	4	write	scalar	1
loadscenariomap	0x005aa12c	static	0x4848	0	read	scalar	1
loadscenariomap	0x005aa12c	static	0x484c	4	write	scalar	2
loadscenariomap	0x005aa12c	static	0x4880	4	read	scalar	2
loadscenariomap	0x005aa12c	static	0x4884	4	read	scalar	2
loadscenariomap	0x005aa12c	static	0x4888	0	read	scalar	2
loadscenariomap	0x005aa12c	static	0x4888	4	read	scalar	2
loadscenariomap	0x005aa12c	static	0x488c	0	read	scalar	2
loadscenariomap	0x005aa12c	static	0x488c	4	read	scalar	2
loadscenariomap	0x005aa12c	static	0x4890	4	read	scalar	2
loadscenariomap	0x005aa12c	static	0x4894	4	read	scalar	2
loadscenariomap	0x005aa12c	static	0x4898	4	read	scalar	1
loadscenariomap	0x005aa12c	static	0x489c	4	read	scalar	1
loadscenariomap	0x005aa12c	static	0x4b34	0	read	scalar	1
loadscenariomap	0x005aa12c	static	0x4b34	4	write	scalar	2
loadscenariomap	0x005aa12c	static	0x4dd8	0	read	scalar	1
loadscenariomap	0x005aa12c	static	0x4dd8	4	write	scalar	2
loadscenariomap	0x005aa12c	static	0x4ddc	4	write	scalar	2
loadscenariomap	0x005aa12c	static	0x4de0	4	write	scalar	2
loadscenariomap	0x005aa12c	static	0x4de4	4	write	scalar	2
loadscenariomap	0x005aa12c	static	0x4f90	4	write	scalar	2
loadscenariomap	0x005aa12c	static	0x4f94	0	read	scalar	2
loadspecialmap	0x005aa12c	static	0x0	4	read	scalar	1
loadspecialmap	0x005aa12c	static	0x482c	0	read	scalar	1
loadspecialmap	0x005aa12c	static	0x4834	4	write	scalar	1
loadspecialmap	0x005aa12c	static	0x4848	0	read	scalar	1
loadspecialmap	0x005aa12c	static	0x484c	4	write	scalar	2
loadspecialmap	0x005aa12c	static	0x4880	4	read	scalar	2
loadspecialmap	0x005aa12c	static	0x4884	4	read	scalar	2
loadspecialmap	0x005aa12c	static	0x4888	0	read	scalar	2
loadspecialmap	0x005aa12c	static	0x4888	4	read	scalar	2
loadspecialmap	0x005aa12c	static	0x488c	0	read	scalar	2
loadspecialmap	0x005aa12c	static	0x488c	4	read	scalar	2
loadspecialmap	0x005aa12c	static	0x4890	4	read	scalar	2
loadspecialmap	0x005aa12c	static	0x4894	4	read	scalar	2
loadspecialmap	0x005aa12c	static	0x4898	4	read	scalar	1
loadspecialmap	0x005aa12c	static	0x489c	4	read	scalar	1
loadspecialmap	0x005aa12c	static	0x4b34	0	read	scalar	1
loadspecialmap	0x005aa12c	static	0x4b34	4	write	scalar	2
loadspecialmap	0x005aa12c	static	0x4dd8	0	read	scalar	1
loadspecialmap	0x005aa12c	static	0x4dd8	4	write	scalar	2
loadspecialmap	0x005aa12c	static	0x4ddc	4	write	scalar	2
loadspecialmap	0x005aa12c	static	0x4de0	4	write	scalar	2
loadspecialmap	0x005aa12c	static	0x4de4	4	write	scalar	2
loadspecialmap	0x005aa12c	static	0x4f90	4	write	scalar	2
loadspecialmap	0x005aa12c	static	0x4f94	0	read	scalar	2
loadstaticsound	0x00585408	static	0x14	0	read	indexed	1
loadstaticsound	0x00585408	static	0x180	0	read	scalar	1
loadstaticsound	0x00585408	static	0x180	4	read	scalar	1
loadstaticsound	0x00585408	static	0x180	4	write	indexed	1
loadstaticsound	0x00585408	static	0xfbc	4	read	scalar	2
loadstaticsound	0x00585408	static	0x13b4	4	read	scalar	1
loadsubmappages	0x005ae958	static	0x234	0	read	scalar	1
loadsubmappages	0x005ae958	static	0x234	4	read	scalar	2
loadsubmappages	0x005ae958	static	0x23c	4	read	scalar	2
loadsubmappages	0x005ae958	static	0x240	4	read	scalar	2
loadsubmappages	0x005ae958	static	0x244	4	write	scalar	2
loadsubmappages	0x005ae958	static	0x250	4	read	scalar	2
loadsubmappages	0x005ae958	static	0x250	4	write	scalar	2
loadsubmappages	0x005ae958	static	0x254	0	read	scalar	1
loadsubmappages	0x005ae958	static	0x254	4	read	scalar	2
loadsubmappages	0x005ae958	static	0x25c	4	read	scalar	2
loadsubmappages	0x005ae958	static	0x260	4	read	scalar	2
loadsubmappages	0x005ae958	static	0x264	4	write	scalar	2
loadsubmappages	0x005ae958	static	0x270	4	read	scalar	2
loadsubmappages	0x005ae958	static	0x270	4	write	scalar	2
loadvirtualarmy	0x005869f4	static	0x0	4	write	scalar	1
loadvirtualarmy	0x005869f4	static	0x38	0	read	scalar	1
loadvirtualarmy	0x005869f4	static	0x40	0	read	scalar	1
loadvirtualarmy	0x005869f4	static	0x44	0	read	scalar	1
loadvirtualarmy	0x005869f4	static	0x4c	0	read	scalar	1
loadvirtualarmy	0x005869f4	static	0x50	0	read	scalar	1
loadvirtualarmy	0x005869f4	static	0x54	0	read	scalar	1
loadvirtualarmy	0x005869f4	static	0x58	0	read	scalar	1
loadvirtualarmy	0x005869f4	static	0x2f8	0	read	scalar	1
locationexplored?	0x005ae958	static	0x64	4	read	scalar	1
locationindirection	0x005ae970	indirect	0x0	4	read	indexed	0
locationseen?	0x005ae958	static	0x14	4	read	scalar	2
locationseen?	0x005ae958	static	0x1c	0	read	scalar	1
locationseen?	0x005ae958	static	0x24	4	read	scalar	2
locationseen?	0x005ae958	static	0x34	4	read	scalar	2
locationseen?	0x005ae958	static	0x40	4	read	scalar	2
locationseen?	0x005ae958	static	0x6c	4	read	scalar	2
locationseen?	0x005ae958	static	0x70	4	read	scalar	2
locationview	0x005aa12c	static	0x660	0	read	scalar	1
locationview	0x005aa12c	static	0x68c	4	write	scalar	2
locationview	0x005aa12c	static	0x6a4	4	write	scalar	1
locationview	0x005aa12c	static	0x6a8	4	write	scalar	1
locationview	0x005aa12c	static	0x6ac	4	write	scalar	1
locationview	0x005aa12c	static	0x6b0	4	write	scalar	1
locationview	0x005aa12c	static	0x6b4	4	write	scalar	1
locationview	0x005aa12c	static	0x6b8	4	write	scalar	1
locationview	0x005aa12c	static	0x6bc	4	write	scalar	1
locationview	0x005aa12c	static	0x6c0	4	write	scalar	1
locationview	0x005aa12c	static	0x6c4	4	write	scalar	1
locationview	0x005aa12c	static	0x6c8	0	read	scalar	1
locationview	0x005aa12c	static	0x720	4	write	scalar	1
locationview	0x005aa12c	static	0x724	0	read	scalar	1
locationview	0x005aa12c	static	0xb98	4	write	scalar	1
locationview	0x005aa12c	static	0xb9c	4	write	scalar	1
locationview	0x005aa12c	static	0xba0	4	write	scalar	1
locationview	0x005aa12c	static	0xba4	4	write	scalar	1
locationview	0x005aa12c	static	0xba8	4	write	scalar	1
locationview	0x005aa12c	static	0xbac	4	write	scalar	1
locationview	0x005aa12c	static	0xbb0	4	write	scalar	1
locationview	0x005aa12c	static	0xbb4	4	write	scalar	1
locationview	0x005aa12c	static	0xbb8	4	write	scalar	1
locationview	0x005aa12c	static	0xbbc	0	read	scalar	1
locationview	0x005aa12c	static	0xbbc	4	write	scalar	1
locationview	0x005aa12c	static	0xbc0	4	write	scalar	1
locationview	0x005aa12c	static	0xbc4	4	write	scalar	1
locationview	0x005aa12c	static	0xbc8	0	read	scalar	1
locationview	0x005aa12c	static	0xbec	4	write	scalar	1
locationview	0x005aa12c	static	0xbf0	4	write	scalar	1
locationview	0x005aa12c	static	0xbf4	4	write	scalar	1
locationview	0x005aa12c	static	0xbf8	4	write	scalar	1
locationview	0x005aa12c	static	0xbfc	4	write	scalar	1
locationview	0x005aa12c	static	0xc00	4	write	scalar	1
locationview	0x005aa12c	static	0xc04	4	write	scalar	1
locationview	0x005aa12c	static	0xc08	4	write	scalar	1
locationview	0x005aa12c	static	0xc0c	1	write	scalar	1
locationview	0x005aa12c	static	0xc10	4	write	scalar	1
locationview	0x005aa12c	static	0xc14	4	write	scalar	1
locationview	0x005aa12c	static	0xc18	4	write	scalar	1
locationview	0x005aa12c	static	0xc1c	4	write	scalar	1
locationview	0x005aa12c	static	0xc20	4	write	scalar	1
locationview	0x005aa12c	static	0xc24	4	write	scalar	1
locationview	0x005aa12c	static	0xc28	1	write	scalar	1
locationview	0x005aa12c	static	0xc2c	4	write	scalar	1
locationview	0x005aa12c	static	0xc30	1	write	scalar	1
locationview	0x005aa12c	static	0xc34	4	write	scalar	1
locationview	0x005aa12c	static	0xc38	1	write	scalar	1
locktest	0x00585170	indirect	0x0	4	read	scalar	0
lomlighttables	0x005876d0	static	0x2a4	0	read	scalar	0
longestmissilearmy	0x005ae958	static	0x34	4	read	scalar	1
longestmissilearmy	0x005ae958	static	0x40	4	read	scalar	1
longmoveevent	0x005ae974	static	0x8	4	read	scalar	1
longmoveevent	0x005ae974	static	0x10	4	read	scalar	1
longmovemerge	0x005aef04	static	0x0	4	read	scalar	1
longmovemerge	0x005aef04	static	0xc	4	read	scalar	1
longmovemerge	0x005aef04	static	0x1b8	4	read	scalar	1
longmovemerge	0x005aef04	static	0x1b8	4	write	scalar	2
longmovemerge	0x005aef04	static	0x1bc	0	read	scalar	2
longmovemergeat	0x005ae958	static	0x64	4	read	scalar	1
longmovemergeat	0x005aef04	static	0x0	4	read	scalar	1
longmovemergeat	0x005aef04	static	0xc	4	read	scalar	1
longmovemergeat	0x005aef04	static	0x1b8	4	read	scalar	1
longmovemergeat	0x005aef04	static	0x1b8	4	write	scalar	2
longmovemergeat	0x005aef04	static	0x1bc	0	read	scalar	2
longmovetosprite	0x005ae974	static	0x8	4	read	scalar	1
longmovetosprite	0x005ae974	static	0x10	4	read	scalar	1
loopsoundfx	0x00585408	static	0x0	0	read	indexed	1
loopsoundfx	0x00585408	static	0x0	4	read	scalar	1
loopsoundfx	0x00585408	static	0x0	4	read	indexed	1
loopsoundfx	0x00585408	static	0x0	4	write	indexed	2
loopsoundfx	0x00585408	static	0x14	0	read	indexed	1
loopsoundfx	0x00585408	static	0x14	4	read	indexed	1
loopsoundfx	0x00585408	static	0xdc	0	read	scalar	2
loopsoundfx	0x00585408	static	0xdc	0	read	indexed	1
loopsoundfx	0x00585408	static	0xdc	4	read	scalar	2
loopsoundfx	0x00585408	static	0xdc	4	read	indexed	1
loopsoundfx	0x00585408	static	0xf0	0	read	scalar	1
loopsoundfx	0x00585408	static	0xf0	0	read	indexed	2
loopsoundfx	0x00585408	static	0xf0	4	read	scalar	1
loopsoundfx	0x00585408	static	0x180	0	read	scalar	1
loopsoundfx	0x00585408	static	0x180	4	read	scalar	1
loopsoundfx	0x00585408	static	0x6f4	0	read	indexed	2
loopsoundfx	0x00585408	static	0x6f8	0	read	scalar	1
loopsoundfx	0x00585408	static	0x6f8	4	read	scalar	1
loopsoundfx	0x00585408	static	0x6f8	4	write	indexed	2
loopsoundfx	0x00585408	static	0xfb8	4	read	scalar	1
loopsoundfx	0x00585408	static	0xfbc	4	read	scalar	2
loopsoundfx	0x00585408	static	0x1398	4	read	scalar	1
loopsoundfx	0x00585408	static	0x13a0	4	read	scalar	1
loopsoundfx	0x00585408	static	0x13ac	4	read	scalar	1
loopsoundfx	0x00585408	static	0x13b4	4	read	scalar	1
magicattackorder	0x005aa12c	static	0x5068	0	read	indexed	1
makepage	0x005a7b50	static	0x0	4	read	scalar	2
makepage	0x005a7b50	static	0x4	4	read	scalar	2
makepage16	0x005a7b50	static	0x0	4	read	scalar	2
makepage16	0x005a7b50	static	0x4	4	read	scalar	2
map2screen	0x005876d0	static	0x164	0	read	scalar	2
map2screen	0x005876d0	static	0x1a4	4	read	scalar	1
map2screen	0x005876d0	static	0x1a8	4	read	scalar	1
maptileset	0x005aa12c	static	0x482c	0	read	scalar	1
maptileset	0x005aa12c	static	0x4904	0	read	scalar	2
maptileset	0x005aa12c	static	0x4c3c	0	read	scalar	1
mapvirtualunits	0x005869f4	static	0x0	4	read	scalar	0
mapvirtualunits	0x005869f4	static	0x4	0	read	scalar	0
mapvirtualunits	0x005869f4	static	0x4	4	write	indexed	0
markborder	0x005aef04	static	0x0	4	read	scalar	1
markborder	0x005aef04	static	0x4	4	read	scalar	1
markborder	0x005aef04	static	0x8	4	read	scalar	1
marketbartervalue	0x00584cd4	static	0x8	4	read	scalar	1
marketbartervalue	0x00584cd4	static	0x28	0	read	indexed	1
marketbartervalue	0x00584cd4	static	0x2c	1	read	scalar	2
matchguids	0x005aa12c	static	0x54d	1	read	scalar	0
matchguids	0x005cd358	static	0x4c10	4	read	scalar	1
matchguids	0x005d1e84	indirect	0x100	4	read	scalar	0
maxauratypes	0x005cd334	static	0x0	4	write	scalar	1
maxauratypes	0x005cd334	static	0x4	4	write	scalar	1
maxauratypes	0x005cd334	static	0x8	4	read	scalar	2
maxauratypes	0x005cd334	static	0x8	4	write	scalar	1
maxgraphics	0x005a7b50	static	0x0	4	read	scalar	1
maxgraphics	0x005a7b50	static	0x0	4	write	scalar	1
maxgraphics	0x005a7b50	static	0x4	4	read	scalar	1
maxgraphics	0x005a7b50	static	0x4	4	write	scalar	1
maxhelppanels	0x005aa1f0	static	0x0	4	write	scalar	1
maxhelppanels	0x005aa1f0	static	0x4	4	write	scalar	1
maxhelppanels	0x005aa1f0	static	0x8	4	read	scalar	2
maxhelppanels	0x005aa1f0	static	0x8	4	write	scalar	1
maxlightningpals	0x00584ca8	static	0xc	4	write	scalar	1
maxlightningpals	0x00584ca8	static	0x10	4	write	scalar	1
maxlightningpals	0x00584ca8	static	0x14	4	read	scalar	2
maxlightningpals	0x00584ca8	static	0x14	4	write	scalar	1
maxmissiletypes	0x005cd2f8	static	0x0	4	write	scalar	1
maxmissiletypes	0x005cd2f8	static	0x4	4	write	scalar	1
maxmissiletypes	0x005cd2f8	static	0x8	4	read	scalar	2
maxmissiletypes	0x005cd2f8	static	0x8	4	write	scalar	1
maxmounttypes	0x005cd328	static	0x0	4	write	scalar	1
maxmounttypes	0x005cd328	static	0x4	4	write	scalar	1
maxmounttypes	0x005cd328	static	0x8	4	read	scalar	2
maxmounttypes	0x005cd328	static	0x8	4	write	scalar	1
maxreferencepalettes	0x005cd34c	static	0x0	4	read	scalar	2
maxreferencepalettes	0x005cd34c	static	0x0	4	write	scalar	1
maxreferencepalettes	0x005cd34c	static	0x4	4	write	scalar	1
maxreferencepalettes	0x005cd34c	static	0x8	4	write	scalar	1
maxterrainspritetypes	0x005cd304	static	0x0	4	write	scalar	1
maxterrainspritetypes	0x005cd304	static	0x4	4	write	scalar	1
maxterrainspritetypes	0x005cd304	static	0x8	4	read	scalar	2
maxterrainspritetypes	0x005cd304	static	0x8	4	write	scalar	1
maxunittypes	0x005cd2ec	static	0x0	4	write	scalar	1
maxunittypes	0x005cd2ec	static	0x4	4	write	scalar	1
maxunittypes	0x005cd2ec	static	0x8	4	read	scalar	2
maxunittypes	0x005cd2ec	static	0x8	4	write	scalar	1
memorystatistics	0x0055e7f0	static	0x0	4	read	scalar	0
memorystatistics	0x0055e7f0	static	0x4	4	read	scalar	0
memorystatistics	0x005a7b78	indirect	0xa7c	4	read	scalar	0
memorystatistics	0x005a7b78	indirect	0xa80	4	read	scalar	0
memorystatistics	0x005a7b78	indirect	0xa84	4	read	scalar	0
memorystatistics	0x005a7b78	indirect	0xa88	4	read	scalar	0
memorystatistics	0x005a7b78	indirect	0xa8c	4	read	scalar	0
memorystatistics	0x005a7b78	indirect	0xa90	4	read	scalar	0
memorystatistics	0x005a7b78	indirect	0xa94	4	read	scalar	0
memorystatistics	0x005a7b78	indirect	0xa98	4	read	scalar	0
memorystatistics	0x005a7b78	indirect	0xa9c	4	read	scalar	0
messagebox	0x00584ae8	static	0x26c	4	read	scalar	1
militaryunitsremainingincombat	0x005ae974	static	0x8	4	read	scalar	1
militaryunitsremainingincombat	0x005ae974	static	0x10	4	read	scalar	1
missilewasaimed?	0x00583ac0	indirect	0x70	1	read	scalar	0
modalloop	0x00584ae8	static	0x26c	4	read	scalar	1
modalloop	0x00584ae8	static	0x270	4	read	scalar	1
modalloop	0x00584ae8	static	0x274	4	read	scalar	1
modalloop	0x00584ae8	static	0x278	0	read	scalar	2
modalloop	0x00584ae8	static	0x680	4	read	scalar	1
modalloop	0x00584ae8	static	0x684	4	read	scalar	1
modalloop	0x00584ae8	static	0x688	4	read	scalar	1
modalloop	0x00584ae8	static	0x68c	4	read	scalar	1
modalloop	0x00584ae8	static	0x920	0	read	scalar	1
modalloop	0x00584ae8	static	0x18d0	4	read	scalar	2
modalloop	0x00584ae8	static	0x18fc	4	read	scalar	1
modalloop	0x00584ae8	static	0x1904	4	read	scalar	1
modalloop	0x00584ae8	static	0x1cd4	4	read	scalar	2
modalloop	0x00584ae8	static	0x1cd8	0	read	scalar	1
modalloop	0x00584ae8	static	0x1cd8	4	read	scalar	1
modalloop	0x00584ae8	static	0x1cd8	4	write	scalar	2
modalloop	0x00584ae8	static	0x1cdc	4	read	scalar	1
modalloop	0x00584ae8	static	0x1cdc	4	write	scalar	2
modalloop	0x00584ae8	static	0x1ce0	4	read	scalar	2
modalloop	0x00584ae8	static	0x1ce0	4	write	scalar	2
modalloop	0x00584ae8	static	0x1ee4	0	read	scalar	2
modalloop	0x00584ae8	static	0x1ef4	4	read	scalar	2
modalloop	0x00584ae8	static	0x1ef8	4	read	scalar	2
modalloop	0x00584ae8	static	0x1efc	4	read	scalar	2
modalloop	0x00584ae8	static	0x1efc	4	write	scalar	2
modalloop	0x00584ae8	static	0x1f00	4	read	scalar	2
modalloop	0x00584ae8	static	0x1f04	4	read	scalar	2
modalloop	0x00584ae8	static	0x1f08	4	read	scalar	2
modalloop	0x00584ae8	static	0x2be4	4	read	scalar	2
modalloop	0x00584ae8	static	0x2bec	4	read	scalar	1
modemcreate	0x005d1e84	indirect	0x0	4	read	scalar	0
modemdial	0x005d1e84	indirect	0x0	4	read	scalar	0
modifymood	0x00585408	static	0xfb0	4	read	scalar	1
modifymood	0x00585408	static	0xfc8	4	write	scalar	2
modifymood	0x00585408	static	0x123c	4	write	scalar	1
modifymood	0x00585408	static	0x1240	4	read	scalar	2
modifymood	0x00585408	static	0x1240	4	write	scalar	1
modifymood	0x00585408	static	0x1244	0	read	scalar	2
modifymood	0x00585408	static	0x1344	1	read	scalar	2
modifymood	0x00585408	static	0x1344	1	write	scalar	2
modifymood	0x00585408	static	0x1345	1	read	scalar	2
modifymood	0x00585408	static	0x1345	1	write	scalar	1
modifymood	0x00585408	static	0x1358	4	read	scalar	1
modifymood	0x00585408	static	0x1358	4	write	scalar	1
modifymood	0x00585408	static	0x1390	4	read	scalar	2
modifymood	0x00585408	static	0x1394	4	read	scalar	2
mountimp	0x005a7b50	static	0x0	4	read	scalar	2
mountimp	0x005a7b50	static	0x4	4	read	scalar	2
movealarm	0x005aeeb0	static	0x0	4	read	scalar	1
movealarm	0x005aeeb0	static	0x0	4	write	scalar	1
movealarm	0x005aeeb0	static	0x4	4	read	scalar	2
movealarm	0x005aeeb0	static	0x4	4	write	scalar	2
movealarm	0x005aeeb0	static	0x8	4	read	scalar	1
movealarm	0x005aeeb0	static	0x8	4	write	scalar	1
moveaway	0x005ae958	static	0x14	4	read	scalar	1
moveaway	0x005ae958	static	0x5c	4	read	scalar	1
moveaway	0x005ae958	static	0x60	4	read	scalar	1
moveaway	0x005ae958	static	0x64	4	read	scalar	1
moveaway	0x005ae958	static	0x68	4	read	scalar	1
moveaway	0x005ae958	static	0x6c	4	read	scalar	1
moveaway	0x005ae958	static	0x70	4	read	scalar	1
moveaway	0x005ae970	indirect	0x0	4	read	indexed	0
moveout	0x005ae970	indirect	0x0	4	read	indexed	0
movetoloc	0x005ae958	static	0x6c	4	read	scalar	1
movetoloc	0x005ae958	static	0x70	4	read	scalar	1
movetorefmap	0x00579458	static	0x40	4	read	scalar	1
movetorefmap	0x00579458	static	0x44	4	read	scalar	1
movetorefmap	0x005ae958	static	0x6c	4	read	scalar	1
movetorefmap	0x005ae958	static	0x70	4	read	scalar	1
movetoward	0x005ae958	static	0x14	4	read	scalar	1
movetoward	0x005ae958	static	0x5c	4	read	scalar	1
movetoward	0x005ae958	static	0x60	4	read	scalar	1
movetoward	0x005ae958	static	0x64	4	read	scalar	1
movetoward	0x005ae958	static	0x68	4	read	scalar	1
movetoward	0x005ae958	static	0x6c	4	read	scalar	1
movetoward	0x005ae958	static	0x70	4	read	scalar	2
movetoward	0x005ae970	indirect	0x0	4	read	indexed	0
mycheapestarmy	0x005ae958	static	0x34	4	read	scalar	1
mycheapestarmy	0x005ae958	static	0x40	4	read	scalar	1
myfastestarmy	0x005ae958	static	0x34	4	read	scalar	1
myfastestarmy	0x005ae958	static	0x40	4	read	scalar	1
myslowestarmy	0x005ae958	static	0x34	4	read	scalar	1
myslowestarmy	0x005ae958	static	0x40	4	read	scalar	1
needhealing?	0x005a7b78	indirect	0x50	4	read	scalar	0
needhealing?	0x005a7b78	indirect	0x54	4	read	scalar	0
needhealing?	0x005a7b78	indirect	0x54	4	write	scalar	0
needhealing?	0x005a7b78	indirect	0x90	4	read	scalar	1
needhealing?	0x005a7b78	indirect	0x90	4	write	scalar	0
needhealing?	0x005a7b78	indirect	0x94	4	read	scalar	2
needhealing?	0x005a7b78	indirect	0x98	4	read	scalar	2
needhealing?	0x005a7b78	indirect	0x9c	4	read	scalar	1
needhealing?	0x005a7b78	indirect	0xa0	4	read	scalar	1
needhealing?	0x005a7b78	indirect	0xa4	4	write	scalar	0
needhealing?	0x005a7b78	indirect	0xa8	0	read	indexed	2
needhealing?	0x005a7b78	indirect	0xa8	4	read	indexed	2
needhealing?	0x005a7b78	indirect	0xac	4	read	indexed	2
needhealing?	0x005a7b78	indirect	0x3c8	0	read	indexed	2
needhealing?	0x005a7b78	indirect	0x3c8	4	read	indexed	2
needhealing?	0x005a7b78	indirect	0x558	4	read	scalar	2
needhealing?	0x005a7b78	indirect	0x880	0	read	scalar	2
needhealing?	0x005a7b78	indirect	0x880	1	write	scalar	2
needhealing?	0x005a7b78	indirect	0x984	0	read	scalar	2
needhealing?	0x005a7b78	indirect	0xa4b	1	write	scalar	2
needhealing?	0x005a7b78	indirect	0xa4c	4	write	scalar	2
needhealing?	0x005a7b78	indirect	0xa50	4	write	scalar	2
needhealing?	0x005a7b78	indirect	0xa54	4	write	scalar	2
needhealing?	0x005a7b78	indirect	0xa58	4	write	scalar	2
needhealing?	0x005a7b78	indirect	0xa5c	4	write	scalar	2
needhealing?	0x005a7b78	indirect	0xa60	4	read	scalar	2
needhealing?	0x005a7b78	indirect	0xa60	4	write	scalar	2
needhealing?	0x005a7b78	indirect	0xa64	4	read	scalar	2
needhealing?	0x005a7b78	indirect	0xa64	4	write	scalar	2
needhealing?	0x005a7b78	indirect	0xa78	4	read	scalar	1
needhealing?	0x005a7b78	indirect	0xa78	4	write	scalar	1
netcomputersassigned	0x005cd358	static	0x4b2c	4	read	scalar	1
netcomputersassigned	0x005cd358	static	0x4bcc	4	write	scalar	1
netcomputersassigned	0x005d1e84	indirect	0x100	4	read	scalar	1
netcomputersassigned	0x005d1e84	indirect	0x120	4	read	scalar	1
netcomputersassigned	0x005d1e84	indirect	0x390	4	read	scalar	0
netgamestarted	0x005aa12c	static	0x5058	4	write	scalar	2
netgamestarted	0x005aa12c	static	0x505c	4	write	scalar	2
netgamestarted	0x005aa12c	static	0x5060	4	write	scalar	2
netlockgame	0x005d1e84	indirect	0x0	4	read	scalar	0
networkgamename	0x005d1e84	indirect	0x36c	4	read	scalar	1
neventalarm	0x005aeea0	static	0x0	4	read	scalar	1
neventalarm	0x005aeea0	static	0x4	4	read	scalar	2
neventalarm	0x005aeea0	static	0x4	4	write	scalar	2
newgame	0x005aa12c	static	0x658	4	write	scalar	1
newgame	0x005aa12c	static	0x688	4	write	scalar	1
newgame	0x005aa12c	static	0xc64	4	write	scalar	1
newgame	0x005aa12c	static	0x4778	4	write	scalar	1
newgame	0x005aa12c	static	0x477c	4	write	scalar	1
newgame	0x005aa12c	static	0x4788	4	write	scalar	1
newgame	0x005aa12c	static	0x47b8	4	write	scalar	1
newgame	0x005aa12c	static	0x482c	0	read	scalar	1
newgame	0x005aa12c	static	0x4844	4	read	scalar	2
newgame	0x005aa12c	static	0x4844	4	write	scalar	2
newgame	0x005aa12c	static	0x4848	0	read	scalar	2
newgame	0x005aa12c	static	0x4880	4	read	scalar	2
newgame	0x005aa12c	static	0x4880	4	write	scalar	2
newgame	0x005aa12c	static	0x4884	4	read	scalar	2
newgame	0x005aa12c	static	0x4884	4	write	scalar	2
newgame	0x005aa12c	static	0x4888	4	write	scalar	2
newgame	0x005aa12c	static	0x488c	4	write	scalar	2
newgame	0x005aa12c	static	0x4890	4	read	scalar	2
newgame	0x005aa12c	static	0x4890	4	write	scalar	2
newgame	0x005aa12c	static	0x4894	4	read	scalar	2
newgame	0x005aa12c	static	0x4894	4	write	scalar	2
newgame	0x005aa12c	static	0x4898	4	write	scalar	2
newgame	0x005aa12c	static	0x489c	4	write	scalar	2
newgame	0x005aa12c	static	0x4d4c	0	read	scalar	1
newgame	0x005aa12c	static	0x4d4c	4	read	scalar	2
newgame	0x005aa12c	static	0x4d4c	4	write	scalar	2
newgame	0x005aa12c	static	0x4d60	0	read	scalar	1
newgame	0x005aa12c	static	0x4d60	4	read	scalar	2
newgame	0x005aa12c	static	0x4d60	4	write	scalar	2
newgame	0x005aa12c	static	0x4d74	0	read	scalar	1
newgame	0x005aa12c	static	0x4d74	4	read	scalar	2
newgame	0x005aa12c	static	0x4d74	4	write	scalar	2
newgame	0x005aa12c	static	0x4d84	0	read	scalar	1
newgame	0x005aa12c	static	0x4d84	4	read	scalar	2
newgame	0x005aa12c	static	0x4d84	4	write	scalar	2
newgame	0x005aa12c	static	0x4d94	0	read	scalar	1
newgame	0x005aa12c	static	0x4d94	4	read	scalar	2
newgame	0x005aa12c	static	0x4d94	4	write	scalar	2
newgame	0x005aa12c	static	0x4da4	0	read	scalar	1
newgame	0x005aa12c	static	0x4da4	4	read	scalar	2
newgame	0x005aa12c	static	0x4da4	4	write	scalar	2
newgame	0x005aa12c	static	0x4dd8	0	read	scalar	1
newgame	0x005aa12c	static	0x4dd8	4	read	scalar	2
newgame	0x005aa12c	static	0x4dd8	4	write	scalar	2
newgame	0x005aa12c	static	0x4de8	0	read	scalar	2
newgame	0x005aa12c	static	0x4f84	4	read	scalar	2
newgame	0x005aa12c	static	0x4f84	4	write	scalar	2
newgame	0x005aa12c	static	0x4f94	0	read	scalar	2
newgame	0x005aa12c	static	0x5004	4	write	scalar	1
newgame	0x005aa12c	static	0x5008	4	write	scalar	1
newgame	0x005aa12c	static	0x5068	0	read	scalar	1
newgame	0x005aa12c	static	0x50a8	4	write	scalar	2
newgame	0x005aa12c	static	0x6610	4	write	scalar	2
newgame	0x005aa12c	static	0x6614	4	write	scalar	2
newgame	0x005aa12c	static	0x6618	4	write	scalar	2
newgame	0x005aa12c	static	0x6640	0	read	scalar	1
newgame	0x005aa12c	static	0x6640	4	read	scalar	1
newgame	0x005aa12c	static	0x6640	4	write	scalar	1
newgame	0x005aa12c	static	0x6648	0	read	scalar	2
newgame	0x005aa12c	static	0x6ccc	0	read	scalar	2
newmap	0x005ae958	static	0x8	4	write	scalar	1
newmap	0x005ae958	static	0x18	4	read	scalar	1
newmap	0x005ae958	static	0x18	4	write	scalar	1
newmap	0x005ae958	static	0x1c	0	read	scalar	1
newmap	0x005ae958	static	0x24	4	read	scalar	2
newmap	0x005ae958	static	0x24	4	write	scalar	2
newmap	0x005ae958	static	0x28	4	read	scalar	2
newmap	0x005ae958	static	0x28	4	write	scalar	2
newmap	0x005ae958	static	0x2c	4	read	scalar	2
newmap	0x005ae958	static	0x2c	4	write	scalar	2
newmap	0x005ae958	static	0x34	4	write	scalar	2
newmap	0x005ae958	static	0x38	4	write	scalar	2
newmap	0x005ae958	static	0x3c	4	write	scalar	2
newmap	0x005ae958	static	0x40	4	write	scalar	2
newmap	0x005ae958	static	0x48	2	read	scalar	1
newmap	0x005ae958	static	0x54	4	read	scalar	1
newmap	0x005ae958	static	0x54	4	write	scalar	1
newmap	0x005ae958	static	0x58	4	read	scalar	1
newmap	0x005ae958	static	0x58	4	write	scalar	1
newmap	0x005ae958	static	0x5c	4	write	scalar	1
newmap	0x005ae958	static	0x60	4	write	scalar	1
newmap	0x005ae958	static	0x64	4	read	scalar	1
newmap	0x005ae958	static	0x64	4	write	scalar	1
newmap	0x005ae958	static	0x68	4	read	scalar	1
newmap	0x005ae958	static	0x68	4	write	scalar	1
newmap	0x005ae958	static	0x6c	4	write	scalar	1
newmap	0x005ae958	static	0x70	4	write	scalar	1
newmap	0x005ae958	static	0x74	4	write	scalar	1
newmap	0x005ae958	static	0x78	4	write	scalar	1
newmap	0x005ae958	static	0x7c	4	write	scalar	1
newmap	0x005ae958	static	0x80	4	write	scalar	1
newmap	0x005ae958	static	0x84	4	write	scalar	1
newmap	0x005ae958	static	0x88	4	write	scalar	1
newmap	0x005ae958	static	0x8c	4	write	scalar	1
newmap	0x005ae958	static	0x90	4	write	scalar	1
newmap	0x005ae958	static	0x94	4	write	scalar	1
newmap	0x005ae958	static	0x98	4	write	scalar	1
newmap	0x005ae958	static	0x9c	4	write	scalar	1
newmap	0x005ae958	static	0xa0	4	write	scalar	1
newmap	0x005ae958	static	0xa4	4	write	scalar	1
newmap	0x005ae958	static	0xc8	4	write	scalar	2
newmap	0x005ae958	static	0xd4	4	write	scalar	2
nextarmy	0x00584ae8	static	0x278	0	read	scalar	2
nextarmy	0x00584ae8	static	0x680	4	read	scalar	1
nextarmy	0x00584ae8	static	0x684	4	read	scalar	1
nextarmy	0x00584ae8	static	0x688	4	read	scalar	1
nextarmy	0x00584ae8	static	0x68c	4	read	scalar	1
nextarmy	0x00584ae8	static	0x2be4	4	read	scalar	2
nextarmy	0x00584ae8	static	0x2bec	4	read	scalar	1
nextarmymps	0x00584ae8	static	0x278	0	read	scalar	2
nextarmymps	0x00584ae8	static	0x680	4	read	scalar	1
nextarmymps	0x00584ae8	static	0x684	4	read	scalar	1
nextarmymps	0x00584ae8	static	0x688	4	read	scalar	1
nextarmymps	0x00584ae8	static	0x68c	4	read	scalar	1
nextarmymps	0x00584ae8	static	0x2be4	4	read	scalar	2
nextarmymps	0x00584ae8	static	0x2bec	4	read	scalar	1
nextcity	0x00584ae8	static	0x278	0	read	scalar	2
nextcity	0x00584ae8	static	0x680	4	read	scalar	1
nextcity	0x00584ae8	static	0x684	4	read	scalar	1
nextcity	0x00584ae8	static	0x688	4	read	scalar	1
nextcity	0x00584ae8	static	0x68c	4	read	scalar	1
nextcity	0x00584ae8	static	0x2be4	4	read	scalar	2
nextcity	0x00584ae8	static	0x2bec	4	read	scalar	1
npaintelevation	0x005ae958	static	0x5c	4	read	scalar	1
npaintelevation	0x005ae958	static	0x60	4	read	scalar	1
numattackerunits	0x005ccd74	static	0x0	4	read	scalar	0
numcomputers	0x005d1e84	indirect	0x100	4	read	scalar	0
numdefenderunits	0x005cce28	static	0x0	4	read	scalar	0
numturnstoreacharmy	0x005aef04	static	0x0	4	read	scalar	1
numturnstoreacharmy	0x005aef04	static	0xc	4	read	scalar	1
numturnstoreacharmy	0x005aef04	static	0x1b8	4	read	scalar	1
numturnstoreacharmy	0x005aef04	static	0x1b8	4	write	scalar	2
numturnstoreacharmy	0x005aef04	static	0x1bc	0	read	scalar	2
numturnstoreachcity	0x005aef04	static	0x0	4	read	scalar	1
numturnstoreachcity	0x005aef04	static	0xc	4	read	scalar	1
numturnstoreachcity	0x005aef04	static	0x1b4	4	read	scalar	2
numturnstoreachcity	0x005aef04	static	0x1b4	4	write	scalar	2
numturnstoreachcity	0x005aef04	static	0x1b8	4	read	scalar	1
numturnstoreachcity	0x005aef04	static	0x1b8	4	write	scalar	1
numturnstoreachcity	0x005aef04	static	0x1bc	0	read	scalar	1
numturnstoreachcity	0x005aef04	indirect	0x2	2	read	indexed	0
numturnstoreachsprite	0x005ae974	static	0x8	4	read	scalar	1
numturnstoreachsprite	0x005ae974	static	0x10	4	read	scalar	1
numturnstoreachsprite	0x005aef04	static	0x0	4	read	scalar	1
numturnstoreachsprite	0x005aef04	static	0xc	4	read	scalar	1
numturnstoreachsprite	0x005aef04	static	0x1b4	4	read	scalar	2
numturnstoreachsprite	0x005aef04	static	0x1b4	4	write	scalar	2
numturnstoreachsprite	0x005aef04	static	0x1b8	4	write	scalar	1
numturnstoreachsprite	0x005aef04	static	0x1bc	0	read	scalar	1
numturnstoreachsprite	0x005aef04	indirect	0x2	2	read	indexed	0
numturnstoreachsprite	0x005aef04	indirect	0x4	2	read	indexed	0
onetimeonly	0x005aa1f0	static	0x4	4	read	scalar	1
onetimeonly	0x005aa1f0	static	0x8	4	read	scalar	1
opencitygate	0x005ae8e8	static	0x3c	4	read	scalar	1
opencitygate	0x005ae8e8	static	0x40	4	read	scalar	1
opencitygate	0x005ae8e8	static	0x44	4	read	scalar	1
opencitygate	0x005ae8e8	static	0x48	4	read	scalar	1
opencitygate	0x005ae8e8	static	0x4c	1	read	scalar	1
opencitygate	0x005ae958	static	0x64	4	read	scalar	2
opencitygate	0x005ae958	static	0x6c	4	read	scalar	2
opencitygate	0x005ae958	static	0x70	4	read	scalar	2
openscriptwindow	0x00584ae8	static	0x268	4	read	scalar	1
openscriptwindow	0x00584ae8	static	0x26c	4	read	scalar	1
orthographic	0x00584ae8	static	0x278	0	read	scalar	2
orthographic	0x00584ae8	static	0x680	4	read	scalar	1
orthographic	0x00584ae8	static	0x684	4	read	scalar	1
orthographic	0x00584ae8	static	0x688	4	read	scalar	1
orthographic	0x00584ae8	static	0x68c	4	read	scalar	1
orthographic	0x00584ae8	static	0x2be4	4	read	scalar	2
orthographic	0x00584ae8	static	0x2bec	4	read	scalar	1
orthographic	0x005876d0	static	0x0	4	read	scalar	1
orthographic	0x005876d0	static	0x64	0	read	scalar	1
orthographic	0x005876d0	static	0x164	0	read	scalar	2
orthographic	0x005876d0	static	0x22c	4	write	scalar	2
orthographic	0x005876d0	static	0x230	4	write	scalar	2
orthographic	0x005876d0	static	0x234	4	read	scalar	2
orthographic	0x005876d0	static	0x234	4	write	scalar	2
orthographic	0x005876d0	static	0x238	4	read	scalar	2
orthographic	0x005876d0	static	0x238	4	write	scalar	2
orthographic	0x005876d0	static	0x23c	4	read	scalar	2
orthographic	0x005876d0	static	0x23c	4	write	scalar	2
orthographic	0x005876d0	static	0x240	4	write	scalar	2
orthographic	0x005876d0	static	0x244	4	write	scalar	2
orthographic	0x005876d0	static	0x248	4	write	scalar	2
orthographic	0x005876d0	static	0x250	4	write	scalar	2
orthographic	0x005876d0	static	0x254	4	write	scalar	2
orthographic	0x005876d0	static	0x258	4	read	scalar	2
orthographic	0x005876d0	static	0x258	4	write	scalar	2
orthographic	0x005876d0	static	0x25c	4	read	scalar	2
orthographic	0x005876d0	static	0x25c	4	write	scalar	2
orthographic	0x005876d0	static	0x260	4	read	scalar	2
orthographic	0x005876d0	static	0x260	4	write	scalar	2
orthographic	0x005876d0	static	0x264	4	write	scalar	2
orthographic	0x005876d0	static	0x268	4	write	scalar	2
orthographic	0x005876d0	static	0x26c	4	write	scalar	2
paintelevation	0x005ae958	static	0xc	4	read	scalar	2
paintelevation	0x005ae958	static	0x1c	0	read	scalar	2
paintelevation	0x005ae958	static	0x44	4	read	scalar	2
paintelevation	0x005ae958	static	0x44	4	write	scalar	1
paintelevation	0x005ae958	static	0x54	4	read	scalar	1
paintelevation	0x005ae958	static	0x5c	4	read	scalar	1
paintelevation	0x005ae958	static	0x60	4	read	scalar	1
paintelevation	0x005ae958	static	0xd8	0	read	scalar	1
paintelevation	0x005ae958	static	0xd8	4	read	scalar	2
paintelevation	0x005ae958	static	0xec	4	read	scalar	2
paintelevation	0x005ae958	static	0xf0	4	read	scalar	2
paintelevation	0x005ae958	static	0xf8	4	read	scalar	2
paintelevation	0x005ae958	static	0x104	4	read	scalar	2
perceivedbartervalue	0x00584cd4	static	0x8	4	read	scalar	1
perceivedbartervalue	0x00584cd4	static	0x28	0	read	indexed	1
perspective	0x00584ae8	static	0x278	0	read	scalar	2
perspective	0x00584ae8	static	0x680	4	read	scalar	1
perspective	0x00584ae8	static	0x684	4	read	scalar	1
perspective	0x00584ae8	static	0x688	4	read	scalar	1
perspective	0x00584ae8	static	0x68c	4	read	scalar	1
perspective	0x00584ae8	static	0x2be4	4	read	scalar	2
perspective	0x00584ae8	static	0x2bec	4	read	scalar	1
perspective	0x005876d0	static	0x0	4	read	scalar	1
perspective	0x005876d0	static	0x64	0	read	scalar	1
perspective	0x005876d0	static	0x164	0	read	scalar	2
perspective	0x005876d0	static	0x22c	4	write	scalar	2
perspective	0x005876d0	static	0x230	4	write	scalar	2
perspective	0x005876d0	static	0x234	4	read	scalar	2
perspective	0x005876d0	static	0x234	4	write	scalar	2
perspective	0x005876d0	static	0x238	4	read	scalar	2
perspective	0x005876d0	static	0x238	4	write	scalar	2
perspective	0x005876d0	static	0x23c	4	read	scalar	2
perspective	0x005876d0	static	0x23c	4	write	scalar	2
perspective	0x005876d0	static	0x240	4	write	scalar	2
perspective	0x005876d0	static	0x244	4	write	scalar	2
perspective	0x005876d0	static	0x248	4	write	scalar	2
perspective	0x005876d0	static	0x250	4	write	scalar	2
perspective	0x005876d0	static	0x254	4	write	scalar	2
perspective	0x005876d0	static	0x258	4	read	scalar	2
perspective	0x005876d0	static	0x258	4	write	scalar	2
perspective	0x005876d0	static	0x25c	4	read	scalar	2
perspective	0x005876d0	static	0x25c	4	write	scalar	2
perspective	0x005876d0	static	0x260	4	read	scalar	2
perspective	0x005876d0	static	0x260	4	write	scalar	2
perspective	0x005876d0	static	0x264	4	write	scalar	2
perspective	0x005876d0	static	0x268	4	write	scalar	2
perspective	0x005876d0	static	0x26c	4	write	scalar	2
placecitywall_cantwalkhorizontal	0x005ae958	static	0x64	4	read	scalar	2
placecitywall_cantwalkhorizontal	0x005ae958	static	0x6c	4	read	scalar	1
placecitywall_cantwalkvertical	0x005ae958	static	0x64	4	read	scalar	2
placecitywall_cantwalkvertical	0x005ae958	static	0x6c	4	read	scalar	1
placecitywall_cantwalkvertical	0x005ae958	static	0x70	4	read	scalar	1
placecitywall_gate	0x005ae958	static	0x1c	0	read	scalar	2
placecitywall_gate	0x005ae958	static	0x20	4	read	scalar	2
placecitywall_gate	0x005ae958	static	0x64	4	read	scalar	2
placecitywall_gate	0x005ae958	static	0x6c	4	read	scalar	1
placecitywall_gate	0x005ae958	static	0x70	4	read	scalar	1
placecitywall_gate	0x005aef04	static	0x0	4	read	scalar	1
placecitywall_gate	0x005aef04	static	0xc	4	read	scalar	1
placecitywall_gate	0x005aef04	static	0x1b4	4	read	scalar	2
placecitywall_gate	0x005aef04	static	0x1b4	4	write	scalar	2
placecitywall_gate	0x005aef04	static	0x1b8	4	write	scalar	1
placecitywall_gate	0x005aef04	static	0x1bc	0	read	scalar	1
placecombatarmies	0x005ae958	static	0x4	4	read	scalar	2
placecombatarmies	0x005ae958	static	0x14	4	read	scalar	2
placecombatarmies	0x005ae958	static	0x1c	0	read	scalar	2
placecombatarmies	0x005ae958	static	0x28	4	read	scalar	2
placecombatarmies	0x005ae958	static	0x30	4	read	scalar	2
placecombatarmies	0x005ae958	static	0x34	4	read	scalar	1
placecombatarmies	0x005ae958	static	0x40	4	read	scalar	1
placecombatarmies	0x005ae958	static	0x5c	4	read	scalar	2
placecombatarmies	0x005ae958	static	0x60	4	read	scalar	2
placecombatarmies	0x005ae958	static	0x64	4	read	scalar	2
placecombatarmies	0x005ae958	static	0x68	4	read	scalar	2
placecombatarmies	0x005ae958	static	0x6c	4	read	scalar	1
placecombatarmies	0x005ae958	static	0x70	4	read	scalar	2
placecornercitywall	0x005ae958	static	0x64	4	read	scalar	2
placecornercitywall	0x005ae958	static	0x6c	4	read	scalar	1
placecornercitywall	0x005ae958	static	0x70	4	read	scalar	1
placefrontcitywall	0x005ae958	static	0x64	4	read	scalar	2
placefrontcitywall	0x005ae958	static	0x6c	4	read	scalar	1
placefrontcitywall	0x005ae958	static	0x70	4	read	scalar	1
placefrontladder	0x005ae958	static	0x64	4	read	scalar	1
placefrontladder	0x005ae958	static	0x6c	4	read	scalar	1
placefrontladder	0x005ae958	static	0x70	4	read	scalar	1
placesidecitywall	0x005ae958	static	0x64	4	read	scalar	2
placesidecitywall	0x005ae958	static	0x6c	4	read	scalar	1
placesidecitywall	0x005ae958	static	0x70	4	read	scalar	1
placesideladder	0x005ae958	static	0x64	4	read	scalar	1
placesideladder	0x005ae958	static	0x6c	4	read	scalar	1
placesideladder	0x005ae958	static	0x70	4	read	scalar	1
playambientloop	0x00585408	static	0x780	0	read	scalar	1
playambientloop	0x00585408	static	0x780	4	read	scalar	1
playambientloop	0x00585408	static	0x780	4	write	scalar	2
playambientloop	0x00585408	static	0x784	4	read	scalar	2
playambientloop	0x00585408	static	0x784	4	write	scalar	2
playambientloop	0x00585408	static	0xfbc	4	read	scalar	2
playambientloop	0x00585408	static	0x1374	4	read	scalar	1
playambientloop	0x00585408	static	0x1378	4	read	scalar	1
playambientloop	0x00585408	static	0x13b4	4	read	scalar	1
playambientsfx	0x00585408	static	0x780	4	read	scalar	1
playambientsfx	0x00585408	static	0x784	0	read	scalar	1
playambientsfx	0x00585408	static	0x784	4	read	scalar	1
playambientsfx	0x00585408	static	0x784	4	write	scalar	1
playambientsfx	0x00585408	static	0x790	4	read	indexed	1
playambientsfx	0x00585408	static	0xfbc	4	read	scalar	2
playambientsfx	0x00585408	static	0x1374	4	read	scalar	1
playambientsfx	0x00585408	static	0x1380	4	write	scalar	1
playambientsfx	0x00585408	static	0x13b4	4	read	scalar	1
playerarmiesstrength	0x005ae958	static	0x34	4	read	scalar	1
playerarmiesstrength	0x005ae958	static	0x40	4	read	scalar	1
playeraveragerangemissile	0x005ae958	static	0x34	4	read	scalar	1
playeraveragerangemissile	0x005ae958	static	0x40	4	read	scalar	1
playerbarteraccept	0x00584cd4	static	0x8	4	read	scalar	1
playerbarteraccept	0x00584cd4	static	0xc	4	read	scalar	1
playerbarteraccept	0x00584cd4	static	0x10	4	write	scalar	1
playerbarteraccept	0x00584cd4	static	0x14	4	write	scalar	1
playerbarteraccept	0x00584cd4	static	0x18	4	read	scalar	1
playerbarteraccept	0x00584cd4	static	0x18	4	write	scalar	1
playerbarterattack	0x00584cd4	static	0x8	4	read	scalar	1
playerbarterattack	0x00584cd4	static	0xc	4	read	scalar	1
playerbarterattack	0x00584cd4	static	0x10	4	write	scalar	1
playerbarterattack	0x00584cd4	static	0x14	4	write	scalar	1
playerbarterattack	0x00584cd4	static	0x18	4	read	scalar	1
playerbarterattack	0x00584cd4	static	0x18	4	write	scalar	1
playerbarterattack	0x00584cd4	static	0x1d	1	read	scalar	1
playerbarterattack	0x00584cd4	static	0x1d	1	write	scalar	1
playerbartercancelrenegotiate	0x00584cd4	static	0x14	4	read	scalar	1
playerbartercancelrenegotiate	0x00584cd4	static	0x18	4	read	scalar	1
playerbartercancelrenegotiate	0x00584cd4	static	0x18	4	write	scalar	1
playerbarternotinterested	0x00584cd4	static	0x8	4	read	scalar	1
playerbarternotinterested	0x00584cd4	static	0xc	4	read	scalar	1
playerbarternotinterested	0x00584cd4	static	0x10	4	write	scalar	1
playerbarternotinterested	0x00584cd4	static	0x14	4	write	scalar	1
playerbarternotinterested	0x00584cd4	static	0x18	4	read	scalar	1
playerbarternotinterested	0x00584cd4	static	0x18	4	write	scalar	1
playerbarterpropose	0x00584cd4	static	0x8	4	read	scalar	1
playerbarterpropose	0x00584cd4	static	0xc	4	read	scalar	1
playerbarterpropose	0x00584cd4	static	0x10	4	write	scalar	1
playerbarterpropose	0x00584cd4	static	0x14	4	write	scalar	1
playerbarterpropose	0x00584cd4	static	0x18	4	read	scalar	1
playerbarterpropose	0x00584cd4	static	0x18	4	write	scalar	1
playerbarterrenegotiate	0x00584cd4	static	0x14	4	read	scalar	1
playerbarterrenegotiate	0x00584cd4	static	0x18	4	read	scalar	1
playerbarterrenegotiate	0x00584cd4	static	0x18	4	write	scalar	1
playercancelbartersession	0x00584cd4	static	0x8	4	read	scalar	1
playercancelbartersession	0x00584cd4	static	0x18	4	read	scalar	1
playercancelbartersession	0x00584cd4	static	0x18	4	write	scalar	1
playercenterlocarmies	0x005ae958	static	0x34	4	read	scalar	1
playercenterlocarmies	0x005ae958	static	0x40	4	read	scalar	1
playergetnumgroups	0x005ae974	static	0x8	4	read	scalar	1
playergetnumgroups	0x005ae974	static	0x10	4	read	scalar	1
playerlongestmissilearmy	0x005ae958	static	0x34	4	read	scalar	1
playerlongestmissilearmy	0x005ae958	static	0x40	4	read	scalar	1
playernumarmies	0x005ae958	static	0x34	4	read	scalar	1
playernumarmies	0x005ae958	static	0x40	4	read	scalar	1
playertarmiesaveragespeed	0x005ae958	static	0x34	4	read	scalar	1
playertarmiesaveragespeed	0x005ae958	static	0x40	4	read	scalar	1
playimp	0x00584ae8	static	0x278	0	read	scalar	1
playimp	0x00584ae8	static	0x278	4	read	scalar	2
playimp	0x00584ae8	static	0x680	4	read	scalar	1
playimp	0x00584ae8	static	0x684	4	read	scalar	1
playimp	0x00584ae8	static	0x688	4	read	scalar	1
playimp	0x00584ae8	static	0x2be4	4	read	scalar	1
playimp	0x005a7b50	static	0x0	4	read	scalar	2
playimp	0x005a7b50	static	0x4	4	read	scalar	2
playmoodmusic	0x00585408	static	0xfb0	4	read	scalar	1
playmoodmusic	0x00585408	static	0xfc0	0	read	scalar	0
playmoodmusic	0x00585408	static	0xfc0	4	read	scalar	1
playmoodmusic	0x00585408	static	0xfc0	4	write	scalar	1
playmoodmusic	0x00585408	static	0xfc4	4	read	scalar	1
playmoodmusic	0x00585408	static	0xfc4	4	write	scalar	1
playmoodmusic	0x00585408	static	0xfc8	4	write	scalar	1
playmoodmusic	0x00585408	static	0xfd0	4	write	scalar	2
playmoodmusic	0x00585408	static	0xfd4	4	read	scalar	2
playmoodmusic	0x00585408	static	0xfdc	4	write	scalar	0
playmoodmusic	0x00585408	static	0x123c	4	write	scalar	0
playmoodmusic	0x00585408	static	0x1240	4	read	scalar	2
playmoodmusic	0x00585408	static	0x1240	4	write	scalar	0
playmoodmusic	0x00585408	static	0x1244	0	read	scalar	2
playmoodmusic	0x00585408	static	0x1344	1	read	scalar	2
playmoodmusic	0x00585408	static	0x1344	1	write	scalar	2
playmoodmusic	0x00585408	static	0x1345	1	read	scalar	2
playmoodmusic	0x00585408	static	0x1345	1	write	scalar	0
playmoodmusic	0x00585408	static	0x1358	4	read	scalar	1
playmoodmusic	0x00585408	static	0x1358	4	write	scalar	0
playmoodmusic	0x00585408	static	0x1390	4	read	scalar	2
playmoodmusic	0x00585408	static	0x1394	4	read	scalar	2
playmoodmusic	0x00585408	static	0x13b4	4	read	scalar	0
playmusic	0x00585408	static	0x0	0	read	indexed	1
playmusic	0x00585408	static	0xfc0	0	read	indexed	1
playmusic	0x00585408	static	0xfc0	4	read	scalar	2
playmusic	0x00585408	static	0xfc0	4	write	scalar	2
playmusic	0x00585408	static	0xfc4	4	read	scalar	2
playmusic	0x00585408	static	0xfc4	4	write	scalar	2
playmusic	0x00585408	static	0xfc8	4	write	scalar	2
playmusic	0x00585408	static	0xfdc	4	write	indexed	1
playmusic	0x00585408	static	0x13b4	4	read	scalar	1
playmusicnorepeat	0x005863c8	static	0x0	4	read	scalar	1
playmusicnorepeat	0x005863c8	static	0x0	4	write	scalar	1
playmusicnorepeat	0x005863c8	static	0x4	4	read	scalar	1
playmusicnorepeat	0x005863c8	static	0x4	4	write	scalar	1
playmusicnorepeat	0x005863c8	static	0x8	4	write	scalar	1
playmusicnorepeat	0x005863c8	static	0x10	4	write	scalar	2
playmusicnorepeat	0x005863c8	static	0x14	4	read	scalar	2
playsoundfx	0x00585408	static	0x0	0	read	indexed	1
playsoundfx	0x00585408	static	0x0	4	read	scalar	1
playsoundfx	0x00585408	static	0x0	4	read	indexed	1
playsoundfx	0x00585408	static	0x0	4	write	indexed	2
playsoundfx	0x00585408	static	0x14	0	read	indexed	1
playsoundfx	0x00585408	static	0x14	4	read	indexed	1
playsoundfx	0x00585408	static	0xdc	0	read	scalar	2
playsoundfx	0x00585408	static	0xdc	0	read	indexed	1
playsoundfx	0x00585408	static	0xdc	4	read	scalar	2
playsoundfx	0x00585408	static	0xdc	4	read	indexed	1
playsoundfx	0x00585408	static	0xf0	0	read	scalar	1
playsoundfx	0x00585408	static	0xf0	0	read	indexed	2
playsoundfx	0x00585408	static	0xf0	4	read	scalar	1
playsoundfx	0x00585408	static	0x180	0	read	scalar	1
playsoundfx	0x00585408	static	0x180	4	read	scalar	1
playsoundfx	0x00585408	static	0x6f4	0	read	indexed	2
playsoundfx	0x00585408	static	0x6f8	0	read	scalar	1
playsoundfx	0x00585408	static	0x6f8	4	read	scalar	1
playsoundfx	0x00585408	static	0x6f8	4	write	indexed	2
playsoundfx	0x00585408	static	0xfb8	4	read	scalar	1
playsoundfx	0x00585408	static	0xfbc	4	read	scalar	2
playsoundfx	0x00585408	static	0x1398	4	read	scalar	1
playsoundfx	0x00585408	static	0x13a0	4	read	scalar	1
playsoundfx	0x00585408	static	0x13ac	4	read	scalar	1
playsoundfx	0x00585408	static	0x13b4	4	read	scalar	1
playsoundfxwait	0x00585408	static	0x0	0	read	indexed	1
playsoundfxwait	0x00585408	static	0x0	4	read	scalar	1
playsoundfxwait	0x00585408	static	0x0	4	read	indexed	1
playsoundfxwait	0x00585408	static	0x0	4	write	indexed	2
playsoundfxwait	0x00585408	static	0x14	0	read	indexed	1
playsoundfxwait	0x00585408	static	0x14	4	read	indexed	1
playsoundfxwait	0x00585408	static	0xdc	0	read	scalar	2
playsoundfxwait	0x00585408	static	0xdc	0	read	indexed	1
playsoundfxwait	0x00585408	static	0xdc	4	read	scalar	2
playsoundfxwait	0x00585408	static	0xdc	4	read	indexed	1
playsoundfxwait	0x00585408	static	0xf0	0	read	scalar	1
playsoundfxwait	0x00585408	static	0xf0	0	read	indexed	2
playsoundfxwait	0x00585408	static	0xf0	4	read	scalar	1
playsoundfxwait	0x00585408	static	0x180	0	read	scalar	1
playsoundfxwait	0x00585408	static	0x180	4	read	scalar	1
playsoundfxwait	0x00585408	static	0x6f4	0	read	indexed	2
playsoundfxwait	0x00585408	static	0x6f8	0	read	scalar	1
playsoundfxwait	0x00585408	static	0x6f8	4	read	scalar	1
playsoundfxwait	0x00585408	static	0x6f8	4	write	indexed	2
playsoundfxwait	0x00585408	static	0xfb8	4	read	scalar	1
playsoundfxwait	0x00585408	static	0xfbc	4	read	scalar	2
playsoundfxwait	0x00585408	static	0x1398	4	read	scalar	1
playsoundfxwait	0x00585408	static	0x13a0	4	read	scalar	1
playsoundfxwait	0x00585408	static	0x13ac	4	read	scalar	1
playsoundfxwait	0x00585408	static	0x13b4	4	read	scalar	1
playspeech	0x00585408	static	0x0	0	read	indexed	1
playspeech	0x00585408	static	0xfc0	0	read	indexed	1
playspeech	0x00585408	static	0xfc0	4	read	scalar	2
playspeech	0x00585408	static	0xfc0	4	write	scalar	2
playspeech	0x00585408	static	0xfc4	4	read	scalar	2
playspeech	0x00585408	static	0xfc4	4	write	scalar	2
playspeech	0x00585408	static	0xfc8	4	write	scalar	2
playspeech	0x00585408	static	0xfdc	4	write	indexed	1
playspeech	0x00585408	static	0x13b4	4	read	scalar	1
playspeechvol	0x00585408	static	0x0	0	read	indexed	1
playspeechvol	0x00585408	static	0x0	4	read	scalar	1
playspeechvol	0x00585408	static	0x0	4	read	indexed	1
playspeechvol	0x00585408	static	0x0	4	write	indexed	2
playspeechvol	0x00585408	static	0x14	0	read	indexed	1
playspeechvol	0x00585408	static	0x14	4	read	indexed	1
playspeechvol	0x00585408	static	0xdc	0	read	scalar	2
playspeechvol	0x00585408	static	0xdc	0	read	indexed	1
playspeechvol	0x00585408	static	0xdc	4	read	scalar	2
playspeechvol	0x00585408	static	0xdc	4	read	indexed	1
playspeechvol	0x00585408	static	0xf0	0	read	scalar	1
playspeechvol	0x00585408	static	0xf0	0	read	indexed	2
playspeechvol	0x00585408	static	0xf0	4	read	scalar	1
playspeechvol	0x00585408	static	0x180	0	read	scalar	1
playspeechvol	0x00585408	static	0x180	4	read	scalar	1
playspeechvol	0x00585408	static	0x6f4	0	read	indexed	2
playspeechvol	0x00585408	static	0x6f8	0	read	scalar	1
playspeechvol	0x00585408	static	0x6f8	4	read	scalar	1
playspeechvol	0x00585408	static	0x6f8	4	write	indexed	2
playspeechvol	0x00585408	static	0xfb8	4	read	scalar	1
playspeechvol	0x00585408	static	0xfbc	4	read	scalar	2
playspeechvol	0x00585408	static	0x1398	4	read	scalar	1
playspeechvol	0x00585408	static	0x13a0	4	read	scalar	1
playspeechvol	0x00585408	static	0x13ac	4	read	scalar	1
playspeechvol	0x00585408	static	0x13b4	4	read	scalar	1
playterrainambiance	0x005ae958	static	0x54	4	read	scalar	2
playterrainambiance	0x005ae958	static	0x5c	4	read	scalar	1
playterrainambiance	0x005ae958	static	0x60	4	read	scalar	1
playterrainambiance	0x005ae958	static	0xd8	0	read	scalar	1
playterrainambiance	0x005ae958	static	0xf0	4	read	scalar	2
playterrainambiance	0x005ae958	static	0x104	4	read	scalar	2
playunitsoundfx	0x00585408	static	0x0	0	read	indexed	1
playunitsoundfx	0x00585408	static	0x0	4	read	scalar	1
playunitsoundfx	0x00585408	static	0x0	4	read	indexed	1
playunitsoundfx	0x00585408	static	0x0	4	write	indexed	2
playunitsoundfx	0x00585408	static	0x14	0	read	indexed	1
playunitsoundfx	0x00585408	static	0x14	4	read	indexed	1
playunitsoundfx	0x00585408	static	0xdc	0	read	scalar	2
playunitsoundfx	0x00585408	static	0xdc	0	read	indexed	1
playunitsoundfx	0x00585408	static	0xdc	4	read	scalar	2
playunitsoundfx	0x00585408	static	0xdc	4	read	indexed	1
playunitsoundfx	0x00585408	static	0xf0	0	read	scalar	1
playunitsoundfx	0x00585408	static	0xf0	0	read	indexed	2
playunitsoundfx	0x00585408	static	0xf0	4	read	scalar	1
playunitsoundfx	0x00585408	static	0x180	0	read	scalar	1
playunitsoundfx	0x00585408	static	0x180	4	read	scalar	1
playunitsoundfx	0x00585408	static	0x6f4	0	read	indexed	2
playunitsoundfx	0x00585408	static	0x6f8	0	read	scalar	1
playunitsoundfx	0x00585408	static	0x6f8	4	read	scalar	1
playunitsoundfx	0x00585408	static	0x6f8	4	write	indexed	2
playunitsoundfx	0x00585408	static	0xfb8	4	read	scalar	1
playunitsoundfx	0x00585408	static	0xfbc	4	read	scalar	2
playunitsoundfx	0x00585408	static	0x1398	4	read	scalar	1
playunitsoundfx	0x00585408	static	0x13a0	4	read	scalar	1
playunitsoundfx	0x00585408	static	0x13ac	4	read	scalar	1
playunitsoundfx	0x00585408	static	0x13b4	4	read	scalar	1
playvideo	0x005867c0	static	0x0	4	read	scalar	1
playvideo	0x005867c0	static	0x0	4	write	scalar	1
playvideo	0x005867c0	static	0x4	4	read	scalar	1
playvideo	0x005867c0	static	0x4	4	write	scalar	1
playvideo	0x005867c0	static	0x8	4	read	scalar	1
playvideo	0x005867c0	static	0x8	4	write	scalar	1
playvideo	0x005867c0	static	0xc	0	read	scalar	2
playvideo	0x005867c0	static	0x20c	4	write	scalar	1
playvideo	0x005867c0	static	0x210	4	write	scalar	1
playvideo	0x005867c0	static	0x214	4	write	scalar	1
playvideo	0x005867c0	static	0x218	4	write	scalar	1
playvideo	0x005867c0	static	0x21c	4	read	scalar	1
playvideo	0x005867c0	static	0x220	4	read	scalar	1
playvideo	0x005867c0	static	0x224	4	read	scalar	1
playvideo	0x005867c0	static	0x224	4	write	scalar	2
playvideo	0x005867c0	static	0x228	4	read	scalar	2
playvideo	0x005867c0	static	0x22c	4	read	scalar	2
playvideo	0x005867c0	static	0x230	4	read	scalar	2
playvideo_stretch	0x00585174	indirect	0x0	4	read	scalar	0
playvideo_stretch	0x005867c0	static	0x0	4	read	scalar	1
playvideo_stretch	0x005867c0	static	0x0	4	write	scalar	1
playvideo_stretch	0x005867c0	static	0x4	4	read	scalar	1
playvideo_stretch	0x005867c0	static	0x4	4	write	scalar	1
playvideo_stretch	0x005867c0	static	0x8	4	read	scalar	1
playvideo_stretch	0x005867c0	static	0x8	4	write	scalar	1
playvideo_stretch	0x005867c0	static	0xc	0	read	scalar	2
playvideo_stretch	0x005867c0	static	0x20c	4	write	scalar	1
playvideo_stretch	0x005867c0	static	0x210	4	write	scalar	1
playvideo_stretch	0x005867c0	static	0x214	4	write	scalar	1
playvideo_stretch	0x005867c0	static	0x218	4	write	scalar	1
playvideo_stretch	0x005867c0	static	0x21c	4	read	scalar	1
playvideo_stretch	0x005867c0	static	0x220	4	read	scalar	1
playvideo_stretch	0x005867c0	static	0x224	4	read	scalar	1
playvideo_stretch	0x005867c0	static	0x224	4	write	scalar	2
playvideo_stretch	0x005867c0	static	0x228	4	read	scalar	2
playvideo_stretch	0x005867c0	static	0x22c	4	read	scalar	2
playvideo_stretch	0x005867c0	static	0x230	4	read	scalar	2
playvideoshutdown	0x005867c0	static	0x0	4	read	scalar	1
playvideoshutdown	0x005867c0	static	0x0	4	write	scalar	1
playvideoshutdown	0x005867c0	static	0x4	4	read	scalar	1
playvideoshutdown	0x005867c0	static	0x4	4	write	scalar	1
playvideoshutdown	0x005867c0	static	0x8	4	read	scalar	1
playvideoshutdown	0x005867c0	static	0x8	4	write	scalar	1
playvideoshutdown	0x005867c0	static	0xc	0	read	scalar	2
playvideoshutdown	0x005867c0	static	0x20c	4	write	scalar	1
playvideoshutdown	0x005867c0	static	0x210	4	write	scalar	1
playvideoshutdown	0x005867c0	static	0x214	4	write	scalar	1
playvideoshutdown	0x005867c0	static	0x218	4	write	scalar	1
playvideoshutdown	0x005867c0	static	0x21c	4	read	scalar	1
playvideoshutdown	0x005867c0	static	0x220	4	read	scalar	1
playvideoshutdown	0x005867c0	static	0x224	4	read	scalar	1
playvideoshutdown	0x005867c0	static	0x224	4	write	scalar	2
playvideoshutdown	0x005867c0	static	0x228	4	read	scalar	2
playvideoshutdown	0x005867c0	static	0x22c	4	read	scalar	2
playvideoshutdown	0x005867c0	static	0x230	4	read	scalar	2
playvoice	0x00585408	static	0x0	0	read	indexed	1
playvoice	0x00585408	static	0x0	4	read	scalar	1
playvoice	0x00585408	static	0x0	4	read	indexed	1
playvoice	0x00585408	static	0x0	4	write	indexed	2
playvoice	0x00585408	static	0x14	0	read	indexed	1
playvoice	0x00585408	static	0x14	4	read	indexed	1
playvoice	0x00585408	static	0xdc	0	read	scalar	2
playvoice	0x00585408	static	0xdc	0	read	indexed	1
playvoice	0x00585408	static	0xdc	4	read	scalar	2
playvoice	0x00585408	static	0xdc	4	read	indexed	1
playvoice	0x00585408	static	0xf0	0	read	scalar	1
playvoice	0x00585408	static	0xf0	0	read	indexed	2
playvoice	0x00585408	static	0xf0	4	read	scalar	1
playvoice	0x00585408	static	0x180	0	read	scalar	1
playvoice	0x00585408	static	0x180	4	read	scalar	1
playvoice	0x00585408	static	0x6f4	0	read	indexed	2
playvoice	0x00585408	static	0x6f8	0	read	scalar	1
playvoice	0x00585408	static	0x6f8	4	read	scalar	1
playvoice	0x00585408	static	0x6f8	4	write	indexed	2
playvoice	0x00585408	static	0xfb8	4	read	scalar	1
playvoice	0x00585408	static	0xfbc	4	read	scalar	2
playvoice	0x00585408	static	0x1398	4	read	scalar	1
playvoice	0x00585408	static	0x13a0	4	read	scalar	1
playvoice	0x00585408	static	0x13ac	4	read	scalar	1
playvoice	0x00585408	static	0x13b4	4	read	scalar	1
poolobjecttype	0x005a7b50	static	0x0	4	read	scalar	1
poolobjecttype	0x005a7b50	static	0x4	4	read	scalar	1
positionfaithmap	0x005876d0	static	0x1a4	4	read	scalar	2
positionfaithmap	0x005876d0	static	0x1a4	4	write	scalar	1
positionfaithmap	0x005876d0	static	0x1a8	4	read	scalar	2
positionfaithmap	0x005876d0	static	0x1a8	4	write	scalar	1
positionfaithmap	0x005876d0	static	0x1b0	4	write	scalar	2
positionfaithmap	0x005876d0	static	0x1b4	4	write	scalar	2
positionfaithmap	0x005876d0	static	0x1ec	4	read	scalar	2
positionfaithmap	0x005876d0	static	0x1f0	4	read	scalar	2
positionfaithmap	0x005876d0	static	0x1fc	4	write	scalar	2
positionfaithmap	0x005876d0	static	0x200	4	write	scalar	2
positionmap	0x005876d0	static	0x1a4	4	read	scalar	2
positionmap	0x005876d0	static	0x1a4	4	write	scalar	1
positionmap	0x005876d0	static	0x1a8	4	read	scalar	2
positionmap	0x005876d0	static	0x1a8	4	write	scalar	1
positionmap	0x005876d0	static	0x1b0	4	write	scalar	2
positionmap	0x005876d0	static	0x1b4	4	write	scalar	2
positionmap	0x005876d0	static	0x1ec	4	read	scalar	2
positionmap	0x005876d0	static	0x1f0	4	read	scalar	2
positionmap	0x005876d0	static	0x1fc	4	write	scalar	2
positionmap	0x005876d0	static	0x200	4	write	scalar	2
preparecitybattlemap	0x005ae958	static	0x54	4	read	scalar	1
preparecitybattlemap	0x005ae958	static	0x5c	4	read	scalar	2
preparecitybattlemap	0x005ae958	static	0x60	4	read	scalar	2
preparecitybattlemap	0x005ae958	static	0x64	4	read	scalar	1
preparecitybattlemap	0x005ae958	static	0x6c	4	read	scalar	1
preparecitybattlemap	0x005ae958	static	0x70	4	read	scalar	1
preparedefendingcity	0x005ae924	indirect	0x1	0	read	scalar	0
preparedefendingcity	0x005ae924	indirect	0x5	0	read	scalar	0
preparedefendingcity	0x005ae928	indirect	0x1	0	read	scalar	0
preparedefendingcity	0x005ae928	indirect	0x5	0	read	scalar	0
preparedefendingcity	0x005ae974	static	0x8	4	read	scalar	1
preparedefendingcity	0x005ae974	static	0x10	4	read	scalar	1
preparedefendingcity	0x005ae98c	indirect	0x4	4	read	scalar	0
preparedefendingcity	0x005ae98c	indirect	0x1c	4	read	scalar	0
preparedefendingcity	0x005ae98c	indirect	0x44	4	read	scalar	0
preparedefendingcity	0x005ae98c	indirect	0x48	4	read	scalar	0
preparedefendingcity	0x005ae98c	indirect	0x4c	4	read	scalar	1
preparedefendingcity	0x005ae98c	indirect	0x50	4	read	scalar	1
preparedefendingcity	0x005ae98c	indirect	0xc4	0	read	scalar	1
preparedefendingcity	0x005ae98c	indirect	0xc4	0	read	indexed	1
preparedefendingcity	0x005ae98c	indirect	0x55c	0	read	scalar	0
preparedefendingcity	0x005ae98c	indirect	0x55c	4	read	scalar	1
preparedefendingcity	0x005ae98c	indirect	0x560	4	read	scalar	1
preparedefendingcity	0x005ae98c	indirect	0x564	4	read	scalar	1
previousarmy	0x00584ae8	static	0x278	0	read	scalar	2
previousarmy	0x00584ae8	static	0x680	4	read	scalar	1
previousarmy	0x00584ae8	static	0x684	4	read	scalar	1
previousarmy	0x00584ae8	static	0x688	4	read	scalar	1
previousarmy	0x00584ae8	static	0x68c	4	read	scalar	1
previousarmy	0x00584ae8	static	0x2be4	4	read	scalar	2
previousarmy	0x00584ae8	static	0x2bec	4	read	scalar	1
previousarmymps	0x00584ae8	static	0x278	0	read	scalar	2
previousarmymps	0x00584ae8	static	0x680	4	read	scalar	1
previousarmymps	0x00584ae8	static	0x684	4	read	scalar	1
previousarmymps	0x00584ae8	static	0x688	4	read	scalar	1
previousarmymps	0x00584ae8	static	0x68c	4	read	scalar	1
previousarmymps	0x00584ae8	static	0x2be4	4	read	scalar	2
previousarmymps	0x00584ae8	static	0x2bec	4	read	scalar	1
previouscity	0x00584ae8	static	0x278	0	read	scalar	2
previouscity	0x00584ae8	static	0x680	4	read	scalar	1
previouscity	0x00584ae8	static	0x684	4	read	scalar	1
previouscity	0x00584ae8	static	0x688	4	read	scalar	1
previouscity	0x00584ae8	static	0x68c	4	read	scalar	1
previouscity	0x00584ae8	static	0x2be4	4	read	scalar	2
previouscity	0x00584ae8	static	0x2bec	4	read	scalar	1
providername	0x005d1e84	indirect	0x134	0	read	indexed	1
providername	0x005d1e84	indirect	0x2c8	4	read	scalar	1
qtyinbarter	0x00584cd4	static	0x8	4	read	scalar	1
qtyinbarter	0x00584cd4	static	0xc	4	read	scalar	1
qtyinbarter	0x00584cd4	static	0x28	0	read	indexed	1
qtyinbarter	0x00584cd4	static	0x28	2	read	indexed	1
qtyinbarter	0x00584cd4	static	0x2c	1	read	indexed	1
qtyinbarter	0x00584cd4	static	0x2d	1	read	indexed	1
realgriddistance	0x005ae958	static	0x14	4	read	scalar	1
realgriddistance	0x005ae958	static	0x6c	4	read	scalar	1
realgriddistance	0x005ae958	static	0x70	4	read	scalar	1
rebuild3dmap	0x005876d0	static	0x164	0	read	scalar	2
rebuild3dmap	0x005876d0	static	0x22c	4	write	scalar	2
rebuild3dmap	0x005876d0	static	0x230	4	write	scalar	2
rebuild3dmap	0x005876d0	static	0x234	4	read	scalar	2
rebuild3dmap	0x005876d0	static	0x234	4	write	scalar	2
rebuild3dmap	0x005876d0	static	0x238	4	read	scalar	2
rebuild3dmap	0x005876d0	static	0x238	4	write	scalar	2
rebuild3dmap	0x005876d0	static	0x23c	4	read	scalar	2
rebuild3dmap	0x005876d0	static	0x23c	4	write	scalar	2
rebuild3dmap	0x005876d0	static	0x240	4	write	scalar	2
rebuild3dmap	0x005876d0	static	0x244	4	write	scalar	2
rebuild3dmap	0x005876d0	static	0x248	4	write	scalar	2
rebuild3dmap	0x005876d0	static	0x250	4	write	scalar	2
rebuild3dmap	0x005876d0	static	0x254	4	write	scalar	2
rebuild3dmap	0x005876d0	static	0x258	4	read	scalar	2
rebuild3dmap	0x005876d0	static	0x258	4	write	scalar	2
rebuild3dmap	0x005876d0	static	0x25c	4	read	scalar	2
rebuild3dmap	0x005876d0	static	0x25c	4	write	scalar	2
rebuild3dmap	0x005876d0	static	0x260	4	read	scalar	2
rebuild3dmap	0x005876d0	static	0x260	4	write	scalar	2
rebuild3dmap	0x005876d0	static	0x264	4	write	scalar	2
rebuild3dmap	0x005876d0	static	0x268	4	write	scalar	2
rebuild3dmap	0x005876d0	static	0x26c	4	write	scalar	2
refreshdirty	0x00584ae8	static	0x278	0	read	scalar	1
refreshdirty	0x00584ae8	static	0x278	4	read	scalar	2
refreshdirty	0x00584ae8	static	0x680	4	read	scalar	2
refreshdirty	0x00584ae8	static	0x684	4	read	scalar	2
refreshdirty	0x00584ae8	static	0x688	4	read	scalar	2
refreshdirty	0x00584ae8	static	0x750	0	read	scalar	2
refreshdirty	0x00584ae8	static	0x758	4	read	scalar	2
refreshdirty	0x00584ae8	static	0x75c	4	read	scalar	2
refreshdirty	0x00584ae8	static	0x760	4	read	scalar	2
refreshdirty	0x00584ae8	static	0x774	4	read	scalar	2
refreshdirty	0x00584ae8	static	0x2be4	4	read	scalar	2
regionatlocation	0x005aef04	static	0x0	4	read	scalar	2
regionatlocation	0x005aef04	static	0xc	4	read	scalar	2
regionview	0x005aa12c	static	0x654	4	read	scalar	2
regionview	0x005aa12c	static	0x654	4	write	scalar	2
regionview	0x005aa12c	static	0x482c	0	read	scalar	2
regionview	0x005aa12c	static	0x4830	4	write	scalar	2
regionview	0x005aa12c	static	0x4888	4	read	scalar	2
regionview	0x005aa12c	static	0x488c	4	read	scalar	2
relative2actual	0x00579458	static	0x40	4	read	scalar	1
relative2actual	0x00579458	static	0x44	4	read	scalar	1
releasemap	0x005ae958	static	0x18	4	read	scalar	1
releasemap	0x005ae958	static	0x18	4	write	scalar	1
releasemap	0x005ae958	static	0x1c	0	read	scalar	1
releasemap	0x005ae958	static	0x24	4	read	scalar	2
releasemap	0x005ae958	static	0x24	4	write	scalar	2
releasemap	0x005ae958	static	0x28	4	read	scalar	2
releasemap	0x005ae958	static	0x28	4	write	scalar	2
releasemap	0x005ae958	static	0x2c	4	read	scalar	2
releasemap	0x005ae958	static	0x2c	4	write	scalar	2
releasemap	0x005ae958	static	0x30	4	write	scalar	2
releasemap	0x005ae958	static	0x38	4	read	scalar	2
releasemap	0x005ae958	static	0x38	4	write	scalar	2
releasemap	0x005ae958	static	0x40	4	read	scalar	2
releasemap	0x005ae958	static	0x54	4	read	scalar	1
releasemap	0x005ae958	static	0x54	4	write	scalar	1
releasemap	0x005ae958	static	0x58	4	read	scalar	1
releasemap	0x005ae958	static	0x58	4	write	scalar	1
releasemap	0x005ae958	static	0x5c	4	write	scalar	1
releasemap	0x005ae958	static	0x60	4	write	scalar	1
releasemap	0x005ae958	static	0x64	4	read	scalar	1
releasemap	0x005ae958	static	0x64	4	write	scalar	1
releasemap	0x005ae958	static	0x68	4	read	scalar	1
releasemap	0x005ae958	static	0x68	4	write	scalar	1
releasemap	0x005ae958	static	0x6c	4	write	scalar	1
releasemap	0x005ae958	static	0x70	4	write	scalar	1
remap	0x005a7b50	static	0x0	4	read	scalar	1
remap	0x005a7b50	static	0x4	4	read	scalar	1
remap	0x005cd34c	static	0x0	4	read	scalar	1
remap	0x005cd34c	static	0x4	4	read	scalar	1
removechampionbrain	0x005aeed0	static	0x0	4	read	scalar	1
removechampionbrain	0x005aeed0	static	0x0	4	write	scalar	1
removechampionbrain	0x005aeed0	static	0x4	4	read	scalar	2
removechampionbrain	0x005aeed0	static	0x4	4	write	scalar	2
removechampionbrain	0x005aeed0	static	0x8	4	read	scalar	1
removefrombarter	0x00584cd4	static	0x8	4	read	scalar	1
removefrombarter	0x00584cd4	static	0xc	4	read	scalar	1
removefrombarter	0x00584cd4	static	0x2c	0	read	indexed	1
removefrombarter	0x00584cd4	static	0x2c	1	read	indexed	1
removefrombarter	0x00584cd4	static	0x2d	1	read	indexed	1
removehotkey	0x00584cc4	static	0x0	4	read	scalar	1
removehotkey	0x00584cc4	static	0x8	4	read	scalar	1
removequest	0x005aeedc	static	0x4	4	read	scalar	1
removequest	0x005aeedc	static	0x4	4	write	scalar	1
removequest	0x005aeedc	static	0x8	4	read	scalar	1
removequest	0x005cd2e0	static	0x4	4	read	scalar	1
removequest	0x005cd2e0	static	0x8	4	read	scalar	1
removeunits	0x005a7b78	indirect	0x54	4	read	scalar	1
removeunits	0x005a7b78	indirect	0x60	4	read	scalar	1
removeunits	0x005a7b78	indirect	0x6c	4	read	scalar	2
removeunits	0x005a7b78	indirect	0x70	4	read	scalar	1
removeunits	0x005a7b78	indirect	0x90	4	read	scalar	2
removeunits	0x005a7b78	indirect	0x90	4	write	scalar	2
removeunits	0x005a7b78	indirect	0x94	4	read	scalar	2
removeunits	0x005a7b78	indirect	0x98	4	read	scalar	2
removeunits	0x005a7b78	indirect	0xa4	4	read	scalar	2
removeunits	0x005a7b78	indirect	0xa4	4	write	scalar	2
removeunits	0x005a7b78	indirect	0xa8	0	read	indexed	2
removeunits	0x005a7b78	indirect	0xa8	4	read	indexed	2
removeunits	0x005a7b78	indirect	0xa8	4	write	indexed	1
removeunits	0x005a7b78	indirect	0xac	4	read	indexed	2
removeunits	0x005a7b78	indirect	0xac	4	write	indexed	1
removeunits	0x005a7b78	indirect	0x3c4	4	write	indexed	2
removeunits	0x005a7b78	indirect	0x3c8	0	read	indexed	2
removeunits	0x005a7b78	indirect	0x3c8	4	read	indexed	2
removeunits	0x005a7b78	indirect	0x558	4	read	scalar	1
removeunits	0x005a7b78	indirect	0x558	4	write	scalar	1
removeunits	0x005a7b78	indirect	0x880	0	read	scalar	2
removeunits	0x005a7b78	indirect	0x880	1	write	scalar	2
removeunits	0x005a7b78	indirect	0x984	0	read	scalar	2
removeunits	0x005a7b78	indirect	0xa4b	1	write	scalar	2
removeunits	0x005a7b78	indirect	0xa4c	4	write	scalar	2
removeunits	0x005a7b78	indirect	0xa50	4	write	scalar	2
removeunits	0x005a7b78	indirect	0xa54	4	write	scalar	2
removeunits	0x005a7b78	indirect	0xa58	4	write	scalar	2
removeunits	0x005a7b78	indirect	0xa5c	4	write	scalar	2
removeunits	0x005a7b78	indirect	0xa60	4	read	scalar	2
removeunits	0x005a7b78	indirect	0xa60	4	write	scalar	2
removeunits	0x005a7b78	indirect	0xa64	4	read	scalar	2
removeunits	0x005a7b78	indirect	0xa64	4	write	scalar	2
removevirtualunit	0x005869f4	indirect	0x0	4	read	scalar	1
removevirtualunit	0x005869f4	indirect	0x1c	4	read	scalar	2
removevirtualunit	0x005869f4	indirect	0x24	4	write	scalar	2
removevirtualunit	0x005869f4	indirect	0x28	4	read	scalar	2
removevirtualunit	0x005869f4	indirect	0x30	1	read	scalar	2
removevirtualunit	0x005869f4	indirect	0x30	4	read	scalar	1
removevirtualunit	0x005869f4	indirect	0x30	4	write	scalar	2
removevirtualunit	0x005869f4	indirect	0x44	4	read	scalar	2
removevirtualunit	0x005869f4	indirect	0x48	4	read	scalar	2
removevirtualunit	0x005869f4	indirect	0x4c	4	read	scalar	1
removevirtualunit	0x005869f4	indirect	0x4c	4	write	scalar	1
removevirtualunit	0x005869f4	indirect	0x58	4	write	scalar	2
removevirtualunit	0x005869f4	indirect	0x5c	4	write	scalar	2
removevirtualunit	0x005869f4	indirect	0x60	4	write	scalar	2
removevirtualunit	0x005869f4	indirect	0xc4	0	read	indexed	1
removevirtualunit	0x005869f4	indirect	0xd8	4	read	scalar	2
removevirtualunit	0x005869f4	indirect	0xd8	4	write	indexed	1
removevirtualunit	0x005869f4	indirect	0xdc	4	read	scalar	2
removevirtualunit	0x005869f4	indirect	0xdc	4	write	scalar	2
removevirtualunit	0x005869f4	indirect	0xdc	4	write	indexed	1
removevirtualunit	0x005869f4	indirect	0xe0	4	read	scalar	2
removevirtualunit	0x005869f4	indirect	0xe0	4	write	scalar	2
removevirtualunit	0x005869f4	indirect	0xe0	4	write	indexed	1
removevirtualunit	0x005869f4	indirect	0x110	0	read	indexed	1
removevirtualunit	0x005869f4	indirect	0x538	0	read	scalar	2
removevirtualunit	0x005869f4	indirect	0x538	4	read	scalar	2
removevirtualunit	0x005869f4	indirect	0x544	4	read	scalar	2
removevirtualunit	0x005869f4	indirect	0x548	4	write	scalar	2
removevirtualunit	0x005869f4	indirect	0x54c	4	write	scalar	2
removevirtualunit	0x005869f4	indirect	0x550	4	read	scalar	2
removevirtualunit	0x005869f4	indirect	0x550	4	write	scalar	2
removevirtualunit	0x005869f4	indirect	0x5b4	4	read	scalar	2
rendermap	0x00584ae8	static	0x278	0	read	scalar	2
rendermap	0x00584ae8	static	0x680	4	read	scalar	1
rendermap	0x00584ae8	static	0x684	4	read	scalar	1
rendermap	0x00584ae8	static	0x688	4	read	scalar	1
rendermap	0x00584ae8	static	0x68c	4	read	scalar	1
rendermap	0x00584ae8	static	0x2be4	4	read	scalar	2
rendermap	0x00584ae8	static	0x2bec	4	read	scalar	1
replaceimp	0x005a7b50	static	0x0	4	read	scalar	2
replaceimp	0x005a7b50	static	0x4	4	read	scalar	2
repoman	0x005ae974	static	0x8	4	read	scalar	1
repoman	0x005ae974	static	0x18	4	read	scalar	1
repoman	0x005ae974	static	0x24	4	read	scalar	1
repositionmouse	0x005a9e04	static	0xc	0	read	scalar	2
repositionmouse	0x005a9e04	static	0xc	4	write	scalar	2
repositionmouse	0x005a9e04	static	0x14	4	write	scalar	2
repositionmouse	0x005a9e04	static	0x18	4	write	scalar	2
repositionmouse	0x005a9e04	static	0x70	0	read	scalar	2
repositionmouse	0x005a9e04	static	0x90	4	write	scalar	1
repositionmouse	0x005a9e04	static	0xec	4	read	scalar	2
repositionmouse	0x005a9e04	static	0xec	4	write	scalar	2
repositionmouse	0x005a9e04	static	0xf0	4	read	scalar	2
repositionmouse	0x005a9e04	static	0xf0	4	write	scalar	2
repositionmouse	0x005a9e04	static	0xf4	0	read	scalar	2
repositionmouse	0x005a9e04	static	0x114	4	write	scalar	1
repositionmouse	0x005a9e04	static	0x12c	0	read	scalar	2
repositionmouse	0x005a9e04	static	0x14c	4	write	scalar	1
repositionmouse	0x005a9e04	static	0x16c	4	read	scalar	2
repositionmouse	0x005a9e04	static	0x16c	4	write	scalar	2
repositionmouse	0x005a9e04	static	0x178	1	read	scalar	2
repositionmouse	0x005a9e04	static	0x180	4	read	scalar	2
repositionmouse	0x005a9e04	static	0x184	4	read	scalar	2
repositionmouse	0x005a9e04	static	0x188	4	read	scalar	2
repositionmouse	0x005a9e04	static	0x18c	4	write	scalar	2
repositionmouse	0x005a9e04	static	0x190	4	write	scalar	2
repositionmouse	0x005a9e04	static	0x194	4	write	scalar	2
repositionmouse	0x005a9e04	static	0x198	4	write	scalar	2
repositionmouse	0x005a9e04	static	0x19c	0	read	scalar	2
repositionmouse	0x005a9e04	static	0x1bc	0	read	scalar	1
repositionmouse	0x005a9e04	static	0x1bc	4	write	scalar	1
requestgame	0x005d1e84	indirect	0x100	4	read	scalar	1
requestgame	0x005d1e84	indirect	0x120	4	read	scalar	1
requestgame	0x005d1e84	indirect	0x390	4	read	scalar	0
requestleader	0x005cd358	static	0x4b2c	4	read	scalar	1
rerunbrain	0x005aeed0	static	0x0	4	read	scalar	1
researchpossiblehere?	0x005aee6c	static	0x0	4	read	scalar	1
researchpossiblehere?	0x005aee6c	static	0x8	4	read	scalar	1
resetcombat	0x00579458	static	0x40	4	write	scalar	1
resetcombat	0x00579458	static	0x44	4	write	scalar	1
resetcombat	0x005876d0	static	0x1a4	4	read	scalar	2
resetcombat	0x005876d0	static	0x1a4	4	write	scalar	1
resetcombat	0x005876d0	static	0x1a8	4	read	scalar	2
resetcombat	0x005876d0	static	0x1a8	4	write	scalar	1
resetcombat	0x005876d0	static	0x1b0	4	write	scalar	2
resetcombat	0x005876d0	static	0x1b4	4	write	scalar	2
resetcombat	0x005876d0	static	0x1ec	4	read	scalar	2
resetcombat	0x005876d0	static	0x1f0	4	read	scalar	2
resetcombat	0x005876d0	static	0x1fc	4	write	scalar	2
resetcombat	0x005876d0	static	0x200	4	write	scalar	2
resetcombat	0x005876d0	indirect	0x28	4	read	scalar	0
resetcombat	0x005aa12c	static	0x658	4	read	scalar	1
resetcombat	0x005aa12c	static	0x65c	4	read	scalar	1
resetcombat	0x005aa12c	static	0x660	0	read	scalar	0
resetcombat	0x005aa12c	static	0x660	4	read	scalar	0
resetcombat	0x005aa12c	static	0x68c	4	read	scalar	1
resetcombat	0x005aa12c	static	0x68c	4	write	scalar	1
resetcombat	0x005aa12c	static	0x6a8	4	read	scalar	0
resetcombat	0x005aa12c	static	0x6ac	4	read	scalar	0
resetcombat	0x005aa12c	static	0x6ac	4	write	scalar	0
resetcombat	0x005aa12c	static	0x724	0	read	scalar	1
resetcombat	0x005aa12c	static	0x724	0	read	indexed	0
resetcombat	0x005aa12c	static	0x740	0	read	scalar	1
resetcombat	0x005aa12c	static	0x740	4	write	scalar	1
resetcombat	0x005aa12c	static	0x744	0	read	scalar	0
resetcombat	0x005aa12c	static	0x744	4	read	scalar	0
resetcombat	0x005aa12c	static	0xb98	4	write	scalar	1
resetcombat	0x005aa12c	static	0xbb0	4	write	scalar	1
resetcombat	0x005aa12c	static	0xbbc	0	read	scalar	1
resetcombat	0x005aa12c	static	0xbbc	4	read	scalar	2
resetcombat	0x005aa12c	static	0xbbc	4	write	scalar	1
resetcombat	0x005aa12c	static	0xbc0	4	read	scalar	2
resetcombat	0x005aa12c	static	0xbc0	4	write	scalar	1
resetcombat	0x005aa12c	static	0xbc4	4	read	scalar	2
resetcombat	0x005aa12c	static	0xbc4	4	write	scalar	1
resetcombat	0x005aa12c	static	0xbc8	0	read	scalar	1
resetcombat	0x005aa12c	static	0xbd8	4	read	scalar	2
resetcombat	0x005aa12c	static	0xbd8	4	write	scalar	1
resetcombat	0x005aa12c	static	0xbdc	4	read	scalar	2
resetcombat	0x005aa12c	static	0xbdc	4	write	scalar	1
resetcombat	0x005aa12c	static	0xbe0	4	read	scalar	2
resetcombat	0x005aa12c	static	0xbe0	4	write	scalar	1
resetcombat	0x005aa12c	static	0xbe4	4	read	scalar	2
resetcombat	0x005aa12c	static	0xbe4	4	write	scalar	1
resetcombat	0x005aa12c	static	0xbec	4	read	scalar	1
resetcombat	0x005aa12c	static	0xbec	4	write	scalar	1
resetcombat	0x005aa12c	static	0xbf8	4	read	scalar	1
resetcombat	0x005aa12c	static	0xbf8	4	write	scalar	1
resetcombat	0x005aa12c	static	0xc3c	0	read	scalar	0
resetcombat	0x005aa12c	static	0xc68	4	read	scalar	1
resetcombat	0x005aa12c	static	0xc68	4	write	scalar	1
resetcombat	0x005aa12c	static	0xc84	4	read	scalar	0
resetcombat	0x005aa12c	static	0xc88	4	read	scalar	0
resetcombat	0x005aa12c	static	0xc88	4	write	scalar	0
resetcombat	0x005aa12c	static	0xd00	0	read	indexed	0
resetcombat	0x005aa12c	static	0xd1c	0	read	scalar	1
resetcombat	0x005aa12c	static	0xd1c	4	write	scalar	1
resetcombat	0x005aa12c	static	0xd20	0	read	scalar	0
resetcombat	0x005aa12c	static	0xd20	4	read	scalar	0
resetcombat	0x005aa12c	static	0x1174	4	write	scalar	1
resetcombat	0x005aa12c	static	0x118c	4	write	scalar	1
resetcombat	0x005aa12c	static	0x1198	0	read	scalar	1
resetcombat	0x005aa12c	static	0x1198	4	read	scalar	2
resetcombat	0x005aa12c	static	0x1198	4	write	scalar	1
resetcombat	0x005aa12c	static	0x119c	4	read	scalar	2
resetcombat	0x005aa12c	static	0x119c	4	write	scalar	1
resetcombat	0x005aa12c	static	0x11a0	4	read	scalar	2
resetcombat	0x005aa12c	static	0x11a0	4	write	scalar	1
resetcombat	0x005aa12c	static	0x11a4	0	read	scalar	1
resetcombat	0x005aa12c	static	0x11b4	4	read	scalar	2
resetcombat	0x005aa12c	static	0x11b4	4	write	scalar	1
resetcombat	0x005aa12c	static	0x11b8	4	read	scalar	2
resetcombat	0x005aa12c	static	0x11b8	4	write	scalar	1
resetcombat	0x005aa12c	static	0x11bc	4	read	scalar	2
resetcombat	0x005aa12c	static	0x11bc	4	write	scalar	1
resetcombat	0x005aa12c	static	0x11c0	4	read	scalar	2
resetcombat	0x005aa12c	static	0x11c0	4	write	scalar	1
resetcombat	0x005aa12c	static	0x11c8	4	read	scalar	1
resetcombat	0x005aa12c	static	0x11c8	4	write	scalar	1
resetcombat	0x005aa12c	static	0x11d4	4	read	scalar	1
resetcombat	0x005aa12c	static	0x11d4	4	write	scalar	1
resetcombat	0x005aa12c	static	0x4764	4	read	scalar	0
resetcombat	0x005aa12c	static	0x4764	4	write	scalar	0
resetcombat	0x005aa12c	static	0x4768	4	read	scalar	0
resetcombat	0x005aa12c	static	0x4768	4	write	scalar	0
resetcombat	0x005aa12c	static	0x476c	4	read	scalar	0
resetcombat	0x005aa12c	static	0x476c	4	write	scalar	0
resetcombat	0x005aa12c	static	0x4770	4	read	scalar	0
resetcombat	0x005aa12c	static	0x4770	4	write	scalar	0
resetcombat	0x005aa12c	static	0x4790	4	write	scalar	0
resetcombat	0x005aa12c	static	0x4794	4	write	scalar	0
resetcombat	0x005aa12c	static	0x4798	4	write	scalar	0
resetcombat	0x005aa12c	static	0x479c	4	write	scalar	0
resetcombat	0x005aa12c	static	0x482c	0	read	scalar	0
resetcombat	0x005aa12c	static	0x4848	0	read	scalar	0
resetcombat	0x005aa12c	static	0x4850	4	read	scalar	1
resetcombat	0x005aa12c	static	0x4860	4	read	scalar	1
resetcombat	0x005aa12c	static	0x486c	4	read	scalar	1
resetcombat	0x005aa12c	static	0x4890	4	read	scalar	1
resetcombat	0x005aa12c	static	0x4898	4	read	scalar	1
resetcombat	0x005aa12c	static	0x489c	4	read	scalar	1
resetcombat	0x005aa12c	static	0x500c	4	read	scalar	0
resetcombat	0x005aa12c	static	0x5010	4	read	scalar	0
resetcombat	0x005aa12c	static	0x501c	4	read	scalar	0
resetcombat	0x005aa12c	static	0x5024	4	read	scalar	1
resetcombat	0x005aa12c	static	0x5024	4	write	scalar	1
resetcombat	0x005aa12c	static	0x5028	4	write	scalar	0
resetcombat	0x005aa12c	static	0x502c	4	read	scalar	1
resetcombat	0x005aa12c	static	0x5030	4	read	scalar	1
resetcombat	0x005aa12c	static	0x5048	4	write	scalar	0
resetcombat	0x005aa12c	static	0x5068	0	read	indexed	0
resetcombat	0x005aa12c	static	0x6640	0	read	scalar	1
resetcombat	0x005aa12c	static	0x6640	4	read	scalar	1
resetcombat	0x005ae958	static	0x34	4	read	scalar	1
resetcombat	0x005ae958	static	0x40	4	read	scalar	1
resetcombatflag	0x005ae974	static	0x8	4	read	scalar	1
resetcombatflag	0x005ae974	static	0x10	4	read	scalar	1
reseteoturn	0x00584ae8	static	0x688	4	read	scalar	2
reseteoturn	0x00584ae8	static	0x750	0	read	scalar	2
reseteoturn	0x00584ae8	static	0x758	4	read	scalar	2
reseteoturn	0x00584ae8	static	0x75c	4	read	scalar	2
reseteoturn	0x00584ae8	static	0x760	4	read	scalar	2
reseteoturn	0x00584ae8	static	0x774	4	read	scalar	2
reseteoturn	0x005a7b78	indirect	0x6c	4	read	scalar	1
reseteoturn	0x005a7b78	indirect	0x90	4	read	scalar	1
reseteoturn	0x005a7b78	indirect	0x90	4	write	scalar	1
reseteoturn	0x005a7b78	indirect	0x9c	4	read	scalar	2
reseteoturn	0x005a7b78	indirect	0xa0	4	read	scalar	2
reseteoturn	0x005a7b78	indirect	0xa4	4	read	scalar	1
reseteoturn	0x005a7b78	indirect	0xa4	4	write	scalar	1
reseteoturn	0x005a7b78	indirect	0xa8	4	write	indexed	1
reseteoturn	0x005a7b78	indirect	0xac	4	write	indexed	1
reseteoturn	0x005a7b78	indirect	0x3c4	4	write	indexed	1
reseteoturn	0x005a7b78	indirect	0x558	4	read	scalar	1
reseteoturn	0x005a7b78	indirect	0x558	4	write	scalar	1
reseteoturn	0x005a7b78	indirect	0xa78	4	read	scalar	2
reseteoturn	0x005a7b78	indirect	0xa78	4	write	scalar	2
resetnetworking	0x005aa12c	static	0x5034	4	write	scalar	1
resetnetworking	0x005aa12c	static	0x5038	4	write	scalar	1
resetnetworking	0x005aa12c	static	0x503c	4	write	scalar	1
resetnetworking	0x005ae958	static	0x18	4	read	scalar	1
resetnetworking	0x005ae958	static	0x18	4	write	scalar	1
resetnetworking	0x005ae958	static	0x1c	0	read	scalar	1
resetnetworking	0x005ae958	static	0x24	4	read	scalar	2
resetnetworking	0x005ae958	static	0x24	4	write	scalar	2
resetnetworking	0x005ae958	static	0x28	4	read	scalar	2
resetnetworking	0x005ae958	static	0x28	4	write	scalar	2
resetnetworking	0x005ae958	static	0x2c	4	read	scalar	2
resetnetworking	0x005ae958	static	0x2c	4	write	scalar	2
resetnetworking	0x005ae958	static	0x30	4	write	scalar	2
resetnetworking	0x005ae958	static	0x38	4	read	scalar	2
resetnetworking	0x005ae958	static	0x38	4	write	scalar	2
resetnetworking	0x005ae958	static	0x40	4	read	scalar	2
resetnetworking	0x005ae958	static	0x54	4	read	scalar	1
resetnetworking	0x005ae958	static	0x54	4	write	scalar	1
resetnetworking	0x005ae958	static	0x58	4	read	scalar	1
resetnetworking	0x005ae958	static	0x58	4	write	scalar	1
resetnetworking	0x005ae958	static	0x5c	4	write	scalar	1
resetnetworking	0x005ae958	static	0x60	4	write	scalar	1
resetnetworking	0x005ae958	static	0x64	4	read	scalar	1
resetnetworking	0x005ae958	static	0x64	4	write	scalar	1
resetnetworking	0x005ae958	static	0x68	4	read	scalar	1
resetnetworking	0x005ae958	static	0x68	4	write	scalar	1
resetnetworking	0x005ae958	static	0x6c	4	write	scalar	1
resetnetworking	0x005ae958	static	0x70	4	write	scalar	1
resetnetworking	0x005cd358	static	0x14	0	read	scalar	2
resetnetworking	0x005cd358	static	0x4b2c	4	read	scalar	1
resetnetworking	0x005cd358	static	0x4b2c	4	write	scalar	1
resetnetworking	0x005cd358	static	0x4b34	4	read	indexed	1
resetnetworking	0x005cd358	static	0x4b34	4	write	indexed	1
resetnetworking	0x005cd358	static	0x4b74	4	read	indexed	1
resetnetworking	0x005cd358	static	0x4b74	4	write	indexed	1
resetnetworking	0x005cd358	static	0x4c10	4	write	scalar	0
resetplayervisibility	0x005ae958	static	0x4	4	read	scalar	1
resetplayervisibility	0x005ae958	static	0x8	4	read	scalar	1
resetplayervisibility	0x005ae958	static	0x1c	0	read	scalar	1
resetplayervisibility	0x005ae958	static	0x24	4	read	scalar	2
resetplayervisibility	0x005ae958	static	0x34	4	read	scalar	2
resetplayervisibility	0x005ae958	static	0x40	4	read	scalar	2
resetplayervisibility	0x005ae958	static	0x48	2	read	scalar	1
resetplayervisibility	0x005ae958	static	0x48	4	read	scalar	2
resetplayervisibility	0x005ae958	static	0x4c	4	read	scalar	1
resetplayervisibility	0x005ae958	static	0x50	4	read	scalar	2
resetplayervisibility	0x005ae958	static	0x54	4	read	scalar	1
resetplayervisibility	0x005ae958	static	0x58	4	read	scalar	1
resetplayervisibility	0x005ae958	static	0x5c	4	read	scalar	1
resetplayervisibility	0x005ae958	static	0x60	4	read	scalar	1
resetplayervisibility	0x005ae958	static	0x64	4	read	scalar	1
resetplayervisibility	0x005ae958	static	0x68	4	read	scalar	1
resetplayervisibility	0x005ae958	static	0x6c	4	read	scalar	2
resettooltip	0x005a9e04	static	0xc	0	read	scalar	1
resettooltip	0x005a9e04	static	0x20	4	read	scalar	2
resettooltip	0x005a9e04	static	0x24	4	read	scalar	2
resettooltip	0x005a9e04	static	0x28	4	read	scalar	2
resettooltip	0x005a9e04	static	0x2c	4	read	scalar	2
resettooltip	0x005a9e04	static	0x30	4	write	scalar	1
resettooltip	0x005a9e04	static	0x34	4	write	scalar	1
resettooltip	0x005a9e04	static	0x38	4	write	scalar	1
resettooltip	0x005a9e04	static	0x70	0	read	scalar	1
resettooltip	0x005a9e04	static	0x90	4	read	scalar	2
resettooltip	0x005a9e04	static	0x98	4	read	scalar	2
resettooltip	0x005a9e04	static	0x9c	4	read	scalar	2
resettooltip	0x005a9e04	static	0xa0	4	read	scalar	2
resettooltip	0x005a9e04	static	0xa4	4	read	scalar	2
resetvisibility	0x005ae958	static	0x4	4	read	scalar	1
resetvisibility	0x005ae958	static	0x8	4	read	scalar	1
resetvisibility	0x005ae958	static	0x1c	0	read	scalar	1
resetvisibility	0x005ae958	static	0x24	4	read	scalar	2
resetvisibility	0x005ae958	static	0x34	4	read	scalar	2
resetvisibility	0x005ae958	static	0x40	4	read	scalar	2
resetvisibility	0x005ae958	static	0x48	2	read	scalar	1
resetvisibility	0x005ae958	static	0x48	4	read	scalar	2
resetvisibility	0x005ae958	static	0x4c	4	read	scalar	1
resetvisibility	0x005ae958	static	0x50	4	read	scalar	2
resetvisibility	0x005ae958	static	0x54	4	read	scalar	1
resetvisibility	0x005ae958	static	0x58	4	read	scalar	1
resetvisibility	0x005ae958	static	0x5c	4	read	scalar	1
resetvisibility	0x005ae958	static	0x60	4	read	scalar	1
resetvisibility	0x005ae958	static	0x64	4	read	scalar	1
resetvisibility	0x005ae958	static	0x68	4	read	scalar	1
resetvisibility	0x005ae958	static	0x6c	4	read	scalar	2
restore	0x00584ae8	static	0x684	4	read	scalar	1
restorehealth	0x005a7b78	indirect	0x54	4	read	scalar	1
restorehealth	0x005a7b78	indirect	0x60	4	read	scalar	1
restorehealth	0x005a7b78	indirect	0x6c	4	read	scalar	2
restorehealth	0x005a7b78	indirect	0x70	4	read	scalar	1
restorehealth	0x005a7b78	indirect	0x90	4	read	scalar	2
restorehealth	0x005a7b78	indirect	0x90	4	write	scalar	2
restorehealth	0x005a7b78	indirect	0x94	4	read	scalar	2
restorehealth	0x005a7b78	indirect	0x98	4	read	scalar	2
restorehealth	0x005a7b78	indirect	0xa4	4	read	scalar	2
restorehealth	0x005a7b78	indirect	0xa4	4	write	scalar	2
restorehealth	0x005a7b78	indirect	0xa8	0	read	indexed	2
restorehealth	0x005a7b78	indirect	0xa8	4	read	indexed	2
restorehealth	0x005a7b78	indirect	0xa8	4	write	indexed	1
restorehealth	0x005a7b78	indirect	0xac	4	read	indexed	2
restorehealth	0x005a7b78	indirect	0xac	4	write	indexed	1
restorehealth	0x005a7b78	indirect	0x3c4	4	write	indexed	2
restorehealth	0x005a7b78	indirect	0x3c8	0	read	indexed	2
restorehealth	0x005a7b78	indirect	0x3c8	4	read	indexed	2
restorehealth	0x005a7b78	indirect	0x558	4	read	scalar	1
restorehealth	0x005a7b78	indirect	0x558	4	write	scalar	1
restorehealth	0x005a7b78	indirect	0x880	0	read	scalar	2
restorehealth	0x005a7b78	indirect	0x880	1	write	scalar	2
restorehealth	0x005a7b78	indirect	0x984	0	read	scalar	2
restorehealth	0x005a7b78	indirect	0xa4b	1	write	scalar	2
restorehealth	0x005a7b78	indirect	0xa4c	4	write	scalar	2
restorehealth	0x005a7b78	indirect	0xa50	4	write	scalar	2
restorehealth	0x005a7b78	indirect	0xa54	4	write	scalar	2
restorehealth	0x005a7b78	indirect	0xa58	4	write	scalar	2
restorehealth	0x005a7b78	indirect	0xa5c	4	write	scalar	2
restorehealth	0x005a7b78	indirect	0xa60	4	read	scalar	2
restorehealth	0x005a7b78	indirect	0xa60	4	write	scalar	2
restorehealth	0x005a7b78	indirect	0xa64	4	read	scalar	2
restorehealth	0x005a7b78	indirect	0xa64	4	write	scalar	2
rotatemap	0x00584ae8	static	0x278	0	read	scalar	2
rotatemap	0x00584ae8	static	0x680	4	read	scalar	1
rotatemap	0x00584ae8	static	0x684	4	read	scalar	1
rotatemap	0x00584ae8	static	0x688	4	read	scalar	1
rotatemap	0x00584ae8	static	0x68c	4	read	scalar	1
rotatemap	0x00584ae8	static	0x2be4	4	read	scalar	2
rotatemap	0x00584ae8	static	0x2bec	4	read	scalar	1
rotatemap	0x005876d0	static	0x0	4	read	scalar	1
rotatemap	0x005876d0	static	0x50	4	write	scalar	1
rotatemap	0x005876d0	static	0x124	4	write	scalar	1
rotatemap	0x005876d0	static	0x128	4	write	scalar	1
rotatemap	0x005876d0	static	0x134	4	write	scalar	1
rotatemap	0x005876d0	static	0x138	4	write	scalar	1
rotatemap	0x005876d0	static	0x14c	4	write	scalar	1
rotatemap	0x005876d0	static	0x160	4	write	scalar	1
rotatemap	0x005876d0	static	0x1a4	4	read	scalar	2
rotatemap	0x005876d0	static	0x1a4	4	write	scalar	1
rotatemap	0x005876d0	static	0x1a8	4	read	scalar	2
rotatemap	0x005876d0	static	0x1a8	4	write	scalar	1
rotatemap	0x005876d0	static	0x1ac	4	read	scalar	2
rotatemap	0x005876d0	static	0x1ac	4	write	scalar	1
rotatemap	0x005876d0	static	0x1b0	4	write	scalar	2
rotatemap	0x005876d0	static	0x1b4	4	write	scalar	2
rotatemap	0x005876d0	static	0x1ec	4	read	scalar	2
rotatemap	0x005876d0	static	0x1f0	4	read	scalar	2
rotatemap	0x005876d0	static	0x1fc	4	write	scalar	2
rotatemap	0x005876d0	static	0x200	4	write	scalar	2
rotatemap	0x005ae8e8	static	0x0	4	read	scalar	1
rotatemap	0x005ae8e8	static	0x4	4	read	scalar	1
rotatemap	0x005ae8e8	static	0x8	4	read	scalar	1
rotatemap	0x005ae8e8	static	0xc	4	read	scalar	1
rotatemap	0x005ae8e8	static	0x10	4	read	scalar	1
rotatemap	0x005ae8e8	static	0x18	4	read	scalar	1
rotatemap	0x005ae8e8	static	0x1c	4	read	scalar	1
rotatemap	0x005ae958	static	0x1c	0	read	scalar	1
rotatemap	0x005ae958	static	0x24	4	read	scalar	2
rotatemap	0x005ae958	static	0x28	4	read	scalar	2
rotatemap	0x005ae958	static	0x30	4	read	scalar	2
rotatemap	0x005ae958	static	0x30	4	write	scalar	2
rotatemap	0x005ae958	static	0x34	4	read	scalar	2
rotatemap	0x005ae958	static	0x40	4	read	scalar	2
rotatemap	0x005ae958	static	0x2e0	4	read	scalar	1
rotatemap	0x005ae958	static	0x2e0	4	write	scalar	1
rotatemap	0x005ae958	static	0x2e4	4	write	scalar	1
rotatemap	0x005ae974	static	0x8	4	read	scalar	1
rotatemap	0x005ae974	static	0x18	4	read	scalar	1
rotatex	0x00584ae8	static	0x278	0	read	scalar	2
rotatex	0x00584ae8	static	0x680	4	read	scalar	1
rotatex	0x00584ae8	static	0x684	4	read	scalar	1
rotatex	0x00584ae8	static	0x688	4	read	scalar	1
rotatex	0x00584ae8	static	0x68c	4	read	scalar	1
rotatex	0x00584ae8	static	0x2be4	4	read	scalar	2
rotatex	0x00584ae8	static	0x2bec	4	read	scalar	1
rotatex	0x005876d0	static	0x0	4	read	scalar	1
rotatex	0x005876d0	static	0x48	4	write	scalar	1
rotatex	0x005876d0	static	0xa4	4	write	scalar	1
rotatex	0x005876d0	static	0xb8	4	write	scalar	1
rotatex	0x005876d0	static	0xbc	4	write	scalar	1
rotatex	0x005876d0	static	0xc8	4	write	scalar	1
rotatex	0x005876d0	static	0xcc	4	write	scalar	1
rotatex	0x005876d0	static	0xe0	4	write	scalar	1
rotatex	0x005ae958	static	0x1c	0	read	scalar	1
rotatex	0x005ae958	static	0x24	4	read	scalar	2
rotatex	0x005ae958	static	0x28	4	read	scalar	2
rotatex	0x005ae958	static	0x30	4	read	scalar	2
rotatex	0x005ae958	static	0x30	4	write	scalar	2
rotatex	0x005ae958	static	0x34	4	read	scalar	2
rotatex	0x005ae958	static	0x40	4	read	scalar	2
rotatey	0x00584ae8	static	0x278	0	read	scalar	2
rotatey	0x00584ae8	static	0x680	4	read	scalar	1
rotatey	0x00584ae8	static	0x684	4	read	scalar	1
rotatey	0x00584ae8	static	0x688	4	read	scalar	1
rotatey	0x00584ae8	static	0x68c	4	read	scalar	1
rotatey	0x00584ae8	static	0x2be4	4	read	scalar	2
rotatey	0x00584ae8	static	0x2bec	4	read	scalar	1
rotatey	0x005876d0	static	0x0	4	read	scalar	1
rotatey	0x005876d0	static	0x4c	4	write	scalar	1
rotatey	0x005876d0	static	0xe4	4	write	scalar	1
rotatey	0x005876d0	static	0xec	4	write	scalar	1
rotatey	0x005876d0	static	0xf8	4	write	scalar	1
rotatey	0x005876d0	static	0x104	4	write	scalar	1
rotatey	0x005876d0	static	0x10c	4	write	scalar	1
rotatey	0x005876d0	static	0x120	4	write	scalar	1
rotatey	0x005ae958	static	0x1c	0	read	scalar	1
rotatey	0x005ae958	static	0x24	4	read	scalar	2
rotatey	0x005ae958	static	0x28	4	read	scalar	2
rotatey	0x005ae958	static	0x30	4	read	scalar	2
rotatey	0x005ae958	static	0x30	4	write	scalar	2
rotatey	0x005ae958	static	0x34	4	read	scalar	2
rotatey	0x005ae958	static	0x40	4	read	scalar	2
rotatez	0x00584ae8	static	0x278	0	read	scalar	2
rotatez	0x00584ae8	static	0x680	4	read	scalar	1
rotatez	0x00584ae8	static	0x684	4	read	scalar	1
rotatez	0x00584ae8	static	0x688	4	read	scalar	1
rotatez	0x00584ae8	static	0x68c	4	read	scalar	1
rotatez	0x00584ae8	static	0x2be4	4	read	scalar	2
rotatez	0x00584ae8	static	0x2bec	4	read	scalar	1
rotatez	0x005876d0	static	0x0	4	read	scalar	1
rotatez	0x005876d0	static	0x50	4	write	scalar	1
rotatez	0x005876d0	static	0x124	4	write	scalar	1
rotatez	0x005876d0	static	0x128	4	write	scalar	1
rotatez	0x005876d0	static	0x134	4	write	scalar	1
rotatez	0x005876d0	static	0x138	4	write	scalar	1
rotatez	0x005876d0	static	0x14c	4	write	scalar	1
rotatez	0x005876d0	static	0x160	4	write	scalar	1
rotatez	0x005ae958	static	0x1c	0	read	scalar	1
rotatez	0x005ae958	static	0x24	4	read	scalar	2
rotatez	0x005ae958	static	0x28	4	read	scalar	2
rotatez	0x005ae958	static	0x30	4	read	scalar	2
rotatez	0x005ae958	static	0x30	4	write	scalar	2
rotatez	0x005ae958	static	0x34	4	read	scalar	2
rotatez	0x005ae958	static	0x40	4	read	scalar	2
rotatez	0x005ae958	static	0x2e0	4	read	scalar	1
rotatez	0x005ae958	static	0x2e0	4	write	scalar	1
rotatez	0x005ae958	static	0x2e4	4	write	scalar	1
safemovetorefmap	0x00579458	static	0x40	4	read	scalar	1
safemovetorefmap	0x00579458	static	0x44	4	read	scalar	1
satellitegetstrongholdlevel	0x005aa12c	static	0x4828	4	read	scalar	1
savebmp	0x005a7b50	static	0x0	4	read	scalar	2
savebmp	0x005a7b50	static	0x4	4	read	scalar	2
saveconfig	0x005aa12c	static	0x8	0	read	scalar	1
saveconfig	0x005aa12c	static	0x28	0	read	scalar	1
saveconfig	0x005aa12c	static	0xc8	0	read	scalar	1
saveconfig	0x005aa12c	static	0xc8	4	read	scalar	1
saveconfig	0x005aa12c	static	0xcc	4	read	scalar	1
savedefaultarmy	0x005869f4	static	0x0	4	read	scalar	0
savedefaultarmy	0x005869f4	static	0x4c	0	read	scalar	0
savedefaultarmy	0x005869f4	static	0x50	0	read	scalar	0
savedefaultarmy	0x005869f4	static	0x54	0	read	scalar	0
savedefaultarmy	0x005869f4	static	0x58	0	read	scalar	0
savegame	0x005aa12c	static	0x0	0	read	indexed	1
savegame	0x005aa12c	static	0x8c	4	read	scalar	1
savegame	0x005aa12c	static	0x8c	4	write	scalar	1
savegame	0x005aa12c	static	0xa4	4	read	scalar	1
savegame	0x005aa12c	static	0x520	0	read	scalar	1
savegame	0x005aa12c	static	0x54d	1	write	scalar	1
savegame	0x005aa12c	static	0x54e	1	read	scalar	1
savegame	0x005aa12c	static	0x54f	1	read	scalar	1
savegame	0x005aa12c	static	0x482c	0	read	scalar	1
savegame	0x005aa12c	static	0x4848	0	read	scalar	1
savegame	0x005aa12c	static	0x4850	4	read	scalar	2
savegame	0x005aa12c	static	0x4858	4	read	scalar	2
savegame	0x005aa12c	static	0x486c	4	read	scalar	2
savegame	0x005aa12c	static	0x4880	4	read	scalar	2
savegame	0x005aa12c	static	0x4884	4	read	scalar	2
savegame	0x005aa12c	static	0x4888	0	read	scalar	2
savegame	0x005aa12c	static	0x488c	0	read	scalar	2
savegame	0x005aa12c	static	0x4890	4	read	scalar	2
savegame	0x005aa12c	static	0x4894	0	read	scalar	2
savegame	0x005aa12c	static	0x4894	4	read	scalar	2
savegame	0x005aa12c	static	0x4b34	0	read	scalar	1
savegame	0x005aa12c	static	0x4d4c	0	read	scalar	1
savegame	0x005aa12c	static	0x4d4c	4	read	scalar	2
savegame	0x005aa12c	static	0x4d60	0	read	scalar	1
savegame	0x005aa12c	static	0x4d60	4	read	scalar	2
savegame	0x005aa12c	static	0x4d74	0	read	scalar	1
savegame	0x005aa12c	static	0x4d74	4	read	scalar	2
savegame	0x005aa12c	static	0x4d84	0	read	scalar	1
savegame	0x005aa12c	static	0x4d84	4	read	scalar	2
savegame	0x005aa12c	static	0x4d94	0	read	scalar	1
savegame	0x005aa12c	static	0x4d94	4	read	scalar	2
savegame	0x005aa12c	static	0x4da4	0	read	scalar	1
savegame	0x005aa12c	static	0x4da4	4	read	scalar	2
savegame	0x005aa12c	static	0x4db0	0	read	scalar	1
savegame	0x005aa12c	static	0x4db0	4	read	scalar	2
savegame	0x005aa12c	static	0x4db4	0	read	scalar	2
savegame	0x005aa12c	static	0x4db8	4	read	scalar	2
savegame	0x005aa12c	static	0x4dc4	0	read	scalar	1
savegame	0x005aa12c	static	0x4fb4	0	read	scalar	1
savegame	0x005aa12c	static	0x4fc8	0	read	scalar	1
savegame	0x005aa12c	static	0x4fcc	0	read	scalar	1
savegame	0x005aa12c	static	0x4fcc	4	read	indexed	1
savegame	0x005aa12c	static	0x5004	0	read	scalar	1
savegame	0x005aa12c	static	0x5008	0	read	scalar	1
savegame	0x005aa12c	static	0x5068	0	read	indexed	1
savegame	0x005aa12c	static	0x509c	0	read	scalar	2
savegame	0x005aa12c	static	0x50a4	0	read	scalar	2
savegame	0x005aa12c	static	0x50ac	0	read	scalar	2
savegame	0x005aa12c	static	0x50ac	0	read	indexed	1
savegame	0x005aa12c	static	0x50d0	0	read	scalar	2
savegame	0x005aa12c	static	0x5d64	0	read	scalar	2
savegame	0x005aa12c	static	0x5d78	0	read	scalar	2
savegame	0x005aa12c	static	0x5d8c	4	read	scalar	2
savegame	0x005aa12c	static	0x5d90	0	read	scalar	2
savegame	0x005aa12c	static	0x6610	0	read	scalar	2
savegame	0x005aa12c	static	0x6614	0	read	scalar	2
savegame	0x005aa12c	static	0x6618	0	read	scalar	2
savegame	0x005aa12c	static	0x6618	4	read	indexed	1
savegame	0x005aa12c	static	0x661c	0	read	scalar	2
savegame	0x005aa12c	static	0x6620	0	read	scalar	2
savegame	0x005aa12c	static	0x6620	4	read	indexed	1
savegame	0x005aa12c	static	0x6640	0	read	scalar	2
savegame	0x005aa12c	static	0x6640	4	read	indexed	1
savegame	0x005aa12c	static	0x6648	0	read	scalar	2
savegame	0x005aa12c	static	0x6ccc	0	read	scalar	2
savelbm	0x005a7b50	static	0x0	4	read	scalar	2
savelbm	0x005a7b50	static	0x4	4	read	scalar	2
savelevel	0x005ae958	static	0x1c	0	read	scalar	1
savemap	0x005ae958	static	0x54	4	read	scalar	2
savemap	0x005ae958	static	0x58	4	read	scalar	2
savemap	0x005ae958	static	0x5c	0	read	scalar	2
savemap	0x005ae958	static	0x60	0	read	scalar	2
savescenariomap	0x005aa12c	static	0x482c	0	read	scalar	1
savescenariomap	0x005aa12c	static	0x4848	0	read	scalar	1
savescenariomap	0x005aa12c	static	0x4850	4	read	scalar	2
savescenariomap	0x005aa12c	static	0x4858	4	read	scalar	2
savescenariomap	0x005aa12c	static	0x486c	4	read	scalar	2
savescenariomap	0x005aa12c	static	0x4880	4	read	scalar	2
savescenariomap	0x005aa12c	static	0x4884	4	read	scalar	2
savescenariomap	0x005aa12c	static	0x4888	0	read	scalar	2
savescenariomap	0x005aa12c	static	0x488c	0	read	scalar	2
savescenariomap	0x005aa12c	static	0x4b34	0	read	scalar	1
savescriptwindow	0x00584d60	static	0x0	4	read	scalar	1
savespecialmap	0x005aa12c	static	0x482c	0	read	scalar	1
savespecialmap	0x005aa12c	static	0x4848	0	read	scalar	1
savespecialmap	0x005aa12c	static	0x4850	4	read	scalar	2
savespecialmap	0x005aa12c	static	0x4858	4	read	scalar	2
savespecialmap	0x005aa12c	static	0x486c	4	read	scalar	2
savespecialmap	0x005aa12c	static	0x4880	4	read	scalar	2
savespecialmap	0x005aa12c	static	0x4884	4	read	scalar	2
savespecialmap	0x005aa12c	static	0x4888	0	read	scalar	2
savespecialmap	0x005aa12c	static	0x488c	0	read	scalar	2
savespecialmap	0x005aa12c	static	0x4b34	0	read	scalar	1
savevirtualarmy	0x005869f4	static	0x0	4	read	scalar	1
savevirtualarmy	0x005869f4	static	0x38	0	read	scalar	1
savevirtualarmy	0x005869f4	static	0x40	0	read	scalar	1
savevirtualarmy	0x005869f4	static	0x44	0	read	scalar	1
savevirtualarmy	0x005869f4	static	0x4c	0	read	scalar	1
savevirtualarmy	0x005869f4	static	0x50	0	read	scalar	1
savevirtualarmy	0x005869f4	static	0x54	0	read	scalar	1
savevirtualarmy	0x005869f4	static	0x58	0	read	scalar	1
savevirtualarmy	0x005869f4	static	0x2f8	0	read	scalar	1
scale	0x005876d0	static	0x0	4	read	scalar	1
scale	0x005876d0	static	0x54	4	read	scalar	1
scale	0x005876d0	static	0x54	4	write	scalar	1
scale	0x005876d0	static	0x64	4	write	scalar	1
scale	0x005876d0	static	0x78	4	write	scalar	1
scale	0x005876d0	static	0x164	0	read	scalar	2
scale	0x005876d0	static	0x1a4	4	read	scalar	2
scale	0x005876d0	static	0x1a4	4	write	scalar	1
scale	0x005876d0	static	0x1a8	4	read	scalar	2
scale	0x005876d0	static	0x1a8	4	write	scalar	1
scale	0x005876d0	static	0x1b0	4	write	scalar	2
scale	0x005876d0	static	0x1b4	4	write	scalar	2
scale	0x005876d0	static	0x1ec	4	read	scalar	2
scale	0x005876d0	static	0x1f0	4	read	scalar	2
scale	0x005876d0	static	0x1fc	4	write	scalar	2
scale	0x005876d0	static	0x200	4	write	scalar	2
scale	0x005876d0	static	0x22c	4	write	scalar	2
scale	0x005876d0	static	0x230	4	write	scalar	2
scale	0x005876d0	static	0x234	4	read	scalar	2
scale	0x005876d0	static	0x234	4	write	scalar	2
scale	0x005876d0	static	0x238	4	read	scalar	2
scale	0x005876d0	static	0x238	4	write	scalar	2
scale	0x005876d0	static	0x23c	4	read	scalar	2
scale	0x005876d0	static	0x23c	4	write	scalar	2
scale	0x005876d0	static	0x240	4	write	scalar	2
scale	0x005876d0	static	0x244	4	write	scalar	2
scale	0x005876d0	static	0x248	4	write	scalar	2
scale	0x005876d0	static	0x250	4	write	scalar	2
scale	0x005876d0	static	0x254	4	write	scalar	2
scale	0x005876d0	static	0x258	4	read	scalar	2
scale	0x005876d0	static	0x258	4	write	scalar	2
scale	0x005876d0	static	0x25c	4	read	scalar	2
scale	0x005876d0	static	0x25c	4	write	scalar	2
scale	0x005876d0	static	0x260	4	read	scalar	2
scale	0x005876d0	static	0x260	4	write	scalar	2
scale	0x005876d0	static	0x264	4	write	scalar	2
scale	0x005876d0	static	0x268	4	write	scalar	2
scale	0x005876d0	static	0x26c	4	write	scalar	2
scale	0x005ae958	static	0x1c	0	read	scalar	1
scale	0x005ae958	static	0x24	4	read	scalar	2
scale	0x005ae958	static	0x28	4	read	scalar	2
scale	0x005ae958	static	0x30	4	read	scalar	2
scale	0x005ae958	static	0x30	4	write	scalar	2
scale	0x005ae958	static	0x34	4	read	scalar	2
scale	0x005ae958	static	0x40	4	read	scalar	2
scanforplaceholders	0x005aa12c	static	0x482c	0	read	scalar	1
scanforplaceholders	0x005aa12c	static	0x4848	0	read	scalar	1
scanforplaceholders	0x005aa12c	static	0x484c	4	write	scalar	2
screencapture	0x00584ae8	static	0x684	4	read	scalar	1
scrollmap	0x00584ae8	static	0x2bec	1	read	scalar	1
scrollmap	0x00584ae8	static	0x2bec	4	write	scalar	1
scrollmap	0x00584ae8	static	0x2dfc	4	read	scalar	1
scrollmap	0x005876d0	static	0x1a4	4	read	scalar	2
scrollmap	0x005876d0	static	0x1a4	4	write	scalar	2
scrollmap	0x005876d0	static	0x1a8	4	read	scalar	2
scrollmap	0x005876d0	static	0x1a8	4	write	scalar	2
scrollmap	0x005876d0	static	0x1b8	0	read	scalar	1
scrollmap	0x005876d0	static	0x1b8	4	read	scalar	1
scrollmap	0x005876d0	static	0x1bc	4	read	scalar	1
scrollmap	0x005876d0	static	0x1c0	4	read	scalar	1
scrollmap	0x005876d0	static	0x1c4	4	read	scalar	1
scrollmap	0x005876d0	static	0x1c8	0	read	scalar	1
scrollmap	0x005876d0	static	0x1c8	4	read	scalar	1
scrollmap	0x005876d0	static	0x1cc	4	read	scalar	1
scrollmap	0x005876d0	static	0x1d0	4	read	scalar	1
scrollmap	0x005876d0	static	0x1d4	4	read	scalar	1
scrollmap	0x005876d0	static	0x1d8	4	read	scalar	1
scrollmap	0x005876d0	static	0x1dc	4	read	scalar	2
scrollmap	0x005876d0	static	0x1e4	4	write	scalar	1
scrollmap	0x005876d0	static	0x1e8	4	write	scalar	1
scrollmap	0x005876d0	static	0x1ec	4	read	scalar	2
scrollmap	0x005876d0	static	0x1fc	4	read	scalar	1
scrollmap	0x005876d0	static	0x1fc	4	write	scalar	2
scrollmap	0x005876d0	static	0x200	4	read	scalar	1
scrollmap	0x005876d0	static	0x200	4	write	scalar	2
scrollmap	0x005876d0	static	0x204	4	write	scalar	1
scrollmap	0x005876d0	static	0x208	4	write	scalar	1
scrollmap	0x005876d0	static	0x20c	4	write	scalar	1
scrollmap	0x005876d0	static	0x214	4	write	scalar	1
scrollmap	0x005876d0	static	0x218	4	read	scalar	2
scrollmap	0x005876d0	static	0x220	4	read	scalar	2
scrollmap	0x005876d0	static	0x22c	4	read	indexed	2
scrollmap	0x005876d0	static	0x250	0	read	scalar	2
scrollmap	0x005876d0	static	0x250	4	read	scalar	2
scrollmap	0x005876d0	static	0x250	4	read	indexed	2
select_new_play	0x005a7b78	indirect	0x54	4	read	scalar	1
select_new_play	0x005a7b78	indirect	0x60	4	read	scalar	1
select_new_play	0x005a7b78	indirect	0x6c	4	read	scalar	2
select_new_play	0x005a7b78	indirect	0x70	4	read	scalar	1
select_new_play	0x005a7b78	indirect	0x90	4	read	scalar	2
select_new_play	0x005a7b78	indirect	0x90	4	write	scalar	2
select_new_play	0x005a7b78	indirect	0x94	4	read	scalar	2
select_new_play	0x005a7b78	indirect	0x98	4	read	scalar	2
select_new_play	0x005a7b78	indirect	0xa4	4	read	scalar	2
select_new_play	0x005a7b78	indirect	0xa4	4	write	scalar	2
select_new_play	0x005a7b78	indirect	0xa8	0	read	indexed	2
select_new_play	0x005a7b78	indirect	0xa8	4	read	indexed	2
select_new_play	0x005a7b78	indirect	0xa8	4	write	indexed	1
select_new_play	0x005a7b78	indirect	0xac	4	read	indexed	2
select_new_play	0x005a7b78	indirect	0xac	4	write	indexed	1
select_new_play	0x005a7b78	indirect	0x3c4	4	write	indexed	2
select_new_play	0x005a7b78	indirect	0x3c8	0	read	indexed	2
select_new_play	0x005a7b78	indirect	0x3c8	4	read	indexed	2
select_new_play	0x005a7b78	indirect	0x558	4	read	scalar	1
select_new_play	0x005a7b78	indirect	0x558	4	write	scalar	1
select_new_play	0x005a7b78	indirect	0x880	0	read	scalar	2
select_new_play	0x005a7b78	indirect	0x880	1	write	scalar	2
select_new_play	0x005a7b78	indirect	0x984	0	read	scalar	2
select_new_play	0x005a7b78	indirect	0xa4b	1	write	scalar	2
select_new_play	0x005a7b78	indirect	0xa4c	4	write	scalar	2
select_new_play	0x005a7b78	indirect	0xa50	4	write	scalar	2
select_new_play	0x005a7b78	indirect	0xa54	4	write	scalar	2
select_new_play	0x005a7b78	indirect	0xa58	4	write	scalar	2
select_new_play	0x005a7b78	indirect	0xa5c	4	write	scalar	2
select_new_play	0x005a7b78	indirect	0xa60	4	read	scalar	2
select_new_play	0x005a7b78	indirect	0xa60	4	write	scalar	2
select_new_play	0x005a7b78	indirect	0xa64	4	read	scalar	2
select_new_play	0x005a7b78	indirect	0xa64	4	write	scalar	2
selectarmy	0x005ae958	static	0x64	4	read	scalar	1
selectarmy	0x005ae958	static	0x6c	4	read	scalar	1
selectarmy	0x005ae958	static	0x70	4	read	scalar	1
selectionbox	0x005a7b50	static	0x0	4	read	scalar	2
selectionbox	0x005a7b50	static	0x4	4	read	scalar	2
selectprovider	0x005d1e84	indirect	0x0	4	read	scalar	0
sendchatmessage	0x005aa12c	static	0x130	4	read	scalar	1
sendchatmessage	0x005aa12c	static	0x134	4	read	scalar	1
sendoptionsmessage	0x005aa12c	static	0x520	0	read	scalar	1
set_show_completed_quests	0x005aa12c	static	0x8	0	read	scalar	1
set_show_completed_quests	0x005aa12c	static	0x28	0	read	scalar	1
set_show_completed_quests	0x005aa12c	static	0xc8	0	read	scalar	1
set_show_completed_quests	0x005aa12c	static	0xc8	4	read	scalar	1
set_show_completed_quests	0x005aa12c	static	0xcc	4	read	scalar	1
setambientvolume	0x00585408	static	0x780	4	read	scalar	1
setambientvolume	0x00585408	static	0x780	4	write	scalar	2
setambientvolume	0x00585408	static	0x784	4	read	scalar	2
setambientvolume	0x00585408	static	0x784	4	write	scalar	2
setambientvolume	0x00585408	static	0x1374	4	write	scalar	1
setambientvolume	0x00585408	static	0x13b4	4	read	scalar	1
setambientvolume	0x005ae958	static	0x54	4	read	scalar	2
setambientvolume	0x005ae958	static	0x5c	4	read	scalar	1
setambientvolume	0x005ae958	static	0x60	4	read	scalar	1
setambientvolume	0x005ae958	static	0xd8	0	read	scalar	1
setambientvolume	0x005ae958	static	0xf0	4	read	scalar	2
setambientvolume	0x005ae958	static	0x104	4	read	scalar	2
setbargraph	0x005a7b50	static	0x0	4	read	scalar	2
setbargraph	0x005a7b50	static	0x4	4	read	scalar	2
setbargraphdata	0x005a7b50	static	0x0	4	read	scalar	2
setbargraphdata	0x005a7b50	static	0x4	4	read	scalar	2
setbarterslot	0x00584cd4	static	0x8	4	read	scalar	2
setbarterslot	0x00584cd4	static	0x28	0	read	indexed	2
setbuildingposition	0x005cd310	static	0x4	4	read	scalar	2
setbuildingposition	0x005cd310	static	0x8	4	read	scalar	2
setbuildingrequirements	0x005cd31c	static	0x0	4	read	scalar	1
setbuildingrequirements	0x005cd31c	static	0x4	4	read	scalar	1
setbuildingrequirements	0x005cd31c	static	0x4	4	write	scalar	1
setbuildingrequirements	0x005cd31c	static	0x8	4	read	scalar	1
setbuttonnofeedback	0x005a7b50	static	0x0	4	read	scalar	2
setbuttonnofeedback	0x005a7b50	static	0x4	4	read	scalar	2
setbuttonrepeat	0x005a7b50	static	0x0	4	read	scalar	2
setbuttonrepeat	0x005a7b50	static	0x4	4	read	scalar	2
setbuttonsound	0x005a7b50	static	0x0	4	read	scalar	2
setbuttonsound	0x005a7b50	static	0x4	4	read	scalar	2
setbuttonstaydown	0x005a7b50	static	0x0	4	read	scalar	2
setbuttonstaydown	0x005a7b50	static	0x4	4	read	scalar	2
setbuttonsticker	0x005a7b50	static	0x0	4	read	scalar	2
setbuttonsticker	0x005a7b50	static	0x4	4	read	scalar	2
setchampionbrain	0x005aeed0	static	0x0	4	read	scalar	1
setchampionbrain	0x005aeed0	static	0x0	4	write	scalar	1
setchampionbrain	0x005aeed0	static	0x4	4	read	scalar	2
setchampionbrain	0x005aeed0	static	0x4	4	write	scalar	2
setchampionbrainarg	0x005aeed0	static	0x0	4	read	scalar	1
setchampionbrainavailable	0x005aeed0	static	0x0	4	read	scalar	1
setchatfont	0x005a7b50	static	0x0	4	read	scalar	2
setchatfont	0x005a7b50	static	0x4	4	read	scalar	2
setcitybuilding	0x005ae94c	indirect	0x28	4	read	scalar	0
setcitybuildingdata	0x005ae94c	indirect	0x28	4	read	scalar	0
setcitychildoffsets	0x005564e0	static	0x0	4	write	scalar	0
setcitychildoffsets	0x005564e0	static	0x4	4	write	scalar	0
setcitydata	0x005aa12c	static	0x4820	4	read	scalar	1
setcitywallpieces	0x005ae8e8	static	0x0	4	write	scalar	1
setcitywallpieces	0x005ae8e8	static	0x4	4	write	scalar	1
setcitywallpieces	0x005ae8e8	static	0x8	4	write	scalar	1
setcitywallpieces	0x005ae8e8	static	0xc	4	write	scalar	1
setcitywallpieces	0x005ae8e8	static	0x10	4	write	scalar	1
setcomputername	0x005d1e84	indirect	0xd4	4	read	scalar	1
setcomputername	0x005d1e84	indirect	0x104	0	read	scalar	1
setcomputername	0x005d1e84	indirect	0x11b	1	write	scalar	1
setconfusedimage	0x005a7b50	static	0x0	4	read	scalar	2
setconfusedimage	0x005a7b50	static	0x4	4	read	scalar	2
setcontainerdata	0x005a7b50	static	0x0	4	read	scalar	2
setcontainerdata	0x005a7b50	static	0x4	4	read	scalar	2
setcontaineroutlinewidth	0x005a7b50	static	0x0	4	read	scalar	2
setcontaineroutlinewidth	0x005a7b50	static	0x4	4	read	scalar	2
setcontainerselectedoutlinecolor	0x00584ae8	static	0x904	4	read	scalar	1
setcontainerselectedoutlinecolor	0x00584ae8	static	0x908	1	read	scalar	1
setcontainerselectedoutlinecolor	0x00584ae8	static	0x90c	4	read	scalar	1
setcontainerselectedoutlinecolor	0x00584ae8	static	0x910	1	read	scalar	1
setcontainerselectedoutlinecolor	0x00584ae8	static	0x914	4	read	scalar	1
setcontainerselectedoutlinecolor	0x00584ae8	static	0x918	1	read	scalar	1
setcontainerselectedoutlinecolor	0x005a7b50	static	0x0	4	read	scalar	2
setcontainerselectedoutlinecolor	0x005a7b50	static	0x4	4	read	scalar	2
setcursortype	0x005a9e04	static	0xe8	4	read	scalar	1
setcursortype	0x005a9e04	static	0xe8	4	write	scalar	1
setcursortype	0x005a9e04	static	0xec	4	read	scalar	2
setcursortype	0x005a9e04	static	0xf0	4	read	scalar	2
setcursortype	0x005a9e04	static	0x16c	4	read	scalar	1
setcursortype	0x005a9e04	static	0x16c	4	write	scalar	1
setcursortype	0x005a9e04	static	0x170	4	read	scalar	1
setcursortype	0x005a9e04	static	0x178	4	read	scalar	1
setcursortype	0x005a9e04	static	0x178	4	write	scalar	1
setdetectthiefimage	0x005a7b50	static	0x0	4	read	scalar	2
setdetectthiefimage	0x005a7b50	static	0x4	4	read	scalar	2
setdoodadheight	0x005a7b50	static	0x0	4	read	scalar	2
setdoodadheight	0x005a7b50	static	0x4	4	read	scalar	2
setdoodadinfo	0x005a7b50	static	0x0	4	read	scalar	2
setdoodadinfo	0x005a7b50	static	0x4	4	read	scalar	2
setdoodadwidth	0x005a7b50	static	0x0	4	read	scalar	2
setdoodadwidth	0x005a7b50	static	0x4	4	read	scalar	2
seteditboxfont	0x005a7b50	static	0x0	4	read	scalar	2
seteditboxfont	0x005a7b50	static	0x4	4	read	scalar	2
seteditboxtext	0x005a7b50	static	0x0	4	read	scalar	2
seteditboxtext	0x005a7b50	static	0x4	4	read	scalar	2
seteditlength	0x005a7b50	static	0x0	4	read	scalar	2
seteditlength	0x005a7b50	static	0x4	4	read	scalar	2
seteditscrolldelay	0x005a7b50	static	0x0	4	read	scalar	2
seteditscrolldelay	0x005a7b50	static	0x4	4	read	scalar	2
seteditscrolltick	0x005a7b50	static	0x0	4	read	scalar	2
seteditscrolltick	0x005a7b50	static	0x4	4	read	scalar	2
setelevation	0x005ae958	static	0xc	4	read	scalar	1
setelevation	0x005ae958	static	0x44	4	read	scalar	2
setelevation	0x005ae958	static	0x54	4	read	scalar	1
setelevation	0x005ae958	static	0x5c	4	read	scalar	1
setelevation	0x005ae958	static	0x60	4	read	scalar	1
setelevation	0x005ae958	static	0xd8	0	read	scalar	2
setelevation	0x005ae958	static	0xd8	4	read	scalar	2
setelevation	0x005ae958	static	0xec	4	read	scalar	2
setelevation	0x005ae958	static	0xf8	4	read	scalar	2
setexplored	0x005ae958	static	0x64	4	read	scalar	1
setformation	0x005787b8	static	0x0	4	read	scalar	1
setformation	0x005787b8	static	0x4	4	read	scalar	1
setgatepieces	0x005ae8e8	static	0x14	4	write	scalar	1
setgatepieces	0x005ae8e8	static	0x18	4	write	scalar	1
setgatepieces	0x005ae8e8	static	0x1c	4	write	scalar	1
setgridflag	0x005ae958	static	0x64	4	read	scalar	1
setgridflag	0x005ae958	static	0x6c	4	read	scalar	1
sethighlightcolor	0x00584ae8	static	0x904	4	read	scalar	1
sethighlightcolor	0x00584ae8	static	0x908	1	read	scalar	1
sethighlightcolor	0x00584ae8	static	0x90c	4	read	scalar	1
sethighlightcolor	0x00584ae8	static	0x910	1	read	scalar	1
sethighlightcolor	0x00584ae8	static	0x914	4	read	scalar	1
sethighlightcolor	0x00584ae8	static	0x918	1	read	scalar	1
setimpplayeraction	0x005a7b50	static	0x0	4	read	scalar	2
setimpplayeraction	0x005a7b50	static	0x4	4	read	scalar	2
setimpplayerdirection	0x005a7b50	static	0x0	4	read	scalar	2
setimpplayerdirection	0x005a7b50	static	0x4	4	read	scalar	2
setimpplayerfacing	0x005a7b50	static	0x0	4	read	scalar	2
setimpplayerfacing	0x005a7b50	static	0x4	4	read	scalar	2
setimpplayerframe	0x005a7b50	static	0x0	4	read	scalar	2
setimpplayerframe	0x005a7b50	static	0x4	4	read	scalar	2
setimpplayerimp	0x005a7b50	static	0x0	4	read	scalar	2
setimpplayerimp	0x005a7b50	static	0x4	4	read	scalar	2
setlastaudiosettings	0x00585408	static	0x780	4	read	scalar	1
setlastaudiosettings	0x00585408	static	0x780	4	write	scalar	2
setlastaudiosettings	0x00585408	static	0x784	4	read	scalar	2
setlastaudiosettings	0x00585408	static	0x784	4	write	scalar	2
setlastaudiosettings	0x00585408	static	0xfb0	4	read	scalar	2
setlastaudiosettings	0x00585408	static	0xfc0	0	read	scalar	1
setlastaudiosettings	0x00585408	static	0xfc0	4	read	scalar	1
setlastaudiosettings	0x00585408	static	0xfc0	4	write	scalar	2
setlastaudiosettings	0x00585408	static	0xfc4	4	read	scalar	2
setlastaudiosettings	0x00585408	static	0xfc4	4	write	scalar	2
setlastaudiosettings	0x00585408	static	0x1368	4	write	scalar	1
setlastaudiosettings	0x00585408	static	0x136c	4	write	scalar	1
setlastaudiosettings	0x00585408	static	0x1370	4	write	scalar	1
setlastaudiosettings	0x00585408	static	0x1374	4	write	scalar	1
setlastaudiosettings	0x00585408	static	0x13b4	4	read	scalar	1
setlineofsite	0x00584ae8	static	0x0	4	write	indexed	1
setmapretreatimp	0x0055cb50	static	0x0	4	write	scalar	0
setmaxartifacttypes	0x005cd340	static	0x0	4	write	scalar	1
setmaxartifacttypes	0x005cd340	static	0x4	4	write	scalar	1
setmaxartifacttypes	0x005cd340	static	0x8	4	read	scalar	2
setmaxartifacttypes	0x005cd340	static	0x8	4	write	scalar	1
setmaxhotkeys	0x00584cc4	static	0x0	4	write	scalar	1
setmaxhotkeys	0x00584cc4	static	0x4	4	write	scalar	1
setmaxhotkeys	0x00584cc4	static	0x8	4	read	scalar	2
setmaxhotkeys	0x00584cc4	static	0x8	4	write	scalar	1
setmaxlightningbolts	0x00584ca8	static	0x0	4	write	scalar	1
setmaxlightningbolts	0x00584ca8	static	0x4	4	write	scalar	1
setmaxlightningbolts	0x00584ca8	static	0x18	4	read	scalar	2
setmaxlightningbolts	0x00584ca8	static	0x18	4	write	scalar	1
setmaxquesttypes	0x005cd2e0	static	0x0	4	write	scalar	1
setmaxquesttypes	0x005cd2e0	static	0x4	4	read	scalar	2
setmaxquesttypes	0x005cd2e0	static	0x4	4	write	scalar	1
setmaxquesttypes	0x005cd2e0	static	0x8	4	read	scalar	2
setmaxquesttypes	0x005cd2e0	static	0x8	4	write	scalar	1
setmaxsoundfx	0x005863bc	static	0x0	4	write	scalar	1
setmaxsoundfx	0x005863bc	static	0x4	4	write	scalar	1
setmaxsoundfx	0x005863bc	static	0x8	4	read	scalar	2
setmaxsoundfx	0x005863bc	static	0x8	4	write	scalar	1
setmultiscenarioname	0x005aa64c	static	0x0	4	write	scalar	1
setmultiscenarioname	0x005aa64c	static	0x4	1	write	scalar	1
setmultiscenarioname	0x005aa64c	static	0x5	0	read	scalar	1
setmultiscenarioname	0x005aa64c	static	0x5	4	write	scalar	1
setmultiscenarioname	0x005aa64c	static	0x9	1	write	scalar	1
setmultiscenarioname	0x005aa64c	static	0xa	0	read	scalar	1
setmultiscenarioname	0x005aa64c	static	0xa	4	write	scalar	1
setmultiscenarioname	0x005aa64c	static	0xe	1	write	scalar	1
setmultiscenarioname	0x005aa64c	static	0xf	0	read	scalar	1
setmultiscenarioname	0x005aa64c	static	0xf	4	write	scalar	1
setmultiscenarioname	0x005aa64c	static	0x13	1	write	scalar	1
setmultiscenarioname	0x005aa64c	static	0x14	0	read	scalar	1
setmultiscenarioname	0x005aa64c	static	0x14	4	write	scalar	1
setmultiscenarioname	0x005aa64c	static	0x18	1	write	scalar	1
setmultiscenarioname	0x005aa64c	static	0x19	0	read	scalar	1
setmultiscenarioname	0x005aa64c	static	0x19	4	write	scalar	1
setmultiscenarioname	0x005aa64c	static	0x1d	1	write	scalar	1
setmultiscenarioname	0x005aa64c	static	0x1e	0	read	scalar	1
setmultiscenarioname	0x005aa64c	static	0x1e	4	write	scalar	1
setmultiscenarioname	0x005aa64c	static	0x22	1	write	scalar	1
setmultiscenarioname	0x005aa64c	static	0x23	0	read	scalar	1
setmultiscenarioname	0x005aa64c	static	0x23	4	write	scalar	1
setmultiscenarioname	0x005aa64c	static	0x27	1	write	scalar	1
setmultiscenarioname	0x005aa64c	static	0x2d	0	read	scalar	1
setmultiscenarioname	0x005aa64c	static	0x2d	1	read	scalar	1
setmultiscenarioname	0x005aa64c	static	0x2d	4	write	scalar	1
setmultiscenarioname	0x005aa64c	static	0x31	1	write	scalar	1
setmultiscenarioname	0x005aa64c	static	0x32	0	read	scalar	1
setmusicvolume	0x00585408	static	0xfb0	4	read	scalar	2
setmusicvolume	0x00585408	static	0xfc0	0	read	scalar	1
setmusicvolume	0x00585408	static	0xfc0	4	read	scalar	1
setmusicvolume	0x00585408	static	0xfc0	4	write	scalar	2
setmusicvolume	0x00585408	static	0xfc4	4	read	scalar	2
setmusicvolume	0x00585408	static	0xfc4	4	write	scalar	2
setmusicvolume	0x00585408	static	0x1368	4	write	scalar	1
setmusicvolume	0x00585408	static	0x13b4	4	read	scalar	1
setpagepalette	0x005a7b50	static	0x0	4	read	scalar	2
setpagepalette	0x005a7b50	static	0x4	4	read	scalar	2
setpathballfont	0x005a7b50	static	0x0	4	read	scalar	2
setpathballfont	0x005a7b50	static	0x4	4	read	scalar	2
setpause	0x005aa12c	static	0x4848	0	read	scalar	1
setpause	0x005aa12c	static	0x4850	4	read	scalar	2
setpause	0x005aa12c	static	0x4860	4	read	scalar	2
setpause	0x005aa12c	static	0x486c	4	read	scalar	2
setpause	0x005aa12c	static	0x5064	4	read	scalar	1
setpause	0x005aa12c	static	0x5064	4	write	scalar	1
setplaybacktimer	0x005863c8	static	0x0	4	read	scalar	1
setplaybacktimer	0x005863c8	static	0x0	4	write	scalar	1
setplaybacktimer	0x005863c8	static	0x4	4	read	scalar	1
setplaybacktimer	0x005863c8	static	0x4	4	write	scalar	1
setplaybacktimer	0x005864f4	static	0x0	4	read	scalar	1
setplaybacktimer	0x005864f4	static	0x0	4	write	scalar	1
setplaybacktimer	0x005864f4	static	0x4	4	read	scalar	1
setplaybacktimer	0x005864f4	static	0x4	4	write	scalar	1
setplayerbars	0x005a7b50	static	0x0	4	read	scalar	2
setplayerbars	0x005a7b50	static	0x4	4	read	scalar	2
setplayerbarterslot	0x00584cd4	static	0x8	4	read	scalar	2
setplayerbarterslot	0x00584cd4	static	0x28	0	read	indexed	2
setplayerindicatorcolor	0x00584ae8	static	0x904	4	read	scalar	1
setplayerindicatorcolor	0x00584ae8	static	0x908	1	read	scalar	1
setplayerindicatorcolor	0x00584ae8	static	0x90c	4	read	scalar	1
setplayerindicatorcolor	0x00584ae8	static	0x910	1	read	scalar	1
setplayerindicatorcolor	0x00584ae8	static	0x914	4	read	scalar	1
setplayerindicatorcolor	0x00584ae8	static	0x918	1	read	scalar	1
setplayerintelinfo	0x005a7b78	indirect	0x50	4	read	scalar	0
setplayerintelinfo	0x005a7b78	indirect	0x54	4	read	scalar	0
setplayerintelinfo	0x005a7b78	indirect	0x54	4	write	scalar	0
setplayerintelinfo	0x005a7b78	indirect	0x58	4	read	scalar	1
setplayerintelinfo	0x005a7b78	indirect	0x60	4	read	scalar	1
setplayerintelinfo	0x005a7b78	indirect	0x70	4	read	scalar	1
setplayerintelinfo	0x005a7b78	indirect	0x90	4	read	scalar	1
setplayerintelinfo	0x005a7b78	indirect	0x90	4	write	scalar	0
setplayerintelinfo	0x005a7b78	indirect	0x94	4	read	scalar	2
setplayerintelinfo	0x005a7b78	indirect	0x98	4	read	scalar	2
setplayerintelinfo	0x005a7b78	indirect	0x9c	4	read	scalar	1
setplayerintelinfo	0x005a7b78	indirect	0xa0	4	read	scalar	1
setplayerintelinfo	0x005a7b78	indirect	0xa4	4	write	scalar	0
setplayerintelinfo	0x005a7b78	indirect	0xa8	0	read	indexed	2
setplayerintelinfo	0x005a7b78	indirect	0xa8	4	read	indexed	2
setplayerintelinfo	0x005a7b78	indirect	0xa8	4	write	indexed	1
setplayerintelinfo	0x005a7b78	indirect	0xac	4	read	indexed	2
setplayerintelinfo	0x005a7b78	indirect	0xac	4	write	indexed	1
setplayerintelinfo	0x005a7b78	indirect	0x3c8	0	read	indexed	2
setplayerintelinfo	0x005a7b78	indirect	0x3c8	4	read	indexed	2
setplayerintelinfo	0x005a7b78	indirect	0x558	4	read	scalar	1
setplayerintelinfo	0x005a7b78	indirect	0x558	4	write	scalar	1
setplayerintelinfo	0x005a7b78	indirect	0x880	0	read	scalar	2
setplayerintelinfo	0x005a7b78	indirect	0x880	1	write	scalar	2
setplayerintelinfo	0x005a7b78	indirect	0x984	0	read	scalar	2
setplayerintelinfo	0x005a7b78	indirect	0xa4b	1	write	scalar	2
setplayerintelinfo	0x005a7b78	indirect	0xa4c	4	write	scalar	2
setplayerintelinfo	0x005a7b78	indirect	0xa50	4	write	scalar	2
setplayerintelinfo	0x005a7b78	indirect	0xa54	4	write	scalar	2
setplayerintelinfo	0x005a7b78	indirect	0xa58	4	write	scalar	2
setplayerintelinfo	0x005a7b78	indirect	0xa5c	4	write	scalar	2
setplayerintelinfo	0x005a7b78	indirect	0xa60	4	read	scalar	2
setplayerintelinfo	0x005a7b78	indirect	0xa60	4	write	scalar	2
setplayerintelinfo	0x005a7b78	indirect	0xa64	4	read	scalar	2
setplayerintelinfo	0x005a7b78	indirect	0xa64	4	write	scalar	2
setplayerintelinfo	0x005a7b78	indirect	0xa78	4	read	scalar	1
setplayerintelinfo	0x005a7b78	indirect	0xa78	4	write	scalar	1
setproviderbackground	0x005d1e84	indirect	0x0	4	read	scalar	0
setproviderbuttontexture	0x005d1e84	indirect	0x0	4	read	scalar	0
setqueststatus	0x005a7b78	indirect	0x6c	4	read	scalar	1
setqueststatus	0x005a7b78	indirect	0x90	4	read	scalar	1
setqueststatus	0x005a7b78	indirect	0x90	4	write	scalar	1
setqueststatus	0x005a7b78	indirect	0x9c	4	read	scalar	2
setqueststatus	0x005a7b78	indirect	0xa0	4	read	scalar	2
setqueststatus	0x005a7b78	indirect	0xa4	4	read	scalar	1
setqueststatus	0x005a7b78	indirect	0xa4	4	write	scalar	1
setqueststatus	0x005a7b78	indirect	0xa8	4	write	indexed	1
setqueststatus	0x005a7b78	indirect	0xac	4	write	indexed	1
setqueststatus	0x005a7b78	indirect	0x3c4	4	write	indexed	1
setqueststatus	0x005a7b78	indirect	0x558	4	read	scalar	1
setqueststatus	0x005a7b78	indirect	0x558	4	write	scalar	1
setqueststatus	0x005a7b78	indirect	0xa78	4	read	scalar	2
setqueststatus	0x005a7b78	indirect	0xa78	4	write	scalar	2
setqueststatus	0x005aeedc	static	0x4	4	read	scalar	1
setqueststatus	0x005aeedc	static	0x8	4	read	scalar	1
setqueststatus	0x005cd2e0	static	0x4	4	read	scalar	1
setqueststatus	0x005cd2e0	static	0x8	4	read	scalar	1
setregionfaiths	0x005aef04	static	0x10	0	read	scalar	1
setregionfaiths	0x005aef04	static	0x1ac	4	read	scalar	1
setregionfaiths	0x005aef04	static	0x1b0	4	read	scalar	1
setregionname	0x005aef04	static	0x10	0	read	scalar	1
setregionname	0x005aef04	static	0x1ac	4	read	scalar	1
setregionname	0x005aef04	static	0x1b0	4	read	scalar	1
setregionowner	0x005aef04	static	0x10	0	read	scalar	1
setregionowner	0x005aef04	static	0x1ac	4	read	scalar	1
setregionowner	0x005aef04	static	0x1b0	4	read	scalar	1
setregionraces	0x005aef04	static	0x10	0	read	scalar	1
setregionraces	0x005aef04	static	0x1ac	4	read	scalar	1
setregionraces	0x005aef04	static	0x1b0	4	read	scalar	1
setremapdata	0x005a7b50	static	0x0	4	read	scalar	1
setremapdata	0x005a7b50	static	0x4	4	read	scalar	1
setremapdata	0x005cd34c	static	0x0	4	read	scalar	1
setremapdata	0x005cd34c	static	0x4	4	read	scalar	1
setretreatarea_facing	0x005ae958	static	0x68	4	read	scalar	1
setretreatarea_facing	0x005ae958	static	0x6c	4	read	scalar	1
setretreatarea_facing	0x005ae958	static	0x70	4	read	scalar	1
setretreatarea_xxyy	0x005ae958	static	0x64	4	read	scalar	1
setretreatarea_xxyy	0x005ae958	static	0x6c	4	read	scalar	1
setretreatarea_xxyy	0x005ae958	static	0x70	4	read	scalar	1
setsatellitechildoffsets	0x005564c8	static	0x0	4	write	scalar	0
setsatellitechildoffsets	0x005564c8	static	0x4	4	write	scalar	0
setscenarioproperty	0x005aec60	static	0x0	4	read	scalar	1
setscenarioproperty	0x005aec60	static	0x0	4	write	scalar	1
setselectionbox	0x005a7b50	static	0x0	4	read	scalar	2
setselectionbox	0x005a7b50	static	0x4	4	read	scalar	2
setslider	0x005a7b50	static	0x0	4	read	scalar	2
setslider	0x005a7b50	static	0x4	4	read	scalar	2
setsliderbar	0x005a7b50	static	0x0	4	read	scalar	2
setsliderbar	0x005a7b50	static	0x4	4	read	scalar	2
setsoundfxvolume	0x00585408	static	0x136c	4	write	scalar	1
setsoundfxvolume	0x00585408	static	0x13b4	4	read	scalar	1
setspeechvolume	0x00585408	static	0x1370	4	write	scalar	1
setspelldefdata	0x005aee6c	static	0x0	4	read	scalar	1
setspelldefdata	0x005aee6c	static	0x8	4	read	scalar	1
setspritezoommode	0x005ae974	static	0x8	4	read	scalar	2
setspritezoommode	0x005ae974	static	0x18	4	read	scalar	2
setstealthseenimage	0x005a7b50	static	0x0	4	read	scalar	2
setstealthseenimage	0x005a7b50	static	0x4	4	read	scalar	2
setterrain	0x005ae958	static	0x14	4	read	scalar	1
setterrain	0x005ae958	static	0x54	4	read	scalar	1
setterrain	0x005ae958	static	0x5c	4	read	scalar	1
setterrain	0x005ae958	static	0x60	4	read	scalar	1
setterrain	0x005ae958	static	0x64	4	read	scalar	2
setterrain	0x005ae958	static	0x68	4	read	scalar	2
setterrain	0x005ae958	static	0x6c	4	read	scalar	2
setterrain	0x005ae958	static	0x70	4	read	scalar	2
setterrain	0x005ae958	static	0xd8	0	read	scalar	1
setterrain	0x005ae958	static	0xd8	4	read	scalar	2
setterrain	0x005ae958	static	0xe4	4	read	scalar	2
setterrain	0x005ae958	static	0xec	4	read	scalar	2
setterrain	0x005ae958	static	0xf0	4	read	scalar	2
setterrain	0x005ae958	static	0xf4	4	read	scalar	2
setterrain	0x005ae958	static	0xf8	4	read	scalar	2
setterrain	0x005ae958	static	0x104	4	read	scalar	2
setterrain	0x005ae958	static	0x108	0	read	scalar	2
setterrain	0x005ae958	static	0x108	4	write	scalar	2
setterrain	0x005ae958	static	0x10c	4	read	scalar	2
setterrain	0x005ae958	static	0x110	4	read	scalar	2
setterrain	0x005ae958	static	0x114	4	read	scalar	2
setterrainspritelocation	0x005ae958	static	0x4	4	read	scalar	1
setterrainspritelocation	0x005ae958	static	0x1c	0	read	scalar	2
setterrainspritelocation	0x005ae958	static	0x48	4	read	scalar	2
setterrainspritelocation	0x005ae958	static	0x4c	4	read	scalar	2
setterrainspritelocation	0x005ae958	static	0x50	4	read	scalar	2
setterrainspritelocation	0x005ae958	static	0x54	4	read	scalar	2
setterrainspritelocation	0x005ae958	static	0x5c	4	read	scalar	2
setterrainspritelocation	0x005ae958	static	0x60	4	read	scalar	2
setterrainspritelocation	0x005ae958	static	0x64	4	read	scalar	1
setterrainspritelocation	0x005ae958	static	0x68	4	read	scalar	2
setterrainspritelocation	0x005ae958	static	0x6c	4	read	scalar	2
setterrainspritetypedata	0x005cd304	static	0x4	4	read	scalar	1
setterrainspritetypedata	0x005cd304	static	0x8	4	read	scalar	1
setthinkingimage	0x005a7b50	static	0x0	4	read	scalar	2
setthinkingimage	0x005a7b50	static	0x4	4	read	scalar	2
settimeraccuracy	0x005863c8	static	0x0	4	read	scalar	1
settimeraccuracy	0x005863c8	static	0x0	4	write	scalar	1
settimeraccuracy	0x005863c8	static	0x4	4	read	scalar	1
settimeraccuracy	0x005863c8	static	0x4	4	write	scalar	1
settimeraccuracy	0x005864f4	static	0x0	4	read	scalar	1
settimeraccuracy	0x005864f4	static	0x0	4	write	scalar	1
settimeraccuracy	0x005864f4	static	0x4	4	read	scalar	1
settimeraccuracy	0x005864f4	static	0x4	4	write	scalar	1
settooltipborders	0x005a9e04	static	0xbc	4	write	scalar	1
settooltipborders	0x005a9e04	static	0xc0	4	write	scalar	1
settooltipborders	0x005a9e04	static	0xc4	4	write	scalar	1
settooltipborders	0x005a9e04	static	0xc8	4	write	scalar	1
settooltipfont	0x005a7b50	static	0x0	4	read	scalar	2
settooltipfont	0x005a7b50	static	0x4	4	read	scalar	2
settranslucency	0x005a7b50	static	0x0	4	read	scalar	2
settranslucency	0x005a7b50	static	0x4	4	read	scalar	2
setunitfate	0x005adc50	static	0x4c	4	read	scalar	1
setunitfate	0x005adc50	static	0x5dc	0	read	scalar	1
setunitfate	0x005adc50	static	0xbb8	0	read	scalar	1
setunitfate	0x005adc50	static	0xbb8	4	write	indexed	1
setunitfate	0x005adc50	static	0xbf4	0	read	scalar	1
setunittypedata	0x005cd2f4	indirect	0x0	0	read	indexed	0
setunittypedata	0x005d2f10	static	0x0	4	read	scalar	1
setunittypedata	0x005d2f10	static	0x4	4	read	scalar	1
setunittypesound	0x005cd2f4	indirect	0x0	0	read	indexed	0
setunittypeterraincost	0x005cd2f4	indirect	0x0	0	read	indexed	0
setunittypeterraindelay	0x005cd2f4	indirect	0x0	0	read	indexed	0
setupmode	0x00584ae8	static	0x688	4	read	scalar	2
setupmode	0x00584ae8	static	0x750	0	read	scalar	2
setupmode	0x00584ae8	static	0x758	4	read	scalar	2
setupmode	0x00584ae8	static	0x75c	4	read	scalar	2
setupmode	0x00584ae8	static	0x760	4	read	scalar	2
setupmode	0x00584ae8	static	0x774	4	read	scalar	2
setwindowswaitcursorstate	0x005a9e04	static	0xe8	4	read	scalar	1
setwindowswaitcursorstate	0x005a9e04	static	0xe8	4	write	scalar	2
setwindowswaitcursorstate	0x005a9e04	static	0xec	4	read	scalar	2
setwindowswaitcursorstate	0x005a9e04	static	0xf0	4	read	scalar	2
setwindowswaitcursorstate	0x005a9e04	static	0x16c	4	read	scalar	2
setwindowswaitcursorstate	0x005a9e04	static	0x16c	4	write	scalar	2
setwindowswaitcursorstate	0x005a9e04	static	0x170	4	read	scalar	2
setwindowswaitcursorstate	0x005a9e04	static	0x178	4	read	scalar	1
setwindowswaitcursorstate	0x005a9e04	static	0x178	4	write	scalar	1
showcursor	0x005a9e04	static	0xec	4	read	scalar	2
showcursor	0x005a9e04	static	0xf0	4	read	scalar	2
showcursor	0x005a9e04	static	0x178	4	read	scalar	1
showcursor	0x005a9e04	static	0x178	4	write	scalar	1
showplayerarmyloc2player	0x005ae958	static	0x4	4	read	scalar	2
showplayerarmyloc2player	0x005ae958	static	0x1c	0	read	scalar	2
showplayerarmyloc2player	0x005ae958	static	0x48	4	read	scalar	2
showplayerarmyloc2player	0x005ae958	static	0x4c	4	read	scalar	2
showplayerarmyloc2player	0x005ae958	static	0x50	4	read	scalar	2
showplayerarmyloc2player	0x005ae958	static	0x54	4	read	scalar	2
showplayerarmyloc2player	0x005ae958	static	0x5c	4	read	scalar	2
showplayerarmyloc2player	0x005ae958	static	0x60	4	read	scalar	2
showplayerarmyloc2player	0x005ae958	static	0x64	4	read	scalar	2
showplayerarmyloc2player	0x005ae958	static	0x6c	4	read	scalar	2
showplayerleaderloc2player	0x005ae958	static	0x4	4	read	scalar	2
showplayerleaderloc2player	0x005ae958	static	0x1c	0	read	scalar	2
showplayerleaderloc2player	0x005ae958	static	0x48	4	read	scalar	2
showplayerleaderloc2player	0x005ae958	static	0x4c	4	read	scalar	2
showplayerleaderloc2player	0x005ae958	static	0x50	4	read	scalar	2
showplayerleaderloc2player	0x005ae958	static	0x54	4	read	scalar	2
showplayerleaderloc2player	0x005ae958	static	0x5c	4	read	scalar	2
showplayerleaderloc2player	0x005ae958	static	0x60	4	read	scalar	2
showplayerleaderloc2player	0x005ae958	static	0x64	4	read	scalar	2
showplayerleaderloc2player	0x005ae958	static	0x6c	4	read	scalar	2
showplayersight2player	0x005ae958	static	0x4	4	read	scalar	2
showplayersight2player	0x005ae958	static	0x1c	0	read	scalar	2
showplayersight2player	0x005ae958	static	0x48	4	read	scalar	2
showplayersight2player	0x005ae958	static	0x4c	4	read	scalar	2
showplayersight2player	0x005ae958	static	0x50	4	read	scalar	2
showplayersight2player	0x005ae958	static	0x54	4	read	scalar	2
showplayersight2player	0x005ae958	static	0x5c	4	read	scalar	2
showplayersight2player	0x005ae958	static	0x60	4	read	scalar	2
showplayersight2player	0x005ae958	static	0x64	4	read	scalar	2
showplayersight2player	0x005ae958	static	0x68	4	read	scalar	1
showplayersight2player	0x005ae958	static	0x6c	4	read	scalar	2
showwindowscursor	0x005a9e04	static	0x16c	4	read	scalar	1
showwindowscursor	0x005a9e04	static	0x16c	4	write	scalar	1
slider	0x005a7b50	static	0x0	4	read	scalar	2
slider	0x005a7b50	static	0x4	4	read	scalar	2
smartsound	0x00585408	static	0x0	4	read	scalar	1
smartsound	0x00585408	static	0x0	4	write	scalar	2
smartsound	0x00585408	static	0xf0	0	read	scalar	1
smartsound	0x00585408	static	0xf0	4	read	scalar	1
smartsound	0x00585408	static	0x136c	4	read	scalar	1
smartsound	0x00585408	static	0x1398	4	read	scalar	2
smartsound	0x00585408	static	0x1398	4	write	scalar	1
smartsound	0x00585408	static	0x139c	4	write	scalar	1
smartsound	0x00585408	static	0x13a0	4	write	scalar	1
smartsound	0x00585408	static	0x13ac	4	write	scalar	1
smartsound	0x00585408	static	0x13b4	4	read	scalar	2
specialorder	0x005aa12c	static	0x482c	0	read	scalar	1
specialorder	0x005aa12c	static	0x4890	4	read	scalar	2
specialorder	0x005aa12c	static	0x4894	4	read	scalar	2
specifyspelltarget	0x00584ae8	static	0x170	0	read	scalar	1
specifyspelltarget	0x00584ae8	static	0x170	4	read	scalar	2
specifyspelltarget	0x00584ae8	static	0x174	4	write	scalar	1
specifyspelltarget	0x00584ae8	static	0x178	4	write	scalar	1
specifyspelltarget	0x00584ae8	static	0x17c	4	write	scalar	1
specifyspelltarget	0x00584ae8	static	0x180	4	write	scalar	1
specifyspelltarget	0x00584ae8	static	0x184	4	write	scalar	1
specifyspelltarget	0x00584ae8	static	0x1b8	4	read	scalar	1
spelleffectat	0x005ae958	static	0x64	4	read	scalar	1
spelleffectat	0x005ae958	static	0x6c	4	read	scalar	1
spelleffectat	0x005ae958	static	0x70	4	read	scalar	1
spellrequest	0x005ccff4	static	0x0	4	read	scalar	1
spellrequest	0x005ccff4	static	0x0	4	write	scalar	1
spitweb	0x005aa12c	static	0x5068	0	read	indexed	1
spritetype	0x005ae974	static	0x8	4	read	scalar	1
spritetype	0x005ae974	static	0x10	4	read	scalar	1
startattackmode	0x00584ae8	static	0x1b0	1	read	scalar	2
startattackmode	0x00584ae8	static	0x1b0	4	read	scalar	2
startattackmode	0x00584ae8	static	0x1b4	4	read	scalar	2
startattackmode	0x00584ae8	static	0x1b8	4	read	scalar	1
startbartersession	0x00584cd4	static	0x0	4	write	scalar	1
startbartersession	0x00584cd4	static	0x4	4	write	scalar	1
startbartersession	0x00584cd4	static	0x8	4	write	scalar	1
startbartersession	0x00584cd4	static	0xc	4	write	scalar	1
startbartersession	0x00584cd4	static	0x18	4	write	scalar	1
startbartersession	0x00584cd4	static	0x1c	1	write	scalar	1
startbartersession	0x00584cd4	static	0x1d	1	write	scalar	1
startbartersession	0x00584cd4	static	0x20	4	write	scalar	1
startbartersession	0x00584cd4	static	0x24	4	write	scalar	1
startbartersession	0x00584cd4	static	0x56	0	read	scalar	1
startbartersession	0x00584cd4	static	0x56	1	write	scalar	1
startcombat	0x005aa12c	static	0x3b24	0	read	scalar	1
startcombat	0x005aa12c	static	0x475c	1	read	scalar	2
startcombat	0x005aa12c	static	0x475c	4	read	scalar	2
startcombat	0x005aa12c	static	0x4760	4	read	scalar	2
startcombat	0x005aa12c	static	0x5068	0	read	indexed	1
startcombat	0x005ae974	static	0x8	4	read	scalar	1
startcombat	0x005ae974	static	0x10	4	read	scalar	1
startdragbox	0x005a9e04	static	0xec	4	read	scalar	1
startdragbox	0x005a9e04	static	0xf0	4	read	scalar	1
startdragbox	0x005a9e04	static	0x180	4	write	scalar	1
startdragbox	0x005a9e04	static	0x184	4	write	scalar	1
startdragbox	0x005a9e04	static	0x188	4	write	scalar	1
startdragbox	0x005a9e04	static	0x18c	4	write	scalar	1
startdragbox	0x005a9e04	static	0x190	4	write	scalar	1
startdragbox	0x005a9e04	static	0x194	4	write	scalar	1
startdragbox	0x005a9e04	static	0x198	4	write	scalar	1
startnetgame	0x005aa12c	static	0x520	0	read	scalar	1
startnetgame	0x005aa12c	static	0x5034	4	read	scalar	1
startnetgame	0x005aa12c	static	0x5034	4	write	scalar	1
startnetgame	0x005aa12c	static	0x5038	4	write	scalar	1
startnetgame	0x005aa12c	static	0x503c	4	write	scalar	1
startordermode	0x00584ae8	static	0x1b0	1	read	scalar	2
startordermode	0x00584ae8	static	0x1b0	4	read	scalar	2
startordermode	0x00584ae8	static	0x1b4	4	read	scalar	2
startordermode	0x00584ae8	static	0x1b8	4	read	scalar	1
startspellmode	0x005aee6c	static	0x0	4	read	scalar	1
startspellmode	0x005aee6c	static	0x8	4	read	scalar	1
stayputatloc	0x005ae958	static	0x6c	4	read	scalar	1
stayputatloc	0x005ae958	static	0x70	4	read	scalar	1
stayputatrefloc	0x00579458	static	0x40	4	read	scalar	1
stayputatrefloc	0x00579458	static	0x44	4	read	scalar	1
stayputatrefloc	0x005ae958	static	0x6c	4	read	scalar	1
stayputatrefloc	0x005ae958	static	0x70	4	read	scalar	1
stopallsoundfx	0x00585408	static	0x0	4	read	scalar	1
stopallsoundfx	0x00585408	static	0x0	4	write	scalar	1
stopallsoundfx	0x00585408	static	0xf0	0	read	scalar	1
stopallsoundfx	0x00585408	static	0x13b4	4	read	scalar	1
stopambientloop	0x00585408	static	0x780	4	read	scalar	1
stopambientloop	0x00585408	static	0x780	4	write	scalar	1
stopambientloop	0x00585408	static	0x784	4	read	scalar	1
stopambientloop	0x00585408	static	0x784	4	write	scalar	1
stopambientloop	0x00585408	static	0x13b4	4	read	scalar	1
stopdragbox	0x005a9e04	static	0xc	0	read	scalar	1
stopdragbox	0x005a9e04	static	0x20	4	read	scalar	2
stopdragbox	0x005a9e04	static	0x24	4	read	scalar	2
stopdragbox	0x005a9e04	static	0x28	4	read	scalar	2
stopdragbox	0x005a9e04	static	0x2c	4	read	scalar	2
stopdragbox	0x005a9e04	static	0x188	4	write	scalar	1
stopdragbox	0x005a9e04	static	0x19c	0	read	scalar	1
stopdragbox	0x005a9e04	static	0x1bc	4	read	scalar	2
stopdragbox	0x005a9e04	static	0x1c4	4	read	scalar	2
stopdragbox	0x005a9e04	static	0x1c8	4	read	scalar	2
stopdragbox	0x005a9e04	static	0x1cc	4	read	scalar	2
stopdragbox	0x005a9e04	static	0x1d0	4	read	scalar	2
stopmusic	0x005863c8	static	0x0	4	read	scalar	1
stopmusic	0x005863c8	static	0x0	4	write	scalar	1
stopmusic	0x005863c8	static	0x4	4	read	scalar	1
stopmusic	0x005863c8	static	0x4	4	write	scalar	1
stopsoundfx	0x00585408	static	0x0	4	read	scalar	1
stopsoundfx	0x00585408	static	0x0	4	write	scalar	1
stopsoundfx	0x00585408	static	0xf0	0	read	scalar	1
stopsoundfx	0x00585408	static	0xf0	4	read	scalar	1
stopsoundfx	0x00585408	static	0x1398	4	read	scalar	1
stopsoundfx	0x00585408	static	0x13b4	4	read	scalar	1
stopspeech	0x005864f4	static	0x0	4	read	scalar	1
stopspeech	0x005864f4	static	0x0	4	write	scalar	1
stopspeech	0x005864f4	static	0x4	4	read	scalar	1
stopspeech	0x005864f4	static	0x4	4	write	scalar	1
stoptooltip	0x005a9e04	static	0xc	0	read	scalar	1
stoptooltip	0x005a9e04	static	0x20	4	read	scalar	2
stoptooltip	0x005a9e04	static	0x24	4	read	scalar	2
stoptooltip	0x005a9e04	static	0x28	4	read	scalar	2
stoptooltip	0x005a9e04	static	0x2c	4	read	scalar	2
stoptooltip	0x005a9e04	static	0x38	4	write	scalar	1
stoptooltip	0x005a9e04	static	0x70	0	read	scalar	1
stoptooltip	0x005a9e04	static	0x90	4	read	scalar	2
stoptooltip	0x005a9e04	static	0x98	4	read	scalar	2
stoptooltip	0x005a9e04	static	0x9c	4	read	scalar	2
stoptooltip	0x005a9e04	static	0xa0	4	read	scalar	2
stoptooltip	0x005a9e04	static	0xa4	4	read	scalar	2
stopvideo	0x005867c0	static	0x0	4	read	scalar	1
stopvideo	0x005867c0	static	0x0	4	write	scalar	1
stopvideo	0x005867c0	static	0x4	4	read	scalar	1
stopvideo	0x005867c0	static	0x4	4	write	scalar	1
stopvideo	0x005867c0	static	0x8	4	read	scalar	1
stopvideo	0x005867c0	static	0x8	4	write	scalar	1
stopvideo	0x005867c0	static	0x224	4	read	scalar	1
stopvideo	0x005867c0	static	0x224	4	write	scalar	1
stopvideo	0x005867c0	static	0x228	4	read	scalar	1
stopvideo	0x005867c0	static	0x22c	4	read	scalar	1
stopvideo	0x005867c0	static	0x230	4	read	scalar	1
strongestarmy	0x005ae958	static	0x34	4	read	scalar	1
strongestarmy	0x005ae958	static	0x40	4	read	scalar	1
subdue	0x005cd2f4	indirect	0x0	0	read	indexed	0
swapcontainerspots	0x005a7b50	static	0x0	4	read	scalar	2
swapcontainerspots	0x005a7b50	static	0x4	4	read	scalar	2
systemmode	0x00584ae8	static	0x688	4	read	scalar	2
systemmode	0x00584ae8	static	0x750	0	read	scalar	2
systemmode	0x00584ae8	static	0x758	4	read	scalar	2
systemmode	0x00584ae8	static	0x75c	4	read	scalar	2
systemmode	0x00584ae8	static	0x760	4	read	scalar	2
systemmode	0x00584ae8	static	0x774	4	read	scalar	2
tcopydoodad	0x005a7b50	static	0x0	4	read	scalar	2
tcopydoodad	0x005a7b50	static	0x4	4	read	scalar	2
templecanbuildthistype	0x005ae974	static	0x8	4	read	scalar	1
templecanbuildthistype	0x005ae974	static	0x18	4	read	scalar	1
templecanbuildthistype	0x005ae974	static	0x24	4	read	scalar	1
terrainspriteat	0x005ae958	static	0x64	4	read	scalar	1
terrainspriteat	0x005ae958	static	0x6c	4	read	scalar	1
terrainspriteat	0x005ae958	static	0x70	4	read	scalar	1
testalpha	0x00584ae8	static	0x688	4	read	scalar	1
testalpha	0x00584ae8	static	0x750	0	read	scalar	1
testalpha	0x00584ae8	static	0x758	4	read	scalar	1
testalpha	0x00584ae8	static	0x75c	4	read	scalar	1
testalpha	0x00584ae8	static	0x760	4	read	scalar	1
testalpha	0x00584ae8	static	0x774	4	read	scalar	1
testalpha	0x0058516c	indirect	0x0	4	read	scalar	0
testalpha	0x005a7b50	static	0x0	4	read	scalar	2
testalpha	0x005a7b50	static	0x4	4	read	scalar	2
testautocalc	0x005adc50	static	0x28	4	write	scalar	1
testautocalc	0x005adc50	static	0x2c	4	write	scalar	1
testautocalc	0x005adc50	static	0x44	4	write	scalar	1
testautocalc	0x005adc50	static	0x48	4	write	scalar	1
testautocalc	0x005adc50	static	0x4c	4	write	scalar	1
testautocalc	0x005adc50	static	0x50	4	write	scalar	1
testautocalc	0x005adc50	static	0x54	4	write	scalar	1
testautocalc	0x005adc50	static	0x58	4	write	scalar	1
testautocalc	0x005adc50	static	0x5c	4	write	scalar	1
testautocalc	0x005adc50	static	0x60	4	write	scalar	1
testautocalc	0x005adc50	static	0x64	4	write	scalar	1
testautocalc	0x005adc50	static	0x68	0	read	scalar	1
testautocalc	0x005adc50	static	0xc0	4	write	scalar	1
testautocalc	0x005adc50	static	0xc4	0	read	scalar	1
testautocalc	0x005adc50	static	0x538	4	write	scalar	1
testautocalc	0x005adc50	static	0x53c	4	write	scalar	1
testautocalc	0x005adc50	static	0x540	4	write	scalar	1
testautocalc	0x005adc50	static	0x544	4	write	scalar	1
testautocalc	0x005adc50	static	0x548	4	write	scalar	1
testautocalc	0x005adc50	static	0x54c	4	write	scalar	1
testautocalc	0x005adc50	static	0x550	4	write	scalar	1
testautocalc	0x005adc50	static	0x554	4	write	scalar	1
testautocalc	0x005adc50	static	0x558	4	write	scalar	1
testautocalc	0x005adc50	static	0x55c	0	read	scalar	1
testautocalc	0x005adc50	static	0x55c	4	write	scalar	1
testautocalc	0x005adc50	static	0x560	4	write	scalar	1
testautocalc	0x005adc50	static	0x564	4	write	scalar	1
testautocalc	0x005adc50	static	0x568	0	read	scalar	1
testautocalc	0x005adc50	static	0x58c	4	write	scalar	1
testautocalc	0x005adc50	static	0x590	4	write	scalar	1
testautocalc	0x005adc50	static	0x594	4	write	scalar	1
testautocalc	0x005adc50	static	0x598	4	write	scalar	1
testautocalc	0x005adc50	static	0x59c	4	write	scalar	1
testautocalc	0x005adc50	static	0x5a0	4	write	scalar	1
testautocalc	0x005adc50	static	0x5a4	4	write	scalar	1
testautocalc	0x005adc50	static	0x5a8	4	write	scalar	1
testautocalc	0x005adc50	static	0x5ac	1	write	scalar	1
testautocalc	0x005adc50	static	0x5b0	4	write	scalar	1
testautocalc	0x005adc50	static	0x5b4	4	write	scalar	1
testautocalc	0x005adc50	static	0x5b8	4	write	scalar	1
testautocalc	0x005adc50	static	0x5bc	4	write	scalar	1
testautocalc	0x005adc50	static	0x5c0	4	write	scalar	1
testautocalc	0x005adc50	static	0x5c4	4	write	scalar	1
testautocalc	0x005adc50	static	0x5c8	1	write	scalar	1
testautocalc	0x005adc50	static	0x5cc	4	write	scalar	1
testautocalc	0x005adc50	static	0x5d0	1	write	scalar	1
testautocalc	0x005adc50	static	0x5d4	4	write	scalar	1
testautocalc	0x005adc50	static	0x5d8	1	write	scalar	1
testautocalc	0x005adc50	static	0x5dc	0	read	scalar	1
testautocalc	0x005adc50	static	0x604	4	write	scalar	1
testautocalc	0x005adc50	static	0x608	4	write	scalar	2
testautocalc	0x005adc50	static	0x620	4	write	scalar	2
testautocalc	0x005adc50	static	0x624	4	write	scalar	2
testautocalc	0x005adc50	static	0x628	4	write	scalar	2
testautocalc	0x005adc50	static	0x62c	4	write	scalar	2
testautocalc	0x005adc50	static	0x630	4	write	scalar	2
testautocalc	0x005adc50	static	0x634	4	write	scalar	2
testautocalc	0x005adc50	static	0x638	4	write	scalar	2
testautocalc	0x005adc50	static	0x63c	4	write	scalar	2
testautocalc	0x005adc50	static	0x640	4	write	scalar	2
testautocalc	0x005adc50	static	0x644	0	read	scalar	2
testautocalc	0x005adc50	static	0x69c	4	write	scalar	2
testautocalc	0x005adc50	static	0x6a0	0	read	scalar	2
testautocalc	0x005adc50	static	0xb14	4	write	scalar	2
testautocalc	0x005adc50	static	0xb18	4	write	scalar	2
testautocalc	0x005adc50	static	0xb1c	4	write	scalar	2
testautocalc	0x005adc50	static	0xb20	4	write	scalar	2
testautocalc	0x005adc50	static	0xb24	4	write	scalar	2
testautocalc	0x005adc50	static	0xb28	4	write	scalar	2
testautocalc	0x005adc50	static	0xb2c	4	write	scalar	2
testautocalc	0x005adc50	static	0xb30	4	write	scalar	2
testautocalc	0x005adc50	static	0xb34	4	write	scalar	2
testautocalc	0x005adc50	static	0xb38	0	read	scalar	2
testautocalc	0x005adc50	static	0xb38	4	write	scalar	2
testautocalc	0x005adc50	static	0xb3c	4	write	scalar	2
testautocalc	0x005adc50	static	0xb40	4	write	scalar	2
testautocalc	0x005adc50	static	0xb44	0	read	scalar	2
testautocalc	0x005adc50	static	0xb68	4	write	scalar	2
testautocalc	0x005adc50	static	0xb6c	4	write	scalar	2
testautocalc	0x005adc50	static	0xb70	4	write	scalar	2
testautocalc	0x005adc50	static	0xb74	4	write	scalar	2
testautocalc	0x005adc50	static	0xb78	4	write	scalar	2
testautocalc	0x005adc50	static	0xb7c	4	write	scalar	2
testautocalc	0x005adc50	static	0xb80	4	write	scalar	2
testautocalc	0x005adc50	static	0xb84	4	write	scalar	2
testautocalc	0x005adc50	static	0xb88	1	write	scalar	2
testautocalc	0x005adc50	static	0xb8c	4	write	scalar	2
testautocalc	0x005adc50	static	0xb90	4	write	scalar	2
testautocalc	0x005adc50	static	0xb94	4	write	scalar	2
testautocalc	0x005adc50	static	0xb98	4	write	scalar	2
testautocalc	0x005adc50	static	0xb9c	4	write	scalar	2
testautocalc	0x005adc50	static	0xba0	4	write	scalar	2
testautocalc	0x005adc50	static	0xba4	1	write	scalar	2
testautocalc	0x005adc50	static	0xba8	4	write	scalar	2
testautocalc	0x005adc50	static	0xbac	1	write	scalar	2
testautocalc	0x005adc50	static	0xbb0	4	write	scalar	2
testautocalc	0x005adc50	static	0xbb4	1	write	scalar	2
testautocalc	0x005adc50	static	0xbf4	0	read	scalar	1
testautocalc	0x005adc50	static	0xbf4	4	write	scalar	1
testautocalc	0x005adc50	static	0xc30	1	read	scalar	1
testautocalc	0x005adc50	static	0xc30	4	read	scalar	1
testautocalc	0x005adc50	static	0xc34	4	read	scalar	1
testvisit	0x005ae958	static	0x54	4	read	scalar	2
testvisit	0x005aef04	static	0x0	4	read	scalar	1
testvisit	0x005aef04	static	0xc	4	read	scalar	1
testvisit	0x005aef04	static	0x1b4	4	read	scalar	2
testvisit	0x005aef04	static	0x1b4	4	write	scalar	2
testvisit	0x005aef04	static	0x1b8	4	write	scalar	1
testvisit	0x005aef04	static	0x1bc	0	read	scalar	1
testvisit	0x005aef04	indirect	0x2	2	read	indexed	0
testvisit	0x005aef04	indirect	0x4	2	read	indexed	0
testvisit	0x005d3830	static	0x0	4	read	scalar	1
testvisit	0x005d3830	static	0x0	4	write	scalar	1
testvisit	0x005d3830	static	0x4	4	read	scalar	1
testvisit	0x005d3830	static	0x4	4	write	scalar	1
testvisit	0x005d3830	static	0x8	4	read	scalar	1
testvisit	0x005d3830	static	0x8	4	write	scalar	1
testvisit	0x005d3830	static	0x10	4	read	scalar	1
testvisit	0x005d3830	static	0x10	4	write	scalar	1
testvisit	0x005d3830	static	0x14	4	read	scalar	1
testvisit	0x005d3830	static	0x14	4	write	scalar	1
testvisit	0x005d3830	static	0x18	4	read	scalar	1
testvisit	0x005d3830	static	0x18	4	write	scalar	1
testvisit	0x005d3830	static	0x1c	4	read	scalar	1
testvisit	0x005d3830	static	0x1c	4	write	scalar	1
testvisit	0x005d3830	indirect	0x0	4	read	indexed	0
testvisit	0x005d3834	indirect	0x0	4	write	indexed	0
thiscomputer	0x005d1e84	indirect	0x100	4	read	scalar	1
thiscomputer	0x005d1e84	indirect	0x120	4	read	scalar	1
tick	0x005aa12c	static	0xb8	4	read	scalar	2
tick	0x005aa12c	static	0x520	0	read	scalar	2
tick	0x005aa12c	static	0x5e8	0	read	scalar	2
tick	0x005aa12c	static	0x658	4	read	scalar	2
tick	0x005aa12c	static	0x65c	4	read	scalar	2
tick	0x005aa12c	static	0x6a8	4	read	scalar	2
tick	0x005aa12c	static	0xc84	4	read	scalar	2
tick	0x005aa12c	static	0x4774	4	read	scalar	2
tick	0x005aa12c	static	0x478c	4	read	scalar	2
tick	0x005aa12c	static	0x4794	4	read	scalar	2
tick	0x005aa12c	static	0x4798	4	read	scalar	2
tick	0x005aa12c	static	0x482c	0	read	scalar	1
tick	0x005aa12c	static	0x4848	0	read	scalar	1
tick	0x005aa12c	static	0x4850	4	read	scalar	2
tick	0x005aa12c	static	0x4854	4	read	scalar	2
tick	0x005aa12c	static	0x485c	4	read	scalar	2
tick	0x005aa12c	static	0x485c	4	write	scalar	2
tick	0x005aa12c	static	0x4860	4	read	scalar	2
tick	0x005aa12c	static	0x486c	4	read	scalar	2
tick	0x005aa12c	static	0x4d4c	0	read	scalar	1
tick	0x005aa12c	static	0x4d4c	4	read	scalar	2
tick	0x005aa12c	static	0x4d4c	4	write	scalar	2
tick	0x005aa12c	static	0x4d58	4	write	scalar	2
tick	0x005aa12c	static	0x4d5c	4	write	scalar	2
tick	0x005aa12c	static	0x4dc8	4	read	scalar	1
tick	0x005aa12c	static	0x4dc8	4	write	scalar	1
tick	0x005aa12c	static	0x4dcc	4	write	scalar	1
tick	0x005aa12c	static	0x4dd8	0	read	scalar	1
tick	0x005aa12c	static	0x4fac	4	write	scalar	1
tick	0x005aa12c	static	0x4fb0	4	read	scalar	1
tick	0x005aa12c	static	0x4fb0	4	write	scalar	1
tick	0x005aa12c	static	0x4fec	4	read	scalar	2
tick	0x005aa12c	static	0x4ff0	4	read	scalar	2
tick	0x005aa12c	static	0x5008	1	read	scalar	1
tick	0x005aa12c	static	0x5008	4	read	scalar	1
tick	0x005aa12c	static	0x5008	4	write	scalar	1
tick	0x005aa12c	static	0x5024	4	read	scalar	1
tick	0x005aa12c	static	0x5024	4	write	scalar	2
tick	0x005aa12c	static	0x502c	4	read	scalar	2
tick	0x005aa12c	static	0x5030	4	read	scalar	2
tick	0x005aa12c	static	0x5040	1	read	scalar	2
tick	0x005aa12c	static	0x5040	4	read	scalar	2
tick	0x005aa12c	static	0x5044	4	read	scalar	2
tick	0x005aa12c	static	0x5048	4	read	scalar	2
tick	0x005aa12c	static	0x5048	4	write	scalar	2
tick	0x005aa12c	static	0x504c	1	read	scalar	2
tick	0x005aa12c	static	0x504c	4	read	scalar	2
tick	0x005aa12c	static	0x5050	4	read	scalar	2
tick	0x005aa12c	static	0x5058	4	read	scalar	2
tick	0x005aa12c	static	0x5058	4	write	scalar	2
tick	0x005aa12c	static	0x505c	4	read	scalar	2
tick	0x005aa12c	static	0x505c	4	write	scalar	2
tick	0x005aa12c	static	0x5060	4	read	scalar	2
tick	0x005aa12c	static	0x5064	4	read	scalar	2
tick	0x005aa12c	static	0x5068	0	read	indexed	2
tickalarm	0x005aee78	static	0x0	4	read	scalar	1
tickalarm	0x005aee78	static	0x0	4	write	scalar	1
tickalarm	0x005aee78	static	0x4	4	read	scalar	2
tickalarm	0x005aee78	static	0x4	4	write	scalar	2
tickalarm	0x005aee78	static	0x8	4	read	scalar	1
tickalarm	0x005aee78	static	0x8	4	write	scalar	1
togglehelpcheck	0x005aa1f0	static	0x4	4	read	scalar	1
togglehelpcheck	0x005aa1f0	static	0x8	4	read	scalar	1
togglescrollmusic	0x00585408	static	0xfb0	4	read	scalar	1
togglescrollmusic	0x00585408	static	0xfc0	0	read	scalar	2
togglescrollmusic	0x00585408	static	0xfdc	4	write	scalar	2
togglescrollmusic	0x00585408	static	0x13b4	4	read	scalar	1
tooltip	0x005a9e04	static	0x38	4	write	scalar	1
tooltip	0x005a9e04	static	0x3c	4	read	scalar	1
tooltip	0x005a9e04	static	0x50	0	read	scalar	2
tooltip	0x005a9e04	static	0x54	4	read	scalar	2
tooltip	0x005a9e04	static	0x58	4	read	scalar	2
tooltip	0x005a9e04	static	0xa8	4	write	scalar	2
tooltip	0x005a9e04	static	0xac	4	write	scalar	2
tooltip	0x005a9e04	static	0xb8	4	write	scalar	1
tooltip	0x005a9e04	static	0xcc	4	read	scalar	2
tooltip	0x005a9e04	static	0xd0	4	read	scalar	2
tooltip	0x005a9e04	static	0xd4	4	read	scalar	2
tooltip	0x005a9e04	static	0xd8	4	read	scalar	2
tooltip	0x005a9e04	static	0xdc	4	read	scalar	2
tooltip	0x005a9e04	static	0xe0	4	read	scalar	2
tooltip	0x005a9e04	static	0xe4	4	read	scalar	2
tooltip_quick	0x005a9e04	static	0xc	0	read	scalar	1
tooltip_quick	0x005a9e04	static	0x20	4	read	scalar	2
tooltip_quick	0x005a9e04	static	0x24	4	read	scalar	2
tooltip_quick	0x005a9e04	static	0x28	4	read	scalar	2
tooltip_quick	0x005a9e04	static	0x2c	4	read	scalar	2
tooltip_quick	0x005a9e04	static	0x38	4	write	scalar	1
tooltip_quick	0x005a9e04	static	0x3c	4	read	scalar	1
tooltip_quick	0x005a9e04	static	0x50	0	read	scalar	2
tooltip_quick	0x005a9e04	static	0x54	4	read	scalar	2
tooltip_quick	0x005a9e04	static	0x58	4	read	scalar	2
tooltip_quick	0x005a9e04	static	0x70	0	read	scalar	1
tooltip_quick	0x005a9e04	static	0x90	4	read	scalar	2
tooltip_quick	0x005a9e04	static	0x98	4	read	scalar	2
tooltip_quick	0x005a9e04	static	0x9c	4	read	scalar	2
tooltip_quick	0x005a9e04	static	0xa0	4	read	scalar	2
tooltip_quick	0x005a9e04	static	0xa4	4	read	scalar	2
tooltip_quick	0x005a9e04	static	0xa8	4	write	scalar	2
tooltip_quick	0x005a9e04	static	0xac	4	write	scalar	2
tooltip_quick	0x005a9e04	static	0xb8	4	write	scalar	1
tooltip_quick	0x005a9e04	static	0xcc	4	read	scalar	2
tooltip_quick	0x005a9e04	static	0xd0	4	read	scalar	2
tooltip_quick	0x005a9e04	static	0xd4	4	read	scalar	2
tooltip_quick	0x005a9e04	static	0xd8	4	read	scalar	2
tooltip_quick	0x005a9e04	static	0xdc	4	read	scalar	2
tooltip_quick	0x005a9e04	static	0xe0	4	read	scalar	2
tooltip_quick	0x005a9e04	static	0xe4	4	read	scalar	2
toptriangle	0x00584ae8	static	0x278	0	read	scalar	1
toptriangle	0x00584ae8	static	0x278	4	read	scalar	2
toptriangle	0x00584ae8	static	0x680	4	read	scalar	1
toptriangle	0x00584ae8	static	0x684	4	read	scalar	1
toptriangle	0x00584ae8	static	0x688	4	read	scalar	1
toptriangle	0x00584ae8	static	0x750	0	read	scalar	1
toptriangle	0x00584ae8	static	0x758	4	read	scalar	1
toptriangle	0x00584ae8	static	0x75c	4	read	scalar	1
toptriangle	0x00584ae8	static	0x760	4	read	scalar	1
toptriangle	0x00584ae8	static	0x774	4	read	scalar	1
toptriangle	0x00584ae8	static	0x2be4	4	read	scalar	1
toptriangle	0x005a7b50	static	0x0	4	read	scalar	2
toptriangle	0x005a7b50	static	0x4	4	read	scalar	2
turnalarm	0x005aee8c	static	0x0	4	read	scalar	1
turnalarm	0x005aee8c	static	0x0	4	write	scalar	1
turnalarm	0x005aee8c	static	0x4	4	read	scalar	2
turnalarm	0x005aee8c	static	0x4	4	write	scalar	2
turnalarm	0x005aee8c	static	0x8	4	read	scalar	1
turnalarm	0x005aee8c	static	0x8	4	write	scalar	1
uncheckallhelppanels	0x005aa1f0	static	0x4	4	read	scalar	0
uncheckallhelppanels	0x005aa1f0	static	0x8	4	read	scalar	0
uniticonimp	0x005a7b50	static	0x0	4	read	scalar	2
uniticonimp	0x005a7b50	static	0x4	4	read	scalar	2
unitimp	0x005a7b50	static	0x0	4	read	scalar	2
unitimp	0x005a7b50	static	0x4	4	read	scalar	2
unitindex2realarmy	0x005ae974	static	0x8	4	read	scalar	1
unitindex2realarmy	0x005ae974	static	0x10	4	read	scalar	1
unitsnapshot	0x005a7b50	static	0x0	4	read	scalar	2
unitsnapshot	0x005a7b50	static	0x4	4	read	scalar	2
unitsnapshot	0x005cd2f4	indirect	0x0	0	read	indexed	0
unittype	0x005cd2ec	static	0x0	4	read	scalar	1
unittype	0x005cd2ec	static	0x4	4	read	scalar	1
unittype	0x005cd2ec	static	0x4	4	write	scalar	1
unittype	0x005cd2ec	static	0x8	4	read	scalar	1
unloadboat	0x00573c38	static	0x0	4	read	scalar	0
unsettranslucency	0x005a7b50	static	0x0	4	read	scalar	2
unsettranslucency	0x005a7b50	static	0x4	4	read	scalar	2
updateinteleffects	0x005ae958	static	0x4	4	read	scalar	2
updateinteleffects	0x005ae958	static	0x1c	0	read	scalar	2
updateinteleffects	0x005ae958	static	0x48	4	read	scalar	2
updateinteleffects	0x005ae958	static	0x4c	4	read	scalar	2
updateinteleffects	0x005ae958	static	0x50	4	read	scalar	2
updateinteleffects	0x005ae958	static	0x54	4	read	scalar	2
updateinteleffects	0x005ae958	static	0x5c	4	read	scalar	2
updateinteleffects	0x005ae958	static	0x60	4	read	scalar	2
updateinteleffects	0x005ae958	static	0x64	4	read	scalar	2
updateinteleffects	0x005ae958	static	0x68	4	read	scalar	1
updateinteleffects	0x005ae958	static	0x6c	4	read	scalar	2
updatescriptwindow	0x00584d60	static	0x0	4	read	scalar	1
updatespellsusedincombat	0x005aa12c	static	0x6a8	1	read	scalar	1
updatespellsusedincombat	0x005aa12c	static	0x6a8	4	read	scalar	0
updatespellsusedincombat	0x005aa12c	static	0xc84	1	read	scalar	1
updatespellsusedincombat	0x005aa12c	static	0xc84	4	read	scalar	0
updatespellsusedincombat	0x005aa12c	static	0x6640	1	read	indexed	0
validcurrentartifact?	0x00555d70	indirect	0x0	0	read	indexed	0
validcurrentartifact?	0x00555d74	indirect	0x4c	4	read	scalar	0
validcurrentartifact?	0x00555d74	indirect	0xc4	0	read	indexed	0
validcurrentartifact?	0x00555d74	indirect	0xe0	4	read	indexed	1
virtualunitselectspeak	0x00585408	static	0x0	0	read	indexed	1
virtualunitselectspeak	0x00585408	static	0x0	4	read	scalar	1
virtualunitselectspeak	0x00585408	static	0x0	4	read	indexed	1
virtualunitselectspeak	0x00585408	static	0x0	4	write	scalar	1
virtualunitselectspeak	0x00585408	static	0x0	4	write	indexed	2
virtualunitselectspeak	0x00585408	static	0x14	0	read	indexed	1
virtualunitselectspeak	0x00585408	static	0x14	4	read	indexed	1
virtualunitselectspeak	0x00585408	static	0xdc	0	read	scalar	2
virtualunitselectspeak	0x00585408	static	0xdc	0	read	indexed	1
virtualunitselectspeak	0x00585408	static	0xdc	4	read	scalar	2
virtualunitselectspeak	0x00585408	static	0xdc	4	read	indexed	1
virtualunitselectspeak	0x00585408	static	0xf0	0	read	scalar	1
virtualunitselectspeak	0x00585408	static	0xf0	0	read	indexed	2
virtualunitselectspeak	0x00585408	static	0xf0	4	read	scalar	1
virtualunitselectspeak	0x00585408	static	0x180	0	read	scalar	1
virtualunitselectspeak	0x00585408	static	0x180	4	read	scalar	1
virtualunitselectspeak	0x00585408	static	0x6f4	0	read	indexed	2
virtualunitselectspeak	0x00585408	static	0x6f8	0	read	scalar	1
virtualunitselectspeak	0x00585408	static	0x6f8	4	read	scalar	1
virtualunitselectspeak	0x00585408	static	0x6f8	4	write	indexed	2
virtualunitselectspeak	0x00585408	static	0xfb8	4	read	scalar	1
virtualunitselectspeak	0x00585408	static	0xfbc	4	read	scalar	2
virtualunitselectspeak	0x00585408	static	0x1398	4	read	scalar	1
virtualunitselectspeak	0x00585408	static	0x13a0	4	read	scalar	1
virtualunitselectspeak	0x00585408	static	0x13ac	4	read	scalar	1
virtualunitselectspeak	0x00585408	static	0x13b4	4	read	scalar	1
virtualunitselectspeak	0x005869f4	indirect	0xc4	0	read	indexed	0
virtualunitselectspeak	0x005869f4	indirect	0xc4	4	read	indexed	1
virtualunitselectspeak	0x005869f4	indirect	0x2f8	4	read	indexed	1
virtualunitselectspeak	0x005869f4	indirect	0x320	4	read	scalar	1
virtualunitselectspeak	0x005869f4	indirect	0x324	4	read	indexed	1
virtualunitselectspeak	0x005869f4	indirect	0x34c	4	read	scalar	1
virtualunitselectspeak	0x005869f4	indirect	0x350	4	read	indexed	1
virtualunitselectspeak	0x005869f4	indirect	0x378	4	read	scalar	1
waypointsattack	0x00579458	static	0x40	4	read	scalar	1
waypointsattack	0x00579458	static	0x44	4	read	scalar	1
windowswaitcursorsleep	0x005a9e04	static	0xe8	4	read	scalar	1
windowswaitcursorsleep	0x005a9e04	static	0xe8	4	write	scalar	2
windowswaitcursorsleep	0x005a9e04	static	0xec	4	read	scalar	2
windowswaitcursorsleep	0x005a9e04	static	0xf0	4	read	scalar	2
windowswaitcursorsleep	0x005a9e04	static	0x16c	4	read	scalar	2
windowswaitcursorsleep	0x005a9e04	static	0x16c	4	write	scalar	2
windowswaitcursorsleep	0x005a9e04	static	0x170	4	read	scalar	2
windowswaitcursorsleep	0x005a9e04	static	0x178	4	read	scalar	1
windowswaitcursorsleep	0x005a9e04	static	0x178	4	write	scalar	1
worldview	0x005aa12c	static	0x654	4	read	scalar	2
worldview	0x005aa12c	static	0x654	4	write	scalar	2
worldview	0x005aa12c	static	0x482c	0	read	scalar	2
worldview	0x005aa12c	static	0x4830	4	write	scalar	2
worldview	0x005aa12c	static	0x4888	4	read	scalar	2
worldview	0x005aa12c	static	0x488c	4	read	scalar	2
wrappingoff	0x005876d0	static	0x218	4	read	scalar	2
wrappingoff	0x005876d0	static	0x218	4	write	scalar	1
wrappingoff	0x005876d0	static	0x21c	4	read	scalar	2
wrappingoff	0x005876d0	static	0x220	4	write	scalar	2
wrappingon	0x005876d0	static	0x218	4	read	scalar	2
wrappingon	0x005876d0	static	0x218	4	write	scalar	1
wrappingon	0x005876d0	static	0x21c	4	read	scalar	2
wrappingon	0x005876d0	static	0x220	4	write	scalar	2
x_y_to_xy	0x005ae958	static	0x6c	4	read	scalar	1
x_y_to_xy	0x005ae958	static	0x70	4	read	scalar	1
xywh	0x005a7b50	static	0x0	4	read	scalar	2
xywh	0x005a7b50	static	0x4	4	read	scalar	2
zerovisibility	0x005ae958	static	0x4	4	read	scalar	1
zerovisibility	0x005ae958	static	0x8	4	read	scalar	1
zerovisibility	0x005ae958	static	0x1c	0	read	scalar	1
zerovisibility	0x005ae958	static	0x24	4	read	scalar	2
zerovisibility	0x005ae958	static	0x34	4	read	scalar	2
zerovisibility	0x005ae958	static	0x40	4	read	scalar	2
zerovisibility	0x005ae958	static	0x48	2	read	scalar	1
zerovisibility	0x005ae958	static	0x48	4	read	scalar	2
zerovisibility	0x005ae958	static	0x4c	4	read	scalar	1
zerovisibility	0x005ae958	static	0x50	4	read	scalar	2
zerovisibility	0x005ae958	static	0x54	4	read	scalar	1
zerovisibility	0x005ae958	static	0x58	4	read	scalar	1
zerovisibility	0x005ae958	static	0x5c	4	read	scalar	1
zerovisibility	0x005ae958	static	0x60	4	read	scalar	1
zerovisibility	0x005ae958	static	0x64	4	read	scalar	0
zerovisibility	0x005ae958	static	0x68	4	read	scalar	0
zerovisibility	0x005ae958	static	0x6c	4	read	scalar	2
